maccs_95,morgan_152,morgan_158,morgan_198,morgan_205,morgan_209,morgan_235,morgan_283,morgan_348,morgan_349,morgan_563,morgan_570,morgan_606,morgan_691,morgan_692,morgan_831,morgan_874,morgan_899,morgan_953,neutral_rdkit_fr_HOCCN,protonated_rdkit_fr_NH1,protonated_rdkit_fr_ester,protonated_rdkit_fr_hdrzine,protonated_pm7_LUMO_eV,protonated_pm7_HOMO_LUMO_gap_eV,protonated_pm7_dipole_debye,protonated_mordred_ATS0Z,protonated_mordred_ATSC4c,protonated_mordred_MATS2c,protonated_mordred_GATS4c,protonated_mordred_MINssNH2,protonated_mordred_PEOE_VSA8,protonated_mordred_MOMI-Z,site_is_S,morgan_45,morgan_82,morgan_203,morgan_379,morgan_413,morgan_488,morgan_506,morgan_671,morgan_765,neutral_rdkit_VSA_EState1,protonated_rdkit_BCUT2D_LOGPLOW,protonated_rdkit_fr_Ar_NH,protonated_mordred_ATSC5i,protonated_mordred_BCUTs-1l,protonated_mordred_NddssS,protonated_mordred_MINssO,protonated_rdkit_fr_priamide
1.0,0.0,0.0,0.0,0.0,0.0,0.0,0.0,0.0,0.0,0.0,0.0,0.0,0.0,0.0,0.0,0.0,0.0,0.0,0.0,1.0,0.0,0.0,-4.198,10.1,2.573,553.0,-0.26412226858446364,0.12852516330783834,1.0502353083475517,1.883425925925926,11.21535880699783,393.983195796666,0.0,0.0,0.0,0.0,0.0,1.0,0.0,0.0,0.0,0.0,0.0,-2.3468898709577473,0.0,-1.22914436268432,1.2834663748303023,0.0,4.99796910430839,0.0
1.0,0.0,0.0,0.0,0.0,0.0,0.0,0.0,0.0,0.0,0.0,0.0,0.0,0.0,0.0,0.0,0.0,0.0,0.0,0.0,0.0,0.0,0.0,-4.206,10.044,4.016,553.0,-0.6273397789183449,0.09431329425666349,1.3643790222976178,1.7558040438397582,6.4208216229260096,418.1131721057293,0.0,0.0,0.0,0.0,0.0,1.0,0.0,0.0,0.0,0.0,0.0,-2.9100772456900805,0.0,1.7713433968390335,1.2469509147939244,0.0,4.99796910430839,0.0
1.0,0.0,0.0,0.0,0.0,0.0,0.0,0.0,0.0,0.0,0.0,0.0,0.0,0.0,0.0,0.0,0.0,0.0,0.0,0.0,1.0,0.0,0.0,-5.089,8.757,4.204,553.0,-0.11771423023204931,0.16416383207699028,1.0160190438928514,1.883425925925926,6.4208216229260096,386.1440188247543,0.0,0.0,0.0,0.0,0.0,1.0,0.0,0.0,0.0,0.0,0.0,-2.3493637536659118,0.0,-1.22914436268432,1.2833187338544365,0.0,4.99796910430839,0.0
0.0,0.0,0.0,0.0,0.0,0.0,0.0,0.0,0.0,0.0,0.0,0.0,0.0,0.0,0.0,0.0,0.0,0.0,0.0,0.0,0.0,0.0,0.0,-4.009,9.096,14.613,485.0,0.18072063799234406,0.24129110960242128,0.7213175208300565,1.883425925925926,24.725873092148657,253.14718120610905,0.0,0.0,0.0,0.0,0.0,1.0,0.0,0.0,0.0,0.0,1.8745370370370371,-2.468460585314334,0.0,0.5465832950138527,1.3525027412281037,0.0,4.99796910430839,0.0
0.0,0.0,0.0,0.0,0.0,0.0,0.0,0.0,0.0,0.0,0.0,0.0,0.0,0.0,0.0,0.0,0.0,0.0,0.0,0.0,1.0,0.0,0.0,-5.014,7.755999999999999,3.241,485.0,0.13759144342702687,-0.11031645149359522,0.9410306663633543,1.883425925925926,12.965578028838586,188.04697876583145,0.0,0.0,0.0,0.0,0.0,1.0,0.0,0.0,0.0,0.0,1.8745370370370371,-2.155096350643101,1.0,-0.765734592319118,1.3523437327861108,0.0,4.99796910430839,0.0
0.0,0.0,0.0,0.0,0.0,0.0,0.0,3.0,1.0,0.0,0.0,0.0,0.0,0.0,0.0,0.0,0.0,0.0,0.0,0.0,2.0,0.0,0.0,-3.831,8.389000000000001,7.562,555.0,0.032597567531932554,-0.04121724498543822,0.9098961190442447,1.883425925925926,19.007418857986547,270.27844193973897,0.0,0.0,0.0,0.0,0.0,0.0,0.0,1.0,0.0,0.0,0.0,-3.0848905022507314,0.0,-10.763857320117213,1.206860427556062,0.0,4.99796910430839,0.0
0.0,0.0,0.0,0.0,0.0,0.0,0.0,3.0,1.0,0.0,0.0,0.0,0.0,0.0,0.0,0.0,0.0,0.0,0.0,0.0,0.0,0.0,0.0,-3.346,8.754,5.351,555.0,-0.052001849793814205,0.1021645629404366,1.2046822285894923,2.424981103552532,18.883484074999977,388.2060233167924,0.0,0.0,0.0,0.0,0.0,0.0,0.0,1.0,0.0,0.0,0.0,-2.901734430696417,0.0,-8.509657288211859,1.192520718768912,0.0,4.99796910430839,0.0
1.0,0.0,0.0,1.0,0.0,0.0,0.0,0.0,1.0,0.0,0.0,0.0,0.0,0.0,0.0,0.0,0.0,0.0,0.0,0.0,2.0,0.0,0.0,-5.306,7.158,3.889,727.0,-0.31476150652382995,0.25580754728997945,1.2143950473883904,1.883425925925926,0.0,190.1526452753087,0.0,0.0,0.0,0.0,0.0,0.0,0.0,0.0,0.0,0.0,0.0,-2.2442452931163084,1.0,-5.917449571520249,1.2180298244913537,0.0,4.99796910430839,0.0
1.0,0.0,0.0,1.0,0.0,0.0,0.0,0.0,1.0,0.0,0.0,0.0,0.0,0.0,0.0,0.0,0.0,0.0,0.0,0.0,1.0,0.0,0.0,-5.106,7.407999999999999,7.65,727.0,-0.452464581478597,0.3624569127824117,1.3346077402433234,1.417391975308642,0.0,400.070808974182,0.0,0.0,0.0,0.0,0.0,0.0,0.0,0.0,0.0,0.0,0.0,-2.8750155453879036,1.0,-5.363531379643528,1.2180286752773017,0.0,4.99796910430839,1.0
1.0,0.0,0.0,1.0,0.0,0.0,0.0,0.0,1.0,0.0,0.0,0.0,0.0,0.0,0.0,0.0,0.0,0.0,0.0,0.0,2.0,0.0,0.0,-6.25,6.847,11.772,727.0,-0.10100498771165495,0.3619834893382438,1.1062746108714476,1.883425925925926,12.628789148012991,283.22123271003375,1.0,0.0,0.0,0.0,0.0,0.0,0.0,0.0,0.0,0.0,0.0,-2.2321643425078888,1.0,-8.259969148078637,1.1246315539832574,0.0,4.99796910430839,0.0
1.0,0.0,0.0,1.0,0.0,0.0,0.0,0.0,1.0,0.0,0.0,0.0,0.0,0.0,0.0,0.0,0.0,0.0,0.0,0.0,3.0,0.0,0.0,-5.502,7.879,8.064,727.0,-0.14073521773435083,0.3025094384748187,1.2137115295231475,1.883425925925926,0.0,289.2184709895314,0.0,0.0,0.0,0.0,0.0,0.0,0.0,0.0,0.0,0.0,0.0,-2.2337510807999403,2.0,-5.496989057959044,1.2169588112293204,0.0,4.99796910430839,0.0
1.0,1.0,0.0,0.0,0.0,0.0,0.0,0.0,0.0,0.0,0.0,0.0,0.0,0.0,0.0,0.0,0.0,0.0,0.0,0.0,1.0,0.0,0.0,-4.108,9.844,3.429,619.0,-0.04386979290906953,0.008866300574253248,1.1095141229629184,1.883425925925926,0.0,338.7665284922698,0.0,0.0,0.0,0.0,0.0,0.0,0.0,0.0,0.0,0.0,4.966887282690854,-2.3458741606498563,0.0,7.662909171165538,1.2326452227366003,0.0,4.99796910430839,0.0
1.0,1.0,0.0,0.0,0.0,0.0,0.0,0.0,0.0,0.0,0.0,0.0,0.0,0.0,0.0,0.0,0.0,0.0,0.0,0.0,1.0,0.0,0.0,-4.473,9.527,2.932,619.0,0.22151702482977537,0.10465114223455485,1.0561650673443785,1.883425925925926,6.544756405912575,595.0275399674397,0.0,0.0,0.0,0.0,0.0,0.0,0.0,0.0,0.0,0.0,4.966887282690854,-2.3447776258397885,0.0,8.977455251779904,1.23247732677358,0.0,4.994665060468632,0.0
1.0,1.0,0.0,0.0,0.0,0.0,0.0,0.0,0.0,0.0,0.0,0.0,0.0,0.0,0.0,0.0,0.0,0.0,0.0,0.0,0.0,0.0,0.0,-3.942,10.034,5.596,619.0,-0.07634336137865709,0.15106247093576183,1.200116419640927,1.5564521919879062,0.0,405.656677445872,0.0,0.0,0.0,0.0,0.0,0.0,0.0,0.0,0.0,0.0,4.966887282690854,-2.900624652254657,0.0,7.998596619259784,1.2310563784414814,0.0,4.998137282690854,1.0
1.0,1.0,0.0,0.0,0.0,0.0,0.0,0.0,0.0,0.0,0.0,0.0,0.0,0.0,0.0,0.0,0.0,0.0,0.0,0.0,1.0,0.0,0.0,-4.312,9.694,3.301,619.0,0.25370439293616104,0.1252931683298959,0.9209307669161723,1.883425925925926,6.544756405912575,315.8555731596416,0.0,0.0,0.0,0.0,0.0,0.0,0.0,0.0,0.0,0.0,4.966887282690854,-2.3410376537283355,0.0,9.310063094789657,1.232457720733563,0.0,4.982512282690854,0.0
1.0,0.0,0.0,0.0,0.0,0.0,0.0,0.0,0.0,0.0,0.0,0.0,0.0,0.0,0.0,0.0,0.0,0.0,0.0,0.0,1.0,0.0,0.0,-5.389,8.183,9.433,619.0,-0.5571494724749689,-0.034896650214801005,1.2976568106627988,1.883425925925926,0.0,309.2623315747235,0.0,0.0,0.0,0.0,0.0,0.0,0.0,0.0,0.0,0.0,4.940444066515495,-2.3633032543606363,0.0,-3.62870163545407,1.2560619616073898,0.0,4.99796910430839,0.0
1.0,0.0,0.0,0.0,0.0,0.0,0.0,0.0,0.0,0.0,0.0,0.0,0.0,0.0,0.0,0.0,0.0,0.0,0.0,0.0,0.0,0.0,0.0,-4.443,9.917,2.281,619.0,-0.759856559585,0.1010532823421772,1.5539628949557605,1.4552021919879063,0.0,409.0611603068246,0.0,0.0,0.0,0.0,0.0,0.0,0.0,0.0,0.0,0.0,4.940444066515495,-2.9070943596013348,0.0,-4.285589725125695,1.2539581174512657,0.0,4.971694066515495,1.0
1.0,0.0,0.0,0.0,0.0,0.0,0.0,0.0,0.0,0.0,0.0,0.0,0.0,0.0,0.0,0.0,0.0,0.0,0.0,0.0,1.0,0.0,0.0,-4.69,9.249,4.294,619.0,-0.5590500457077706,0.054514907406240536,1.351300105083,1.883425925925926,6.544756405912575,659.1140273756705,0.0,0.0,0.0,0.0,0.0,0.0,0.0,0.0,0.0,0.0,4.940444066515495,-2.362891652490418,0.0,-3.306731092605575,1.2558728645354564,0.0,4.968221844293273,0.0
1.0,0.0,0.0,0.0,0.0,0.0,0.0,0.0,0.0,0.0,0.0,0.0,0.0,0.0,0.0,0.0,0.0,0.0,0.0,0.0,1.0,0.0,0.0,-4.648,9.423,2.809,619.0,-0.8868299565302331,0.0892875440562072,1.4755316884524952,1.883425925925926,12.965578028838586,468.0586149578289,0.0,0.0,0.0,0.0,0.0,0.0,0.0,0.0,0.0,0.0,4.940444066515495,-2.359083034538784,0.0,-4.285589725125696,1.2547059586124851,0.0,4.9608522297808015,0.0
1.0,0.0,0.0,0.0,0.0,0.0,0.0,0.0,0.0,0.0,0.0,0.0,0.0,0.0,0.0,1.0,0.0,0.0,0.0,0.0,2.0,0.0,0.0,-5.047,8.552,4.239,585.0,0.013275750719668328,0.23848067700573022,1.1133822242956508,1.883425925925926,19.410925891078243,400.98954452136377,0.0,0.0,0.0,0.0,0.0,0.0,0.0,0.0,0.0,0.0,0.0,-2.2781508169805873,1.0,2.548731915010665,1.245419129363595,0.0,4.99796910430839,0.0
1.0,0.0,0.0,0.0,0.0,0.0,0.0,0.0,0.0,0.0,0.0,0.0,0.0,0.0,0.0,1.0,0.0,0.0,0.0,0.0,2.0,0.0,0.0,-4.877,8.521,8.127,585.0,0.07185665620809507,0.14447659694983267,0.9791893835986173,1.883425925925926,19.410925891078243,507.0530642990195,0.0,0.0,0.0,0.0,0.0,0.0,0.0,0.0,0.0,0.0,0.0,-2.2431339057102293,1.0,5.051753083508754,1.2454260961698544,0.0,4.99796910430839,0.0
1.0,0.0,0.0,0.0,0.0,0.0,0.0,0.0,0.0,0.0,0.0,0.0,0.0,0.0,0.0,1.0,0.0,0.0,0.0,0.0,1.0,0.0,0.0,-4.86,9.286,4.191,585.0,-0.2703873503725483,0.22339002977778866,1.0497371174839805,1.883425925925926,12.617665194539086,430.1911017070099,0.0,0.0,0.0,0.0,0.0,0.0,0.0,0.0,0.0,0.0,0.0,-2.233331500957263,0.0,3.0876374516712652,1.2452133171683935,0.0,4.99796910430839,0.0
1.0,0.0,0.0,0.0,0.0,0.0,0.0,0.0,0.0,0.0,0.0,0.0,0.0,0.0,0.0,1.0,0.0,0.0,0.0,0.0,0.0,0.0,0.0,-4.853,9.364,2.131,585.0,-0.2198024186159652,0.2646417866685898,1.3517688737712175,1.8695833333333334,12.263210640074686,362.349370925991,0.0,0.0,0.0,0.0,0.0,0.0,0.0,0.0,0.0,0.0,0.0,-2.855748368745767,0.0,3.7745049930199803,1.2215831896697276,0.0,4.99796910430839,0.0
0.0,0.0,0.0,0.0,0.0,0.0,0.0,0.0,0.0,0.0,0.0,0.0,0.0,0.0,0.0,0.0,0.0,0.0,0.0,0.0,0.0,0.0,0.0,-4.045,11.13,8.495,511.0,-0.21451673799171636,0.18652737486012488,1.6474746704321075,2.26125,19.26246486877803,375.14225472179737,0.0,0.0,0.0,0.0,0.0,0.0,0.0,0.0,0.0,0.0,0.0,-2.9384643144231273,0.0,6.881992285669391,1.2017237020246374,0.0,4.99796910430839,0.0
0.0,0.0,0.0,0.0,0.0,0.0,0.0,0.0,0.0,0.0,0.0,0.0,0.0,0.0,0.0,0.0,0.0,0.0,0.0,0.0,2.0,0.0,0.0,-5.192,7.1,14.587,511.0,-0.13343185079912212,0.16001792582872856,0.9398967356201916,1.883425925925926,6.041840829147961,378.40735001075075,0.0,0.0,0.0,0.0,0.0,0.0,0.0,0.0,0.0,0.0,0.0,-2.351449577422365,0.0,3.7594388301657373,1.2260227014494942,0.0,4.99796910430839,0.0
0.0,0.0,0.0,0.0,0.0,0.0,0.0,2.0,0.0,0.0,0.0,0.0,0.0,0.0,0.0,0.0,0.0,1.0,0.0,0.0,0.0,0.0,0.0,-3.758,9.672999999999998,4.564,567.0,-0.11826216197183767,0.10001147803001678,1.4271357433093514,2.3589814814814813,18.256633715248796,466.58136889792013,0.0,0.0,0.0,0.0,1.0,0.0,0.0,0.0,0.0,0.0,5.396003165154951,-2.971034879832035,0.0,6.6686128315583515,1.169682576663836,0.0,5.416003165154951,0.0
0.0,0.0,0.0,0.0,0.0,0.0,0.0,2.0,0.0,0.0,0.0,0.0,0.0,0.0,0.0,0.0,0.0,1.0,0.0,0.0,1.0,0.0,0.0,-3.496,10.443,2.016,567.0,0.03538413450996084,-0.01576946702343176,1.0424022631525514,1.883425925925926,18.380568498235363,441.8587947053554,0.0,0.0,0.0,0.0,1.0,0.0,0.0,0.0,0.0,0.0,5.396003165154951,-2.478887607474971,0.0,1.6904879839059834,1.1876659581714217,0.0,4.99796910430839,0.0
1.0,0.0,0.0,0.0,0.0,0.0,0.0,0.0,0.0,0.0,0.0,0.0,0.0,0.0,0.0,0.0,0.0,0.0,0.0,0.0,0.0,0.0,0.0,-4.951,9.368000000000002,3.458,541.0,-0.4296535776635447,0.1783227117881058,1.2885185513218766,1.883425925925926,6.544756405912575,258.66701506813627,0.0,0.0,0.0,0.0,0.0,0.0,0.0,0.0,0.0,0.0,0.0,-2.5424225241470855,0.0,6.071248039561798,1.2437049764111634,0.0,4.99796910430839,0.0
1.0,0.0,0.0,0.0,0.0,0.0,0.0,0.0,0.0,0.0,0.0,0.0,0.0,0.0,0.0,0.0,0.0,0.0,0.0,0.0,0.0,0.0,0.0,-5.267,9.07,2.907,541.0,-0.3945100046917518,0.2112244090908777,1.2545326503785426,1.883425925925926,12.965578028838586,312.58710444152655,0.0,0.0,0.0,0.0,0.0,0.0,0.0,0.0,0.0,0.0,0.0,-2.5423133047187205,0.0,6.1629817255115285,1.2435424406947355,0.0,4.99796910430839,0.0
1.0,0.0,0.0,0.0,0.0,0.0,0.0,0.0,0.0,0.0,0.0,0.0,0.0,0.0,0.0,0.0,0.0,0.0,0.0,0.0,0.0,0.0,0.0,-4.994,9.539,3.575,541.0,-0.5133835536382017,0.17618469580490578,1.2880337042821584,1.883425925925926,17.760115212910407,276.93581296431057,0.0,0.0,0.0,0.0,0.0,0.0,0.0,0.0,0.0,0.0,0.0,-2.541123279329169,0.0,6.1629817255115285,1.243636557912656,0.0,4.99796910430839,0.0
1.0,0.0,0.0,0.0,0.0,0.0,0.0,0.0,0.0,0.0,0.0,0.0,0.0,0.0,0.0,0.0,0.0,0.0,0.0,0.0,1.0,0.0,0.0,-4.865,9.889,3.516,541.0,-0.7030649633763816,0.16943028609937993,1.5606202308750694,1.883425925925926,6.076020106833881,356.23397276207504,0.0,0.0,0.0,0.0,0.0,0.0,0.0,0.0,0.0,0.0,0.0,-3.2445925734124836,0.0,7.343839335640271,1.1702664776206284,0.0,4.99796910430839,0.0
0.0,0.0,0.0,0.0,0.0,0.0,0.0,2.0,0.0,0.0,0.0,0.0,0.0,0.0,0.0,0.0,0.0,0.0,0.0,0.0,0.0,0.0,0.0,-4.334,8.432,5.33,581.0,-0.32990859647626203,0.36430504599523883,1.1307509436530367,1.755,18.662617341894418,454.96768769685127,0.0,0.0,0.0,0.0,0.0,0.0,0.0,0.0,0.0,0.0,0.0,-2.8855281384219715,0.0,-14.651347102034336,1.2833271885542594,0.0,4.99796910430839,1.0
0.0,0.0,0.0,0.0,0.0,0.0,0.0,2.0,0.0,0.0,0.0,0.0,0.0,0.0,0.0,0.0,0.0,0.0,0.0,0.0,2.0,0.0,0.0,-3.27,9.843,7.286,581.0,-0.21658533948499334,0.08732888290147237,1.184031174767815,1.883425925925926,0.0,371.5513769894517,0.0,0.0,0.0,0.0,0.0,0.0,0.0,0.0,0.0,0.0,0.0,-3.149143445499926,0.0,-12.469253908210188,1.1834224842140968,0.0,4.99796910430839,0.0
0.0,0.0,0.0,0.0,0.0,0.0,0.0,2.0,0.0,0.0,0.0,0.0,0.0,0.0,0.0,0.0,0.0,0.0,0.0,0.0,1.0,0.0,0.0,-4.874,7.048000000000001,7.359,581.0,-0.06804026512229903,0.24202092470945613,0.8784509259021419,1.883425925925926,19.13135364097311,376.4508455116861,0.0,0.0,0.0,0.0,0.0,0.0,0.0,0.0,0.0,0.0,0.0,-2.3765130873091103,0.0,-12.730783111203916,1.2834278908872117,0.0,4.99796910430839,0.0
0.0,0.0,0.0,0.0,0.0,0.0,0.0,0.0,0.0,0.0,0.0,0.0,0.0,0.0,0.0,0.0,0.0,0.0,0.0,0.0,0.0,0.0,0.0,-5.133,9.072,2.691,593.0,0.6586589656367956,0.10602162700126726,1.047382717170427,1.883425925925926,4.794537184071822,347.85616683501814,0.0,0.0,0.0,0.0,0.0,0.0,0.0,0.0,0.0,0.0,4.764444444444445,-2.2944820013908047,0.0,6.960258826083223,1.1638242556383793,0.0,4.99796910430839,0.0
0.0,0.0,0.0,0.0,0.0,0.0,0.0,0.0,0.0,0.0,0.0,0.0,0.0,0.0,0.0,0.0,0.0,0.0,0.0,0.0,0.0,1.0,0.0,-5.127,8.655000000000001,1.668,593.0,0.6766472534173624,0.19646944190146087,0.9625597729700971,1.883425925925926,4.794537184071822,338.0213224042393,0.0,0.0,0.0,0.0,0.0,0.0,0.0,0.0,0.0,0.0,4.764444444444445,-2.270652276207667,0.0,7.545228013151268,1.1638774079077607,0.0,4.804444444444444,0.0
0.0,0.0,0.0,0.0,0.0,0.0,0.0,0.0,0.0,0.0,0.0,0.0,0.0,0.0,0.0,0.0,0.0,0.0,0.0,0.0,0.0,1.0,0.0,-5.832,6.949000000000001,10.61,593.0,1.044185894724352,0.2158762177739448,0.8501979298598726,1.883425925925926,0.0,283.7299288122431,0.0,0.0,0.0,0.0,0.0,0.0,0.0,0.0,0.0,0.0,4.764444444444445,-2.2737308288461606,0.0,7.545228013151269,1.1638023861810185,0.0,4.804444444444444,0.0
0.0,0.0,0.0,0.0,0.0,0.0,0.0,0.0,0.0,0.0,0.0,0.0,0.0,0.0,0.0,0.0,0.0,0.0,0.0,0.0,0.0,1.0,0.0,-5.248,8.905000000000001,3.38,593.0,0.8704834242324552,0.17343089046706062,0.9442528674855952,1.883425925925926,0.0,382.4634991971825,0.0,0.0,0.0,0.0,0.0,0.0,0.0,0.0,0.0,0.0,4.764444444444445,-2.2744563767858104,0.0,7.61044420018068,1.1638014013648101,0.0,4.875555555555556,0.0
0.0,0.0,0.0,0.0,0.0,0.0,0.0,0.0,1.0,0.0,0.0,0.0,0.0,0.0,0.0,0.0,0.0,0.0,0.0,0.0,0.0,0.0,0.0,-3.836,9.332,4.481,579.0,0.17914417930588458,0.3512834070717864,1.1024198895824804,1.906974678760393,20.13718479450234,410.0274784875376,0.0,0.0,0.0,0.0,0.0,0.0,0.0,0.0,0.0,0.0,0.0,-2.87180825237143,0.0,-12.575641707513537,1.2300644000804333,0.0,4.99796910430839,0.0
0.0,0.0,0.0,0.0,0.0,0.0,0.0,0.0,1.0,0.0,0.0,0.0,0.0,0.0,0.0,0.0,0.0,0.0,0.0,0.0,1.0,0.0,0.0,-4.001,10.114,3.616,579.0,0.15904347775616542,0.3110000379336768,1.114942577613851,1.883425925925926,31.979393961251354,415.1858101604337,0.0,0.0,0.0,0.0,0.0,0.0,0.0,0.0,0.0,0.0,0.0,-2.3791108820050306,0.0,-11.682499023136899,1.2299961440648781,0.0,4.99796910430839,0.0
0.0,0.0,0.0,0.0,0.0,0.0,0.0,0.0,1.0,0.0,0.0,0.0,0.0,0.0,0.0,0.0,0.0,0.0,0.0,0.0,2.0,0.0,0.0,-4.023,9.768,4.573,579.0,0.18017450433804305,0.31528871397213276,1.1594527489549433,1.883425925925926,0.0,375.85996117571085,0.0,0.0,0.0,0.0,0.0,0.0,0.0,0.0,0.0,0.0,0.0,-2.751013359581798,0.0,-12.57564170751354,1.2300642237994435,0.0,4.99796910430839,0.0
0.0,0.0,0.0,0.0,0.0,0.0,0.0,0.0,1.0,0.0,0.0,0.0,0.0,0.0,0.0,0.0,0.0,0.0,0.0,0.0,2.0,0.0,0.0,-3.909,10.128,1.446,579.0,0.16159400139901992,0.2956020184490849,1.1998353038821938,1.883425925925926,20.51616558828039,347.7080795830898,0.0,0.0,0.0,0.0,0.0,0.0,0.0,0.0,0.0,0.0,0.0,-3.1434306822303135,0.0,-10.295976864223613,1.2150084530480223,0.0,4.99796910430839,0.0
0.0,0.0,0.0,0.0,0.0,0.0,0.0,0.0,1.0,0.0,0.0,0.0,0.0,0.0,0.0,0.0,0.0,0.0,0.0,0.0,1.0,0.0,0.0,-3.919,9.946,2.643,579.0,0.4164737126325661,0.33235001322022256,1.0307745832141417,1.883425925925926,27.18485677717953,345.2862500742681,0.0,0.0,0.0,0.0,0.0,0.0,0.0,0.0,0.0,0.0,0.0,-2.3793384592696234,0.0,-11.682499023136897,1.2299090349351203,0.0,4.99796910430839,0.0
1.0,0.0,0.0,0.0,0.0,0.0,0.0,0.0,0.0,0.0,0.0,0.0,0.0,0.0,0.0,0.0,0.0,1.0,0.0,0.0,1.0,0.0,0.0,-3.608,9.133,1.571,593.0,-0.021916110222367224,0.019905731170261644,0.8425281837616632,1.883425925925926,0.0,281.244007738994,0.0,0.0,0.0,0.0,0.0,0.0,0.0,0.0,0.0,0.0,10.469858827790375,-2.3310883215606997,0.0,8.377517614805065,1.2188869724855453,0.0,5.181779415469892,0.0
1.0,0.0,0.0,0.0,0.0,0.0,0.0,0.0,0.0,0.0,0.0,0.0,0.0,0.0,0.0,0.0,0.0,1.0,0.0,0.0,0.0,0.0,0.0,-3.68,9.133,4.757,593.0,-0.1444070829701178,0.03628601389382381,1.0461511878242284,2.3781481481481483,5.917906046161393,293.0484447482281,0.0,0.0,0.0,0.0,0.0,0.0,0.0,0.0,0.0,0.0,10.469858827790375,-2.8734406291028254,0.0,9.22582700490201,1.2152279448506427,0.0,5.146223859914336,0.0
1.0,0.0,0.0,0.0,0.0,0.0,0.0,0.0,0.0,0.0,0.0,0.0,0.0,0.0,0.0,0.0,0.0,1.0,0.0,0.0,1.0,0.0,0.0,-3.489,9.156,3.938,593.0,0.11550404894559263,0.01831585544877641,0.6572602167463342,1.883425925925926,6.544756405912575,265.5743194757433,0.0,0.0,0.0,0.0,0.0,0.0,0.0,0.0,0.0,0.0,10.469858827790375,-2.3204066626482476,0.0,11.289812823219604,1.218888655813392,0.0,5.399190523431595,0.0
0.0,0.0,0.0,0.0,0.0,0.0,0.0,0.0,0.0,0.0,0.0,0.0,0.0,0.0,0.0,0.0,0.0,0.0,0.0,0.0,2.0,0.0,0.0,-3.696,7.446,17.772,567.0,0.043873220822826735,0.09318630798006,0.7940996906893321,2.4454650100781055,18.88348407499998,276.05792698590744,0.0,0.0,0.0,0.0,0.0,0.0,0.0,0.0,0.0,0.0,0.0,-2.8605245084008395,0.0,22.093065751086176,1.214622988029968,0.0,4.99796910430839,0.0
0.0,0.0,0.0,0.0,0.0,0.0,0.0,0.0,0.0,0.0,0.0,0.0,0.0,0.0,0.0,0.0,0.0,0.0,0.0,0.0,2.0,0.0,0.0,-2.997,8.99,4.875,567.0,-0.001712047756729986,0.08364893544685377,1.051220439088554,2.6079629629629633,31.849062103838563,412.34497183741416,0.0,0.0,0.0,0.0,0.0,0.0,0.0,0.0,0.0,0.0,0.0,-2.9170848916879666,0.0,24.51949998904181,1.2058460071807342,0.0,4.99796910430839,0.0
0.0,0.0,0.0,0.0,0.0,0.0,0.0,0.0,0.0,0.0,0.0,0.0,0.0,0.0,0.0,0.0,0.0,0.0,0.0,0.0,2.0,0.0,0.0,-3.826,7.126,20.728,567.0,0.07803281129877115,0.08648283324038009,0.7728116329751143,2.433242787855883,18.88348407499998,246.4737841688666,0.0,0.0,0.0,0.0,0.0,0.0,0.0,0.0,0.0,0.0,0.0,-2.867969804421473,0.0,24.067046709707235,1.2165930569583936,0.0,4.99796910430839,0.0
1.0,0.0,0.0,0.0,0.0,0.0,0.0,0.0,0.0,0.0,0.0,0.0,0.0,0.0,0.0,0.0,0.0,1.0,0.0,0.0,0.0,0.0,0.0,-3.52,10.17,3.149,557.0,-0.4864476729224019,0.0005399433131977696,1.3416954180307028,2.405740740740741,13.027703587438928,282.79869420417094,0.0,0.0,0.0,0.0,0.0,0.0,0.0,0.0,1.0,0.0,10.928083270345176,-2.9183412103347735,0.0,4.050381188622709,1.2141190011954301,0.0,5.324905832703452,0.0
1.0,0.0,0.0,0.0,0.0,0.0,0.0,0.0,0.0,0.0,0.0,0.0,0.0,0.0,0.0,0.0,0.0,1.0,0.0,0.0,1.0,0.0,0.0,-3.52,10.178,3.379,557.0,-0.24277075715917565,-0.056823134865946805,1.1035013076736955,1.883425925925926,25.4903660395129,231.34505108400958,0.0,0.0,0.0,0.0,0.0,0.0,0.0,0.0,1.0,0.0,10.928083270345176,-2.3934559476323876,0.0,4.715903334809105,1.2378162141993725,0.0,5.303859914336105,0.0
1.0,0.0,0.0,0.0,0.0,0.0,0.0,0.0,0.0,0.0,0.0,0.0,0.0,0.0,0.0,0.0,0.0,1.0,0.0,0.0,1.0,0.0,0.0,-3.917,9.039,2.348,557.0,-0.20328905264440134,-0.05295234859380426,0.8744433368142394,1.883425925925926,19.5724599933515,266.98625637998475,0.0,0.0,0.0,0.0,0.0,0.0,0.0,0.0,1.0,0.0,10.928083270345176,-2.379530358049411,0.0,3.7938576300882936,1.2393685991335843,0.0,5.644631519274377,0.0
0.0,0.0,0.0,0.0,0.0,0.0,0.0,0.0,0.0,1.0,0.0,0.0,0.0,0.0,0.0,0.0,0.0,0.0,0.0,0.0,0.0,0.0,0.0,-5.098,9.057,2.83,537.0,-0.02966781901871405,0.2537418330037692,1.2952081679651724,1.6018981481481482,0.0,381.38921032250096,0.0,0.0,0.0,0.0,0.0,0.0,0.0,0.0,0.0,0.0,0.0,-2.9131530034564026,0.0,8.81544335627352,1.1532085263453384,0.0,4.99796910430839,1.0
0.0,0.0,0.0,0.0,0.0,0.0,0.0,0.0,0.0,1.0,0.0,0.0,0.0,0.0,0.0,0.0,0.0,0.0,0.0,0.0,2.0,0.0,0.0,-5.023,7.811,9.733,537.0,0.18800429001471003,0.1416469490489832,1.0354017188804592,1.883425925925926,6.544756405912575,431.2509210404835,0.0,0.0,0.0,0.0,0.0,0.0,0.0,0.0,0.0,0.0,0.0,-2.4772851452570537,0.0,6.474155467450334,1.1538819541286824,0.0,4.99796910430839,0.0
0.0,0.0,0.0,0.0,0.0,0.0,0.0,0.0,0.0,1.0,0.0,0.0,0.0,0.0,0.0,0.0,0.0,0.0,0.0,0.0,1.0,0.0,0.0,-5.26,8.597,3.721,537.0,0.1770298556852515,0.1608055124047422,1.119084237771496,1.883425925925926,6.544756405912575,373.66893163221084,0.0,0.0,0.0,0.0,0.0,0.0,0.0,0.0,0.0,0.0,0.0,-2.448603348368546,0.0,5.842707790798749,1.1538232421245949,0.0,4.99796910430839,0.0
0.0,0.0,0.0,0.0,0.0,1.0,0.0,0.0,0.0,0.0,0.0,0.0,0.0,0.0,0.0,0.0,0.0,0.0,0.0,0.0,1.0,0.0,0.0,-4.619,8.198,12.94,535.0,0.5160229575467156,0.5553831605077449,0.6390013765032833,1.883425925925926,6.544756405912575,271.51285861065685,0.0,0.0,0.0,0.0,0.0,0.0,0.0,0.0,0.0,0.0,0.0,-2.4094803964990845,0.0,11.754227906968785,1.4017159396645866,0.0,4.99796910430839,0.0
0.0,0.0,0.0,0.0,0.0,1.0,0.0,0.0,0.0,0.0,0.0,0.0,0.0,0.0,0.0,0.0,0.0,0.0,0.0,0.0,2.0,0.0,0.0,-4.625,8.52,10.002,535.0,0.5731435275590308,0.4319057347505766,0.606885611013544,1.883425925925926,6.544756405912575,252.42738649692797,0.0,0.0,0.0,0.0,0.0,0.0,0.0,0.0,0.0,0.0,0.0,-2.1282908733041186,1.0,10.412550458994888,1.401715913601588,0.0,4.99796910430839,0.0
0.0,0.0,0.0,0.0,0.0,1.0,0.0,0.0,0.0,0.0,0.0,0.0,0.0,0.0,0.0,0.0,0.0,0.0,0.0,0.0,2.0,0.0,0.0,-4.609,8.646,3.233,535.0,0.48501092992229894,0.39023859567520375,0.683068967564853,1.883425925925926,0.0,287.9626562123167,0.0,0.0,0.0,0.0,0.0,0.0,0.0,0.0,0.0,0.0,0.0,-2.154128154728755,1.0,10.113186674413525,1.4016964090495692,0.0,4.99796910430839,0.0
0.0,0.0,0.0,0.0,0.0,1.0,0.0,0.0,0.0,0.0,0.0,0.0,0.0,0.0,0.0,0.0,0.0,0.0,0.0,0.0,0.0,0.0,0.0,-4.654,8.666,3.131,535.0,0.33979340407585334,0.42078330167690453,0.7727970631223663,2.0038425925925925,0.0,253.63928166497226,0.0,0.0,0.0,0.0,0.0,0.0,0.0,0.0,0.0,0.0,0.0,-2.784041265800648,0.0,12.218417188291202,1.3566482615521454,0.0,4.99796910430839,0.0
0.0,0.0,0.0,0.0,0.0,0.0,0.0,0.0,0.0,0.0,0.0,0.0,0.0,0.0,0.0,0.0,0.0,0.0,0.0,0.0,2.0,0.0,0.0,-5.15,7.949,3.598,655.0,-0.008477476570853284,0.44453656422429366,1.0175148787153958,1.883425925925926,5.380062770465915,198.0682495457254,0.0,0.0,0.0,0.0,0.0,0.0,0.0,0.0,0.0,0.0,0.0,-2.0953257037244626,1.0,12.02192267406819,0.6101627910438077,0.0,4.99796910430839,0.0
0.0,0.0,0.0,0.0,0.0,0.0,0.0,0.0,0.0,0.0,0.0,0.0,0.0,0.0,0.0,0.0,0.0,0.0,0.0,0.0,0.0,0.0,0.0,-5.294,8.440000000000001,3.136,655.0,-0.21429117796080932,0.5054801306909444,1.2896562218524856,2.1215277777777777,11.576906342078992,224.34417296256197,0.0,0.0,0.0,0.0,0.0,0.0,0.0,0.0,0.0,0.0,0.0,-2.778398319035233,0.0,14.81980977088182,0.6101623561694924,0.0,4.99796910430839,0.0
1.0,0.0,0.0,0.0,0.0,0.0,0.0,1.0,0.0,0.0,0.0,0.0,0.0,0.0,0.0,0.0,0.0,0.0,0.0,0.0,0.0,0.0,0.0,-5.099,9.474,1.944,581.0,-0.49640394913783037,0.21639787602966828,1.2399118798720572,1.883425925925926,6.544756405912575,613.7946477523424,0.0,0.0,0.0,0.0,0.0,0.0,0.0,0.0,0.0,0.0,0.0,-2.4245883942953843,0.0,-13.593070487375735,1.2749165128995543,0.0,4.99796910430839,0.0
1.0,0.0,0.0,0.0,0.0,0.0,0.0,1.0,0.0,0.0,0.0,0.0,0.0,0.0,0.0,0.0,0.0,0.0,0.0,0.0,0.0,0.0,0.0,-5.184,9.415,3.294,581.0,-0.6210507661493876,0.18528368927273492,1.2913427547008218,1.883425925925926,11.339293589984397,642.7227670281321,0.0,0.0,0.0,0.0,0.0,0.0,0.0,0.0,0.0,0.0,0.0,-2.423050410873539,0.0,-13.593070487375735,1.275054555274493,0.0,4.99796910430839,0.0
1.0,0.0,0.0,0.0,0.0,0.0,0.0,1.0,0.0,0.0,0.0,0.0,0.0,0.0,0.0,0.0,0.0,0.0,0.0,0.0,1.0,0.0,0.0,-4.845,10.176000000000002,5.433,581.0,-0.8243334885707836,0.16478241795845264,1.557713280730502,1.883425925925926,6.076020106833881,588.2658216386881,0.0,0.0,0.0,0.0,0.0,0.0,0.0,0.0,0.0,0.0,0.0,-3.1815614199659326,0.0,-9.882226583955598,1.186792037598723,0.0,4.99796910430839,0.0
1.0,0.0,0.0,0.0,0.0,0.0,0.0,1.0,0.0,0.0,0.0,0.0,0.0,0.0,0.0,0.0,0.0,0.0,0.0,0.0,0.0,0.0,0.0,-4.793,9.905,4.58,581.0,-0.5189732971718642,0.1859021644823207,1.2400221047676658,1.883425925925926,6.544756405912575,624.0868668429508,0.0,0.0,0.0,0.0,0.0,0.0,0.0,0.0,0.0,0.0,0.0,-2.4249306940709574,0.0,-13.775672465108768,1.2751563506265169,0.0,4.99796910430839,0.0
0.0,0.0,0.0,0.0,0.0,0.0,0.0,1.0,0.0,0.0,0.0,0.0,0.0,0.0,0.0,0.0,0.0,0.0,0.0,0.0,0.0,0.0,0.0,-5.047,7.244000000000001,6.416,743.0,-0.05268523331901399,0.44738423563035373,1.2821447672029662,1.7149999999999999,17.37398892346119,375.4377868173058,0.0,0.0,0.0,0.0,0.0,0.0,0.0,0.0,0.0,0.0,0.0,-2.922636251609068,0.0,-13.667552949914622,0.6100519009680837,0.0,4.99796910430839,1.0
0.0,0.0,0.0,0.0,0.0,0.0,0.0,1.0,0.0,0.0,0.0,0.0,0.0,0.0,0.0,0.0,0.0,0.0,0.0,0.0,1.0,0.0,0.0,-5.033,7.113,7.618,743.0,0.0966622244400041,0.29381141385701415,0.9625323007228612,1.883425925925926,17.33980964577527,519.7108487422604,0.0,0.0,0.0,0.0,0.0,0.0,0.0,0.0,0.0,0.0,0.0,-2.321203589572458,0.0,-11.90826303037968,0.6100519673648526,0.0,4.99796910430839,0.0
0.0,0.0,0.0,0.0,0.0,0.0,0.0,0.0,0.0,0.0,0.0,0.0,0.0,0.0,0.0,0.0,0.0,0.0,0.0,0.0,1.0,0.0,0.0,-3.329,10.267,3.145,579.0,-0.12616335520566122,0.22581978243666617,1.0087835766499516,1.883425925925926,12.586597235060536,666.9757737069785,0.0,0.0,0.0,0.0,0.0,0.0,0.0,0.0,0.0,0.0,0.0,-2.416291504367894,0.0,4.930729050662395,1.2430128578569812,0.0,4.99796910430839,0.0
0.0,0.0,0.0,0.0,0.0,0.0,0.0,0.0,0.0,0.0,0.0,0.0,0.0,0.0,0.0,0.0,0.0,0.0,0.0,0.0,2.0,0.0,0.0,-3.364,10.277,3.349,579.0,-0.25576305989091,0.059987475996468136,1.3353913529901789,1.883425925925926,12.841643245852019,690.9113361929925,0.0,0.0,0.0,0.0,0.0,0.0,0.0,0.0,0.0,0.0,0.0,-3.1103825553041378,0.0,4.930729050662395,1.2047653806813325,0.0,4.99796910430839,0.0
0.0,0.0,0.0,0.0,0.0,0.0,0.0,0.0,0.0,0.0,0.0,0.0,0.0,0.0,0.0,0.0,0.0,0.0,0.0,0.0,0.0,0.0,0.0,-4.742,8.254999999999999,4.52,579.0,-0.4145111122791744,0.33437108885078837,1.4716268238112118,1.8108333333333333,6.076020106833881,577.6589673134781,0.0,0.0,0.0,0.0,0.0,0.0,0.0,0.0,0.0,0.0,0.0,-2.9385602193015226,0.0,5.857757060682156,1.2199300837960436,0.0,4.99796910430839,1.0
1.0,0.0,0.0,0.0,0.0,0.0,0.0,0.0,0.0,0.0,0.0,0.0,0.0,0.0,0.0,0.0,0.0,0.0,0.0,1.0,1.0,0.0,0.0,-4.358,9.142,2.52,593.0,-0.44407730838892,0.12970248458930486,1.3133535706085646,1.883425925925926,6.4208216229260096,446.24291357996094,0.0,0.0,0.0,0.0,0.0,0.0,0.0,0.0,0.0,0.0,0.0,-3.13052470526472,0.0,1.1286140951222556,1.165993317656213,0.0,4.99796910430839,0.0
1.0,0.0,0.0,0.0,0.0,0.0,0.0,0.0,0.0,0.0,0.0,0.0,0.0,0.0,0.0,0.0,0.0,0.0,0.0,1.0,0.0,0.0,0.0,-4.554,8.02,6.055,593.0,-0.28707122743962227,0.16316055423705525,1.075871133150485,1.883425925925926,6.544756405912575,287.6041350872281,0.0,0.0,0.0,0.0,0.0,0.0,0.0,0.0,0.0,0.0,0.0,-2.3342950652119945,0.0,-1.2153753219302013,1.1693740580962175,0.0,4.99796910430839,0.0
1.0,0.0,0.0,0.0,0.0,0.0,0.0,0.0,0.0,0.0,0.0,0.0,0.0,0.0,0.0,0.0,0.0,0.0,0.0,1.0,0.0,0.0,0.0,-6.021,6.623,12.101,593.0,-0.4349273069983404,0.1976530507402723,1.3385068099369009,1.883425925925926,26.31013685145522,284.2597653002076,0.0,0.0,0.0,0.0,0.0,0.0,0.0,0.0,0.0,0.0,0.0,-2.3319919474060704,0.0,-0.9900719847006105,1.167952349222082,0.0,4.99796910430839,0.0
1.0,0.0,0.0,0.0,0.0,0.0,0.0,0.0,0.0,0.0,0.0,0.0,0.0,0.0,0.0,0.0,0.0,0.0,0.0,0.0,1.0,0.0,0.0,-4.999,8.053,2.946,583.0,-0.31357272704517486,-0.013482036445045113,1.408711109659298,1.883425925925926,0.0,306.96218327013867,0.0,0.0,0.0,0.0,0.0,0.0,0.0,0.0,0.0,0.0,0.0,-2.345424130837401,0.0,-0.14712585362435485,1.2558902855301908,0.0,4.835010393046107,0.0
1.0,0.0,0.0,0.0,0.0,0.0,0.0,0.0,0.0,0.0,0.0,0.0,0.0,0.0,0.0,0.0,0.0,0.0,0.0,0.0,1.0,0.0,0.0,-4.964,8.074,3.334,583.0,-0.4153904881374946,0.039507717781611024,1.4192587027251768,1.883425925925926,6.4208216229260096,235.6657709844303,0.0,0.0,0.0,0.0,0.0,0.0,0.0,0.0,0.0,0.0,0.0,-2.341320824538161,0.0,1.3777154179804945,1.2547227398963028,0.0,4.812510393046107,0.0
1.0,0.0,0.0,0.0,0.0,0.0,0.0,0.0,0.0,0.0,0.0,0.0,0.0,0.0,0.0,0.0,0.0,0.0,0.0,0.0,0.0,0.0,0.0,-5.16,8.253,3.725,583.0,-0.20067570763970602,-0.02661967533527465,1.4151681431822694,1.0871296296296298,0.0,618.020259142156,0.0,0.0,0.0,0.0,0.0,0.0,0.0,0.0,0.0,0.0,0.0,-2.8906194242868297,0.0,0.6894084696191137,1.2544677732251188,0.0,4.897510393046107,1.0
1.0,0.0,0.0,0.0,0.0,0.0,0.0,0.0,0.0,0.0,0.0,0.0,0.0,0.0,0.0,0.0,0.0,0.0,0.0,0.0,1.0,0.0,0.0,-4.866,9.164,2.351,583.0,-0.04331630096999978,-0.203162249037652,1.2408414659758114,1.883425925925926,6.4208216229260096,306.6455455007258,0.0,0.0,0.0,0.0,0.0,0.0,0.0,0.0,0.0,0.0,0.0,-2.364521900363902,0.0,-0.134445305299742,1.256077731929254,0.0,4.99796910430839,0.0
0.0,0.0,0.0,0.0,0.0,0.0,0.0,0.0,0.0,1.0,0.0,0.0,0.0,0.0,0.0,0.0,0.0,0.0,0.0,0.0,2.0,0.0,0.0,-5.283,6.957999999999999,15.731,477.0,0.11526581926137545,0.15703228268507707,0.7265107355010002,1.883425925925926,12.586597235060536,539.1398005616613,0.0,0.0,0.0,0.0,0.0,1.0,0.0,0.0,0.0,0.0,0.0,-2.296033255264819,0.0,-1.862072506808828,1.2395365410676786,0.0,4.99796910430839,0.0
0.0,0.0,0.0,0.0,0.0,0.0,0.0,0.0,0.0,1.0,0.0,0.0,0.0,0.0,0.0,0.0,0.0,0.0,0.0,0.0,0.0,0.0,0.0,-3.991,9.37,3.715,477.0,0.05144274407497618,0.12408037195303291,1.2976314357957397,2.2705555555555557,6.4208216229260096,523.0135344515879,0.0,0.0,0.0,0.0,0.0,1.0,0.0,0.0,0.0,0.0,0.0,-2.8944132320006886,0.0,-1.558602351198412,1.2158382618074706,0.0,4.99796910430839,0.0
0.0,0.0,0.0,0.0,0.0,0.0,0.0,0.0,0.0,0.0,0.0,0.0,0.0,0.0,0.0,0.0,0.0,0.0,0.0,0.0,0.0,0.0,0.0,-5.697,9.079999999999998,7.379,503.0,-0.5490520160164808,0.4314063704351915,1.213128754887035,1.353611111111111,12.152040213667762,163.78890259625177,0.0,0.0,0.0,0.0,0.0,0.0,0.0,0.0,0.0,1.0,0.0,-2.868310747832025,0.0,3.784276265289734,1.3729786071154384,0.0,4.99796910430839,1.0
0.0,0.0,0.0,0.0,0.0,0.0,0.0,0.0,0.0,0.0,0.0,0.0,0.0,0.0,0.0,0.0,0.0,0.0,0.0,0.0,1.0,0.0,0.0,-6.476,6.694,10.809,503.0,-0.3219061721812047,0.42918625693864293,1.0332617167907046,1.883425925925926,12.620776512746456,192.17107138905635,0.0,0.0,0.0,0.0,0.0,0.0,0.0,0.0,0.0,1.0,0.0,-2.202802551281656,0.0,2.712555342906381,1.4699073217600171,0.0,4.99796910430839,0.0
0.0,0.0,0.0,0.0,0.0,0.0,0.0,0.0,0.0,0.0,0.0,0.0,0.0,0.0,0.0,0.0,0.0,0.0,0.0,0.0,1.0,0.0,0.0,-6.274,6.877,8.63,503.0,-0.5108561179242758,0.3818858168269431,1.0760732560795414,1.883425925925926,17.415313696818277,246.83762997627264,0.0,0.0,0.0,0.0,0.0,0.0,0.0,0.0,0.0,1.0,0.0,-2.202602591673817,0.0,2.712555342906382,1.4699073592095282,0.0,4.99796910430839,0.0
0.0,0.0,0.0,0.0,0.0,0.0,0.0,0.0,0.0,0.0,0.0,0.0,0.0,0.0,0.0,0.0,0.0,0.0,0.0,0.0,1.0,0.0,0.0,-5.225,9.265,4.321,503.0,-0.46833570739426295,0.36069512016276756,1.1682233916481404,1.883425925925926,12.620776512746456,172.48232441593746,0.0,0.0,0.0,0.0,0.0,0.0,0.0,0.0,0.0,1.0,0.0,-2.207405787894342,0.0,2.6085578195866965,1.469890994549818,0.0,4.99796910430839,0.0
1.0,0.0,1.0,0.0,0.0,0.0,0.0,0.0,0.0,0.0,0.0,0.0,0.0,0.0,0.0,0.0,0.0,0.0,0.0,0.0,1.0,0.0,0.0,-4.591,8.114999999999998,5.13,615.0,-0.6128611061307105,0.1546538441072706,1.2594128153903685,1.5578514739229024,13.08951281182515,328.8831400725619,0.0,0.0,0.0,0.0,0.0,0.0,0.0,0.0,0.0,1.0,0.0,-2.8909854632233,0.0,-3.4159143990001497,1.3662013907567152,0.0,4.99796910430839,1.0
1.0,0.0,1.0,0.0,0.0,0.0,0.0,0.0,0.0,0.0,0.0,0.0,0.0,0.0,0.0,0.0,0.0,0.0,0.0,0.0,1.0,0.0,0.0,-4.278,8.158999999999999,13.841,615.0,-0.6545838657420072,0.06695311670177802,1.189808568100943,1.9449194538926682,6.544756405912575,299.782353849783,0.0,0.0,0.0,0.0,0.0,0.0,0.0,0.0,0.0,1.0,0.0,-2.906379276336557,0.0,-3.1014485809419674,1.3296776953994427,0.0,4.99796910430839,0.0
1.0,0.0,1.0,0.0,0.0,0.0,0.0,0.0,0.0,0.0,0.0,0.0,0.0,0.0,0.0,0.0,0.0,0.0,0.0,0.0,2.0,0.0,0.0,-4.285,8.685,5.452,615.0,-0.5747146134136855,0.10037768320425855,1.153555285891136,1.883425925925926,19.634269217737724,398.2448814351146,0.0,0.0,0.0,0.0,0.0,0.0,0.0,0.0,0.0,1.0,0.0,-2.510256244682516,0.0,-2.3121326616721283,1.3826722740610184,0.0,4.99796910430839,0.0
1.0,0.0,1.0,0.0,0.0,0.0,0.0,0.0,0.0,0.0,0.0,0.0,0.0,0.0,0.0,0.0,0.0,0.0,0.0,0.0,3.0,0.0,0.0,-4.475,8.604000000000001,5.451,615.0,-0.7130015476525452,0.06529143781702568,1.365749740315059,1.883425925925926,13.08951281182515,254.5824549750057,0.0,0.0,0.0,0.0,0.0,0.0,0.0,0.0,0.0,1.0,0.0,-3.1800932418749595,0.0,-2.365594089389952,1.2264325144137211,0.0,4.99796910430839,0.0
1.0,0.0,1.0,0.0,0.0,0.0,0.0,0.0,0.0,0.0,0.0,0.0,0.0,0.0,0.0,0.0,0.0,0.0,0.0,0.0,2.0,0.0,0.0,-4.634,7.985999999999999,3.94,615.0,-0.5237058056633881,0.10359263306951857,1.1943203043977737,1.883425925925926,19.634269217737724,475.8258431542181,0.0,0.0,0.0,0.0,0.0,0.0,0.0,0.0,0.0,1.0,0.0,-2.509146033154993,0.0,-4.466234708610324,1.3827059640837411,0.0,4.99796910430839,0.0
1.0,0.0,0.0,0.0,0.0,0.0,0.0,0.0,0.0,0.0,0.0,0.0,0.0,0.0,0.0,0.0,0.0,0.0,0.0,0.0,0.0,0.0,0.0,-4.324,8.124,5.368,605.0,-0.3810215823348448,0.15162785720705926,1.2299662084538452,1.616111111111111,19.069544416586886,370.04158764186104,0.0,0.0,0.0,0.0,0.0,1.0,0.0,0.0,1.0,1.0,5.468352229780801,-2.920237533912908,0.0,4.907557603353925,1.1698394995271117,0.0,5.499602229780801,1.0
1.0,0.0,0.0,0.0,0.0,0.0,0.0,0.0,0.0,0.0,0.0,0.0,0.0,0.0,0.0,0.0,0.0,0.0,0.0,0.0,1.0,0.0,0.0,-4.495,7.94,4.265,605.0,-0.2980848564487437,0.0856754980510878,1.1473223678864826,1.883425925925926,25.614300822499462,409.1663509970015,0.0,0.0,0.0,0.0,0.0,1.0,0.0,0.0,1.0,1.0,5.468352229780801,-2.528596535272249,0.0,3.809607501057383,1.1705429897227775,0.0,5.530852229780801,0.0
1.0,0.0,0.0,0.0,0.0,0.0,0.0,0.0,0.0,0.0,0.0,0.0,0.0,0.0,0.0,0.0,0.0,0.0,0.0,0.0,1.0,0.0,0.0,-2.977,10.01,7.623,605.0,0.0588435267672521,0.17783034414087137,1.0716731256127936,1.883425925925926,19.386399651764595,415.8025062711174,0.0,0.0,0.0,0.0,0.0,1.0,0.0,0.0,1.0,1.0,5.468352229780801,-2.6709357170345336,0.0,3.227019319072515,1.169811205530444,0.0,5.508352229780801,0.0
1.0,0.0,0.0,0.0,0.0,0.0,0.0,0.0,0.0,0.0,0.0,0.0,0.0,0.0,0.0,0.0,0.0,0.0,0.0,0.0,1.0,0.0,0.0,-4.09,9.784,1.752,605.0,-0.37474876454343675,-0.005465201041954141,1.3489455100353258,1.883425925925926,32.351977680603184,395.602873337255,0.0,0.0,0.0,0.0,0.0,1.0,0.0,0.0,1.0,1.0,5.468352229780801,-2.5477954280538238,0.0,4.920982141887241,1.168026725093222,0.0,4.99796910430839,0.0
1.0,0.0,0.0,0.0,0.0,0.0,0.0,1.0,0.0,0.0,0.0,0.0,0.0,0.0,0.0,0.0,0.0,0.0,0.0,0.0,2.0,0.0,0.0,-4.499,8.933,3.076,605.0,-0.011448889294585676,0.2792166375550597,1.1161379632077426,1.883425925925926,6.041840829147961,401.78431074170203,0.0,0.0,0.0,0.0,0.0,0.0,0.0,0.0,0.0,0.0,0.0,-2.4170539540326756,0.0,6.368139983156816,1.263925775329221,0.0,4.910971041194255,0.0
1.0,0.0,0.0,0.0,0.0,0.0,0.0,1.0,0.0,0.0,0.0,0.0,0.0,0.0,0.0,0.0,0.0,0.0,0.0,0.0,2.0,0.0,0.0,-4.564,8.689,3.194,605.0,-0.39200316088919984,0.05243702701057601,1.260369085999118,1.883425925925926,6.041840829147961,304.48379952325445,0.0,0.0,0.0,0.0,0.0,0.0,0.0,0.0,0.0,0.0,0.0,-2.418086263600451,0.0,10.680659254295373,1.2639273927605397,0.0,4.99796910430839,0.0
1.0,0.0,0.0,0.0,0.0,0.0,0.0,1.0,0.0,0.0,0.0,0.0,0.0,0.0,0.0,0.0,0.0,0.0,0.0,0.0,1.0,0.0,0.0,-4.56,8.297,6.068,605.0,-0.1810651177728757,0.37685508873282975,1.3815247511193218,1.5695455404383976,6.4208216229260096,318.3232421566113,0.0,0.0,0.0,0.0,0.0,0.0,0.0,0.0,0.0,0.0,0.0,-2.943425866681332,0.0,7.466090085453357,1.236438260315181,0.0,4.879721041194255,1.0
1.0,0.0,0.0,0.0,0.0,0.0,0.0,1.0,0.0,0.0,0.0,0.0,0.0,0.0,0.0,0.0,0.0,0.0,0.0,0.0,1.0,0.0,0.0,-4.998,8.09,5.415,605.0,0.04654768181922558,0.30938521583093936,1.0985291182813157,1.1748696145124715,6.041840829147961,359.8133013103229,0.0,0.0,0.0,0.0,0.0,0.0,0.0,0.0,0.0,0.0,0.0,-2.8981822239258186,0.0,5.270189880860275,1.2639097410422924,0.0,4.973471041194255,1.0
1.0,0.0,0.0,0.0,0.0,0.0,0.0,0.0,0.0,0.0,0.0,0.0,0.0,0.0,0.0,0.0,0.0,0.0,0.0,0.0,0.0,0.0,0.0,-4.435,9.166,4.404,593.0,-0.19751075461620088,0.14213548812507953,0.9347392145756359,1.415177626606198,0.0,435.25965644963117,0.0,0.0,0.0,0.0,0.0,0.0,0.0,0.0,0.0,0.0,0.0,-2.8536082739223203,0.0,-0.8651726133031423,1.277638374448522,0.0,4.99796910430839,1.0
1.0,0.0,0.0,0.0,0.0,0.0,0.0,0.0,0.0,0.0,0.0,0.0,0.0,0.0,0.0,0.0,0.0,0.0,0.0,0.0,2.0,0.0,0.0,-4.221,9.434,0.925,593.0,-0.5574062787960351,-0.008177291985990277,1.1702472540998565,1.883425925925926,7.04767198267719,379.25745522361376,0.0,0.0,0.0,0.0,0.0,0.0,0.0,0.0,0.0,0.0,0.0,-3.145122676574489,0.0,1.612415571852844,1.1917191763893888,0.0,4.99796910430839,0.0
1.0,0.0,0.0,0.0,0.0,0.0,0.0,0.0,0.0,0.0,0.0,0.0,0.0,0.0,0.0,0.0,0.0,0.0,0.0,0.0,1.0,0.0,0.0,-4.757,8.661,7.15,593.0,-0.12348231482977622,0.10284021511460849,0.9601352081794051,1.883425925925926,7.04767198267719,391.03512751243704,0.0,0.0,0.0,0.0,0.0,0.0,0.0,0.0,0.0,0.0,0.0,-2.4218195745682585,0.0,0.21161664798544425,1.2776480509261998,0.0,4.99796910430839,0.0
1.0,0.0,0.0,0.0,0.0,0.0,0.0,0.0,0.0,0.0,0.0,0.0,0.0,0.0,0.0,0.0,0.0,0.0,0.0,0.0,1.0,0.0,0.0,-4.475,8.968,9.023,593.0,-0.1874150916974596,0.1075605906758214,0.9822696849924861,1.883425925925926,11.842209166749011,450.7836247767257,0.0,0.0,0.0,0.0,0.0,0.0,0.0,0.0,0.0,0.0,0.0,-2.4202702892332693,0.0,-1.548112029644818,1.2775386652225948,0.0,4.99796910430839,0.0
1.0,0.0,0.0,0.0,0.0,0.0,0.0,0.0,0.0,0.0,0.0,0.0,0.0,0.0,0.0,0.0,0.0,0.0,0.0,0.0,1.0,0.0,0.0,-4.154,9.343,5.493,593.0,-0.03891394701654749,0.13858306805831472,0.9381003561744471,1.883425925925926,7.04767198267719,463.47131697811005,0.0,0.0,0.0,0.0,0.0,0.0,0.0,0.0,0.0,0.0,0.0,-2.4216191591672174,0.0,-1.5481120296448172,1.277397844822066,0.0,4.99796910430839,0.0
1.0,0.0,0.0,0.0,0.0,0.0,0.0,0.0,0.0,0.0,0.0,0.0,0.0,0.0,0.0,0.0,0.0,0.0,0.0,0.0,1.0,0.0,0.0,-4.125,8.731,5.733,591.0,-0.4738481241507899,0.1085735302619723,1.1553801721801709,1.883425925925926,6.4208216229260096,368.8414605690775,0.0,0.0,0.0,0.0,0.0,0.0,0.0,0.0,0.0,0.0,5.493767006802721,-2.2899125248003185,0.0,-4.427617848736995,1.2672453002460735,0.0,4.99796910430839,0.0
1.0,0.0,0.0,0.0,0.0,0.0,0.0,0.0,0.0,0.0,0.0,0.0,0.0,0.0,0.0,0.0,0.0,0.0,0.0,0.0,0.0,0.0,0.0,-3.918,8.602,6.037,591.0,-0.752719181806133,0.04562068933164282,1.6175670041044057,2.0052314814814816,6.4208216229260096,466.71646409614095,0.0,0.0,0.0,0.0,0.0,0.0,0.0,0.0,0.0,0.0,5.493767006802721,-2.8853925982469457,0.0,-3.23171887008699,1.2369191252272052,0.0,4.99796910430839,0.0
0.0,0.0,0.0,0.0,0.0,0.0,0.0,0.0,0.0,0.0,0.0,0.0,0.0,0.0,0.0,0.0,0.0,0.0,0.0,0.0,1.0,0.0,0.0,-5.097,9.313,8.279,795.0,0.250770667603304,0.2584139101530349,1.0524672732330564,1.883425925925926,5.408052090654662,365.4424700708305,0.0,0.0,0.0,0.0,0.0,0.0,0.0,0.0,0.0,0.0,21.81238488914084,-2.3426551908196904,0.0,7.105480534879406,0.29664748944632235,1.0,4.99796910430839,0.0
0.0,0.0,0.0,0.0,0.0,0.0,0.0,0.0,0.0,0.0,0.0,0.0,0.0,0.0,0.0,0.0,0.0,0.0,0.0,0.0,1.0,0.0,0.0,-4.981,8.591,5.509,795.0,0.2734541954848149,0.19243575496593227,1.0599090537814873,1.883425925925926,0.0,253.6300928842711,0.0,0.0,0.0,0.0,0.0,0.0,0.0,0.0,0.0,0.0,21.81238488914084,-2.339875886336457,0.0,13.517048475438997,0.29389167312052444,0.0,4.99796910430839,0.0
0.0,0.0,0.0,0.0,0.0,0.0,0.0,0.0,0.0,0.0,0.0,0.0,0.0,0.0,0.0,0.0,0.0,0.0,0.0,0.0,0.0,0.0,0.0,-4.763,9.874,8.862,795.0,0.172496188573902,0.38105938836113507,1.1938925610129303,1.3309027777777778,11.328486409510306,335.63774612337033,0.0,0.0,0.0,0.0,0.0,0.0,0.0,0.0,0.0,0.0,21.81238488914084,-2.9292533479067466,0.0,11.400501245075064,0.2966467661810688,1.0,4.99796910430839,1.0
0.0,0.0,0.0,0.0,0.0,0.0,0.0,0.0,0.0,0.0,0.0,0.0,0.0,0.0,0.0,0.0,0.0,0.0,0.0,0.0,1.0,0.0,0.0,-3.989,10.277,5.285,517.0,0.3175097194623673,0.1081723421493665,0.6313110479040936,1.883425925925926,0.0,278.84549295755573,0.0,0.0,0.0,0.0,0.0,0.0,0.0,0.0,0.0,0.0,0.0,-3.112753796473125,0.0,9.094477116333454,1.2188385046436794,0.0,4.99796910430839,0.0
0.0,0.0,0.0,0.0,0.0,0.0,0.0,0.0,0.0,0.0,0.0,0.0,0.0,0.0,0.0,0.0,0.0,0.0,0.0,0.0,0.0,0.0,0.0,-3.751,10.398,4.076,517.0,0.18804400255400913,0.2598450250827877,0.5676849611282807,1.883425925925926,11.339293589984397,455.16810244813473,0.0,0.0,0.0,0.0,0.0,0.0,0.0,0.0,0.0,0.0,0.0,-2.259706185257585,0.0,11.41279916761118,1.371658292093719,0.0,4.99796910430839,0.0
0.0,0.0,0.0,0.0,0.0,0.0,0.0,0.0,0.0,0.0,0.0,0.0,0.0,0.0,0.0,0.0,0.0,0.0,0.0,0.0,0.0,0.0,0.0,-3.806,10.294,0.66,517.0,0.4470319944158763,0.29024177801385603,0.5491726583948013,1.883425925925926,6.544756405912575,447.8169421204982,0.0,0.0,0.0,0.0,0.0,0.0,0.0,0.0,0.0,0.0,0.0,-2.2604542853910625,0.0,11.41279916761118,1.3715208267720662,0.0,4.99796910430839,0.0
0.0,0.0,0.0,0.0,0.0,0.0,0.0,0.0,0.0,0.0,0.0,0.0,0.0,0.0,0.0,0.0,0.0,0.0,0.0,0.0,0.0,0.0,0.0,-3.287,10.602,1.79,529.0,0.10600468255919146,0.15839513844985917,0.676984872704205,1.883425925925926,12.462662452073968,354.05224725908806,0.0,0.0,0.0,0.0,0.0,0.0,0.0,0.0,0.0,0.0,0.0,-2.4066718400947265,0.0,27.904837380303384,1.1772333498392071,0.0,4.99796910430839,0.0
0.0,0.0,0.0,0.0,0.0,0.0,0.0,0.0,0.0,0.0,0.0,0.0,0.0,0.0,0.0,0.0,0.0,0.0,0.0,0.0,1.0,0.0,0.0,-3.572,10.402,3.229,529.0,0.11372214272365053,-0.06433916516471556,0.8581099841762766,1.883425925925926,5.917906046161393,445.37815497789506,0.0,0.0,0.0,0.0,0.0,0.0,0.0,0.0,0.0,0.0,0.0,-3.135324830507971,0.0,27.21740267547157,1.1685319476737217,0.0,4.99796910430839,0.0
1.0,0.0,0.0,0.0,0.0,1.0,0.0,0.0,0.0,0.0,0.0,0.0,0.0,0.0,0.0,1.0,1.0,0.0,0.0,0.0,0.0,0.0,0.0,-4.611,7.911,6.278,627.0,0.09399297003182404,0.17230379941627452,1.094564021740518,1.883425925925926,0.0,388.9355303130196,0.0,0.0,0.0,0.0,0.0,0.0,0.0,0.0,0.0,0.0,5.156627928949358,-2.583853236212491,0.0,-14.060198668584201,1.443664414645081,0.0,4.751574074074075,0.0
1.0,0.0,0.0,0.0,0.0,1.0,0.0,0.0,0.0,0.0,0.0,0.0,0.0,0.0,0.0,1.0,1.0,0.0,0.0,0.0,0.0,0.0,0.0,-4.993,8.231,4.039,627.0,0.29225633447692906,0.027958555760644415,1.0541581742372823,1.883425925925926,0.0,360.35788610895736,0.0,0.0,0.0,0.0,0.0,0.0,0.0,0.0,0.0,0.0,5.156627928949358,-2.170543155376699,0.0,-14.060198668584203,1.446086493819358,0.0,4.751574074074075,1.0
1.0,0.0,0.0,0.0,0.0,1.0,0.0,0.0,0.0,0.0,0.0,0.0,0.0,0.0,0.0,1.0,1.0,0.0,0.0,0.0,0.0,0.0,0.0,-4.773,7.801,8.25,627.0,-0.043089987258616055,-0.058281841203929985,1.2026514757929787,1.883425925925926,0.0,375.02943138949684,0.0,0.0,0.0,0.0,0.0,0.0,0.0,0.0,0.0,0.0,5.156627928949358,-2.1866388070387544,0.0,-13.357136159394132,1.4431716279045335,0.0,4.99796910430839,1.0
1.0,0.0,0.0,0.0,0.0,1.0,0.0,0.0,0.0,0.0,0.0,0.0,0.0,0.0,0.0,1.0,1.0,0.0,0.0,0.0,1.0,0.0,0.0,-5.661,7.773,8.305,627.0,0.20347988316264093,-0.16179357933722247,1.1913639018256534,1.883425925925926,12.487188691387619,383.17972776184797,0.0,0.0,0.0,0.0,0.0,0.0,0.0,0.0,0.0,0.0,5.156627928949358,-2.719571842253683,0.0,-17.007336223002678,1.44185111397154,0.0,4.814074074074075,1.0
0.0,0.0,0.0,0.0,0.0,0.0,0.0,0.0,0.0,0.0,0.0,0.0,0.0,0.0,0.0,0.0,0.0,0.0,0.0,0.0,2.0,0.0,0.0,-3.33,10.077,5.195,505.0,-0.23735860304390435,0.093277163344668,0.9386513982257372,1.883425925925926,19.765380445542643,309.08112893422174,0.0,0.0,0.0,0.0,0.0,0.0,0.0,0.0,0.0,0.0,0.0,-3.1347282600535817,0.0,-7.547278971021932,1.1781386847699613,0.0,4.99796910430839,0.0
0.0,0.0,0.0,0.0,0.0,0.0,0.0,0.0,0.0,0.0,0.0,0.0,0.0,0.0,0.0,0.0,0.0,0.0,0.0,0.0,1.0,0.0,0.0,-4.593,8.217,5.837,505.0,-0.03293663139882328,0.24781212789503446,0.7512998246589465,1.883425925925926,19.13135364097311,272.8888513452423,0.0,0.0,0.0,0.0,0.0,0.0,0.0,0.0,0.0,0.0,0.0,-2.3526009722152885,0.0,-7.165579571024052,1.2544184428226834,0.0,4.99796910430839,0.0
0.0,0.0,0.0,0.0,0.0,0.0,0.0,0.0,0.0,0.0,0.0,0.0,0.0,0.0,0.0,0.0,0.0,0.0,0.0,0.0,0.0,0.0,0.0,-4.714,7.395,8.584,505.0,-0.2992986686304675,0.364620488034019,0.9574489408118348,1.7827777777777778,12.586597235060536,244.3860275986092,0.0,0.0,0.0,0.0,0.0,0.0,0.0,0.0,0.0,0.0,0.0,-2.8821788697126336,0.0,-8.991826406387684,1.2543957730552622,0.0,4.99796910430839,1.0
0.0,0.0,0.0,0.0,0.0,0.0,0.0,0.0,0.0,0.0,0.0,0.0,0.0,0.0,0.0,0.0,0.0,0.0,0.0,0.0,2.0,0.0,0.0,-5.106,8.059,10.718,549.0,0.12134505926501192,0.28107474037285834,0.9438216158983403,1.883425925925926,11.760295063310071,194.83213419732988,0.0,0.0,0.0,0.0,0.0,0.0,0.0,0.0,0.0,0.0,0.0,-2.057532096235967,1.0,-3.8551579916443957,1.2366644753352594,0.0,4.99796910430839,0.0
0.0,0.0,0.0,0.0,0.0,0.0,0.0,0.0,0.0,0.0,0.0,0.0,0.0,0.0,0.0,0.0,0.0,0.0,0.0,0.0,3.0,0.0,0.0,-4.841,9.023,3.228,549.0,0.09788861369251134,0.23074117327518812,0.9854328314412416,1.883425925925926,6.923737199690624,154.92245320125926,0.0,0.0,0.0,0.0,0.0,0.0,0.0,0.0,0.0,0.0,0.0,-2.1461463422088984,2.0,-4.6851073554586,1.2366642110789094,0.0,4.99796910430839,0.0
0.0,0.0,0.0,0.0,0.0,0.0,0.0,0.0,0.0,0.0,0.0,0.0,0.0,0.0,0.0,0.0,0.0,0.0,0.0,0.0,1.0,0.0,0.0,-4.489,9.260000000000002,5.01,549.0,-0.20248609277754,0.45268989563466006,1.2237381928940776,1.548510015117158,11.760295063310071,192.5822419767212,0.0,0.0,0.0,0.0,0.0,0.0,0.0,0.0,0.0,0.0,0.0,-2.8118729160301603,1.0,-4.486439150637471,1.236662445177508,0.0,4.99796910430839,1.0
0.0,0.0,0.0,0.0,0.0,0.0,0.0,0.0,0.0,0.0,0.0,0.0,0.0,0.0,0.0,0.0,0.0,0.0,0.0,0.0,0.0,0.0,0.0,-5.393,8.655000000000001,2.253,649.0,-0.19258245415193764,0.158909569877886,1.1739769027896374,1.883425925925926,5.249938029982174,249.40013898460256,0.0,0.0,0.0,0.0,0.0,0.0,0.0,0.0,0.0,0.0,0.0,-2.159837547025993,0.0,-10.9364251023429,0.6238619663231064,0.0,4.99796910430839,0.0
0.0,0.0,0.0,0.0,0.0,0.0,0.0,0.0,0.0,0.0,0.0,0.0,0.0,0.0,0.0,0.0,0.0,0.0,0.0,0.0,0.0,0.0,0.0,-5.393,8.655000000000001,2.251,649.0,-0.32815994638949936,0.19335334428973572,1.3971729480461401,1.883425925925926,13.344558822616634,242.7841393422803,0.0,0.0,0.0,0.0,0.0,0.0,0.0,0.0,0.0,0.0,0.0,-2.1588041249258065,0.0,-7.499955919442361,0.6238875707343496,0.0,4.99796910430839,0.0
0.0,0.0,0.0,0.0,0.0,0.0,0.0,0.0,0.0,0.0,0.0,0.0,0.0,0.0,0.0,0.0,0.0,0.0,0.0,0.0,0.0,0.0,0.0,-5.944,8.55,2.216,649.0,-0.38050600477357166,0.12078557562344079,1.6405896039471632,1.883425925925926,6.923737199690624,251.5124297696501,1.0,0.0,0.0,0.0,0.0,0.0,0.0,0.0,0.0,0.0,0.0,-2.23030124384516,0.0,-5.5108854703354,0.5759198616397155,0.0,4.99796910430839,0.0
1.0,0.0,0.0,0.0,0.0,0.0,0.0,0.0,0.0,0.0,0.0,0.0,0.0,0.0,0.0,0.0,0.0,0.0,0.0,0.0,1.0,0.0,0.0,-5.031,9.199000000000002,9.9,597.0,-0.025281742170609318,0.1251802091821889,1.1151843610079,1.883425925925926,12.393687143226153,252.8278569420163,0.0,0.0,0.0,0.0,0.0,0.0,0.0,0.0,0.0,0.0,1.5027654950869236,-2.4342269439022837,0.0,-30.077894312385737,1.204053024846076,0.0,4.99796910430839,0.0
1.0,0.0,0.0,0.0,0.0,0.0,0.0,0.0,0.0,0.0,0.0,0.0,0.0,0.0,0.0,0.0,0.0,0.0,0.0,0.0,2.0,0.0,0.0,-5.032,9.197,9.902,597.0,0.2280128187769301,-0.022833893419944046,0.8380065380219304,1.883425925925926,6.06636706846161,245.67162766591696,0.0,0.0,0.0,0.0,0.0,0.0,0.0,0.0,0.0,0.0,1.5027654950869236,-2.440573529590592,1.0,-25.308284206854584,1.204054385551361,0.0,4.99796910430839,0.0
1.0,0.0,0.0,0.0,0.0,0.0,0.0,0.0,0.0,0.0,0.0,0.0,0.0,0.0,0.0,0.0,0.0,0.0,0.0,0.0,0.0,0.0,0.0,-4.962,8.5,6.07,597.0,-0.2893479167214664,0.22552704387266548,1.4026905707407051,1.4252777777777776,26.2411615426074,439.378148647426,0.0,0.0,0.0,0.0,0.0,0.0,0.0,0.0,0.0,0.0,1.5027654950869236,-2.9798560762373194,0.0,-26.81733607178051,1.1796445667214135,0.0,4.99796910430839,1.0
1.0,0.0,0.0,0.0,0.0,0.0,0.0,0.0,0.0,0.0,0.0,0.0,0.0,0.0,0.0,0.0,0.0,0.0,0.0,0.0,2.0,0.0,0.0,-4.624,7.975,9.898,597.0,-0.28328029244787367,0.06213320534839635,0.9032186019532624,1.883425925925926,12.393687143226153,472.93028480071507,0.0,0.0,0.0,0.0,0.0,0.0,0.0,0.0,0.0,0.0,1.5027654950869236,-2.4682916301339266,0.0,-24.95829376308531,1.2039750000520277,0.0,4.99796910430839,0.0
1.0,0.0,0.0,0.0,0.0,0.0,0.0,0.0,0.0,0.0,0.0,0.0,0.0,0.0,0.0,0.0,0.0,0.0,0.0,0.0,2.0,0.0,0.0,-5.478,7.797000000000001,10.021,615.0,-0.22120079529645786,0.20757805595709694,0.7873517441596647,1.883425925925926,6.4208216229260096,231.93069924837096,0.0,0.0,0.0,0.0,0.0,0.0,0.0,0.0,0.0,0.0,0.0,-2.243738730290682,1.0,16.007201082455794,1.1831230382816234,0.0,4.99796910430839,0.0
1.0,0.0,0.0,0.0,0.0,0.0,0.0,0.0,0.0,0.0,0.0,0.0,0.0,0.0,0.0,0.0,0.0,0.0,0.0,0.0,0.0,0.0,0.0,-4.928,8.846,3.328,615.0,-0.17618753369873813,0.26975574845602573,0.7398671759798534,1.8307638888888889,6.4208216229260096,246.21117136236217,0.0,0.0,0.0,0.0,0.0,0.0,0.0,0.0,0.0,0.0,0.0,-2.7920122562591763,0.0,13.550526236756514,1.1828072751494543,0.0,4.99796910430839,0.0
1.0,0.0,0.0,0.0,0.0,0.0,0.0,0.0,0.0,0.0,0.0,0.0,0.0,0.0,0.0,0.0,0.0,0.0,0.0,0.0,1.0,0.0,0.0,-5.473,7.467,16.413,615.0,-0.4518688863045406,0.2639768130738849,0.7668230161003762,1.883425925925926,6.544756405912575,239.21831507611296,0.0,0.0,0.0,0.0,0.0,0.0,0.0,0.0,0.0,0.0,0.0,-2.225729847492019,0.0,14.53549209935175,1.1831232092737138,0.0,4.99796910430839,0.0
1.0,0.0,0.0,0.0,0.0,0.0,0.0,0.0,0.0,0.0,0.0,0.0,0.0,0.0,0.0,0.0,0.0,0.0,0.0,0.0,1.0,0.0,0.0,-4.825,8.873999999999999,0.829,615.0,-0.10824079455415753,0.23022099257182657,0.9188921775389377,1.883425925925926,26.813052428219834,231.14574790578445,0.0,0.0,0.0,0.0,0.0,0.0,0.0,0.0,0.0,0.0,0.0,-2.2257298474920177,0.0,17.257135675157127,1.1816146410279738,0.0,4.99796910430839,0.0
1.0,0.0,0.0,0.0,0.0,0.0,0.0,0.0,0.0,0.0,0.0,0.0,0.0,0.0,0.0,0.0,0.0,0.0,0.0,0.0,1.0,0.0,0.0,-5.146,9.457,2.675,551.0,-0.12733489386893906,0.03865158071444252,1.1356147849023557,1.883425925925926,0.0,295.8543521111849,0.0,0.0,0.0,0.0,0.0,0.0,0.0,0.0,0.0,0.0,1.824375,-2.2471490091700743,1.0,22.79515202348418,1.1937267915909213,0.0,4.99796910430839,0.0
1.0,0.0,0.0,0.0,0.0,0.0,0.0,0.0,0.0,0.0,0.0,0.0,0.0,0.0,0.0,0.0,0.0,0.0,0.0,0.0,0.0,0.0,0.0,-5.697,8.866,5.187,551.0,0.055726206819510835,0.18300866786162814,1.1345498051534053,1.883425925925926,20.392230805293824,244.30467406913,0.0,0.0,0.0,0.0,0.0,0.0,0.0,0.0,0.0,0.0,1.824375,-2.154145243894527,0.0,22.677258724742934,1.192860636989889,0.0,4.99796910430839,0.0
1.0,0.0,0.0,0.0,0.0,0.0,0.0,0.0,0.0,0.0,0.0,0.0,0.0,0.0,0.0,0.0,0.0,0.0,0.0,0.0,1.0,0.0,0.0,-5.26,9.013,2.968,551.0,0.15323698600268695,-0.12644769516258775,0.7685214545233998,1.883425925925926,5.098681808301038,219.25091006124808,0.0,0.0,0.0,0.0,0.0,0.0,0.0,0.0,0.0,0.0,1.824375,-2.2109126147080733,1.0,16.82291609398847,1.1944852201636367,0.0,4.99796910430839,0.0
0.0,0.0,0.0,0.0,0.0,0.0,0.0,2.0,0.0,0.0,0.0,0.0,0.0,0.0,0.0,0.0,0.0,0.0,0.0,0.0,0.0,0.0,0.0,-4.494,10.428,3.869,583.0,0.37864863243146074,0.2055472386976992,0.7895460607742442,1.883425925925926,13.592428388589765,377.26571316042555,0.0,0.0,0.0,0.0,0.0,0.0,0.0,0.0,0.0,0.0,0.0,-2.2960651024432877,0.0,13.58339862695945,1.2555269690389579,0.0,4.99796910430839,0.0
0.0,0.0,0.0,0.0,0.0,0.0,0.0,2.0,0.0,0.0,0.0,0.0,0.0,0.0,0.0,0.0,0.0,0.0,0.0,0.0,1.0,0.0,0.0,-4.548,9.873,6.884,583.0,0.3854169453854163,0.20089442122478557,0.695285081105274,1.883425925925926,0.0,459.79044059993385,0.0,0.0,0.0,0.0,0.0,0.0,0.0,0.0,0.0,0.0,0.0,-3.1147293703867565,0.0,13.447851800401976,1.2404889279048186,0.0,4.99796910430839,0.0
0.0,0.0,0.0,0.0,0.0,0.0,0.0,2.0,0.0,0.0,0.0,0.0,0.0,0.0,0.0,0.0,0.0,0.0,0.0,0.0,0.0,0.0,0.0,-4.494,10.428,3.869,583.0,0.3860238701593492,0.2483392215835379,0.5868676672277393,1.883425925925926,24.807787195587597,460.6372508721129,0.0,0.0,0.0,0.0,0.0,0.0,0.0,0.0,0.0,0.0,0.0,-2.292552126911087,0.0,16.215400681344374,1.2555714179451452,0.0,4.99796910430839,0.0
0.0,0.0,0.0,0.0,0.0,0.0,0.0,2.0,0.0,0.0,0.0,0.0,0.0,0.0,0.0,0.0,0.0,0.0,0.0,0.0,0.0,0.0,0.0,-4.3,10.447,4.721,583.0,0.6529126734637677,0.27160310875881977,0.5672959625428764,1.883425925925926,20.013250011515776,442.05715179523804,0.0,0.0,0.0,0.0,0.0,0.0,0.0,0.0,0.0,0.0,0.0,-2.2930753115860303,0.0,16.215400681344374,1.2555714231388784,0.0,4.99796910430839,0.0
1.0,0.0,0.0,0.0,0.0,0.0,0.0,2.0,0.0,0.0,0.0,0.0,0.0,0.0,0.0,0.0,0.0,0.0,0.0,0.0,0.0,0.0,0.0,-3.428,10.494,6.255,571.0,-0.33267305405772757,0.14603317819775932,0.8959023817039043,1.883425925925926,0.0,380.2314279570505,0.0,0.0,0.0,0.0,0.0,0.0,0.0,0.0,0.0,0.0,0.0,-2.5443195404945946,0.0,-6.613484746506149,1.1437181205485367,0.0,4.99796910430839,0.0
1.0,0.0,0.0,0.0,0.0,0.0,0.0,2.0,0.0,0.0,0.0,0.0,0.0,0.0,0.0,0.0,0.0,0.0,0.0,0.0,1.0,0.0,0.0,-3.407,10.432,6.815,571.0,-0.21032914592407137,-0.07238459899738132,1.227620537276398,1.883425925925926,12.841643245852019,357.8197310167725,0.0,0.0,0.0,0.0,0.0,0.0,0.0,0.0,0.0,0.0,0.0,-3.1920569159137018,0.0,-3.904103640432043,1.1111792452350213,0.0,4.99796910430839,0.0
0.0,0.0,0.0,0.0,0.0,0.0,0.0,2.0,0.0,0.0,0.0,0.0,1.0,0.0,0.0,0.0,0.0,0.0,0.0,0.0,2.0,0.0,0.0,-4.403,9.447,1.922,601.0,-0.23817537972362157,0.22293087141040624,1.164118571972255,1.883425925925926,12.965578028838586,266.6333420560577,0.0,0.0,0.0,0.0,0.0,0.0,0.0,0.0,0.0,0.0,0.0,-2.273903469401431,1.0,5.670787742680445,1.2582287499505027,0.0,4.99796910430839,0.0
0.0,0.0,0.0,0.0,0.0,0.0,0.0,2.0,0.0,0.0,0.0,0.0,1.0,0.0,0.0,0.0,0.0,0.0,0.0,0.0,3.0,0.0,0.0,-4.653,8.655000000000001,7.325,601.0,-0.18490687705799486,0.27243975523017894,1.163374994628157,1.883425925925926,24.485081460065633,373.46129182234745,0.0,0.0,0.0,0.0,0.0,0.0,0.0,0.0,0.0,0.0,0.0,-2.2750008680658578,2.0,6.041930738600737,1.2582289662936306,0.0,4.99796910430839,0.0
0.0,0.0,0.0,0.0,0.0,0.0,0.0,2.0,0.0,0.0,0.0,0.0,1.0,0.0,0.0,0.0,0.0,0.0,0.0,0.0,3.0,0.0,0.0,-5.69,6.492999999999999,17.619,601.0,-0.2401751778764311,0.10894941477937162,1.1972256246621173,1.883425925925926,12.965578028838586,266.9832886002541,0.0,0.0,0.0,0.0,0.0,0.0,0.0,0.0,0.0,0.0,0.0,-2.2762381676354884,2.0,6.0419307386007395,1.2582289578740817,0.0,4.99796910430839,0.0
0.0,0.0,0.0,0.0,0.0,0.0,0.0,2.0,0.0,0.0,0.0,0.0,1.0,0.0,0.0,0.0,0.0,0.0,0.0,0.0,1.0,0.0,0.0,-4.213,9.682,2.963,601.0,-0.3827413560465493,0.30644695392960375,1.3096320604169134,1.761231103552532,12.338727669087403,346.02380375315033,0.0,0.0,0.0,0.0,0.0,0.0,0.0,0.0,0.0,0.0,0.0,-2.886157426813447,1.0,7.906455763949591,1.25218651714969,0.0,4.99796910430839,1.0
0.0,0.0,0.0,0.0,0.0,0.0,0.0,2.0,0.0,0.0,0.0,0.0,1.0,0.0,0.0,0.0,0.0,0.0,0.0,0.0,0.0,0.0,0.0,-3.002,9.981000000000002,2.194,519.0,-0.2808372268873969,0.09439746400040834,1.5929124087611137,2.584490740740741,18.75954929201341,587.2129638239223,0.0,0.0,0.0,0.0,0.0,0.0,0.0,0.0,0.0,0.0,0.0,-3.005398413798362,0.0,5.764965090068397,1.1303542732558782,0.0,4.99796910430839,0.0
0.0,0.0,0.0,0.0,0.0,0.0,0.0,2.0,0.0,0.0,0.0,0.0,1.0,0.0,0.0,0.0,0.0,0.0,0.0,0.0,2.0,0.0,0.0,-3.348,9.759,6.753,519.0,-0.09914186619522171,-0.10428063986977498,1.169813866314561,1.883425925925926,0.0,595.7523707600926,0.0,0.0,0.0,0.0,0.0,0.0,0.0,0.0,0.0,0.0,0.0,-3.0853604228813394,0.0,4.583373419712952,1.143245371160787,0.0,4.99796910430839,0.0
0.0,0.0,0.0,0.0,0.0,0.0,0.0,2.0,0.0,0.0,0.0,0.0,1.0,0.0,0.0,0.0,0.0,0.0,0.0,0.0,0.0,0.0,0.0,-2.715,10.253,4.793,557.0,-0.14074910961360082,0.11330640009806436,1.1884933152109414,2.4601100718065005,11.959746875309353,663.7696181927934,0.0,0.0,0.0,0.0,0.0,0.0,0.0,0.0,0.0,0.0,0.0,-2.8489403125781823,0.0,13.643934916105003,1.2512747902728727,0.0,4.99796910430839,0.0
0.0,0.0,0.0,0.0,0.0,0.0,0.0,2.0,0.0,0.0,0.0,0.0,1.0,0.0,0.0,0.0,0.0,0.0,0.0,0.0,2.0,0.0,0.0,-3.607,8.097000000000001,10.642,557.0,0.00021656765051131046,-0.04190504108628462,1.059391172481765,1.883425925925926,12.841643245852019,304.8037322708351,0.0,0.0,0.0,0.0,0.0,0.0,0.0,0.0,0.0,0.0,0.0,-3.099205033998735,0.0,11.196364482890482,1.1847638028583833,0.0,4.99796910430839,0.0
0.0,0.0,0.0,0.0,0.0,0.0,0.0,2.0,0.0,0.0,0.0,0.0,0.0,0.0,0.0,0.0,0.0,0.0,1.0,0.0,0.0,0.0,0.0,-4.398,7.329000000000001,12.251,729.0,0.18500790032357145,0.12144885115055441,0.8671709617508773,1.883425925925926,5.752853606746789,302.4472694545477,0.0,0.0,0.0,0.0,0.0,0.0,0.0,0.0,0.0,0.0,0.0,-2.285715173107284,0.0,-9.277452152939551,0.6249496727498648,0.0,4.99796910430839,0.0
0.0,0.0,0.0,0.0,0.0,0.0,0.0,2.0,0.0,0.0,0.0,0.0,0.0,0.0,0.0,0.0,0.0,0.0,1.0,0.0,0.0,0.0,0.0,-5.411,8.381,4.107,729.0,0.04682826534110853,-0.013556052112363343,1.0849127178884999,1.883425925925926,0.0,348.9382350463811,1.0,0.0,0.0,0.0,0.0,0.0,0.0,0.0,0.0,0.0,0.0,-2.3126296657234025,0.0,-3.6460147120285216,0.5768202469291716,0.0,4.99796910430839,0.0
1.0,0.0,0.0,0.0,0.0,0.0,0.0,2.0,0.0,0.0,0.0,0.0,0.0,0.0,0.0,0.0,0.0,0.0,0.0,0.0,1.0,0.0,0.0,-4.125,9.78,9.088,505.0,-0.4177577158367373,0.09885457385096674,1.3139170417450234,2.158564814814815,6.4208216229260096,418.44679406442185,0.0,0.0,0.0,0.0,0.0,0.0,0.0,0.0,0.0,0.0,0.0,-3.0208919999502495,0.0,-19.562066981870593,1.1502352040997665,0.0,4.99796910430839,0.0
1.0,0.0,0.0,0.0,0.0,0.0,0.0,2.0,0.0,0.0,0.0,0.0,0.0,0.0,0.0,0.0,0.0,0.0,0.0,0.0,2.0,0.0,0.0,-4.712,8.759,8.932,505.0,-0.24925468834395167,0.11298016199543708,0.985390642580303,1.883425925925926,13.08951281182515,376.63004173929716,0.0,0.0,0.0,0.0,0.0,0.0,0.0,0.0,0.0,0.0,0.0,-2.616020529755188,0.0,-17.27187058188332,1.1687604450648597,0.0,4.99796910430839,0.0
1.0,0.0,0.0,0.0,0.0,0.0,0.0,2.0,0.0,0.0,0.0,0.0,0.0,0.0,0.0,0.0,0.0,0.0,0.0,0.0,1.0,0.0,0.0,-4.447,9.111999999999998,9.087,505.0,-0.267933195448927,0.20343426147445773,1.0551687162386905,1.8183333333333334,6.544756405912575,325.90611222572284,0.0,0.0,0.0,0.0,0.0,0.0,0.0,0.0,0.0,0.0,0.0,-2.9735854266028223,0.0,-16.972421346511204,1.1679780328875495,0.0,4.99796910430839,1.0
0.0,0.0,0.0,1.0,0.0,0.0,0.0,4.0,0.0,0.0,0.0,0.0,0.0,0.0,0.0,0.0,0.0,0.0,0.0,0.0,0.0,0.0,0.0,-2.97,11.452,2.804,571.0,0.15187701354282762,0.2057515548528332,0.8311267213637707,1.883425925925926,25.428240480912553,446.22760343724326,0.0,0.0,0.0,0.0,0.0,0.0,0.0,0.0,0.0,0.0,0.0,-2.3273874595813777,0.0,13.037974535119377,1.1874769812230506,0.0,4.99796910430839,0.0
0.0,0.0,0.0,1.0,0.0,0.0,0.0,4.0,0.0,0.0,0.0,0.0,0.0,0.0,0.0,0.0,0.0,0.0,0.0,0.0,1.0,0.0,0.0,-3.046,11.379,3.038,571.0,0.17030640966152025,-0.00760408027795249,0.9107285978508112,1.883425925925926,18.75954929201341,288.65368865128767,0.0,0.0,0.0,0.0,0.0,0.0,0.0,0.0,0.0,0.0,0.0,-3.134774508897969,0.0,9.248824084922584,1.1693769586222291,0.0,4.99796910430839,0.0
0.0,0.0,0.0,0.0,0.0,0.0,0.0,5.0,0.0,0.0,0.0,0.0,0.0,0.0,1.0,0.0,1.0,0.0,0.0,0.0,0.0,0.0,0.0,-2.821,11.681,1.461,535.0,-0.03135256811839014,0.2595613749218839,0.801492910121074,1.883425925925926,25.428240480912557,521.0149142920025,0.0,0.0,0.0,0.0,0.0,0.0,0.0,0.0,0.0,0.0,0.0,-2.373951669046903,0.0,-23.091407794283377,1.2597926390578895,0.0,4.99796910430839,0.0
0.0,0.0,0.0,0.0,0.0,0.0,0.0,5.0,0.0,0.0,0.0,0.0,0.0,0.0,1.0,0.0,1.0,0.0,0.0,0.0,1.0,0.0,0.0,-3.484,9.736,7.67,535.0,-0.038441449524761806,0.064135801169912,0.9753910873833678,1.883425925925926,0.0,456.18434086074876,0.0,0.0,0.0,0.0,0.0,0.0,0.0,0.0,0.0,0.0,0.0,-3.173597689438678,0.0,-23.091407794283377,1.1620538050653542,0.0,4.99796910430839,0.0
0.0,0.0,0.0,0.0,0.0,0.0,0.0,3.0,0.0,0.0,0.0,1.0,0.0,0.0,0.0,0.0,0.0,0.0,0.0,0.0,2.0,0.0,0.0,-5.784,6.672,8.354,707.0,0.02637670088649712,-0.09919564315541604,0.5913127122797133,1.883425925925926,16.101473445030003,266.6934888025319,0.0,1.0,0.0,0.0,0.0,0.0,0.0,0.0,0.0,0.0,0.0,-2.0705353937277877,2.0,-6.550476497711507,0.6221901461263404,0.0,4.99796910430839,0.0
0.0,0.0,0.0,0.0,0.0,0.0,0.0,3.0,0.0,0.0,0.0,1.0,0.0,0.0,0.0,0.0,0.0,0.0,0.0,0.0,2.0,0.0,0.0,-5.62,6.694999999999999,9.749,707.0,0.08487300362889803,0.2039989909381975,0.6756108583950896,1.883425925925926,5.249938029982174,350.8361913355957,0.0,1.0,0.0,0.0,0.0,0.0,0.0,0.0,0.0,0.0,0.0,-2.0538804615560426,2.0,-6.550476497711536,0.6221901683505406,0.0,4.99796910430839,0.0
0.0,0.0,0.0,0.0,0.0,0.0,0.0,3.0,0.0,0.0,0.0,1.0,0.0,0.0,0.0,0.0,0.0,0.0,0.0,0.0,1.0,0.0,0.0,-5.944,8.084,9.019,707.0,-0.18611810549045357,0.07521442853166378,1.10880783599378,1.883425925925926,5.917906046161393,264.7431535657695,1.0,1.0,0.0,0.0,0.0,0.0,0.0,0.0,0.0,0.0,0.0,-2.1351619046639474,1.0,0.21151055223466353,0.5743709712840444,0.0,4.99796910430839,0.0
1.0,0.0,0.0,0.0,0.0,0.0,0.0,2.0,0.0,0.0,0.0,0.0,0.0,0.0,0.0,0.0,0.0,0.0,0.0,0.0,1.0,0.0,0.0,-4.496,9.113,2.427,597.0,0.32707698871333163,0.07514037546905913,0.6696742681896466,1.883425925925926,12.462662452073971,505.65955974331496,0.0,0.0,0.0,0.0,0.0,0.0,0.0,0.0,0.0,0.0,0.0,-2.409382360763626,0.0,-13.090848740147777,1.1962847966206824,0.0,4.203464427437642,0.0
1.0,0.0,0.0,0.0,0.0,0.0,0.0,2.0,0.0,0.0,0.0,0.0,0.0,0.0,0.0,0.0,0.0,0.0,0.0,0.0,1.0,0.0,0.0,-4.417,9.809,3.038,597.0,0.016797789646237182,-0.07913144494368131,0.8218840822749878,1.883425925925926,12.648722793660879,494.0967238586088,0.0,0.0,0.0,0.0,0.0,0.0,0.0,0.0,0.0,0.0,0.0,-2.416206842197285,0.0,-13.856143538994745,1.1962974005095264,0.0,4.99796910430839,0.0
1.0,0.0,0.0,0.0,0.0,0.0,0.0,2.0,0.0,0.0,0.0,0.0,0.0,0.0,0.0,0.0,0.0,0.0,0.0,0.0,1.0,0.0,0.0,-4.618,8.767999999999999,8.926,597.0,0.5974159357168304,0.06593466596510345,0.6073055213343564,1.883425925925926,12.648722793660879,403.37235860657506,0.0,0.0,0.0,0.0,0.0,0.0,0.0,0.0,0.0,0.0,0.0,-2.52457660899122,0.0,-12.12967691194278,1.1962974556592958,0.0,4.437839427437642,0.0
1.0,0.0,0.0,0.0,0.0,0.0,0.0,2.0,0.0,0.0,0.0,0.0,0.0,0.0,0.0,0.0,0.0,0.0,0.0,0.0,1.0,0.0,0.0,-4.117,9.981000000000002,1.902,597.0,0.25433979993558103,0.05398065747201071,0.8522668982972337,1.883425925925926,12.648722793660879,612.7258458025296,0.0,0.0,0.0,0.0,0.0,0.0,0.0,0.0,0.0,0.0,0.0,-2.411790593041888,0.0,-14.041742205807054,1.196296833870935,0.0,4.250339427437642,0.0
1.0,0.0,0.0,0.0,0.0,0.0,0.0,2.0,0.0,0.0,0.0,0.0,0.0,0.0,0.0,0.0,0.0,0.0,0.0,0.0,0.0,0.0,0.0,-4.191,9.869,2.841,597.0,0.04449289768894535,0.08304073710037406,0.9754061205367172,1.5771296296296295,18.94560963360032,383.71699543609293,0.0,0.0,0.0,0.0,0.0,0.0,0.0,0.0,0.0,0.0,0.0,-2.949834906234953,0.0,-9.931232170145286,1.1830268640175345,0.0,4.219089427437642,1.0
0.0,0.0,0.0,0.0,0.0,0.0,0.0,3.0,0.0,0.0,0.0,0.0,0.0,0.0,0.0,0.0,0.0,0.0,0.0,0.0,1.0,0.0,0.0,-5.312,8.84,1.191,489.0,0.012144188664807634,0.107067203241309,1.0911026995942275,1.883425925925926,17.54772460632,218.8564272562469,0.0,0.0,0.0,0.0,0.0,0.0,0.0,0.0,0.0,0.0,0.0,-2.1289238731788016,1.0,2.1986988858853573,1.2702480956662205,0.0,4.99796910430839,0.0
0.0,0.0,0.0,0.0,0.0,0.0,0.0,3.0,0.0,0.0,0.0,0.0,0.0,0.0,0.0,0.0,0.0,0.0,0.0,0.0,0.0,0.0,0.0,-6.135,8.224,7.294,489.0,0.06629691213919663,0.22116375222213988,1.0135893691271811,1.883425925925926,24.377960257849157,207.85530730561402,0.0,0.0,0.0,0.0,0.0,0.0,0.0,0.0,0.0,0.0,0.0,-1.9581796026723903,0.0,-0.9165815051311776,1.2716884454314095,0.0,4.99796910430839,0.0
1.0,0.0,0.0,0.0,0.0,0.0,0.0,0.0,0.0,0.0,0.0,0.0,0.0,0.0,0.0,0.0,1.0,0.0,0.0,0.0,1.0,0.0,0.0,-5.258,8.773,3.892,603.0,-0.3580693153844975,0.3008313678800473,0.8910336677246842,1.883425925925926,0.0,398.56613020350255,0.0,0.0,0.0,0.0,0.0,0.0,0.0,0.0,0.0,0.0,0.0,-2.4754254786343126,0.0,-9.192503739716624,1.1858912862134718,0.0,4.99796910430839,1.0
1.0,0.0,0.0,0.0,0.0,0.0,0.0,0.0,0.0,0.0,0.0,0.0,0.0,0.0,0.0,0.0,1.0,0.0,0.0,0.0,0.0,0.0,0.0,-4.57,9.957,1.931,603.0,-0.4581202489746197,0.47690743548384207,0.9007334912645448,0.9890277777777776,0.0,398.25300022255243,0.0,0.0,0.0,0.0,0.0,0.0,0.0,0.0,0.0,0.0,0.0,-2.8917012754058073,0.0,-8.911440236772501,1.1852266421574855,0.0,4.99796910430839,3.0
1.0,0.0,0.0,0.0,0.0,0.0,0.0,0.0,0.0,0.0,0.0,0.0,0.0,0.0,0.0,0.0,1.0,0.0,0.0,0.0,1.0,0.0,0.0,-4.745,9.735,8.101,603.0,-0.13849391721071627,0.3637393920681501,0.8694688775677518,1.883425925925926,0.0,377.92006684499916,0.0,0.0,0.0,0.0,0.0,0.0,0.0,0.0,0.0,0.0,0.0,-2.478466401218289,0.0,-12.301228787184895,1.1860499791531753,0.0,4.99796910430839,1.0
1.0,0.0,0.0,0.0,0.0,0.0,0.0,0.0,0.0,0.0,0.0,0.0,0.0,0.0,0.0,0.0,1.0,0.0,0.0,0.0,1.0,0.0,0.0,-4.96,9.335,6.978,603.0,-0.552764072255413,0.4786192093331598,0.984167816299042,1.883425925925926,0.0,337.6905074430448,0.0,0.0,0.0,0.0,0.0,0.0,0.0,0.0,0.0,0.0,0.0,-2.6299152779256088,0.0,-12.215716147338757,1.186052043131964,0.0,4.99796910430839,0.0
1.0,0.0,0.0,0.0,0.0,0.0,0.0,0.0,0.0,0.0,0.0,0.0,0.0,0.0,0.0,0.0,1.0,0.0,0.0,0.0,1.0,0.0,0.0,-5.267,8.908000000000001,8.5,603.0,-0.4453737947033026,0.31115716167811786,0.9682632398918407,1.883425925925926,0.0,355.68709435905936,0.0,0.0,0.0,0.0,0.0,0.0,0.0,0.0,0.0,0.0,0.0,-2.475407393802639,0.0,-12.215716147338792,1.1860521432154434,0.0,4.99796910430839,1.0
1.0,0.0,0.0,0.0,0.0,0.0,0.0,0.0,0.0,0.0,0.0,0.0,0.0,0.0,0.0,0.0,1.0,0.0,0.0,0.0,2.0,0.0,0.0,-4.916,9.702,3.67,603.0,-0.7666994191110641,0.37546396415025973,1.1577681810294895,1.883425925925926,13.847474399381248,386.9639318187721,0.0,0.0,0.0,0.0,0.0,0.0,0.0,0.0,0.0,0.0,0.0,-3.2051083865256262,0.0,-9.69029556214784,1.1366118008626065,0.0,4.99796910430839,1.0
0.0,0.0,0.0,0.0,0.0,0.0,0.0,0.0,0.0,0.0,0.0,0.0,0.0,0.0,1.0,0.0,0.0,0.0,0.0,0.0,1.0,0.0,0.0,-4.617,8.204,5.42,751.0,-0.498544988847172,0.4034416739142218,1.2580066493987576,1.4652777777777777,12.965578028838586,323.8446057897405,0.0,0.0,0.0,0.0,0.0,0.0,0.0,0.0,0.0,0.0,24.490277777777777,-2.9520286283420893,0.0,-2.8729900869326537,0.2954901332362121,1.0,4.99796910430839,0.0
0.0,0.0,0.0,0.0,0.0,0.0,0.0,0.0,0.0,0.0,0.0,0.0,0.0,0.0,1.0,0.0,0.0,0.0,0.0,0.0,1.0,0.0,0.0,-3.447,9.91,9.894,751.0,-0.33658738640749164,0.29245328441544005,1.1126143747795458,2.176435185185185,6.4208216229260096,329.15883902512155,0.0,0.0,0.0,0.0,0.0,0.0,0.0,0.0,0.0,0.0,24.490277777777777,-2.935352588200013,0.0,-7.455127003209135,0.2992574115469459,1.0,4.99796910430839,0.0
0.0,0.0,0.0,0.0,0.0,0.0,0.0,0.0,0.0,0.0,0.0,0.0,0.0,0.0,1.0,0.0,0.0,0.0,0.0,0.0,2.0,0.0,0.0,-4.747,7.554,4.888,751.0,-0.11135229597820517,0.26557276102823313,0.813473260769372,1.883425925925926,11.580766081531305,345.12856559332204,0.0,0.0,0.0,0.0,0.0,0.0,0.0,0.0,0.0,0.0,24.490277777777777,-2.497797031762283,0.0,-7.9601541593076925,0.29648677938514617,0.0,4.99796910430839,0.0
1.0,0.0,0.0,0.0,0.0,0.0,0.0,0.0,0.0,0.0,0.0,0.0,0.0,0.0,0.0,0.0,0.0,0.0,0.0,0.0,0.0,0.0,0.0,-3.486,10.386,1.15,493.0,-0.30116086319259666,0.09189305592053808,1.4236023965581477,2.553240740740741,19.26246486877803,257.6782443966687,0.0,0.0,0.0,0.0,1.0,0.0,0.0,0.0,0.0,0.0,5.499229261148904,-2.9764579880702153,0.0,8.364478859485207,1.171366552333658,0.0,5.530479261148904,0.0
1.0,0.0,0.0,0.0,0.0,0.0,0.0,0.0,0.0,0.0,0.0,0.0,0.0,0.0,0.0,0.0,0.0,0.0,0.0,0.0,1.0,0.0,0.0,-5.095,7.715000000000001,10.312,493.0,-0.19755703528217883,0.013703720295347919,1.0466125339523233,1.883425925925926,19.386399651764595,251.01314680084477,0.0,0.0,0.0,0.0,1.0,0.0,0.0,0.0,0.0,0.0,5.499229261148904,-2.4772251989775453,0.0,5.9087517039209745,1.19187927605298,0.0,4.99796910430839,0.0
0.0,0.0,0.0,0.0,0.0,0.0,0.0,0.0,0.0,0.0,0.0,0.0,0.0,0.0,0.0,1.0,0.0,0.0,0.0,0.0,1.0,0.0,0.0,-5.369,8.331,4.463,693.0,-0.26041756084675133,0.1398763932712939,1.3794874563523207,1.883425925925926,0.0,425.63140788563885,0.0,0.0,0.0,0.0,0.0,0.0,0.0,0.0,0.0,0.0,0.0,-2.2471824797278077,1.0,-12.643760803975706,0.6099536010120797,0.0,4.99796910430839,0.0
0.0,0.0,0.0,0.0,0.0,0.0,0.0,0.0,0.0,0.0,0.0,0.0,0.0,0.0,0.0,1.0,0.0,0.0,0.0,0.0,0.0,0.0,0.0,-4.139,8.547999999999998,13.579,693.0,-0.2166369161383276,0.3078139699708653,0.9465476343297151,1.883425925925926,11.297968816627307,257.59281163739615,0.0,0.0,0.0,0.0,0.0,0.0,0.0,0.0,0.0,0.0,0.0,-2.4717855497396197,0.0,-18.08740873724307,0.6100572578664019,0.0,4.99796910430839,0.0
0.0,0.0,0.0,0.0,0.0,0.0,0.0,0.0,0.0,0.0,0.0,0.0,0.0,0.0,0.0,0.0,0.0,0.0,0.0,0.0,0.0,0.0,0.0,-3.509,8.278,7.425,567.0,0.11788115101958664,0.14338546290722806,1.1321547033001722,2.428425925925926,0.0,397.62368109319596,0.0,0.0,0.0,0.0,0.0,0.0,0.0,0.0,0.0,0.0,5.492581727135299,-2.8975551650848543,0.0,-9.985933875462548,1.2179046081134095,0.0,4.99796910430839,0.0
1.0,0.0,0.0,0.0,0.0,0.0,0.0,1.0,0.0,0.0,0.0,0.0,0.0,0.0,0.0,0.0,0.0,0.0,0.0,0.0,0.0,0.0,0.0,-3.284,10.243,4.23,535.0,-0.426788903119117,0.07540496813535338,1.6900500674027323,2.423611111111111,7.109797541277533,476.1083403980165,0.0,0.0,0.0,0.0,0.0,0.0,0.0,0.0,1.0,0.0,5.463863378684808,-2.9253567867607946,0.0,18.811081583158614,1.1662311233134754,0.0,5.495113378684807,0.0
1.0,0.0,0.0,0.0,0.0,0.0,0.0,1.0,0.0,0.0,0.0,0.0,0.0,0.0,0.0,0.0,0.0,0.0,0.0,0.0,1.0,0.0,0.0,-3.378,10.731,2.268,535.0,-0.2359175380928899,0.0023979039010738434,1.4174792671098695,1.883425925925926,19.386399651764595,435.77930035992995,0.0,0.0,0.0,0.0,0.0,0.0,0.0,0.0,1.0,0.0,5.463863378684808,-2.4440469713121735,0.0,17.070140972908455,1.166382553066179,0.0,4.99796910430839,0.0
0.0,0.0,0.0,0.0,0.0,0.0,0.0,0.0,0.0,0.0,0.0,0.0,0.0,0.0,0.0,0.0,0.0,0.0,0.0,0.0,0.0,0.0,0.0,-4.948,6.856,7.338,581.0,-0.03947052213862713,0.32404583757059413,0.9892668202298882,1.7734722222222221,19.041598135672466,753.1668474677778,0.0,0.0,0.0,0.0,0.0,0.0,0.0,0.0,0.0,0.0,0.0,-2.8736528552543543,0.0,-13.692298022885184,1.3315820103077154,0.0,4.99796910430839,1.0
0.0,0.0,0.0,0.0,0.0,0.0,0.0,0.0,0.0,0.0,0.0,0.0,0.0,0.0,0.0,0.0,0.0,0.0,0.0,0.0,2.0,0.0,0.0,-3.328,9.518,11.641,581.0,0.16852790829584335,0.03367846871497517,0.7784448803600691,1.883425925925926,12.965578028838586,290.0347104952564,0.0,0.0,0.0,0.0,0.0,0.0,0.0,0.0,0.0,0.0,0.0,-3.052917404330945,0.0,-13.016010122932284,1.2516322186607234,0.0,4.99796910430839,0.0
0.0,0.0,0.0,0.0,0.0,0.0,0.0,0.0,0.0,0.0,0.0,0.0,0.0,0.0,0.0,0.0,0.0,0.0,0.0,0.0,1.0,0.0,0.0,-4.921,7.134999999999999,3.433,581.0,0.10911832891275002,0.21452636028594113,0.8712037182410487,1.883425925925926,6.544756405912575,284.7461349516939,0.0,0.0,0.0,0.0,0.0,0.0,0.0,0.0,0.0,0.0,0.0,-2.2527691404565298,0.0,-15.800682912550055,1.352637302969699,0.0,4.99796910430839,0.0
0.0,0.0,0.0,0.0,0.0,0.0,0.0,0.0,0.0,0.0,0.0,0.0,0.0,0.0,0.0,0.0,0.0,0.0,0.0,0.0,0.0,0.0,0.0,-4.357,10.194,4.291,567.0,-0.2520525624382328,0.35533730277734804,1.5500599076252206,2.0304166666666665,11.83581209232279,440.9031799203241,0.0,0.0,0.0,0.0,0.0,0.0,0.0,0.0,0.0,0.0,0.0,-2.9195238213476458,0.0,1.0818990953202494,1.1499423106254791,0.0,4.99796910430839,1.0
0.0,0.0,0.0,0.0,0.0,0.0,0.0,0.0,0.0,0.0,0.0,0.0,0.0,0.0,0.0,0.0,0.0,0.0,0.0,0.0,1.0,0.0,0.0,-4.7,9.823,3.208,567.0,-0.08340288322159375,0.20991662305581368,1.2160661779769815,1.883425925925926,6.041840829147961,510.45754952616596,0.0,0.0,0.0,0.0,0.0,0.0,0.0,0.0,0.0,0.0,0.0,-2.35226864462601,0.0,-4.138954392299134,1.1538138604874206,0.0,4.99796910430839,0.0
1.0,0.0,0.0,0.0,0.0,0.0,0.0,0.0,0.0,0.0,0.0,0.0,0.0,0.0,0.0,0.0,0.0,1.0,0.0,0.0,0.0,0.0,0.0,-3.741,9.88,6.888,533.0,-0.21741806737940794,0.04919917545616325,1.2702195629042525,2.4711763038548753,6.4208216229260096,237.4301170955673,0.0,0.0,0.0,0.0,0.0,0.0,0.0,0.0,0.0,0.0,5.2901728972886986,-2.8996187420589594,0.0,-1.4293348871178813,1.2170994235787542,0.0,5.3214228972886986,0.0
1.0,0.0,0.0,0.0,0.0,0.0,0.0,0.0,0.0,0.0,0.0,0.0,0.0,0.0,0.0,0.0,0.0,1.0,0.0,0.0,1.0,0.0,0.0,-5.498,7.338999999999999,17.967,533.0,-0.1367019264288926,-0.03098826274134956,0.8553046214298848,1.883425925925926,6.4208216229260096,217.2201690560246,0.0,0.0,0.0,0.0,0.0,0.0,0.0,0.0,0.0,0.0,5.2901728972886986,-2.2973801378736916,0.0,-2.773245041056846,1.2413013724332709,0.0,4.99796910430839,0.0
0.0,0.0,0.0,0.0,0.0,0.0,0.0,0.0,0.0,0.0,0.0,0.0,0.0,0.0,0.0,0.0,0.0,0.0,0.0,0.0,1.0,0.0,0.0,-3.475,10.615,6.851,407.0,-0.13428318811325698,-0.1085195331157659,1.0038753179352824,1.883425925925926,6.544756405912575,232.4155580518643,0.0,0.0,0.0,0.0,0.0,0.0,0.0,1.0,0.0,0.0,0.0,-3.092543507453453,0.0,-2.4151948732079083,1.2308790272940213,0.0,4.99796910430839,0.0
0.0,0.0,0.0,0.0,0.0,0.0,0.0,0.0,0.0,0.0,0.0,0.0,0.0,0.0,0.0,0.0,0.0,0.0,0.0,0.0,0.0,0.0,0.0,-3.972,8.533000000000001,16.026,407.0,-0.22204929440349294,0.27412486329042174,0.822770697479222,1.883425925925926,6.544756405912575,166.59074251638344,0.0,0.0,0.0,0.0,0.0,0.0,0.0,1.0,0.0,0.0,0.0,-2.5405755970760384,0.0,-4.569503356574313,1.3335807492015843,0.0,4.99796910430839,0.0
0.0,0.0,0.0,0.0,0.0,0.0,0.0,1.0,0.0,0.0,0.0,0.0,0.0,0.0,0.0,0.0,1.0,0.0,0.0,0.0,1.0,0.0,0.0,-3.817,10.158,4.599,497.0,0.1758237705052671,-0.05440243402636486,0.7677187771583771,1.883425925925926,6.4208216229260096,382.060554400593,0.0,0.0,0.0,0.0,0.0,0.0,0.0,1.0,0.0,0.0,0.0,-3.08643434257833,0.0,6.061454601169384,1.2274298300352873,0.0,4.99796910430839,0.0
0.0,0.0,0.0,0.0,0.0,0.0,0.0,1.0,0.0,0.0,0.0,0.0,0.0,0.0,0.0,0.0,1.0,0.0,0.0,0.0,0.0,0.0,0.0,-3.288,10.903,4.7,497.0,0.1484638717503142,0.19892723171593482,0.8450836134618536,1.883425925925926,19.88931522852921,291.60419235109566,0.0,0.0,0.0,0.0,0.0,0.0,0.0,1.0,0.0,0.0,0.0,-2.2300936110794534,0.0,8.380998453266043,1.2614944263029417,0.0,4.99796910430839,0.0
1.0,0.0,0.0,0.0,1.0,0.0,0.0,0.0,0.0,0.0,0.0,0.0,0.0,0.0,0.0,0.0,0.0,0.0,0.0,0.0,2.0,0.0,0.0,-5.783,7.656999999999999,11.042,601.0,0.18036506885898765,-0.04912300834757225,1.1475273884911459,1.883425925925926,11.643438214213614,266.90018717614,0.0,0.0,0.0,0.0,0.0,0.0,1.0,0.0,0.0,0.0,1.4674147297808011,-2.2863182742972197,1.0,2.3492389234952595,1.3349236502761526,0.0,4.99796910430839,0.0
1.0,0.0,0.0,0.0,1.0,0.0,0.0,0.0,0.0,0.0,0.0,0.0,0.0,0.0,0.0,0.0,0.0,0.0,0.0,0.0,0.0,0.0,0.0,-5.543,9.067,8.172,601.0,-0.09314166397169532,0.20659354140035704,1.2545866920463835,1.7166203703703704,7.04767198267719,415.5401185641915,0.0,0.0,0.0,0.0,0.0,0.0,1.0,0.0,0.0,0.0,1.4674147297808011,-2.8784467240738154,0.0,1.8068538473632052,1.3227154382958795,0.0,4.99796910430839,1.0
1.0,0.0,0.0,0.0,1.0,0.0,0.0,0.0,0.0,0.0,0.0,0.0,0.0,0.0,0.0,0.0,0.0,0.0,0.0,0.0,2.0,0.0,0.0,-5.49,7.897,11.479,601.0,0.119774433961148,0.0688535949071285,1.1138703266284529,1.883425925925926,6.544756405912575,317.92519920590576,0.0,0.0,0.0,0.0,0.0,0.0,1.0,0.0,0.0,0.0,1.4674147297808011,-2.259924926124987,1.0,3.2815014361696866,1.3349236518483911,0.0,4.99796910430839,0.0
1.0,0.0,0.0,0.0,1.0,0.0,0.0,0.0,0.0,0.0,0.0,0.0,0.0,0.0,0.0,0.0,0.0,0.0,0.0,0.0,1.0,0.0,0.0,-5.502,8.828,5.728,601.0,0.05016189278647901,0.12684831987693956,1.0959816299591894,1.883425925925926,13.592428388589765,454.6294453767739,0.0,0.0,0.0,0.0,0.0,0.0,1.0,0.0,0.0,0.0,1.4674147297808011,-2.2709728391716344,0.0,1.8068538473632056,1.334923123876277,0.0,4.99796910430839,0.0
0.0,0.0,0.0,0.0,0.0,0.0,0.0,0.0,0.0,0.0,0.0,0.0,0.0,0.0,0.0,0.0,0.0,0.0,0.0,0.0,0.0,0.0,0.0,-3.89,9.723,0.477,539.0,-0.011894714761099157,0.035400265909867314,1.09339648002814,2.2913425925925925,7.04767198267719,204.56625427297968,0.0,0.0,0.0,0.0,0.0,0.0,0.0,0.0,0.0,0.0,0.0,-2.8217456659174323,0.0,-10.875151667120122,1.3174420204513286,0.0,4.99796910430839,0.0
0.0,0.0,0.0,0.0,0.0,0.0,0.0,0.0,0.0,0.0,0.0,0.0,0.0,0.0,0.0,0.0,0.0,0.0,0.0,0.0,2.0,0.0,0.0,-5.468,7.471999999999999,6.936,539.0,-0.003357689306090164,-0.09839769546530774,1.2600974085281642,1.883425925925926,5.098681808301038,398.88248128686587,0.0,0.0,0.0,0.0,0.0,0.0,0.0,0.0,0.0,0.0,0.0,-2.2379825461573386,1.0,-13.056059967907972,1.3348767690139582,0.0,4.99796910430839,0.0
0.0,0.0,0.0,0.0,0.0,0.0,0.0,0.0,0.0,0.0,0.0,0.0,0.0,0.0,0.0,0.0,0.0,0.0,0.0,0.0,2.0,0.0,0.0,-5.38,7.314000000000001,9.149,539.0,0.14393892443710837,-0.15127142410721986,0.9100339475330801,1.883425925925926,5.098681808301038,223.23166266999306,0.0,0.0,0.0,0.0,0.0,0.0,0.0,0.0,0.0,0.0,0.0,-2.1467124900777286,1.0,-10.993796765047932,1.3348785534722112,0.0,4.99796910430839,0.0
1.0,0.0,0.0,0.0,0.0,0.0,0.0,1.0,0.0,0.0,0.0,0.0,0.0,0.0,0.0,0.0,0.0,0.0,0.0,0.0,1.0,0.0,0.0,-5.463,8.116,11.986,605.0,0.10136901866034684,0.32241449642925196,0.962770489217334,1.883425925925926,6.041840829147961,379.58246652094476,0.0,0.0,0.0,0.0,0.0,0.0,0.0,0.0,0.0,0.0,0.0,-2.383912433679802,0.0,-4.557903647506451,1.2527042566852429,0.0,4.99796910430839,0.0
1.0,0.0,0.0,0.0,0.0,0.0,0.0,1.0,0.0,0.0,0.0,0.0,0.0,0.0,0.0,0.0,0.0,0.0,0.0,0.0,2.0,0.0,0.0,-4.933,9.13,6.047,605.0,0.03396243143865665,0.4852348232317648,1.0257352143351535,1.883425925925926,6.4208216229260096,481.6169496516877,0.0,0.0,0.0,0.0,0.0,0.0,0.0,0.0,0.0,0.0,0.0,-3.1815971675797323,0.0,-3.8960343274739744,1.18666661478815,0.0,4.99796910430839,0.0
1.0,0.0,0.0,0.0,0.0,0.0,0.0,1.0,0.0,0.0,0.0,0.0,0.0,0.0,0.0,0.0,0.0,0.0,0.0,0.0,0.0,0.0,0.0,-4.959,8.489,13.143,605.0,-0.09897728445966135,0.5259705678096567,0.911521441339206,1.4708869520030234,6.041840829147961,358.13613675801116,0.0,0.0,0.0,0.0,0.0,0.0,0.0,0.0,0.0,0.0,0.0,-2.8545911098659347,0.0,-5.417308243079623,1.2526938070768356,0.0,4.99796910430839,1.0
1.0,0.0,0.0,0.0,0.0,0.0,0.0,1.0,0.0,0.0,0.0,0.0,0.0,0.0,0.0,0.0,0.0,0.0,0.0,0.0,1.0,0.0,0.0,-5.039,8.724,10.208,605.0,0.3820031072672006,0.3841575103481798,0.7883769657592726,1.883425925925926,6.041840829147961,546.1208656662303,0.0,0.0,0.0,0.0,0.0,0.0,0.0,0.0,0.0,0.0,0.0,-2.3934148853164654,0.0,-4.134579834197376,1.2527050606167385,0.0,4.99796910430839,0.0
0.0,0.0,0.0,0.0,0.0,0.0,0.0,0.0,0.0,0.0,0.0,0.0,0.0,0.0,0.0,0.0,0.0,0.0,0.0,0.0,0.0,0.0,0.0,-4.51,9.662,4.534,605.0,0.5585647597803964,0.267776150404924,1.1077631003208748,1.64625,0.0,457.14923173054603,0.0,0.0,0.0,1.0,0.0,0.0,0.0,0.0,0.0,0.0,0.0,-2.921460744796931,0.0,16.90843099257232,1.1441386008003491,0.0,4.99796910430839,2.0
0.0,0.0,0.0,0.0,0.0,0.0,0.0,0.0,0.0,0.0,0.0,0.0,0.0,0.0,0.0,0.0,0.0,0.0,0.0,0.0,1.0,0.0,0.0,-4.608,9.036,6.715,605.0,0.6376073815701627,0.3916068666384916,0.9533153928874815,1.883425925925926,6.544756405912575,389.59321110307724,0.0,0.0,0.0,1.0,0.0,0.0,0.0,0.0,0.0,0.0,0.0,-2.6980424624749135,0.0,17.159733468250675,1.1445379307107435,0.0,4.99796910430839,0.0
0.0,0.0,0.0,0.0,0.0,0.0,0.0,0.0,0.0,0.0,0.0,0.0,0.0,0.0,0.0,0.0,0.0,0.0,0.0,0.0,1.0,0.0,0.0,-4.641,9.657,5.672,605.0,0.7782272907733615,0.19356131855125353,1.0288011794566458,1.883425925925926,6.544756405912575,435.2219166590114,0.0,0.0,0.0,1.0,0.0,0.0,0.0,0.0,0.0,0.0,0.0,-2.537204049513766,0.0,16.908430992572374,1.1447045249942214,0.0,4.99796910430839,1.0
0.0,0.0,0.0,0.0,0.0,0.0,0.0,0.0,0.0,0.0,0.0,0.0,0.0,0.0,0.0,0.0,0.0,0.0,0.0,0.0,1.0,0.0,0.0,-4.376,10.059,5.571,605.0,0.8692135099939432,0.20511447611547784,0.9705994069110064,1.883425925925926,6.544756405912575,387.3998247201928,0.0,0.0,0.0,1.0,0.0,0.0,0.0,0.0,0.0,0.0,0.0,-2.536872642784799,0.0,17.159733468250675,1.1447059440157086,0.0,4.99796910430839,1.0
0.0,0.0,0.0,0.0,0.0,0.0,0.0,0.0,0.0,0.0,0.0,0.0,0.0,0.0,0.0,0.0,0.0,0.0,0.0,0.0,0.0,0.0,0.0,-4.382,9.41,3.502,753.0,-0.1521238354085472,0.1748960014205888,1.0553277501029972,1.883425925925926,20.13718479450234,398.1542445096202,0.0,0.0,0.0,0.0,0.0,0.0,0.0,0.0,0.0,0.0,24.021527777777777,-2.3284644843610027,0.0,-4.581347896359411,0.2939197712587678,0.0,4.99796910430839,0.0
0.0,0.0,0.0,0.0,0.0,0.0,0.0,0.0,0.0,0.0,0.0,0.0,0.0,0.0,0.0,0.0,0.0,0.0,0.0,0.0,0.0,0.0,0.0,-3.176,10.191,9.195,753.0,-0.22799394502860054,0.32956827623816815,0.9768982636149098,1.883425925925926,7.04767198267719,362.647953506956,0.0,0.0,0.0,0.0,0.0,0.0,0.0,0.0,0.0,0.0,24.021527777777777,-2.547563692190222,0.0,-7.375952311600656,0.29667564249676465,1.0,4.99796910430839,0.0
0.0,0.0,0.0,0.0,0.0,0.0,0.0,0.0,0.0,0.0,0.0,0.0,0.0,0.0,0.0,0.0,0.0,0.0,0.0,0.0,1.0,0.0,0.0,-4.805,8.192,3.51,753.0,-0.30002303311227435,0.17534703391581452,1.2640543240701716,1.883425925925926,6.544756405912575,434.8962357064804,0.0,0.0,0.0,0.0,0.0,0.0,0.0,0.0,0.0,0.0,24.021527777777777,-3.1150309842413684,0.0,-4.549994051207545,0.29289848650946354,1.0,4.99796910430839,0.0
1.0,0.0,0.0,0.0,0.0,0.0,0.0,2.0,0.0,0.0,0.0,0.0,0.0,0.0,0.0,0.0,0.0,0.0,0.0,0.0,0.0,0.0,0.0,-4.179,9.608,3.556,545.0,-0.35093242547130754,0.11896229443336587,1.1837853982960764,1.883425925925926,13.08951281182515,426.5131047161003,0.0,0.0,0.0,0.0,0.0,0.0,0.0,0.0,0.0,0.0,0.0,-2.4389624142355983,0.0,-9.129228925572777,1.2528178618302024,0.0,4.99796910430839,0.0
1.0,0.0,0.0,0.0,0.0,0.0,0.0,2.0,0.0,0.0,0.0,0.0,0.0,0.0,0.0,0.0,0.0,0.0,0.0,0.0,0.0,0.0,0.0,-3.601,9.562,13.92,545.0,-0.6017263977654183,0.2624283775176794,1.3728275896519988,1.883425925925926,13.08951281182515,358.6366001484139,0.0,0.0,0.0,0.0,0.0,0.0,0.0,0.0,0.0,0.0,0.0,-2.6607882558724802,0.0,-12.336464877510872,1.252698718606899,0.0,4.99796910430839,0.0
1.0,0.0,0.0,0.0,0.0,0.0,0.0,2.0,0.0,0.0,0.0,0.0,0.0,0.0,0.0,0.0,0.0,0.0,0.0,0.0,1.0,0.0,0.0,-4.175,9.838,4.807,545.0,-0.31964975187449385,0.07597852922147245,1.383596332772142,1.883425925925926,0.0,508.1231373493847,0.0,0.0,0.0,0.0,0.0,0.0,0.0,0.0,0.0,0.0,0.0,-3.1610104482298196,0.0,-8.802533043308053,1.188246094206893,0.0,4.99796910430839,0.0
0.0,0.0,0.0,0.0,0.0,0.0,0.0,2.0,2.0,0.0,0.0,0.0,0.0,0.0,0.0,0.0,0.0,0.0,0.0,0.0,0.0,0.0,0.0,-3.489,10.98,7.07,555.0,-0.07067943877829164,0.16256433010224067,1.41597955039535,2.386574074074074,18.75954929201341,523.1172267423876,0.0,0.0,0.0,0.0,0.0,1.0,0.0,1.0,0.0,0.0,0.0,-2.9016796436698087,0.0,8.134677790874427,1.1838041225303306,0.0,4.99796910430839,0.0
0.0,0.0,0.0,0.0,0.0,0.0,0.0,2.0,2.0,0.0,0.0,0.0,0.0,0.0,0.0,0.0,0.0,0.0,0.0,0.0,2.0,0.0,0.0,-3.794,10.311,6.358,555.0,-0.04588389261673221,0.17714102409473131,0.8258366871899441,1.883425925925926,6.041840829147961,453.1625144669297,0.0,0.0,0.0,0.0,0.0,1.0,0.0,1.0,0.0,0.0,0.0,-2.3253026400675263,0.0,6.999574996985081,1.1953092901287767,0.0,4.99796910430839,0.0
1.0,0.0,0.0,0.0,0.0,0.0,0.0,0.0,0.0,0.0,0.0,0.0,0.0,0.0,0.0,0.0,0.0,0.0,0.0,0.0,0.0,0.0,0.0,-4.585,8.873000000000001,2.309,605.0,0.04662073283992123,0.2039828500280936,1.1323535088175827,1.7158333333333333,0.0,289.200495901297,0.0,0.0,0.0,0.0,0.0,0.0,0.0,0.0,0.0,0.0,0.0,-2.962996660808819,0.0,-11.412414636669816,1.213604634428814,0.0,4.99796910430839,1.0
1.0,0.0,0.0,0.0,0.0,0.0,0.0,0.0,0.0,0.0,0.0,0.0,0.0,0.0,0.0,0.0,0.0,0.0,0.0,0.0,2.0,0.0,0.0,-3.899,8.948,11.419,605.0,-0.057196328983361036,-0.03322774367662667,1.0628755779675498,1.883425925925926,18.88348407499998,254.2478656720009,0.0,0.0,0.0,0.0,0.0,0.0,0.0,0.0,0.0,0.0,0.0,-3.0983034875681854,0.0,-9.057250063400959,1.2330406658645154,0.0,4.99796910430839,0.0
1.0,0.0,0.0,0.0,0.0,0.0,0.0,0.0,0.0,0.0,0.0,0.0,0.0,0.0,0.0,0.0,0.0,0.0,0.0,0.0,1.0,0.0,0.0,-4.773,8.541,4.371,605.0,0.0919511429417841,0.1220137658409635,1.058982505584242,1.883425925925926,18.88348407499998,200.86012943876403,0.0,0.0,0.0,0.0,0.0,0.0,0.0,0.0,0.0,0.0,0.0,-2.473787893121858,0.0,-13.621071810217863,1.2346007269565011,0.0,4.99796910430839,0.0
1.0,0.0,0.0,0.0,0.0,0.0,0.0,0.0,0.0,0.0,0.0,0.0,0.0,0.0,0.0,0.0,0.0,0.0,0.0,0.0,1.0,0.0,0.0,-4.387,8.543,3.709,605.0,0.24224496311506805,0.09647998126686028,0.8128786613661145,1.883425925925926,0.0,295.01367976815254,0.0,0.0,0.0,0.0,0.0,0.0,0.0,0.0,0.0,0.0,0.0,-2.47305413245769,0.0,-8.197177898249464,1.2344759379921904,0.0,4.99796910430839,0.0
0.0,0.0,0.0,0.0,0.0,0.0,0.0,0.0,0.0,0.0,0.0,0.0,0.0,0.0,0.0,0.0,0.0,0.0,0.0,0.0,0.0,0.0,0.0,-3.582,8.843,5.657,555.0,-0.25397326884866167,0.0826548027240839,1.4635854079845716,2.6149074074074075,18.883484074999977,256.04671565870353,0.0,0.0,0.0,0.0,0.0,0.0,0.0,1.0,0.0,0.0,0.0,-2.90743957798767,0.0,4.492639450906762,1.202235258004853,0.0,4.99796910430839,0.0
0.0,0.0,0.0,0.0,0.0,0.0,0.0,0.0,0.0,0.0,0.0,0.0,0.0,0.0,0.0,0.0,0.0,0.0,0.0,0.0,2.0,0.0,0.0,-3.332,9.425999999999998,8.364,555.0,-0.13433048563022104,-0.09161055164164243,1.259670511175501,1.883425925925926,6.4208216229260096,319.9477141547977,0.0,0.0,0.0,0.0,0.0,0.0,0.0,1.0,0.0,0.0,0.0,-3.101205313759461,0.0,5.160896682541702,1.2076085605700497,0.0,4.99796910430839,0.0
1.0,0.0,0.0,0.0,0.0,0.0,0.0,0.0,0.0,0.0,0.0,0.0,0.0,0.0,0.0,1.0,0.0,0.0,0.0,0.0,3.0,0.0,0.0,-5.105,8.876,0.926,589.0,0.6688530117512588,0.6724150916890734,0.8449809653235746,1.883425925925926,13.4684936056032,200.2529246382262,0.0,0.0,0.0,0.0,0.0,0.0,0.0,0.0,0.0,1.0,4.681846419123205,-2.306335537258579,1.0,-0.4175257614666204,1.385630698513941,0.0,4.99796910430839,0.0
1.0,0.0,0.0,0.0,0.0,0.0,0.0,0.0,0.0,0.0,0.0,0.0,0.0,0.0,0.0,1.0,0.0,0.0,0.0,0.0,1.0,0.0,0.0,-5.163,8.541,10.78,589.0,0.4987852683910534,0.6545368124913207,1.0040613358613588,1.5550925925925925,0.0,197.39025876891492,0.0,0.0,0.0,0.0,0.0,0.0,0.0,0.0,0.0,1.0,4.681846419123205,-2.8891088016423314,0.0,0.28537169587930683,1.3456124930934734,0.0,4.99796910430839,1.0
1.0,0.0,0.0,0.0,0.0,0.0,0.0,0.0,0.0,0.0,0.0,0.0,0.0,0.0,0.0,1.0,0.0,0.0,0.0,0.0,1.0,0.0,0.0,-5.351,9.364999999999998,2.351,589.0,0.4411767665204417,0.7436100177348762,1.0175154127485058,1.2873611111111112,6.544756405912575,270.23957906798046,0.0,0.0,0.0,0.0,0.0,0.0,0.0,0.0,0.0,1.0,4.681846419123205,-2.8516977720573475,0.0,-2.674848693740502,1.3855001790892985,0.0,4.99796910430839,1.0
1.0,0.0,0.0,0.0,0.0,0.0,0.0,0.0,0.0,0.0,0.0,0.0,0.0,0.0,0.0,1.0,0.0,0.0,0.0,0.0,2.0,0.0,0.0,-5.069,9.071000000000002,4.433,589.0,0.7593708800347585,0.5312211997637467,0.9181151511736922,1.883425925925926,6.544756405912575,173.00929854077344,0.0,0.0,0.0,0.0,0.0,0.0,0.0,0.0,0.0,1.0,4.681846419123205,-2.3076063625532726,0.0,-0.8463937433413511,1.3856282703773557,0.0,4.99796910430839,0.0
1.0,0.0,0.0,0.0,0.0,0.0,0.0,0.0,0.0,0.0,0.0,0.0,0.0,0.0,0.0,1.0,0.0,0.0,0.0,0.0,3.0,0.0,0.0,-5.478,8.086,8.45,589.0,0.23306268375624034,0.43144834759542033,1.118950877216943,1.883425925925926,18.452472126550408,213.47136677192998,0.0,0.0,0.0,0.0,0.0,0.0,0.0,0.0,0.0,1.0,4.681846419123205,-2.288422147352964,1.0,-2.0116815594171285,1.3856307210797676,0.0,4.99796910430839,0.0
1.0,0.0,0.0,0.0,0.0,0.0,0.0,0.0,0.0,0.0,0.0,0.0,0.0,0.0,0.0,0.0,0.0,0.0,0.0,0.0,1.0,0.0,0.0,-4.036,9.275,10.661,439.0,0.07899315470166715,0.3853188558500004,0.985070368829798,1.883425925925926,0.0,119.67265000297311,0.0,1.0,0.0,0.0,0.0,0.0,0.0,0.0,0.0,0.0,5.1779166666666665,-2.4008517772512277,1.0,-4.053603009987398,1.387642098924449,0.0,5.2179166666666665,0.0
1.0,0.0,0.0,0.0,0.0,0.0,0.0,0.0,0.0,0.0,0.0,0.0,0.0,0.0,0.0,0.0,0.0,0.0,0.0,0.0,2.0,0.0,0.0,-4.887,9.105,6.609,439.0,0.13453219008390974,0.21104921184752923,1.016508372006604,1.883425925925926,0.0,142.48548646140205,0.0,1.0,0.0,0.0,0.0,0.0,0.0,0.0,0.0,0.0,5.1779166666666665,-2.070858659342947,2.0,-5.513435534653517,1.38764220165051,0.0,5.2091666666666665,0.0
1.0,0.0,0.0,0.0,0.0,0.0,0.0,0.0,0.0,0.0,0.0,0.0,0.0,0.0,0.0,0.0,0.0,0.0,0.0,0.0,1.0,0.0,0.0,-6.55,6.31,6.184,439.0,0.1862552160011203,0.1763074967731831,1.1214729599915023,1.883425925925926,6.4208216229260096,111.51915602665906,0.0,1.0,0.0,0.0,0.0,0.0,0.0,0.0,0.0,0.0,5.1779166666666665,-1.8952804146658881,1.0,-3.0685971763824367,1.3856005022099402,0.0,4.99796910430839,0.0
0.0,0.0,0.0,0.0,1.0,0.0,0.0,1.0,0.0,0.0,0.0,0.0,0.0,0.0,0.0,0.0,0.0,0.0,0.0,0.0,2.0,0.0,0.0,-5.158,7.740999999999999,9.05,539.0,0.02928444865013955,0.08018735697498666,0.8936924658040957,1.883425925925926,6.041840829147961,261.76049058672174,0.0,0.0,0.0,0.0,0.0,0.0,0.0,0.0,0.0,0.0,1.7972874149659863,-2.2564313714815483,1.0,5.580292911110863,1.2585169002365526,0.0,4.99796910430839,0.0
0.0,0.0,0.0,0.0,1.0,0.0,0.0,1.0,0.0,0.0,0.0,0.0,0.0,0.0,0.0,0.0,0.0,0.0,0.0,0.0,2.0,0.0,0.0,-5.25,7.821999999999999,7.482,539.0,0.07704429289637282,-0.11334609932313586,0.97093010890206,1.883425925925926,17.685279043361575,283.2518630252082,0.0,0.0,0.0,0.0,0.0,0.0,0.0,0.0,0.0,0.0,1.7972874149659863,-2.2733127017060575,1.0,4.703399936986994,1.2585168812296306,0.0,4.99796910430839,0.0
0.0,0.0,0.0,0.0,1.0,0.0,0.0,1.0,0.0,0.0,0.0,0.0,0.0,0.0,0.0,0.0,0.0,0.0,0.0,0.0,0.0,0.0,0.0,-4.354,9.546,7.06,539.0,-0.13779560375632627,0.10642408057644386,1.3272990074557842,2.3355092592592595,7.04767198267719,298.3847276412905,0.0,0.0,0.0,0.0,0.0,0.0,0.0,0.0,0.0,0.0,1.7972874149659863,-2.8738249253041293,0.0,3.8502359824486865,1.2310639412968842,0.0,4.99796910430839,0.0
1.0,0.0,0.0,0.0,0.0,0.0,0.0,0.0,0.0,0.0,0.0,0.0,0.0,0.0,0.0,0.0,0.0,0.0,0.0,0.0,0.0,0.0,0.0,-4.343,8.868,9.032,525.0,-0.2790661855052248,0.22457929898977208,1.4117838188706935,1.883425925925926,11.984273114623004,414.66481547255944,0.0,0.0,0.0,0.0,0.0,0.0,0.0,0.0,0.0,0.0,0.0,-2.6425467818830626,0.0,-6.268990309149238,1.2451860437504925,0.0,4.99796910430839,0.0
1.0,0.0,0.0,0.0,0.0,0.0,0.0,0.0,0.0,0.0,0.0,0.0,0.0,0.0,0.0,0.0,0.0,0.0,0.0,0.0,0.0,0.0,0.0,-5.633,8.305,2.941,525.0,-0.31708819161488566,0.026852056125456974,1.3737668136368861,1.883425925925926,0.0,331.19646440040174,0.0,0.0,0.0,0.0,0.0,0.0,0.0,0.0,0.0,0.0,0.0,-2.3050552830003994,0.0,-3.3521246718246998,1.253548909024282,0.0,4.99796910430839,0.0
0.0,0.0,0.0,0.0,0.0,0.0,0.0,0.0,0.0,0.0,0.0,0.0,0.0,0.0,0.0,0.0,0.0,0.0,0.0,0.0,0.0,0.0,0.0,-4.412,9.633,1.618,595.0,-0.20229507193453344,0.23253889393415805,1.0808021864512987,1.883425925925926,12.586597235060536,400.7476740282408,0.0,0.0,0.0,0.0,0.0,0.0,0.0,0.0,0.0,0.0,0.0,-2.340792395192344,0.0,-18.531676478726673,1.1829567608129994,0.0,4.99796910430839,0.0
0.0,0.0,0.0,0.0,0.0,0.0,0.0,0.0,0.0,0.0,0.0,0.0,0.0,0.0,0.0,0.0,0.0,0.0,0.0,0.0,1.0,0.0,0.0,-4.343,9.232,6.632,595.0,-0.19720590152377168,0.24853021785537974,1.2112581827881481,1.883425925925926,12.841643245852019,514.7029324676016,0.0,0.0,0.0,0.0,0.0,0.0,0.0,0.0,0.0,0.0,0.0,-3.152136515383299,0.0,-16.545012336309338,1.1811630845139651,0.0,4.99796910430839,0.0
0.0,0.0,0.0,0.0,0.0,0.0,0.0,0.0,0.0,0.0,0.0,0.0,0.0,0.0,0.0,0.0,0.0,0.0,0.0,0.0,0.0,0.0,0.0,-3.861,10.382,2.0,595.0,-0.12475224764619458,0.2916350600210347,1.1860960547352029,1.883425925925926,39.2757148802938,412.17593560252067,0.0,0.0,0.0,0.0,0.0,0.0,0.0,0.0,0.0,0.0,0.0,-2.3377320200406815,0.0,-16.545012336309338,1.181454560460326,0.0,4.99796910430839,0.0
0.0,0.0,0.0,0.0,0.0,0.0,0.0,1.0,0.0,0.0,0.0,0.0,1.0,0.0,0.0,0.0,0.0,0.0,0.0,0.0,2.0,0.0,0.0,-3.961,9.361,4.503,481.0,-0.35693477444848004,0.366644368054275,1.371157150755356,1.883425925925926,12.586597235060536,250.0794360450809,0.0,0.0,0.0,0.0,0.0,0.0,0.0,0.0,0.0,0.0,0.0,-3.125530284251658,0.0,3.746263782835785,1.2499798934200255,0.0,4.99796910430839,0.0
0.0,0.0,0.0,0.0,0.0,0.0,0.0,1.0,0.0,0.0,0.0,0.0,1.0,0.0,0.0,0.0,0.0,0.0,0.0,0.0,1.0,0.0,0.0,-2.815,10.021,6.495,481.0,-0.5368058305521499,0.42471607491846214,1.432803437155738,1.883425925925926,13.592428388589765,227.71420648021797,0.0,0.0,0.0,0.0,0.0,0.0,0.0,0.0,0.0,0.0,0.0,-2.634520005915769,0.0,3.52825777211173,1.2582309002856127,0.0,4.99796910430839,0.0
0.0,0.0,0.0,0.0,0.0,0.0,0.0,1.0,0.0,0.0,0.0,0.0,1.0,0.0,0.0,0.0,0.0,0.0,0.0,0.0,0.0,0.0,0.0,-4.262,8.687000000000001,3.922,481.0,-0.562204878553244,0.4579808218498508,1.4213821581639663,1.6331018518518519,13.592428388589765,298.1515062523455,0.0,0.0,0.0,0.0,0.0,0.0,0.0,0.0,0.0,0.0,0.0,-2.921232012044515,0.0,5.490311868628229,1.2610274262652188,0.0,4.99796910430839,1.0
0.0,0.0,0.0,0.0,0.0,0.0,0.0,1.0,0.0,0.0,0.0,0.0,1.0,0.0,0.0,0.0,0.0,0.0,0.0,0.0,1.0,0.0,0.0,-2.789,10.127,6.258,481.0,-0.2488185614169411,0.3540779682158963,1.148022473717466,1.883425925925926,26.1790256236503,203.42359971638416,0.0,0.0,0.0,0.0,0.0,0.0,0.0,0.0,0.0,0.0,0.0,-2.429520246130501,0.0,3.9625948384046326,1.267923060704921,0.0,4.99796910430839,0.0
0.0,0.0,0.0,0.0,0.0,0.0,0.0,0.0,0.0,0.0,0.0,0.0,0.0,0.0,0.0,0.0,0.0,0.0,0.0,0.0,2.0,0.0,0.0,-4.987,7.711,7.56,587.0,0.6018292260719497,0.19357674697509683,0.8502395946550103,1.883425925925926,13.592428388589765,459.0191484481071,0.0,0.0,0.0,0.0,0.0,0.0,0.0,0.0,0.0,0.0,0.0,-2.2835546337145867,1.0,-22.07389367497351,1.4397909675259637,0.0,4.99796910430839,0.0
0.0,0.0,0.0,0.0,0.0,0.0,0.0,0.0,0.0,0.0,0.0,0.0,0.0,0.0,0.0,0.0,0.0,0.0,0.0,0.0,0.0,0.0,0.0,-4.91,8.25,2.935,587.0,0.4968587443991835,0.23679923804954467,0.848419000147261,1.8439814814814814,19.789271960202843,459.29443428477316,0.0,0.0,0.0,0.0,0.0,0.0,0.0,0.0,0.0,0.0,0.0,-2.7361314261081384,0.0,-24.145346386459085,1.4020085483974065,0.0,4.99796910430839,0.0
0.0,0.0,0.0,0.0,0.0,0.0,0.0,0.0,0.0,0.0,0.0,0.0,0.0,0.0,0.0,0.0,0.0,0.0,0.0,0.0,1.0,0.0,0.0,-4.634,7.846999999999999,4.585,587.0,0.4796277007495137,0.17168836658184441,0.9855824892472784,1.883425925925926,26.836943942880033,478.06166025669586,0.0,0.0,0.0,0.0,0.0,0.0,0.0,0.0,0.0,0.0,0.0,-2.276961649421414,0.0,-22.772477087178554,1.4469202327637531,0.0,4.99796910430839,0.0
0.0,0.0,0.0,0.0,0.0,0.0,0.0,0.0,0.0,0.0,0.0,0.0,0.0,0.0,0.0,0.0,0.0,0.0,0.0,0.0,2.0,0.0,0.0,-4.609,7.867000000000001,5.977,587.0,0.4075880228060403,0.14021933837702724,1.0043039295646687,1.883425925925926,13.244515554290267,495.73669778740873,0.0,0.0,0.0,0.0,0.0,0.0,0.0,0.0,0.0,0.0,0.0,-3.1092961925516853,0.0,-23.98715058146343,1.2489034773189431,0.0,4.99796910430839,0.0
1.0,0.0,0.0,0.0,0.0,0.0,0.0,0.0,0.0,0.0,0.0,0.0,0.0,0.0,0.0,0.0,0.0,0.0,1.0,0.0,1.0,0.0,0.0,-3.964,11.212,4.121,445.0,-0.34494340938231594,-0.002739976386570423,1.1359852811971964,1.883425925925926,13.847474399381248,279.9475143054481,0.0,0.0,0.0,0.0,0.0,0.0,0.0,0.0,0.0,0.0,0.0,-3.1736550045818737,0.0,0.03319077910803171,1.1380960222632817,0.0,4.99796910430839,0.0
1.0,0.0,0.0,0.0,0.0,0.0,0.0,0.0,0.0,0.0,0.0,0.0,0.0,0.0,0.0,0.0,0.0,0.0,1.0,0.0,0.0,0.0,0.0,-5.093,8.868,2.001,445.0,-0.10761056667319388,0.17157540881720576,0.8987080050043658,1.883425925925926,0.0,290.3257980590173,0.0,0.0,0.0,0.0,0.0,0.0,0.0,0.0,0.0,0.0,0.0,-2.4731379218556877,0.0,-0.2819044741469652,1.1861237256335797,0.0,4.99796910430839,0.0
1.0,0.0,0.0,0.0,0.0,0.0,0.0,0.0,0.0,0.0,0.0,0.0,0.0,0.0,0.0,0.0,0.0,0.0,1.0,0.0,0.0,0.0,0.0,-4.042,11.135,5.039,445.0,-0.25500189247106664,0.1311253072402992,0.9895644570325806,1.883425925925926,4.794537184071822,294.14132466797764,0.0,0.0,0.0,0.0,0.0,0.0,0.0,0.0,0.0,0.0,0.0,-2.47114234487542,0.0,-0.2819044741469652,1.1862133923766076,0.0,4.99796910430839,0.0
0.0,0.0,0.0,0.0,0.0,0.0,0.0,0.0,0.0,0.0,0.0,0.0,0.0,0.0,0.0,0.0,0.0,0.0,0.0,0.0,0.0,0.0,0.0,-3.139,9.859,4.587,443.0,-0.15954140289471133,0.12433960178000683,1.0958400250418499,2.4983333333333335,12.841643245852019,328.9842477028201,0.0,0.0,0.0,0.0,0.0,0.0,0.0,0.0,0.0,0.0,0.0,-2.8770895796188842,0.0,5.996386283739708,1.2185755189463319,0.0,4.99796910430839,0.0
0.0,0.0,0.0,0.0,0.0,0.0,0.0,0.0,0.0,0.0,0.0,0.0,0.0,0.0,0.0,0.0,0.0,0.0,0.0,0.0,2.0,0.0,0.0,-3.537,9.656,4.801,443.0,-0.1264314227741677,-0.06329375420650628,1.1414957030082347,1.883425925925926,0.0,308.0585002594969,0.0,0.0,0.0,0.0,0.0,0.0,0.0,0.0,0.0,0.0,0.0,-3.1226983881520534,0.0,7.073235547546531,1.2054718791079515,0.0,4.99796910430839,0.0
0.0,0.0,0.0,0.0,0.0,0.0,0.0,1.0,0.0,0.0,0.0,0.0,0.0,0.0,0.0,0.0,1.0,0.0,0.0,0.0,1.0,0.0,0.0,-3.961,9.903,5.207,585.0,0.5164429569642108,0.08347430410309702,0.5702708072223527,1.883425925925926,6.4208216229260096,516.1205933994827,0.0,0.0,0.0,0.0,0.0,0.0,0.0,0.0,0.0,0.0,0.0,-3.11493294361255,0.0,5.398509195651002,1.2142148292713613,0.0,4.99796910430839,0.0
0.0,0.0,0.0,0.0,0.0,0.0,0.0,1.0,0.0,0.0,0.0,0.0,0.0,0.0,0.0,0.0,1.0,0.0,0.0,0.0,0.0,0.0,0.0,-3.341,11.193,3.328,585.0,0.3305075733824207,0.210551986912224,0.6851655416949942,1.883425925925926,26.434071634441782,475.89136499150754,0.0,0.0,0.0,0.0,0.0,0.0,0.0,0.0,0.0,0.0,0.0,-2.285018202418683,0.0,6.613527572504445,1.261476943784169,0.0,4.99796910430839,0.0
0.0,0.0,0.0,0.0,0.0,0.0,0.0,1.0,0.0,0.0,0.0,0.0,0.0,0.0,0.0,0.0,1.0,0.0,0.0,0.0,0.0,0.0,0.0,-3.451,11.11,5.098,585.0,0.2838192963968361,0.22153862365049348,0.5239995166172983,1.883425925925926,17.884049995896973,547.5651714568999,0.0,0.0,0.0,0.0,0.0,0.0,0.0,0.0,0.0,0.0,0.0,-2.2850182024186783,0.0,6.613527572504447,1.2628547885846255,0.0,4.99796910430839,0.0
0.0,0.0,0.0,0.0,0.0,0.0,0.0,1.0,0.0,0.0,0.0,0.0,0.0,0.0,0.0,0.0,1.0,0.0,0.0,0.0,0.0,0.0,0.0,-3.399,10.444,3.628,585.0,0.5514976914110434,0.24375682178745442,0.5086605701283301,1.883425925925926,13.08951281182515,484.0783208940786,0.0,0.0,0.0,0.0,0.0,0.0,0.0,0.0,0.0,0.0,0.0,-2.2855773293114474,0.0,6.613527572504445,1.2628547957460317,0.0,4.99796910430839,0.0
0.0,0.0,0.0,0.0,0.0,0.0,0.0,0.0,0.0,0.0,0.0,0.0,0.0,0.0,0.0,0.0,0.0,0.0,0.0,0.0,1.0,0.0,0.0,-3.558,10.046,1.832,531.0,0.06757337139891458,-0.026468109390441526,1.005866183481698,1.883425925925926,19.448525210364938,530.7193649020303,0.0,0.0,0.0,0.0,0.0,0.0,0.0,0.0,0.0,1.0,0.0,-3.149548819812863,0.0,-4.024590091992613,1.1765788088580569,0.0,4.99796910430839,0.0
0.0,0.0,0.0,0.0,0.0,0.0,0.0,0.0,0.0,0.0,0.0,0.0,0.0,0.0,0.0,0.0,0.0,0.0,0.0,0.0,0.0,0.0,0.0,-3.18,10.276,1.864,531.0,0.09437623948751447,0.19436062875010504,0.6436823225666004,1.883425925925926,19.007418857986544,401.6986564945321,0.0,0.0,0.0,0.0,0.0,0.0,0.0,0.0,0.0,1.0,0.0,-2.3531643782485183,0.0,-3.7245979010314993,1.2530353843491238,0.0,4.99796910430839,0.0
0.0,0.0,0.0,0.0,0.0,0.0,0.0,0.0,0.0,0.0,0.0,0.0,0.0,0.0,0.0,0.0,0.0,0.0,0.0,0.0,1.0,0.0,0.0,-4.638,10.561,3.725,505.0,-0.05646373386002002,0.21630341655843166,1.0571556997099265,1.883425925925926,0.0,236.15026243022356,0.0,0.0,0.0,0.0,0.0,0.0,0.0,0.0,0.0,0.0,0.0,-3.120048454298078,0.0,-1.4363746759147467,1.212606096020937,0.0,4.99796910430839,0.0
0.0,0.0,0.0,0.0,0.0,0.0,0.0,0.0,0.0,0.0,0.0,0.0,0.0,0.0,0.0,0.0,0.0,0.0,0.0,0.0,0.0,0.0,0.0,-6.052,6.987,11.426,505.0,0.21254052676283317,0.2791792798849187,0.8117508360497325,1.883425925925926,19.51033443475116,253.11542513912053,0.0,0.0,0.0,0.0,0.0,0.0,0.0,0.0,0.0,0.0,0.0,-2.2518513783169225,0.0,-0.6130876699925881,1.2312606014052165,0.0,4.99796910430839,0.0
0.0,0.0,0.0,0.0,0.0,0.0,0.0,0.0,0.0,0.0,0.0,0.0,0.0,0.0,0.0,0.0,0.0,0.0,0.0,0.0,0.0,0.0,0.0,-4.927,9.811,6.167,505.0,-0.08808745442504681,0.22696108969596432,1.042921706706114,1.883425925925926,13.08951281182515,257.2796059190008,0.0,0.0,0.0,0.0,0.0,0.0,0.0,0.0,0.0,0.0,0.0,-2.253482891050862,0.0,-2.354480013952273,1.2314003446637118,0.0,4.99796910430839,0.0
0.0,0.0,0.0,0.0,0.0,0.0,0.0,0.0,0.0,0.0,0.0,0.0,0.0,0.0,0.0,0.0,0.0,0.0,0.0,0.0,0.0,0.0,0.0,-5.789,7.434000000000001,10.133,505.0,-0.035615597554552215,0.2514498957886637,0.889046436664905,1.883425925925926,24.304871618822983,245.46683776389239,0.0,0.0,0.0,0.0,0.0,0.0,0.0,0.0,0.0,0.0,0.0,-2.2510783442746516,0.0,-0.6130876699925881,1.2313498562376304,0.0,4.99796910430839,0.0
0.0,0.0,0.0,0.0,0.0,0.0,0.0,0.0,0.0,0.0,0.0,0.0,0.0,0.0,0.0,0.0,0.0,0.0,0.0,0.0,2.0,0.0,0.0,-4.529,9.031,5.835,605.0,0.7171037238605498,0.2616587029870551,0.7612785959920515,1.883425925925926,12.586597235060536,329.5847068601945,0.0,0.0,0.0,0.0,0.0,0.0,0.0,0.0,0.0,0.0,0.0,-2.339380982188089,0.0,-7.706231526431396,1.156698535023674,0.0,4.99796910430839,0.0
0.0,0.0,0.0,0.0,0.0,0.0,0.0,0.0,0.0,0.0,0.0,0.0,0.0,0.0,0.0,0.0,0.0,0.0,0.0,0.0,1.0,0.0,0.0,-4.491,8.428,6.647,605.0,0.5644553913717164,0.35777292844533387,0.8065902506136036,1.5531953892668178,6.041840829147961,428.90566607398273,0.0,0.0,0.0,0.0,0.0,0.0,0.0,0.0,0.0,0.0,0.0,-2.8744496523536833,0.0,-5.933655135147392,1.1566987033333644,0.0,4.99796910430839,1.0
0.0,0.0,0.0,0.0,0.0,0.0,0.0,0.0,0.0,0.0,0.0,0.0,0.0,0.0,0.0,0.0,0.0,0.0,0.0,0.0,2.0,0.0,0.0,-4.083,9.66,6.043,605.0,0.7370443222951548,0.2612066296222089,0.7722256653305325,1.883425925925926,12.586597235060536,229.08568901461604,0.0,0.0,0.0,0.0,0.0,0.0,0.0,0.0,0.0,0.0,0.0,-2.3385875902744497,0.0,-6.184957610825746,1.156698704581218,0.0,4.99796910430839,0.0
0.0,0.0,0.0,0.0,0.0,0.0,0.0,0.0,0.0,0.0,0.0,0.0,0.0,0.0,0.0,0.0,0.0,0.0,0.0,0.0,1.0,0.0,0.0,-4.324,9.423,3.644,605.0,0.4628329539959051,0.3531034166985998,0.840892824031778,1.703611111111111,18.380568498235366,476.1233947586418,0.0,0.0,0.0,0.0,0.0,0.0,0.0,0.0,0.0,0.0,0.0,-2.9050654052784237,0.0,-3.3937122552928374,1.1518045617545316,0.0,4.99796910430839,1.0
0.0,0.0,0.0,0.0,0.0,0.0,0.0,0.0,0.0,0.0,0.0,0.0,0.0,0.0,0.0,0.0,0.0,0.0,0.0,0.0,1.0,0.0,0.0,-4.719,9.625,2.395,407.0,0.3364107942757041,0.1955242912940097,0.926736761222302,1.883425925925926,13.65455394719011,239.99468947645892,0.0,0.0,0.0,0.0,0.0,0.0,0.0,0.0,0.0,0.0,4.69797335600907,-2.2340650956956707,0.0,-7.849457221803131,1.3779670057792435,0.0,4.73797335600907,0.0
0.0,0.0,0.0,0.0,0.0,0.0,0.0,0.0,0.0,0.0,0.0,0.0,0.0,0.0,0.0,0.0,0.0,0.0,0.0,0.0,1.0,0.0,0.0,-4.631,10.218,3.477,407.0,0.39328630458690117,0.06502148008059286,0.635823005036374,1.883425925925926,6.544756405912575,144.58703377342056,0.0,0.0,0.0,0.0,0.0,0.0,0.0,0.0,0.0,0.0,4.69797335600907,-2.234140831810772,0.0,-7.279882601105356,1.3766092650250799,0.0,4.99796910430839,0.0
0.0,0.0,0.0,0.0,0.0,0.0,0.0,0.0,0.0,0.0,0.0,0.0,0.0,0.0,0.0,0.0,0.0,0.0,0.0,0.0,0.0,0.0,0.0,-4.503,10.13,2.035,407.0,0.2020312949258194,0.273430106141809,0.9035830187919885,1.6795833333333334,7.109797541277533,137.6930715316256,0.0,0.0,0.0,0.0,0.0,0.0,0.0,0.0,0.0,0.0,4.69797335600907,-2.8717539968036374,0.0,-7.488798806467148,1.3576939345303496,0.0,4.71797335600907,1.0
1.0,0.0,0.0,0.0,0.0,0.0,0.0,0.0,0.0,0.0,0.0,0.0,0.0,0.0,0.0,0.0,0.0,0.0,0.0,0.0,1.0,0.0,0.0,-4.729,8.707,7.307,595.0,-0.19492587185903051,0.10908925094272003,1.1191526128775815,1.883425925925926,6.544756405912575,391.2882566457158,0.0,0.0,0.0,0.0,0.0,0.0,0.0,0.0,0.0,0.0,5.5975,-2.3275155638172986,0.0,-8.018114625475746,1.1869052039417434,0.0,5.66,0.0
1.0,0.0,0.0,0.0,0.0,0.0,0.0,0.0,0.0,0.0,0.0,0.0,0.0,0.0,0.0,0.0,0.0,0.0,0.0,0.0,0.0,0.0,0.0,-4.577,9.134,7.073,595.0,-0.25553308512812545,0.18647530179263644,1.2754628721596681,1.7018780706727135,0.0,425.2778335775138,0.0,0.0,0.0,0.0,0.0,0.0,0.0,0.0,0.0,0.0,5.5975,-2.8816688506084938,0.0,-7.828347162161334,1.186905128140523,0.0,5.62875,1.0
1.0,0.0,0.0,0.0,0.0,0.0,0.0,0.0,0.0,0.0,0.0,0.0,0.0,0.0,0.0,0.0,0.0,0.0,0.0,0.0,1.0,0.0,0.0,-4.489,9.14,7.665,595.0,-0.4817746336339369,-0.005059970214664476,1.4232314290914871,1.883425925925926,18.883484074999977,353.6085373440044,0.0,0.0,0.0,0.0,0.0,0.0,0.0,0.0,0.0,0.0,5.5975,-2.352157613803119,0.0,-5.1833911205275625,1.1855395728298923,0.0,4.99796910430839,0.0
0.0,0.0,0.0,0.0,0.0,0.0,0.0,1.0,0.0,0.0,0.0,0.0,0.0,0.0,0.0,0.0,0.0,0.0,0.0,0.0,0.0,0.0,0.0,-4.459,8.75,10.507,569.0,0.015582180794176313,0.3952978889259072,0.9605647473054868,1.8326651077097504,0.0,329.0983589122045,0.0,0.0,0.0,0.0,0.0,0.0,0.0,0.0,0.0,0.0,0.0,-2.8727570700499108,0.0,-3.427796827559594,1.1751271526144818,0.0,4.99796910430839,1.0
0.0,0.0,0.0,0.0,0.0,0.0,0.0,1.0,0.0,0.0,0.0,0.0,0.0,0.0,0.0,0.0,0.0,0.0,0.0,0.0,1.0,0.0,0.0,-4.793,8.66,9.418,569.0,0.11630823169477929,0.2382321756330693,0.8869973879270965,1.883425925925926,6.544756405912575,289.5623855477768,0.0,0.0,0.0,0.0,0.0,0.0,0.0,0.0,0.0,0.0,0.0,-2.2737985329239114,0.0,-3.5693541731103187,1.1751676465467578,0.0,4.99796910430839,0.0
0.0,0.0,0.0,0.0,0.0,0.0,0.0,0.0,0.0,0.0,0.0,0.0,0.0,0.0,0.0,0.0,0.0,0.0,0.0,0.0,2.0,0.0,0.0,-4.923,7.41,14.029,599.0,-0.15154761193150856,0.2857238281313803,1.127164209261677,1.883425925925926,6.544756405912575,227.27728291524704,0.0,0.0,0.0,0.0,0.0,0.0,0.0,0.0,0.0,0.0,2.0374263038548754,-2.5360770944535824,1.0,16.058285258767814,1.2356574607534945,0.0,4.99796910430839,0.0
0.0,0.0,0.0,0.0,0.0,0.0,0.0,0.0,0.0,0.0,0.0,0.0,0.0,0.0,0.0,0.0,0.0,0.0,0.0,0.0,1.0,0.0,0.0,-4.688,7.731000000000001,9.894,599.0,-0.11430530207007931,0.31032349480423044,1.015318202028947,1.883425925925926,18.93844354913873,253.91437180091202,0.0,0.0,0.0,0.0,0.0,0.0,0.0,0.0,0.0,0.0,2.0374263038548754,-2.5439767127917747,0.0,17.833759445609104,1.2356622437071036,0.0,4.99796910430839,0.0
0.0,0.0,0.0,0.0,0.0,0.0,0.0,0.0,0.0,0.0,0.0,0.0,0.0,0.0,0.0,0.0,0.0,0.0,0.0,0.0,0.0,0.0,0.0,-4.545,7.752000000000001,13.402,599.0,-0.23303414784005289,0.39395631391456365,1.103871475607608,1.7263194444444445,25.483199955051305,239.90944948568517,0.0,0.0,0.0,0.0,0.0,0.0,0.0,0.0,0.0,0.0,2.0374263038548754,-2.9114157438119874,0.0,18.16177047717454,1.2356450757910338,0.0,4.99796910430839,1.0
0.0,0.0,0.0,0.0,0.0,0.0,0.0,0.0,0.0,0.0,0.0,0.0,0.0,0.0,0.0,0.0,0.0,0.0,0.0,0.0,2.0,0.0,0.0,-4.72,7.809,12.491,599.0,-0.36221532585818245,0.31038374748081704,1.2200595940546275,1.883425925925926,18.93844354913873,232.22762658124293,0.0,0.0,0.0,0.0,0.0,0.0,0.0,0.0,0.0,0.0,2.0374263038548754,-3.227078927467694,0.0,15.375179389834111,1.188798378217009,0.0,4.99796910430839,0.0
0.0,0.0,0.0,0.0,0.0,2.0,0.0,0.0,0.0,0.0,0.0,0.0,0.0,0.0,0.0,0.0,0.0,0.0,0.0,0.0,1.0,1.0,0.0,-4.622,10.154,4.184,543.0,-0.4044667528217523,0.21188994685614518,1.4201134262410597,1.883425925925926,6.544756405912575,362.7052202477148,0.0,0.0,0.0,0.0,0.0,0.0,0.0,0.0,0.0,0.0,4.5137445672713525,-2.2599116332220506,0.0,-4.265274006808832,1.2110082129153024,0.0,4.541522345049131,0.0
0.0,0.0,0.0,0.0,0.0,2.0,0.0,0.0,0.0,0.0,0.0,0.0,0.0,0.0,0.0,0.0,0.0,0.0,0.0,0.0,0.0,1.0,0.0,-4.71,10.471,3.218,543.0,-0.4336166250870772,0.2722300478384594,1.491861220439943,1.6325462962962962,0.0,361.416214754816,0.0,0.0,0.0,0.0,0.0,0.0,0.0,0.0,0.0,0.0,4.5137445672713525,-2.878627576500295,0.0,-4.064595393534399,1.2102986205487494,0.0,4.527633456160242,1.0
0.0,0.0,0.0,0.0,0.0,2.0,0.0,0.0,0.0,0.0,0.0,0.0,0.0,0.0,0.0,0.0,0.0,0.0,0.0,0.0,1.0,1.0,0.0,-4.426,10.328,3.968,543.0,-0.43514909167209986,0.240735772723501,1.377834487670028,1.883425925925926,6.544756405912575,248.16297789633836,0.0,0.0,0.0,0.0,0.0,0.0,0.0,0.0,0.0,0.0,4.5137445672713525,-2.2558647680795483,0.0,-2.672579017068908,1.2110100051773987,0.0,4.624855678382464,0.0
0.0,0.0,0.0,0.0,0.0,2.0,0.0,0.0,0.0,0.0,0.0,0.0,0.0,0.0,0.0,0.0,0.0,0.0,0.0,0.0,1.0,0.0,0.0,-4.63,9.167000000000002,3.92,543.0,-0.42144379595210535,0.1235079897256551,1.235457899015362,1.883425925925926,11.339293589984397,284.5870860009734,0.0,0.0,0.0,0.0,0.0,0.0,0.0,0.0,0.0,0.0,4.5137445672713525,-2.2587341023112795,0.0,-4.064595393534398,1.2110244448525993,0.0,4.99796910430839,0.0
0.0,0.0,0.0,0.0,0.0,0.0,0.0,0.0,0.0,0.0,1.0,0.0,0.0,0.0,1.0,0.0,0.0,0.0,0.0,0.0,2.0,0.0,0.0,-2.891,10.067,9.304,593.0,-0.44091437660364713,0.3121709639737343,1.3551879968494653,2.16912962175611,6.544756405912575,289.11154579054687,0.0,0.0,0.0,0.0,0.0,0.0,0.0,0.0,0.0,0.0,0.0,-2.847643916095384,0.0,-10.827979548809557,1.160450477541652,0.0,4.99796910430839,0.0
0.0,0.0,0.0,0.0,0.0,0.0,0.0,0.0,0.0,0.0,1.0,0.0,0.0,0.0,1.0,0.0,0.0,0.0,0.0,0.0,2.0,0.0,0.0,-4.065,8.68,2.154,593.0,-0.38862335465664205,0.4636367188674753,1.2701068992512636,1.7906207482993197,18.50450328122193,384.06063589933365,0.0,0.0,0.0,0.0,0.0,0.0,0.0,0.0,0.0,0.0,0.0,-2.9160910272185703,0.0,-8.219942877563211,1.1586399753339351,0.0,4.99796910430839,1.0
0.0,0.0,0.0,0.0,0.0,0.0,0.0,0.0,0.0,0.0,1.0,0.0,0.0,0.0,1.0,0.0,0.0,0.0,0.0,0.0,3.0,0.0,0.0,-4.084,7.867000000000001,4.799,593.0,-0.14760109631931936,0.35879864123660116,1.0670986626163486,1.883425925925926,19.634269217737724,307.1626892828217,0.0,0.0,0.0,0.0,0.0,0.0,0.0,0.0,0.0,0.0,0.0,-2.419814395565075,0.0,-10.858966305404056,1.1604504339188213,0.0,4.99796910430839,0.0
0.0,0.0,0.0,0.0,0.0,0.0,0.0,0.0,0.0,0.0,1.0,0.0,0.0,0.0,1.0,0.0,0.0,0.0,0.0,0.0,2.0,0.0,0.0,-4.398,8.295,8.459,593.0,-0.4279733775385235,0.4647757714230651,1.339745362882765,1.7305555555555556,13.08951281182515,421.24719929514185,0.0,0.0,0.0,0.0,0.0,0.0,0.0,0.0,0.0,0.0,0.0,-2.9146951626024196,0.0,-11.18497088930985,1.1604501940231151,0.0,4.99796910430839,1.0
0.0,0.0,0.0,0.0,0.0,0.0,0.0,0.0,0.0,0.0,0.0,0.0,0.0,0.0,0.0,0.0,0.0,0.0,0.0,0.0,1.0,0.0,0.0,-4.586,8.811,4.823,619.0,0.6198798507656724,0.14977420987046874,0.7124189977418992,1.883425925925926,19.255604758173796,312.8336005625624,0.0,0.0,0.0,0.0,0.0,0.0,0.0,0.0,0.0,0.0,10.113039409634379,-2.3771383916197184,0.0,-4.273727362463062,1.2368483605625264,0.0,4.967234504913076,0.0
0.0,0.0,0.0,0.0,0.0,0.0,0.0,0.0,0.0,0.0,0.0,0.0,0.0,0.0,0.0,0.0,0.0,0.0,0.0,0.0,0.0,0.0,0.0,-4.48,9.251,3.341,619.0,0.4768489551458869,0.192921840615021,0.7854019838070568,1.7619444444444443,12.841643245852019,499.40685741199604,0.0,0.0,0.0,0.0,0.0,0.0,0.0,0.0,0.0,0.0,10.113039409634379,-2.931004101950437,0.0,-0.009658380313698922,1.2156150091713327,0.0,4.947234504913077,1.0
0.0,0.0,0.0,0.0,0.0,0.0,0.0,0.0,0.0,0.0,0.0,0.0,0.0,0.0,0.0,0.0,0.0,0.0,0.0,0.0,1.0,0.0,0.0,-5.607,6.547999999999999,18.146,619.0,0.7108023644837445,0.06929764279121975,0.6397057567254391,1.883425925925926,26.17934195786442,209.90209535694476,0.0,0.0,0.0,0.0,0.0,0.0,0.0,0.0,0.0,0.0,10.113039409634379,-2.375472420255383,0.0,-1.815943481001502,1.236849511270768,0.0,5.191977744227474,0.0
0.0,0.0,0.0,0.0,0.0,0.0,0.0,0.0,0.0,0.0,0.0,0.0,0.0,0.0,0.0,0.0,0.0,0.0,0.0,0.0,1.0,0.0,0.0,-4.458,9.417,2.552,619.0,0.5119714159014173,0.039661450454091376,0.6886779708403117,1.883425925925926,24.95950418183386,287.7603424599006,0.0,0.0,0.0,0.0,0.0,0.0,0.0,0.0,0.0,0.0,10.113039409634379,-2.3847012907077025,0.0,-1.8296603862472518,1.2365574462291264,0.0,4.933407344419249,0.0
0.0,0.0,0.0,0.0,0.0,0.0,0.0,0.0,0.0,0.0,0.0,0.0,0.0,0.0,0.0,0.0,0.0,0.0,0.0,0.0,0.0,1.0,0.0,-4.632,10.279,2.36,571.0,0.502483835811723,0.16385249499865687,1.2790474829396323,1.883425925925926,12.841643245852019,312.97418737443434,0.0,0.0,0.0,0.0,0.0,0.0,0.0,0.0,0.0,0.0,4.929791666666667,-2.5424540176347445,0.0,7.097347495960907,1.0978277155941822,0.0,4.969791666666667,0.0
0.0,0.0,0.0,0.0,0.0,0.0,0.0,0.0,0.0,0.0,0.0,0.0,0.0,0.0,0.0,0.0,0.0,0.0,0.0,0.0,0.0,1.0,0.0,-4.707,9.582,4.811,571.0,0.43336625481501334,0.13351264111100208,1.2202088266578057,1.883425925925926,0.0,312.7448403195963,0.0,0.0,0.0,0.0,0.0,0.0,0.0,0.0,0.0,0.0,4.929791666666667,-2.543672921898144,0.0,3.0331110691017305,1.0985769016143556,0.0,5.040902777777778,0.0
0.0,0.0,0.0,0.0,0.0,0.0,0.0,0.0,0.0,0.0,0.0,0.0,0.0,0.0,0.0,0.0,0.0,0.0,0.0,0.0,0.0,0.0,0.0,-5.156,9.291,2.08,571.0,0.33487249344405445,0.035028710501448825,1.2887898362059589,1.883425925925926,4.794537184071822,400.4618101799026,0.0,0.0,0.0,0.0,0.0,0.0,0.0,0.0,0.0,0.0,4.929791666666667,-2.548795273185841,0.0,3.1436372092405422,1.0985874647960376,0.0,4.99796910430839,0.0
1.0,0.0,0.0,0.0,0.0,0.0,0.0,2.0,0.0,0.0,0.0,0.0,1.0,0.0,0.0,0.0,0.0,0.0,0.0,0.0,0.0,1.0,0.0,-4.004,10.845,4.878,483.0,-0.6216450601116256,0.07189152459694374,1.4268942636078221,1.9748611111111112,5.917906046161393,189.15631248946147,0.0,0.0,0.0,0.0,0.0,0.0,0.0,0.0,0.0,0.0,4.722243008314437,-2.865601740558933,0.0,-3.587892232037829,1.2515120934453772,0.0,4.753493008314437,0.0
1.0,0.0,0.0,0.0,0.0,0.0,0.0,2.0,0.0,0.0,0.0,0.0,1.0,0.0,0.0,0.0,0.0,0.0,0.0,0.0,1.0,1.0,0.0,-4.636,9.381,2.626,483.0,-0.21954407843704724,0.1193696618826249,1.203368981648782,1.883425925925926,0.0,151.94382126765618,0.0,0.0,0.0,0.0,0.0,0.0,0.0,0.0,0.0,0.0,4.722243008314437,-2.2758119303684095,0.0,-5.764998841665895,1.258208874422626,0.0,4.833354119425548,0.0
1.0,0.0,0.0,0.0,0.0,0.0,0.0,2.0,0.0,0.0,0.0,0.0,1.0,0.0,0.0,0.0,0.0,0.0,0.0,0.0,1.0,0.0,0.0,-4.109,10.759,7.043,483.0,-0.20542378222498725,0.004294879552991147,1.092548093168184,1.883425925925926,4.794537184071822,298.8951855398808,0.0,0.0,0.0,0.0,0.0,0.0,0.0,0.0,0.0,0.0,4.722243008314437,-2.289568615898894,0.0,-5.456873092052889,1.2582088670099052,0.0,4.99796910430839,0.0
0.0,0.0,0.0,0.0,0.0,0.0,0.0,0.0,0.0,0.0,0.0,0.0,0.0,0.0,0.0,0.0,0.0,0.0,0.0,0.0,1.0,0.0,0.0,-4.484,7.558,2.325,563.0,0.29499264898667515,0.4539177874620663,1.0883409672540865,1.883425925925926,5.687386274683562,212.42198849080705,0.0,0.0,0.0,0.0,0.0,0.0,0.0,0.0,0.0,0.0,4.694806311413455,-2.1522472907111596,0.0,9.02217356062524,1.4720566552065775,0.0,4.8059174225245656,0.0
0.0,0.0,0.0,0.0,0.0,0.0,0.0,0.0,0.0,0.0,0.0,0.0,0.0,0.0,0.0,0.0,0.0,0.0,0.0,0.0,1.0,0.0,0.0,-4.343,8.297,11.367,563.0,0.22341343056571167,0.508784623670931,0.9736952067876867,1.883425925925926,11.753753343145172,238.8340397398847,0.0,0.0,0.0,0.0,0.0,0.0,0.0,0.0,0.0,0.0,4.694806311413455,-2.395490925460535,0.0,12.068839008191807,1.4720599933910623,0.0,4.71521447467876,0.0
0.0,0.0,0.0,0.0,0.0,0.0,0.0,0.0,0.0,0.0,0.0,0.0,0.0,0.0,0.0,0.0,0.0,0.0,0.0,0.0,0.0,0.0,0.0,-4.536,7.494,3.196,563.0,0.17620373447370163,0.5277532040852658,1.0664368301139315,1.4165277777777776,11.753753343145172,280.4022575174845,0.0,0.0,0.0,0.0,0.0,0.0,0.0,0.0,0.0,0.0,4.694806311413455,-2.818826419373833,0.0,11.972794793940745,1.4038872405300058,0.0,4.75036186696901,1.0
0.0,0.0,0.0,0.0,0.0,0.0,0.0,0.0,0.0,0.0,0.0,0.0,0.0,0.0,0.0,0.0,0.0,0.0,0.0,0.0,1.0,0.0,0.0,-5.071,6.924,2.883,563.0,0.20992858693286787,0.30451722836835937,1.0555888259256527,1.883425925925926,5.687386274683562,295.0260403188895,0.0,0.0,0.0,0.0,0.0,0.0,0.0,0.0,0.0,0.0,4.694806311413455,-2.167701299287472,0.0,9.118217774876301,1.4671769274391624,0.0,4.99796910430839,0.0
1.0,0.0,0.0,0.0,0.0,0.0,0.0,2.0,0.0,0.0,0.0,0.0,0.0,1.0,0.0,0.0,0.0,0.0,0.0,0.0,1.0,1.0,0.0,-4.755,8.908999999999999,6.326,595.0,-0.23087206391385665,0.11453515472699878,1.2674673945222144,1.883425925925926,6.041840829147961,517.5231718735777,0.0,0.0,0.0,0.0,0.0,0.0,0.0,0.0,0.0,0.0,4.923708427815571,-2.4081340831064613,0.0,-18.191100832867058,1.221248341123758,0.0,5.034819538926682,0.0
1.0,0.0,0.0,0.0,0.0,0.0,0.0,2.0,0.0,0.0,0.0,0.0,0.0,1.0,0.0,0.0,0.0,0.0,0.0,0.0,0.0,1.0,0.0,-3.59,11.04,3.636,595.0,-0.5404626809063501,0.08900668438301418,1.647923944615455,2.1213425925925926,6.4208216229260096,414.4477044737803,0.0,0.0,0.0,0.0,0.0,0.0,0.0,0.0,0.0,0.0,4.923708427815571,-2.95064452187427,0.0,-21.688045718621023,1.2054921698997125,0.0,4.954958427815571,0.0
1.0,0.0,0.0,0.0,0.0,0.0,0.0,2.0,0.0,0.0,0.0,0.0,0.0,1.0,0.0,0.0,0.0,0.0,0.0,0.0,1.0,0.0,0.0,-3.745,10.675999999999998,3.164,595.0,-0.19473440109122495,0.003921728438619104,1.218146016733174,1.883425925925926,10.836378013219782,538.924693031813,0.0,0.0,0.0,0.0,0.0,0.0,0.0,0.0,0.0,0.0,4.923708427815571,-2.417130686535082,0.0,-18.001333369552647,1.2212484556874663,0.0,4.99796910430839,0.0
1.0,0.0,0.0,0.0,1.0,0.0,0.0,0.0,0.0,0.0,0.0,0.0,0.0,0.0,0.0,0.0,0.0,0.0,0.0,1.0,1.0,0.0,0.0,-3.446,9.176,7.43,559.0,-0.1901893500377026,-0.09137754645374477,0.9237468414085575,1.883425925925926,26.055407174877857,244.66303434944325,0.0,0.0,0.0,0.0,0.0,0.0,0.0,0.0,0.0,0.0,5.4002762030738225,-3.131392654505312,0.0,10.445279181530363,1.1995097726498722,0.0,5.409535462333082,0.0
1.0,0.0,0.0,0.0,1.0,0.0,0.0,0.0,0.0,0.0,0.0,0.0,0.0,0.0,0.0,0.0,0.0,0.0,0.0,1.0,0.0,0.0,0.0,-3.471,9.088,9.053,559.0,-0.24308652534787958,0.11053947635374509,0.7215294728193893,1.883425925925926,13.213763929025836,248.17848001782227,0.0,0.0,0.0,0.0,0.0,0.0,0.0,0.0,0.0,0.0,5.4002762030738225,-2.3629859931523693,0.0,8.538589586413398,1.2167327584966237,0.0,5.412621882086168,0.0
1.0,0.0,0.0,0.0,1.0,0.0,0.0,0.0,0.0,0.0,0.0,0.0,0.0,0.0,0.0,0.0,0.0,0.0,0.0,1.0,0.0,0.0,0.0,-5.396,6.460999999999999,13.392,559.0,-0.0861585828128749,-0.031708887414097976,0.8424399857989922,1.883425925925926,19.38639965176459,318.0298944004344,0.0,0.0,0.0,0.0,0.0,0.0,0.0,0.0,0.0,0.0,5.4002762030738225,-2.366523280481256,0.0,10.177949214888447,1.2164355856511027,0.0,4.99796910430839,0.0
1.0,0.0,0.0,0.0,0.0,0.0,0.0,1.0,0.0,0.0,0.0,0.0,0.0,0.0,0.0,0.0,0.0,1.0,0.0,0.0,1.0,0.0,0.0,-4.952,7.856,6.567,521.0,-0.23133089850534322,-0.053905661193042784,0.9203326656294596,1.883425925925926,19.06954441658689,452.88720603248356,0.0,0.0,0.0,0.0,0.0,0.0,0.0,0.0,0.0,0.0,10.561371882086167,-2.3917522204613264,0.0,-19.089879037934963,1.2401091628579397,0.0,5.31245559334845,0.0
1.0,0.0,0.0,0.0,0.0,0.0,0.0,1.0,0.0,0.0,0.0,0.0,0.0,0.0,0.0,0.0,0.0,1.0,0.0,0.0,1.0,0.0,0.0,-5.313,6.974000000000001,12.22,521.0,-0.2685498192433138,-0.058885583895007525,1.0846901919402292,1.883425925925926,19.5724599933515,285.47403108345657,0.0,0.0,0.0,0.0,0.0,0.0,0.0,0.0,0.0,0.0,10.561371882086167,-2.397002980021809,0.0,-17.909972824802967,1.2401999749894554,0.0,5.269324452003024,0.0
1.0,0.0,0.0,0.0,0.0,0.0,0.0,1.0,0.0,0.0,0.0,0.0,0.0,0.0,0.0,0.0,0.0,1.0,0.0,0.0,0.0,0.0,0.0,-3.463,10.351,4.345,521.0,-0.4761754155935014,0.010364896868792143,1.4743577170015232,2.36375,13.027703587438928,247.04466146303912,0.0,0.0,0.0,0.0,0.0,0.0,0.0,0.0,0.0,0.0,10.561371882086167,-2.9515258820853627,0.0,-18.696576966890966,1.2042447902448348,0.0,5.29037037037037,0.0
1.0,0.0,0.0,0.0,0.0,0.0,0.0,0.0,0.0,0.0,0.0,2.0,0.0,0.0,0.0,0.0,0.0,0.0,0.0,0.0,1.0,0.0,0.0,-4.474,8.626,2.985,605.0,-0.19301603895517683,0.010470359601165689,1.23426536486931,1.883425925925926,0.0,400.3694810692107,0.0,0.0,0.0,0.0,0.0,0.0,0.0,0.0,0.0,0.0,0.0,-2.5156746008845694,0.0,9.626110816588572,1.1552850015793878,0.0,5.046967592592592,0.0
1.0,0.0,0.0,0.0,0.0,0.0,0.0,0.0,0.0,0.0,0.0,2.0,0.0,0.0,0.0,0.0,0.0,0.0,0.0,0.0,0.0,0.0,0.0,-4.728,8.52,3.9,605.0,-0.11758339494551481,0.010888614011765822,1.2498320367054048,1.4341666666666666,0.0,463.2920152667882,0.0,0.0,0.0,0.0,0.0,0.0,0.0,0.0,0.0,0.0,0.0,-2.917320366481974,0.0,11.99403235881239,1.1547167026820406,0.0,5.109467592592592,1.0
1.0,0.0,0.0,0.0,0.0,0.0,0.0,0.0,0.0,0.0,0.0,2.0,0.0,0.0,0.0,0.0,0.0,0.0,0.0,0.0,2.0,0.0,0.0,-3.519,9.558,6.934,605.0,-0.07676210971601653,-0.14092231008359074,1.2612955673358865,1.883425925925926,25.683286491704038,367.9433718632787,0.0,0.0,0.0,0.0,0.0,0.0,0.0,0.0,0.0,0.0,0.0,-3.1696531446153213,0.0,14.281970670408143,1.1182308884596446,0.0,4.997800925925926,0.0
1.0,0.0,0.0,0.0,0.0,0.0,0.0,0.0,0.0,0.0,0.0,2.0,0.0,0.0,0.0,0.0,0.0,0.0,0.0,0.0,1.0,0.0,0.0,-4.438,8.631,2.808,605.0,0.08744932863672253,-0.15428211101414574,0.9868910818393177,1.883425925925926,6.923737199690624,381.8859311174301,0.0,0.0,0.0,0.0,0.0,0.0,0.0,0.0,0.0,0.0,0.0,-2.5214523811076504,0.0,12.258759373024148,1.1554067719936332,0.0,4.99796910430839,0.0
1.0,0.0,0.0,0.0,0.0,0.0,0.0,1.0,0.0,0.0,0.0,0.0,0.0,0.0,1.0,0.0,0.0,0.0,0.0,0.0,1.0,0.0,0.0,-4.772,10.098,5.141,791.0,-0.37305347787733595,0.14400600451082401,1.4579058204643294,1.883425925925926,13.847474399381248,291.2266167637663,0.0,0.0,0.0,0.0,0.0,0.0,0.0,0.0,0.0,0.0,27.810739795918366,-2.3886905041986344,0.0,-10.52265034506251,0.29926175169353786,1.0,4.99796910430839,0.0
1.0,0.0,0.0,0.0,0.0,0.0,0.0,1.0,0.0,0.0,0.0,0.0,0.0,0.0,1.0,0.0,0.0,0.0,0.0,0.0,0.0,0.0,0.0,-4.88,9.435,4.437,791.0,-0.33228718661875195,0.40332269468650156,1.4474892877115426,0.687824074074074,6.606881964512918,413.5467804997586,0.0,0.0,0.0,0.0,0.0,0.0,0.0,0.0,0.0,0.0,27.810739795918366,-2.9212939657184074,0.0,-9.178299782739856,0.2955048642764452,1.0,4.904259259259259,1.0
1.0,0.0,0.0,0.0,0.0,0.0,0.0,1.0,0.0,0.0,0.0,0.0,0.0,0.0,1.0,0.0,0.0,0.0,0.0,0.0,1.0,0.0,0.0,-4.972,8.762,3.749,791.0,0.15265710144751565,0.24364090495099414,1.0908206316717355,1.883425925925926,6.606881964512918,381.3968750590461,0.0,0.0,0.0,0.0,0.0,0.0,0.0,0.0,0.0,0.0,27.810739795918366,-2.3733951547285024,0.0,-9.947601289686279,0.2964909848380578,0.0,4.900787037037038,0.0
1.0,0.0,0.0,0.0,0.0,0.0,0.0,1.0,0.0,0.0,0.0,0.0,0.0,0.0,1.0,0.0,0.0,0.0,0.0,0.0,1.0,0.0,0.0,-4.601,9.797,4.308,791.0,-0.1308363771560793,0.23073289315711154,1.3253206958067103,1.883425925925926,6.606881964512918,359.06209263641153,0.0,0.0,0.0,0.0,0.0,0.0,0.0,0.0,0.0,0.0,27.810739795918366,-2.3776979243798793,0.0,-9.443076433909107,0.29926168839592304,1.0,4.935509259259259,0.0
0.0,0.0,1.0,0.0,0.0,0.0,0.0,0.0,0.0,0.0,0.0,0.0,0.0,0.0,0.0,0.0,0.0,0.0,1.0,0.0,2.0,0.0,0.0,-5.615,6.855,9.181,635.0,0.07012114320852592,0.5043493728647214,0.8522949329509253,1.883425925925926,12.965578028838586,217.53425741554292,1.0,0.0,0.0,0.0,0.0,0.0,0.0,0.0,0.0,0.0,0.0,-2.30856542190088,0.0,-5.0519194768731515,0.5769234062275443,0.0,4.99796910430839,0.0
0.0,0.0,1.0,0.0,0.0,0.0,0.0,0.0,0.0,0.0,0.0,0.0,0.0,0.0,0.0,0.0,0.0,0.0,1.0,0.0,1.0,0.0,0.0,-4.444,6.823,12.524,635.0,0.43116570490172496,0.6721986700828331,0.6095280743264069,1.883425925925926,0.0,185.83727314879116,0.0,0.0,0.0,0.0,0.0,0.0,0.0,0.0,0.0,0.0,0.0,-2.542659690701161,0.0,-6.872696231334699,0.6250809584217378,0.0,4.99796910430839,0.0
0.0,0.0,1.0,0.0,0.0,0.0,0.0,0.0,0.0,0.0,0.0,0.0,0.0,0.0,0.0,0.0,0.0,0.0,1.0,0.0,1.0,0.0,0.0,-4.1,8.15,8.252,635.0,0.2662866663740746,0.6157785950716844,0.8095532558146675,1.760138888888889,6.4208216229260096,162.25077253763493,0.0,0.0,0.0,0.0,0.0,0.0,0.0,0.0,0.0,0.0,0.0,-2.900535813957141,0.0,-7.373407057980854,0.6250808903284408,0.0,4.99796910430839,0.0
0.0,0.0,1.0,0.0,0.0,0.0,0.0,0.0,0.0,0.0,0.0,0.0,0.0,0.0,0.0,0.0,0.0,0.0,1.0,0.0,2.0,0.0,0.0,-4.067,8.172,6.24,635.0,0.35229883869523676,0.7327016080735933,0.5999532415731672,1.883425925925926,6.544756405912575,211.48154723814764,0.0,0.0,0.0,0.0,0.0,0.0,0.0,0.0,0.0,0.0,0.0,-2.6313928440029066,0.0,-6.872696231334699,0.6250808226725282,0.0,4.99796910430839,0.0
1.0,0.0,0.0,0.0,0.0,0.0,0.0,0.0,0.0,0.0,0.0,0.0,0.0,0.0,0.0,0.0,0.0,0.0,1.0,0.0,1.0,0.0,0.0,-5.361,8.754999999999999,2.69,603.0,0.08258740717641304,0.1414189204733866,1.193552321610723,1.883425925925926,0.0,423.07828015304244,0.0,0.0,0.0,0.0,0.0,0.0,0.0,0.0,0.0,0.0,0.0,-2.569928415620879,0.0,15.995745136918947,1.1473480450739268,0.0,4.99796910430839,0.0
1.0,0.0,0.0,0.0,0.0,0.0,0.0,0.0,0.0,0.0,0.0,0.0,0.0,0.0,0.0,0.0,0.0,0.0,1.0,0.0,0.0,0.0,0.0,-4.981,9.543,4.624,603.0,-0.2275148499835281,0.20522394700987487,1.554833871873268,1.5772685185185185,12.841643245852019,442.40038032046016,0.0,0.0,0.0,0.0,0.0,0.0,0.0,0.0,0.0,0.0,0.0,-3.0275918026114272,0.0,20.85400699643375,1.1314824964254333,0.0,4.99796910430839,1.0
1.0,0.0,0.0,0.0,0.0,0.0,0.0,0.0,0.0,0.0,0.0,0.0,0.0,0.0,0.0,0.0,0.0,0.0,1.0,0.0,1.0,0.0,0.0,-4.79,10.398,5.798,603.0,-0.3025937449082472,0.14488475380604673,1.1836077427142697,1.883425925925926,0.0,418.2785741709415,0.0,0.0,0.0,0.0,0.0,0.0,0.0,0.0,0.0,0.0,0.0,-2.568714227922141,0.0,18.586541223285355,1.14724674302076,0.0,4.99796910430839,0.0
1.0,0.0,0.0,0.0,0.0,0.0,0.0,0.0,0.0,0.0,0.0,0.0,0.0,0.0,0.0,0.0,0.0,0.0,1.0,0.0,2.0,0.0,0.0,-4.909,8.175,9.777,603.0,0.11137561033917474,0.12435117337933062,1.0044752598029092,1.883425925925926,0.0,514.5241351122447,0.0,0.0,0.0,0.0,0.0,0.0,0.0,0.0,0.0,0.0,0.0,-2.5714935912735464,0.0,19.908170486395985,1.1473488887113048,0.0,4.99796910430839,0.0
0.0,0.0,0.0,0.0,0.0,0.0,0.0,0.0,0.0,0.0,0.0,0.0,0.0,0.0,0.0,0.0,0.0,0.0,0.0,0.0,1.0,0.0,0.0,-3.968,9.92,6.377,589.0,-0.15503524856128015,0.07863845225765789,1.0670914534246578,1.883425925925926,25.18037091493942,501.7274652936251,0.0,0.0,0.0,0.0,0.0,0.0,0.0,0.0,0.0,0.0,0.0,-3.162167062348944,0.0,7.025932455242527,1.175782256738803,0.0,4.99796910430839,1.0
0.0,0.0,0.0,0.0,0.0,0.0,0.0,0.0,0.0,0.0,0.0,0.0,0.0,0.0,0.0,0.0,0.0,0.0,0.0,0.0,0.0,0.0,0.0,-5.361,7.324000000000001,14.522,589.0,0.0818727772157159,0.1958627301883229,0.8460262308630478,1.883425925925926,13.08951281182515,315.0360279297356,0.0,0.0,0.0,0.0,0.0,0.0,0.0,0.0,0.0,0.0,0.0,-2.4281569341359175,0.0,5.936651278003421,1.2252690798637995,0.0,4.99796910430839,1.0
0.0,0.0,0.0,0.0,0.0,0.0,0.0,0.0,0.0,0.0,0.0,0.0,0.0,0.0,0.0,0.0,0.0,0.0,0.0,0.0,0.0,0.0,0.0,-4.917,7.439999999999999,17.93,589.0,-0.0852749641281248,0.4168297741330167,0.8020805984607685,1.883425925925926,13.08951281182515,371.36334470776205,0.0,0.0,0.0,0.0,0.0,0.0,0.0,0.0,0.0,0.0,0.0,-2.614805613750907,0.0,5.936651278003469,1.2250131415909329,0.0,4.99796910430839,0.0
0.0,0.0,0.0,0.0,0.0,0.0,0.0,0.0,0.0,0.0,0.0,0.0,0.0,0.0,0.0,0.0,0.0,0.0,0.0,0.0,1.0,0.0,0.0,-4.252,8.539000000000001,6.474,589.0,-0.2237749957641064,0.13523029260868746,0.9157050200582686,1.883425925925926,19.007418857986544,340.9061486179687,0.0,0.0,0.0,0.0,0.0,0.0,0.0,0.0,0.0,0.0,0.0,-2.4469809672315934,0.0,4.022170997752831,1.225412967902959,0.0,4.99796910430839,1.0
0.0,0.0,1.0,0.0,0.0,0.0,0.0,1.0,0.0,0.0,0.0,0.0,0.0,0.0,0.0,0.0,0.0,0.0,0.0,0.0,0.0,0.0,0.0,-4.236,10.106000000000002,1.985,557.0,-0.2387646505255746,0.2868414991261331,1.4333913261569606,1.8849074074074075,13.213763929025836,463.728765503978,0.0,0.0,0.0,0.0,0.0,0.0,0.0,0.0,0.0,0.0,5.201173705593348,-2.934810069932301,0.0,20.602674434698805,1.2222253303041781,0.0,5.215062594482237,1.0
0.0,0.0,1.0,0.0,0.0,0.0,0.0,1.0,0.0,0.0,0.0,0.0,0.0,0.0,0.0,0.0,0.0,0.0,0.0,0.0,1.0,0.0,0.0,-4.817,8.58,2.592,557.0,-0.1221663316999458,0.19250471897222407,1.2084261850550002,1.883425925925926,19.255604758173796,277.10757741077487,0.0,0.0,0.0,0.0,0.0,0.0,0.0,0.0,0.0,0.0,5.201173705593348,-2.388332269292208,0.0,17.427538732884482,1.2259432885701675,0.0,5.228951483371127,0.0
0.0,0.0,1.0,0.0,0.0,0.0,0.0,1.0,0.0,0.0,0.0,0.0,0.0,0.0,0.0,0.0,0.0,0.0,0.0,0.0,1.0,0.0,0.0,-5.161,7.705,10.624,557.0,-0.13520209135700026,0.10364582254791349,1.1396573243826724,1.883425925925926,18.88348407499998,314.228952351463,0.0,0.0,0.0,0.0,0.0,0.0,0.0,0.0,0.0,0.0,5.201173705593348,-2.3901821838622546,0.0,18.963082319083156,1.2258571247895815,0.0,4.99796910430839,0.0
0.0,0.0,0.0,0.0,0.0,0.0,0.0,1.0,0.0,0.0,0.0,0.0,0.0,0.0,0.0,0.0,0.0,0.0,0.0,0.0,0.0,0.0,0.0,-5.612,8.176,3.225,615.0,0.9034610916529195,0.2777607889306626,0.561166438448186,1.883425925925926,12.238684400761038,416.56980026769077,0.0,0.0,0.0,0.0,0.0,0.0,0.0,0.0,0.0,0.0,1.4478703703703704,-2.273811715346624,0.0,-2.6607101536289672,1.2577241179244671,0.0,4.99796910430839,0.0
0.0,0.0,0.0,0.0,0.0,0.0,0.0,1.0,0.0,0.0,0.0,0.0,0.0,0.0,0.0,0.0,0.0,0.0,0.0,0.0,0.0,0.0,0.0,-5.627,8.936,3.061,615.0,0.5503441359019571,0.2544084824457743,0.6565198730338917,1.883425925925926,17.03322158483286,411.00418168218994,0.0,0.0,0.0,0.0,0.0,0.0,0.0,0.0,0.0,0.0,1.4478703703703704,-2.2704863534894715,0.0,-2.6607101536289663,1.257724198520981,0.0,4.99796910430839,0.0
0.0,0.0,0.0,0.0,0.0,0.0,0.0,1.0,0.0,0.0,0.0,0.0,0.0,0.0,0.0,0.0,0.0,0.0,0.0,0.0,0.0,0.0,0.0,-5.625,8.877,3.722,615.0,0.74368583726603,0.2145630984629957,0.7317236777160663,1.883425925925926,12.238684400761038,444.6551358021154,0.0,0.0,0.0,0.0,0.0,0.0,0.0,0.0,0.0,0.0,1.4478703703703704,-2.284711821488921,0.0,-4.574954456428963,1.257708483638973,0.0,4.99796910430839,0.0
0.0,1.0,0.0,0.0,0.0,0.0,0.0,1.0,0.0,0.0,0.0,0.0,1.0,0.0,0.0,0.0,0.0,0.0,0.0,0.0,0.0,0.0,0.0,-4.244,10.256,1.041,595.0,0.20272742421648174,0.22133129082932376,1.133542435323736,1.7850925925925927,5.917906046161393,463.02839980140493,0.0,0.0,0.0,0.0,0.0,0.0,0.0,0.0,0.0,0.0,0.0,-2.903742787679767,0.0,27.26328084232291,1.1848137232521565,0.0,4.99796910430839,1.0
0.0,1.0,0.0,0.0,0.0,0.0,0.0,1.0,0.0,0.0,0.0,0.0,1.0,0.0,0.0,0.0,0.0,0.0,0.0,0.0,1.0,0.0,0.0,-4.529,9.34,5.798,595.0,0.4513450810649574,0.1784244113714291,0.8994146129523132,1.883425925925926,6.544756405912575,398.63176335254616,0.0,0.0,0.0,0.0,0.0,0.0,0.0,0.0,0.0,0.0,0.0,-2.350820068164655,0.0,27.813488341438536,1.186169651805411,0.0,4.99796910430839,0.0
0.0,1.0,0.0,0.0,0.0,0.0,0.0,1.0,0.0,0.0,0.0,0.0,1.0,0.0,0.0,0.0,0.0,0.0,0.0,0.0,1.0,0.0,0.0,-4.341,9.685,5.983,595.0,0.4322173200847391,0.15073626046598787,1.0077555410533914,1.883425925925926,6.544756405912575,458.77596819746555,0.0,0.0,0.0,0.0,0.0,0.0,0.0,0.0,0.0,0.0,0.0,-2.3543534227939444,0.0,27.45304830563732,1.1861695724740606,0.0,4.99796910430839,0.0
1.0,0.0,0.0,0.0,0.0,0.0,0.0,0.0,0.0,0.0,0.0,0.0,0.0,0.0,0.0,0.0,0.0,0.0,0.0,0.0,1.0,0.0,0.0,-4.387,8.184999999999999,4.82,769.0,-0.49615752632085725,0.11614105478070536,1.4831551952236608,1.883425925925926,11.576906342078992,276.24606003442614,0.0,0.0,0.0,0.0,0.0,0.0,0.0,0.0,0.0,0.0,0.0,-2.394549596804106,0.0,15.62082780998806,0.6101646109321712,0.0,4.99796910430839,0.0
1.0,0.0,0.0,0.0,0.0,0.0,0.0,0.0,0.0,0.0,0.0,0.0,0.0,0.0,0.0,0.0,0.0,0.0,0.0,0.0,2.0,0.0,0.0,-5.539,7.402000000000001,5.249,769.0,-0.4766718276428114,0.10242009711635233,1.5474344278282595,1.883425925925926,0.0,312.7885097092851,0.0,0.0,0.0,0.0,0.0,0.0,0.0,0.0,0.0,0.0,0.0,-2.396353541318048,1.0,14.268421205065042,0.6100556643926617,0.0,4.99796910430839,0.0
1.0,0.0,0.0,0.0,0.0,0.0,0.0,0.0,0.0,0.0,0.0,0.0,0.0,0.0,0.0,0.0,0.0,0.0,0.0,0.0,0.0,0.0,0.0,-4.287,8.530999999999999,4.452,769.0,-0.7714398066697056,0.19335521744590972,1.7699090036087293,1.6180555555555556,11.576906342078992,345.4692101421533,0.0,0.0,0.0,0.0,0.0,0.0,0.0,0.0,0.0,0.0,0.0,-2.8919424850155377,0.0,13.46401966132805,0.610161702567396,0.0,4.99796910430839,1.0
1.0,0.0,0.0,0.0,0.0,0.0,0.0,0.0,0.0,0.0,0.0,0.0,0.0,0.0,0.0,0.0,0.0,0.0,0.0,0.0,1.0,0.0,0.0,-3.606,8.536,11.266,769.0,-0.8839104916642292,0.21652849051160777,1.7908924434011548,1.883425925925926,17.997727965005,320.12754635082956,0.0,0.0,0.0,0.0,0.0,0.0,0.0,0.0,0.0,0.0,0.0,-2.66544643797158,0.0,15.772370385172058,0.6101644498245711,0.0,4.99796910430839,0.0
0.0,0.0,0.0,0.0,0.0,0.0,0.0,0.0,0.0,0.0,0.0,0.0,0.0,0.0,0.0,0.0,0.0,0.0,0.0,0.0,0.0,0.0,0.0,-4.31,9.729,0.858,577.0,-0.1338496351037213,0.288144562023737,1.2729151022652765,2.113472222222222,12.263210640074686,359.4672580052618,0.0,0.0,0.0,0.0,0.0,0.0,0.0,0.0,0.0,0.0,0.0,-2.7804306496717657,0.0,2.826676890321064,1.242534926172817,0.0,4.99796910430839,0.0
0.0,0.0,0.0,0.0,0.0,0.0,0.0,0.0,0.0,0.0,0.0,0.0,0.0,0.0,0.0,0.0,0.0,0.0,0.0,0.0,2.0,0.0,0.0,-4.929,8.049999999999999,10.268,577.0,0.0035577998473382833,0.2349812915577102,1.1669281773715598,1.883425925925926,6.06636706846161,172.2029328716717,0.0,0.0,0.0,0.0,0.0,0.0,0.0,0.0,0.0,0.0,0.0,-2.1417020442959163,1.0,3.4722039348964358,1.242736180329855,0.0,4.99796910430839,0.0
0.0,0.0,0.0,0.0,0.0,0.0,0.0,0.0,0.0,0.0,0.0,0.0,0.0,0.0,0.0,0.0,0.0,0.0,0.0,0.0,1.0,0.0,0.0,-4.505,8.469000000000001,2.444,577.0,-0.15905213528975412,0.24801427545272836,1.2847572127729194,1.883425925925926,25.58324322337767,270.52944588935134,0.0,0.0,0.0,0.0,0.0,0.0,0.0,0.0,0.0,0.0,0.0,-2.0872637236609,0.0,4.515004037994879,1.2414763150619448,0.0,4.99796910430839,0.0
0.0,0.0,0.0,0.0,0.0,0.0,0.0,1.0,0.0,0.0,0.0,0.0,0.0,0.0,0.0,0.0,1.0,0.0,0.0,0.0,0.0,0.0,0.0,-5.294,6.578,13.645,495.0,0.14412756910398258,0.2023862317425173,0.7939987643863144,1.883425925925926,26.434071634441786,285.08087259737204,0.0,0.0,0.0,0.0,0.0,0.0,0.0,0.0,0.0,0.0,0.0,-2.2386300735903957,0.0,16.087768011641092,1.219449319882372,0.0,4.99796910430839,0.0
0.0,0.0,0.0,0.0,0.0,0.0,0.0,1.0,0.0,0.0,0.0,0.0,0.0,0.0,0.0,0.0,1.0,0.0,0.0,0.0,1.0,0.0,0.0,-3.197,11.024,1.673,495.0,0.16133328553490695,-0.03667712382889503,0.767058821774079,1.883425925925926,18.75954929201341,248.13037309185984,0.0,0.0,0.0,0.0,0.0,0.0,0.0,0.0,0.0,0.0,0.0,-3.099396644485928,0.0,13.704290917013306,1.2037305928841555,0.0,4.99796910430839,0.0
0.0,0.0,0.0,0.0,0.0,0.0,0.0,0.0,0.0,0.0,1.0,0.0,0.0,0.0,0.0,0.0,0.0,0.0,0.0,0.0,0.0,0.0,0.0,-2.964,11.199,5.016,581.0,0.14812233216373835,0.17196575707956327,1.2772439639677091,2.307962962962963,12.338727669087403,412.360182078075,0.0,0.0,0.0,0.0,1.0,0.0,0.0,0.0,0.0,0.0,0.0,-2.9518030225701923,0.0,23.359727166046344,1.1582954432080543,0.0,4.99796910430839,1.0
0.0,0.0,0.0,0.0,0.0,0.0,0.0,0.0,0.0,0.0,1.0,0.0,0.0,0.0,0.0,0.0,0.0,0.0,0.0,0.0,1.0,0.0,0.0,-4.688,7.370999999999999,13.564,581.0,0.061553480175834896,0.44300943275276605,0.9444053270754835,1.883425925925926,12.586597235060536,449.9355642015689,0.0,0.0,0.0,0.0,1.0,0.0,0.0,0.0,0.0,0.0,0.0,-2.653998976402773,0.0,23.193870418573812,1.168559036612496,0.0,4.99796910430839,0.0
0.0,0.0,0.0,0.0,0.0,0.0,0.0,0.0,0.0,0.0,1.0,0.0,0.0,0.0,0.0,0.0,0.0,0.0,0.0,0.0,1.0,0.0,0.0,-5.013,7.033,14.655,581.0,0.27745782135562874,0.20289543077278546,0.9197519183810651,1.883425925925926,12.586597235060536,406.51587857640516,0.0,0.0,0.0,0.0,1.0,0.0,0.0,0.0,0.0,0.0,0.0,-2.494430320847833,0.0,23.19387041857376,1.1687147775980464,0.0,4.99796910430839,1.0
0.0,0.0,0.0,0.0,0.0,0.0,0.0,0.0,0.0,0.0,0.0,0.0,0.0,0.0,0.0,0.0,0.0,0.0,0.0,0.0,2.0,0.0,0.0,-3.429,9.966,4.383,581.0,-0.20779044871657193,0.03553372609916706,1.0003368440814584,1.883425925925926,12.841643245852017,234.6101666396612,0.0,0.0,0.0,0.0,0.0,0.0,0.0,0.0,0.0,0.0,0.0,-3.0973021499842304,0.0,-2.027392102603081,1.1915328151939795,0.0,4.99796910430839,0.0
0.0,0.0,0.0,0.0,0.0,0.0,0.0,0.0,0.0,0.0,0.0,0.0,0.0,0.0,0.0,0.0,0.0,0.0,0.0,0.0,1.0,0.0,0.0,-4.95,6.935,12.026,581.0,0.02327381909901995,0.21691492568352266,0.8077994694179964,1.883425925925926,19.634269217737724,421.5393774325121,0.0,0.0,0.0,0.0,0.0,0.0,0.0,0.0,0.0,0.0,0.0,-2.3250052734781046,0.0,-1.7658628996093533,1.1990596916266554,0.0,4.99796910430839,0.0
0.0,0.0,0.0,0.0,0.0,0.0,0.0,0.0,0.0,0.0,0.0,0.0,0.0,0.0,0.0,0.0,0.0,0.0,0.0,0.0,0.0,0.0,0.0,-4.638,7.681000000000001,9.877,581.0,-0.2380094141804091,0.3234609101198317,1.0365776025460869,1.7784738756613756,13.08951281182515,267.7008432948164,0.0,0.0,0.0,0.0,0.0,0.0,0.0,0.0,0.0,0.0,0.0,-2.8814230192685355,0.0,-3.686426890439772,1.1990592539191964,0.0,4.99796910430839,1.0
1.0,0.0,0.0,0.0,0.0,0.0,0.0,0.0,0.0,0.0,0.0,0.0,0.0,0.0,0.0,0.0,1.0,0.0,0.0,0.0,0.0,0.0,0.0,-3.793,9.832,4.681,569.0,0.12173298884822567,0.12875296389844124,1.035587986406131,2.1864351851851853,6.4208216229260096,248.87933279549156,0.0,0.0,0.0,0.0,1.0,0.0,0.0,0.0,0.0,0.0,5.4935723733938016,-2.9150085431248915,0.0,0.1677222234189495,1.1800271053056037,0.0,5.5248223733938016,1.0
1.0,0.0,0.0,0.0,0.0,0.0,0.0,0.0,0.0,0.0,0.0,0.0,0.0,0.0,0.0,0.0,1.0,0.0,0.0,0.0,1.0,0.0,0.0,-5.029,7.59,11.071,569.0,0.04367449432703535,0.0638871711090766,0.983859355244155,1.883425925925926,25.807221274690605,326.83393017663366,0.0,0.0,0.0,0.0,1.0,0.0,0.0,0.0,0.0,0.0,5.4935723733938016,-2.379998092085837,0.0,-1.1183946540148302,1.1918934312140492,0.0,4.99796910430839,1.0
1.0,0.0,0.0,0.0,0.0,0.0,0.0,0.0,0.0,0.0,0.0,0.0,0.0,0.0,0.0,0.0,1.0,0.0,0.0,0.0,1.0,0.0,0.0,-4.918,7.0680000000000005,19.007,569.0,0.21255865413006844,0.3638962664391853,0.7111141217687739,1.883425925925926,19.193479199573453,358.7259164961754,0.0,0.0,0.0,0.0,1.0,0.0,0.0,0.0,0.0,0.0,5.4935723733938016,-2.5740458522277083,0.0,0.12404041566313428,1.1930353797771664,0.0,5.5091973733938016,0.0
1.0,0.0,0.0,0.0,0.0,0.0,0.0,0.0,0.0,0.0,0.0,0.0,0.0,0.0,0.0,0.0,1.0,0.0,0.0,0.0,1.0,0.0,0.0,-4.914,7.698,11.717,569.0,0.41841925205270536,0.1821201280583254,0.7512754488155066,1.883425925925926,19.193479199573453,358.2432664680425,0.0,0.0,0.0,0.0,1.0,0.0,0.0,0.0,0.0,0.0,5.4935723733938016,-2.3732345299148103,0.0,0.12404041566313495,1.193035399246694,0.0,5.5091973733938016,1.0
1.0,0.0,0.0,0.0,0.0,0.0,0.0,0.0,0.0,0.0,0.0,0.0,0.0,0.0,0.0,0.0,0.0,0.0,0.0,0.0,1.0,0.0,0.0,-4.282,9.239,4.925,605.0,-0.6997735132137168,0.14251303722698527,1.6315486465024671,1.883425925925926,26.31013685145522,449.4841920973712,0.0,0.0,0.0,0.0,0.0,1.0,0.0,0.0,0.0,0.0,0.0,-2.437369445002255,0.0,7.891843415244716,1.1777679586679624,0.0,4.99796910430839,0.0
1.0,0.0,0.0,0.0,0.0,0.0,0.0,0.0,0.0,0.0,0.0,0.0,0.0,0.0,0.0,0.0,0.0,0.0,0.0,0.0,1.0,0.0,0.0,-4.936,9.748,11.065,605.0,-0.39250116562103227,0.086186629746028,1.338905989160326,1.883425925925926,12.965578028838586,267.2785389602741,0.0,0.0,0.0,0.0,0.0,1.0,0.0,0.0,0.0,0.0,0.0,-2.4408358603478426,0.0,8.487188566184551,1.1791230923578149,0.0,4.99796910430839,0.0
1.0,0.0,0.0,0.0,0.0,0.0,0.0,0.0,0.0,0.0,0.0,0.0,0.0,0.0,0.0,0.0,0.0,0.0,0.0,0.0,0.0,0.0,0.0,-4.561,10.457,5.325,605.0,-0.46908992487674794,0.15615555349644125,1.5065278758561926,1.5286451247165531,6.4208216229260096,390.5731695035315,0.0,0.0,0.0,0.0,0.0,1.0,0.0,0.0,0.0,0.0,0.0,-2.917002255636164,0.0,8.487188566184551,1.1782349893487982,0.0,4.99796910430839,1.0
1.0,0.0,0.0,0.0,0.0,0.0,0.0,0.0,0.0,0.0,0.0,0.0,0.0,0.0,0.0,0.0,0.0,0.0,0.0,0.0,2.0,0.0,0.0,-4.293,8.985,8.83,605.0,-0.17619899855142668,0.08376215893642484,1.1588809952197967,1.883425925925926,6.544756405912575,360.16803552538454,0.0,0.0,0.0,0.0,0.0,1.0,0.0,0.0,0.0,0.0,0.0,-2.4374680107414943,0.0,7.045195788626492,1.1792708674534202,0.0,4.99796910430839,0.0
1.0,0.0,0.0,0.0,0.0,0.0,0.0,0.0,0.0,0.0,0.0,0.0,0.0,0.0,0.0,0.0,0.0,0.0,0.0,1.0,0.0,0.0,0.0,-5.013,9.533,6.585,603.0,0.05966787789893324,0.11463347369758167,1.0585787768773254,1.883425925925926,6.041840829147961,563.2352572524585,0.0,0.0,0.0,0.0,0.0,0.0,0.0,0.0,0.0,0.0,0.0,-2.382014180075335,0.0,9.594452179569156,1.2293799073698162,0.0,4.99796910430839,0.0
1.0,0.0,0.0,0.0,0.0,0.0,0.0,0.0,0.0,0.0,0.0,0.0,0.0,0.0,0.0,0.0,0.0,0.0,0.0,1.0,1.0,0.0,0.0,-4.79,8.341999999999999,7.993,603.0,0.145529076020496,0.10694691156421209,0.8403804772370377,1.883425925925926,12.586597235060536,492.1065606158202,0.0,0.0,0.0,0.0,0.0,0.0,0.0,0.0,0.0,0.0,0.0,-2.397393873322885,0.0,12.067752765174374,1.2293812091613256,0.0,4.99796910430839,0.0
1.0,0.0,0.0,0.0,0.0,0.0,0.0,0.0,0.0,0.0,0.0,0.0,0.0,0.0,0.0,0.0,0.0,0.0,0.0,1.0,1.0,0.0,0.0,-4.403,10.602,4.608,603.0,-0.08675204238263211,0.05892511234023476,1.2368130397909025,1.883425925925926,6.4208216229260096,402.2892131774479,0.0,0.0,0.0,0.0,0.0,0.0,0.0,0.0,0.0,0.0,0.0,-3.1644683686303354,0.0,12.054172765964244,1.1822828755250014,0.0,4.99796910430839,0.0
1.0,0.0,0.0,0.0,0.0,0.0,0.0,0.0,0.0,0.0,0.0,0.0,0.0,0.0,0.0,0.0,0.0,0.0,0.0,1.0,0.0,0.0,0.0,-5.493,8.305,11.258,603.0,-0.12930514896304446,0.1322912932223512,1.108967135531582,1.883425925925926,12.462662452073971,440.11589502950176,0.0,0.0,0.0,0.0,0.0,0.0,0.0,0.0,0.0,0.0,0.0,-2.378758972270964,0.0,8.827290483567953,1.2285802784638402,0.0,4.99796910430839,0.0
0.0,0.0,0.0,0.0,0.0,0.0,0.0,0.0,0.0,0.0,0.0,0.0,0.0,0.0,0.0,0.0,0.0,0.0,0.0,0.0,0.0,0.0,0.0,-3.048,11.191,2.359,533.0,-0.1252663566283955,0.10384583409835484,1.2632132502751794,2.413240740740741,5.917906046161393,261.96225650649035,0.0,0.0,1.0,0.0,0.0,0.0,0.0,0.0,0.0,0.0,0.0,-2.8454713124542614,0.0,6.552283161058929,1.2055826660894111,0.0,4.99796910430839,0.0
0.0,0.0,0.0,0.0,0.0,0.0,0.0,0.0,0.0,0.0,0.0,0.0,0.0,0.0,0.0,0.0,0.0,0.0,0.0,0.0,1.0,0.0,0.0,-5.093,7.141,11.912,533.0,-0.11196885668832794,0.19178841908379649,1.2131792835266089,1.883425925925926,12.841643245852019,392.40127151758975,0.0,0.0,1.0,0.0,0.0,0.0,0.0,0.0,0.0,0.0,0.0,-2.1957731622692567,0.0,7.669245426994273,1.2078099847227788,0.0,4.99796910430839,0.0
0.0,0.0,0.0,0.0,0.0,0.0,0.0,0.0,0.0,0.0,0.0,0.0,0.0,0.0,0.0,1.0,0.0,0.0,0.0,0.0,0.0,0.0,0.0,-5.263,9.374,1.912,563.0,0.6145614051213583,0.40543125813511344,1.0496495119220983,1.883425925925926,6.041840829147961,336.11550578422475,0.0,0.0,0.0,0.0,0.0,0.0,0.0,0.0,0.0,0.0,1.3741666666666665,-2.212614870029638,0.0,-0.7803486954744193,1.2588925169039087,0.0,4.99796910430839,0.0
0.0,0.0,0.0,0.0,0.0,0.0,0.0,0.0,0.0,0.0,0.0,0.0,0.0,0.0,0.0,1.0,0.0,0.0,0.0,0.0,1.0,0.0,0.0,-5.067,9.254,6.865,563.0,0.4784734147800855,0.5235630075924093,1.2273246023983335,1.883425925925926,6.4208216229260096,312.76441283540316,0.0,0.0,0.0,0.0,0.0,0.0,0.0,0.0,0.0,0.0,1.3741666666666665,-2.2743485074609313,1.0,0.793218700328548,1.2588278394193853,0.0,4.99796910430839,0.0
0.0,0.0,0.0,0.0,0.0,0.0,0.0,0.0,0.0,0.0,0.0,0.0,0.0,0.0,0.0,1.0,0.0,0.0,0.0,0.0,0.0,0.0,0.0,-6.091,7.768,7.567,563.0,0.6288869093106281,0.5303473147124786,0.9904789161102233,1.883425925925926,12.10820789760957,322.8719951404055,0.0,0.0,0.0,0.0,0.0,0.0,0.0,0.0,0.0,0.0,1.3741666666666665,-2.196664997353987,0.0,-3.1894574037128827,1.258901242067649,0.0,4.99796910430839,0.0
0.0,0.0,0.0,0.0,0.0,0.0,0.0,0.0,0.0,0.0,0.0,0.0,0.0,0.0,0.0,0.0,0.0,0.0,0.0,0.0,2.0,0.0,0.0,-5.907,8.813,9.879,551.0,1.1020870166990007,0.3056067020601473,0.5696400312793838,1.883425925925926,6.4208216229260096,239.4035632981388,0.0,0.0,0.0,0.0,0.0,0.0,0.0,0.0,0.0,0.0,0.0,-2.2674277436400914,2.0,2.581494333379956,1.4210594284545297,0.0,4.99796910430839,0.0
0.0,0.0,0.0,0.0,0.0,0.0,0.0,0.0,0.0,0.0,0.0,0.0,0.0,0.0,0.0,0.0,0.0,0.0,0.0,0.0,1.0,0.0,0.0,-6.095,9.248,4.943,551.0,0.8898070412166582,0.3043210258505922,0.617929387613415,1.883425925925926,11.21535880699783,221.25715070382955,0.0,0.0,0.0,0.0,0.0,0.0,0.0,0.0,0.0,0.0,0.0,-2.191981567330875,1.0,2.895778293395121,1.427693972828302,0.0,4.99796910430839,0.0
0.0,0.0,0.0,0.0,0.0,0.0,0.0,0.0,0.0,0.0,0.0,0.0,0.0,0.0,0.0,0.0,0.0,0.0,0.0,0.0,1.0,0.0,0.0,-6.097,9.305,4.654,551.0,1.2309179430524047,0.28170989133606816,0.6254279366820075,1.883425925925926,6.4208216229260096,234.03157641452242,0.0,0.0,0.0,0.0,0.0,0.0,0.0,0.0,0.0,0.0,0.0,-2.207621241735404,1.0,1.1312335905381095,1.4275843612523937,0.0,4.99796910430839,0.0
0.0,0.0,0.0,0.0,0.0,0.0,0.0,0.0,0.0,0.0,0.0,0.0,0.0,0.0,0.0,0.0,0.0,0.0,0.0,0.0,1.0,0.0,0.0,-5.877,8.655000000000001,2.753,551.0,1.2733636548293987,0.33358589185197174,0.49384564748188875,1.883425925925926,6.4208216229260096,231.39730873847452,0.0,0.0,0.0,0.0,0.0,0.0,0.0,0.0,0.0,0.0,0.0,-2.1981540200472307,1.0,2.8957782933951224,1.4276808248973154,0.0,4.99796910430839,0.0
1.0,0.0,0.0,0.0,0.0,0.0,0.0,0.0,0.0,0.0,0.0,0.0,0.0,0.0,0.0,0.0,0.0,0.0,0.0,0.0,1.0,0.0,0.0,-5.286,9.259,2.895,593.0,-0.84711080444648,-0.014772162175501329,1.331074312342262,1.883425925925926,6.4208216229260096,366.60642069918254,0.0,0.0,0.0,0.0,0.0,0.0,0.0,0.0,0.0,0.0,0.0,-3.172366006388952,0.0,-13.686231219784482,1.161157211878802,0.0,4.99796910430839,1.0
1.0,0.0,0.0,0.0,0.0,0.0,0.0,0.0,0.0,0.0,0.0,0.0,0.0,0.0,0.0,0.0,0.0,0.0,0.0,0.0,0.0,0.0,0.0,-5.377,8.056000000000001,7.494,593.0,-0.6609021867413711,0.04815907474060967,1.144980860834412,1.883425925925926,7.04767198267719,346.21113130343224,0.0,0.0,0.0,0.0,0.0,0.0,0.0,0.0,0.0,0.0,0.0,-2.4643608919087985,0.0,-18.282477836333598,1.1935007821154144,0.0,4.99796910430839,1.0
1.0,0.0,0.0,0.0,0.0,0.0,0.0,0.0,0.0,0.0,0.0,0.0,0.0,0.0,0.0,0.0,0.0,0.0,0.0,0.0,0.0,0.0,0.0,-4.98,9.447,2.162,593.0,-0.7305027666355791,0.060016306547622376,1.2136662218108116,1.883425925925926,13.4684936056032,318.9176437079045,0.0,0.0,0.0,0.0,0.0,0.0,0.0,0.0,0.0,0.0,0.0,-2.462868093511761,0.0,-16.846758821282144,1.1927492838141405,0.0,4.99796910430839,1.0
1.0,0.0,0.0,0.0,0.0,0.0,0.0,0.0,0.0,0.0,0.0,0.0,0.0,0.0,0.0,0.0,0.0,0.0,0.0,0.0,0.0,0.0,0.0,-5.38,7.840000000000001,9.937,593.0,-0.8509420069759351,0.19394712840321204,1.2259393494126518,1.883425925925926,7.04767198267719,315.14450878916693,0.0,0.0,0.0,0.0,0.0,0.0,0.0,0.0,0.0,0.0,0.0,-2.6463157678106053,0.0,-18.282477836333598,1.193500647641283,0.0,4.99796910430839,0.0
1.0,0.0,0.0,0.0,0.0,0.0,0.0,0.0,0.0,0.0,0.0,0.0,0.0,0.0,0.0,0.0,0.0,0.0,0.0,0.0,0.0,0.0,0.0,-4.809,9.489,5.438,593.0,-0.8944602484109008,0.035475602949594,1.1845784699773232,1.883425925925926,7.04767198267719,447.98355779990334,0.0,0.0,0.0,0.0,0.0,0.0,0.0,0.0,0.0,0.0,0.0,-2.465299631143032,0.0,-16.12889931375643,1.1934993055419583,0.0,4.99796910430839,1.0
1.0,0.0,0.0,0.0,0.0,0.0,0.0,0.0,0.0,0.0,0.0,0.0,0.0,0.0,0.0,0.0,0.0,0.0,0.0,0.0,2.0,0.0,0.0,-3.911,9.702,10.109,467.0,-0.185211917929226,-0.05106486901086702,1.164526465210576,1.883425925925926,6.544756405912575,202.65651405362928,0.0,0.0,0.0,0.0,0.0,0.0,0.0,0.0,0.0,0.0,0.0,-3.06640205360003,0.0,10.05051477527862,1.238884648075068,0.0,4.99796910430839,0.0
1.0,0.0,0.0,0.0,0.0,0.0,0.0,0.0,0.0,0.0,0.0,0.0,0.0,0.0,0.0,0.0,0.0,0.0,0.0,0.0,1.0,0.0,0.0,-4.482,9.25,3.525,467.0,-0.13707622985903628,0.12675668413085,1.1696539475477135,1.883425925925926,6.544756405912575,152.137791257647,0.0,0.0,0.0,0.0,0.0,0.0,0.0,0.0,0.0,0.0,0.0,-2.341652940107812,0.0,8.32419723451255,1.2388885443727264,0.0,4.99796910430839,0.0
1.0,0.0,0.0,0.0,0.0,0.0,0.0,0.0,0.0,0.0,0.0,0.0,0.0,0.0,0.0,0.0,0.0,0.0,0.0,0.0,0.0,0.0,0.0,-4.352,9.272,3.381,467.0,-0.2919693045826019,0.20737596533829922,1.3244616692194044,1.8449074074074074,5.917906046161393,242.1057800817449,0.0,0.0,0.0,0.0,0.0,0.0,0.0,0.0,0.0,0.0,0.0,-2.8959080223097176,0.0,10.088880542822023,1.234558998450059,0.0,4.99796910430839,1.0
0.0,0.0,0.0,0.0,0.0,0.0,1.0,0.0,0.0,0.0,1.0,0.0,0.0,0.0,0.0,0.0,0.0,0.0,0.0,0.0,3.0,0.0,0.0,-5.165,6.316,10.502,589.0,-0.05887875684366278,0.09194045945638732,0.7225807250344184,1.883425925925926,17.182363466596957,307.75201140308263,0.0,0.0,0.0,0.0,0.0,0.0,0.0,0.0,0.0,0.0,0.0,-2.4692008498012346,2.0,-30.51218854452661,1.1804731804407191,0.0,4.99796910430839,0.0
0.0,0.0,0.0,0.0,0.0,0.0,1.0,0.0,0.0,0.0,1.0,0.0,0.0,0.0,0.0,0.0,0.0,0.0,0.0,0.0,3.0,0.0,0.0,-5.314,6.077,9.992,589.0,-0.11040758683647901,-0.09223540711393968,0.7694847571992034,1.883425925925926,12.08368165829592,334.90196851804967,0.0,0.0,0.0,0.0,0.0,0.0,0.0,0.0,0.0,0.0,0.0,-2.4698059267059747,2.0,-30.51218854452661,1.1804732034896503,0.0,4.99796910430839,0.0
0.0,0.0,0.0,0.0,0.0,0.0,1.0,0.0,0.0,0.0,1.0,0.0,0.0,0.0,0.0,0.0,0.0,0.0,0.0,0.0,1.0,0.0,0.0,-3.43,8.824,2.855,589.0,-0.4181667587963047,0.048531641210675235,1.1365480577529135,2.2600925925925925,0.0,293.06283983303547,0.0,0.0,0.0,0.0,0.0,0.0,0.0,0.0,0.0,0.0,0.0,-2.952371449654972,1.0,-31.849296723880215,1.1591544418797146,0.0,4.99796910430839,0.0
0.0,0.0,0.0,0.0,0.0,0.0,1.0,0.0,0.0,0.0,1.0,0.0,0.0,0.0,0.0,0.0,0.0,0.0,0.0,0.0,3.0,0.0,0.0,-3.583,9.058,11.117,589.0,-0.12244148053691435,-0.1116715501017667,0.7991698250772146,1.883425925925926,0.0,289.95369394418776,0.0,0.0,0.0,0.0,0.0,0.0,0.0,0.0,0.0,0.0,0.0,-3.0785583110440364,1.0,-29.122154164976408,1.173659167240814,0.0,4.99796910430839,0.0
0.0,0.0,0.0,0.0,0.0,0.0,0.0,0.0,0.0,0.0,0.0,0.0,0.0,0.0,0.0,0.0,0.0,0.0,0.0,0.0,2.0,0.0,0.0,-3.528,9.723,7.622,405.0,-0.08231769232768761,-0.09941680112917425,0.7973984973003782,1.883425925925926,12.586597235060536,198.34712945395518,0.0,0.0,0.0,0.0,0.0,0.0,0.0,0.0,0.0,0.0,0.0,-3.0609881857188665,0.0,3.2185881825086256,1.226623040125158,0.0,4.99796910430839,0.0
0.0,0.0,0.0,0.0,0.0,0.0,0.0,0.0,0.0,0.0,0.0,0.0,0.0,0.0,0.0,0.0,0.0,0.0,0.0,0.0,0.0,0.0,0.0,-3.734,8.578,5.441,405.0,-0.23423468205206727,0.09158789203884438,1.2083130104814115,2.4895833333333335,6.544756405912575,156.19122978293274,0.0,0.0,0.0,0.0,0.0,0.0,0.0,0.0,0.0,0.0,0.0,-2.921144584118766,0.0,2.5352570450351304,1.2067398684865014,0.0,4.99796910430839,0.0
0.0,0.0,0.0,0.0,0.0,0.0,0.0,0.0,0.0,0.0,0.0,0.0,0.0,0.0,0.0,0.0,0.0,0.0,0.0,0.0,2.0,0.0,0.0,-3.694,7.745999999999999,12.259,565.0,0.11077848652457241,-0.09918149352186376,0.936914437853599,1.883425925925926,24.59516907777068,359.7022928936153,0.0,0.0,0.0,0.0,0.0,0.0,0.0,0.0,0.0,0.0,0.0,-3.0983524711716677,0.0,8.790730209946858,1.1824620358538982,0.0,4.99796910430839,0.0
0.0,0.0,0.0,0.0,0.0,0.0,0.0,0.0,0.0,0.0,0.0,0.0,0.0,0.0,0.0,0.0,0.0,0.0,0.0,0.0,2.0,0.0,1.0,-4.773,7.141,4.968,565.0,0.0027757776090757396,-0.116083342584147,1.2220099281497145,1.883425925925926,18.88348407499998,473.0934036646854,0.0,0.0,0.0,0.0,0.0,0.0,0.0,0.0,0.0,0.0,0.0,-2.839404944006953,0.0,10.816144293320333,1.2322359569364978,0.0,4.99796910430839,0.0
0.0,0.0,0.0,0.0,0.0,0.0,0.0,0.0,0.0,0.0,0.0,0.0,0.0,0.0,0.0,0.0,0.0,0.0,0.0,0.0,0.0,0.0,0.0,-4.036,7.493,9.22,565.0,0.03911182792881542,0.08191389938639415,0.9619341278488961,2.1878703703703706,25.30430569792599,341.84253629105797,0.0,0.0,0.0,0.0,0.0,0.0,0.0,0.0,0.0,0.0,0.0,-2.8004219354210065,0.0,7.517249275862915,1.2325980847008415,0.0,4.99796910430839,0.0
0.0,0.0,0.0,0.0,0.0,0.0,0.0,0.0,0.0,0.0,0.0,0.0,0.0,0.0,0.0,0.0,0.0,0.0,0.0,0.0,2.0,0.0,0.0,-5.809,8.133,17.216,605.0,-0.0525573326524134,-0.04881414203907418,0.9003114272459796,1.883425925925926,0.0,195.85294156688292,0.0,0.0,0.0,0.0,0.0,0.0,0.0,0.0,0.0,0.0,0.0,-3.002011476316133,1.0,-2.2454801405943137,1.2718564112525714,0.0,4.99796910430839,0.0
0.0,0.0,0.0,0.0,0.0,0.0,0.0,0.0,0.0,0.0,0.0,0.0,0.0,0.0,0.0,0.0,0.0,0.0,0.0,0.0,2.0,0.0,0.0,-5.89,7.251,10.584,605.0,-0.44670208779500176,-0.011275567960226657,1.2534791347496201,1.883425925925926,14.09534396535438,192.5204597326624,0.0,0.0,0.0,0.0,0.0,0.0,0.0,0.0,0.0,0.0,0.0,-2.161765717574694,2.0,-1.9344541074508759,1.4947086399006375,0.0,4.99796910430839,0.0
0.0,0.0,0.0,0.0,0.0,0.0,0.0,0.0,0.0,0.0,0.0,0.0,0.0,0.0,0.0,0.0,0.0,0.0,0.0,0.0,2.0,0.0,0.0,-5.397,7.188000000000001,3.751,605.0,-0.06872504885610652,0.11400905337170347,0.8997986934885754,1.883425925925926,14.09534396535438,191.89083082134357,0.0,0.0,0.0,0.0,0.0,0.0,0.0,0.0,0.0,0.0,0.0,-2.1168002573939564,2.0,-1.6954129813853922,1.501260349539516,0.0,4.99796910430839,0.0
0.0,0.0,0.0,0.0,0.0,0.0,0.0,0.0,0.0,0.0,0.0,0.0,0.0,0.0,0.0,0.0,0.0,0.0,0.0,0.0,2.0,0.0,0.0,-5.464,6.696,3.109,605.0,0.09602522296030741,0.020219285353563446,0.7252138658494974,1.883425925925926,14.09534396535438,193.06744086102253,0.0,0.0,0.0,0.0,0.0,0.0,0.0,0.0,0.0,0.0,0.0,-2.1049225615988094,2.0,-1.8627417696312298,1.514673233535512,0.0,4.99796910430839,0.0
0.0,0.0,0.0,0.0,0.0,0.0,0.0,0.0,0.0,0.0,0.0,0.0,0.0,0.0,0.0,0.0,0.0,0.0,0.0,0.0,2.0,0.0,0.0,-5.561,6.798,5.742,605.0,0.010644084338568964,-0.12527188144114917,0.742488869228728,1.883425925925926,14.09534396535438,196.8737731713402,0.0,0.0,0.0,0.0,0.0,0.0,0.0,0.0,0.0,0.0,0.0,-2.1049225615988068,2.0,-1.8627417696312298,1.514498913330632,0.0,4.99796910430839,0.0
0.0,0.0,0.0,0.0,0.0,0.0,0.0,0.0,0.0,0.0,0.0,0.0,0.0,0.0,0.0,0.0,0.0,0.0,0.0,0.0,2.0,0.0,0.0,-5.673,7.648,16.334,605.0,0.021871896533858723,-0.030879623109817733,0.9024839113413665,1.883425925925926,0.0,195.4527059746988,0.0,0.0,0.0,0.0,0.0,0.0,0.0,0.0,0.0,0.0,0.0,-2.2009658370580283,2.0,0.48040640432713305,1.5083531373426566,0.0,4.99796910430839,0.0
1.0,0.0,0.0,0.0,0.0,0.0,0.0,0.0,0.0,0.0,0.0,0.0,0.0,0.0,0.0,0.0,0.0,0.0,0.0,0.0,2.0,0.0,0.0,-3.358,10.329,2.483,555.0,-0.5655665000412736,0.03315516239681903,1.2694088045911773,1.883425925925926,0.0,423.7848589581564,0.0,0.0,0.0,0.0,0.0,0.0,0.0,0.0,0.0,0.0,0.0,-3.1536178822003875,0.0,-11.344955231508065,1.1754559616783626,0.0,4.99796910430839,0.0
1.0,0.0,0.0,0.0,0.0,0.0,0.0,0.0,0.0,0.0,0.0,0.0,0.0,0.0,0.0,0.0,0.0,0.0,0.0,0.0,1.0,0.0,0.0,-3.011,9.48,8.949,555.0,-0.4946803707377374,0.09181982806309898,1.0742107467721524,1.883425925925926,19.13135364097311,284.80701681101436,0.0,0.0,0.0,0.0,0.0,0.0,0.0,0.0,0.0,0.0,0.0,-2.5627759267974617,0.0,-13.245115841624798,1.1834452513217242,0.0,4.99796910430839,0.0
1.0,0.0,0.0,0.0,0.0,0.0,0.0,0.0,0.0,0.0,0.0,0.0,0.0,0.0,0.0,0.0,0.0,0.0,0.0,0.0,1.0,0.0,0.0,-3.011,9.477,8.944,555.0,-0.46769679681380627,0.20138176281559717,1.3238529058265711,1.883425925925926,7.04767198267719,281.45228035821447,0.0,0.0,0.0,0.0,0.0,0.0,0.0,0.0,0.0,0.0,0.0,-2.7331577998165786,0.0,-15.68293759949939,1.174463502329701,0.0,4.99796910430839,0.0
1.0,0.0,0.0,0.0,0.0,0.0,0.0,0.0,0.0,0.0,0.0,0.0,0.0,0.0,0.0,0.0,0.0,0.0,0.0,0.0,0.0,0.0,0.0,-3.679,9.127,6.401,555.0,-0.593835647408384,0.09214076266582032,1.2120908991574884,2.0717762660619803,19.13135364097311,425.0493480152559,0.0,0.0,0.0,0.0,0.0,0.0,0.0,0.0,0.0,0.0,0.0,-3.0046781486624727,0.0,-15.68293759949939,1.183440116198359,0.0,4.99796910430839,0.0
1.0,0.0,0.0,0.0,0.0,0.0,1.0,0.0,0.0,0.0,0.0,0.0,0.0,0.0,0.0,0.0,0.0,0.0,1.0,0.0,1.0,0.0,0.0,-3.215,10.782,4.353,559.0,-0.14790456505818833,-0.12432611122632803,1.0139348296243664,1.883425925925926,5.917906046161393,305.5207669061342,0.0,0.0,0.0,0.0,0.0,0.0,0.0,0.0,0.0,0.0,0.0,-3.105100139726918,0.0,0.0031933933435191286,1.1992357758583105,0.0,4.99796910430839,0.0
1.0,0.0,0.0,0.0,0.0,0.0,1.0,0.0,0.0,0.0,0.0,0.0,0.0,0.0,0.0,0.0,0.0,0.0,1.0,0.0,0.0,0.0,0.0,-5.325,7.076999999999999,13.296,559.0,-0.4661519480721633,0.08508638145018141,1.0732918369791442,1.883425925925926,6.544756405912575,284.24707844390605,0.0,0.0,0.0,0.0,0.0,0.0,0.0,0.0,0.0,0.0,0.0,-2.337020123406247,0.0,-2.878238110839604,1.2185639671694992,0.0,4.99796910430839,0.0
1.0,0.0,0.0,0.0,0.0,0.0,1.0,0.0,0.0,0.0,0.0,0.0,0.0,0.0,0.0,0.0,0.0,0.0,1.0,0.0,0.0,0.0,0.0,-3.188,10.992,5.175,559.0,-0.2856859245142647,0.08540800833889382,0.8345811685450942,1.883425925925926,13.08951281182515,416.7685686841668,0.0,0.0,0.0,0.0,0.0,0.0,0.0,0.0,0.0,0.0,0.0,-2.3370201234062487,0.0,1.1242969943973573,1.218566250912628,0.0,4.99796910430839,0.0
0.0,0.0,0.0,0.0,0.0,0.0,0.0,0.0,0.0,0.0,0.0,0.0,0.0,0.0,0.0,0.0,0.0,0.0,0.0,0.0,2.0,0.0,0.0,-3.493,8.432,7.913,531.0,0.08298621441417882,-0.07115078792773655,0.8072311313449521,1.883425925925926,12.338727669087403,415.45515433509263,0.0,0.0,0.0,0.0,0.0,0.0,0.0,1.0,0.0,0.0,0.0,-3.0942109155190387,0.0,6.889929492537143,1.2012691292660334,0.0,4.99796910430839,0.0
0.0,0.0,0.0,0.0,0.0,0.0,0.0,0.0,0.0,0.0,0.0,0.0,0.0,0.0,0.0,0.0,0.0,0.0,0.0,0.0,0.0,0.0,0.0,-2.841,8.886,6.912,531.0,0.061603288328739805,0.07921615065100274,0.7351425038100255,2.4269671989166035,19.386399651764595,504.4736340222257,0.0,0.0,0.0,0.0,0.0,0.0,0.0,1.0,0.0,0.0,0.0,-2.8603072041515056,0.0,5.505335565648137,1.2142957797064398,0.0,4.99796910430839,0.0
0.0,0.0,0.0,0.0,0.0,0.0,0.0,0.0,0.0,0.0,0.0,0.0,0.0,0.0,0.0,0.0,0.0,0.0,0.0,0.0,1.0,0.0,0.0,-3.689,7.142,19.571,531.0,0.08551224551881115,0.22876937925752078,0.6130775310878311,1.883425925925926,19.510334434751158,278.9533928768335,0.0,0.0,0.0,0.0,0.0,0.0,0.0,1.0,0.0,0.0,0.0,-2.507919397268881,0.0,7.634995847962305,1.216285541060924,0.0,4.99796910430839,0.0
1.0,0.0,0.0,0.0,0.0,0.0,0.0,0.0,0.0,0.0,0.0,0.0,0.0,0.0,0.0,0.0,0.0,0.0,0.0,0.0,1.0,1.0,0.0,-4.336,8.512,4.526,531.0,-0.12611459438703865,-0.06274959592183613,0.9510896499663156,1.883425925925926,12.841643245852019,335.6570297864989,0.0,0.0,0.0,1.0,0.0,0.0,0.0,0.0,0.0,0.0,4.854716789493575,-3.1341446911247757,0.0,-6.763706651392576,1.181350882172973,0.0,4.875550122826908,0.0
1.0,0.0,0.0,0.0,0.0,0.0,0.0,0.0,0.0,0.0,0.0,0.0,0.0,0.0,0.0,0.0,0.0,0.0,0.0,0.0,0.0,1.0,0.0,-4.2,7.970999999999999,23.361,531.0,0.07427170897526168,0.1420741015888484,0.6763626686269681,1.883425925925926,19.386399651764595,253.7837215470322,0.0,0.0,0.0,1.0,0.0,0.0,0.0,0.0,0.0,0.0,4.854716789493575,-2.5117887825387815,0.0,-7.434477463728978,1.2480595602780047,0.0,4.870341789493575,0.0
1.0,0.0,0.0,0.0,0.0,0.0,0.0,0.0,0.0,0.0,0.0,0.0,0.0,0.0,0.0,0.0,0.0,0.0,0.0,0.0,0.0,1.0,0.0,-5.118,6.853,6.319,531.0,-0.03095926792701677,0.09000933191452677,0.9098588526548836,1.883425925925926,12.965578028838586,323.9657833465578,0.0,0.0,0.0,1.0,0.0,0.0,0.0,0.0,0.0,0.0,4.854716789493575,-2.36235575921069,0.0,-9.678335993461896,1.2478842475636969,0.0,4.965827900604687,0.0
1.0,0.0,0.0,0.0,0.0,0.0,0.0,0.0,0.0,0.0,0.0,0.0,0.0,0.0,0.0,0.0,0.0,0.0,0.0,0.0,0.0,0.0,0.0,-4.04,8.908000000000001,5.902,531.0,-0.024117128337359434,-0.014936635614468088,0.7804254853043525,1.883425925925926,17.760115212910407,263.4682177310468,0.0,0.0,0.0,1.0,0.0,0.0,0.0,0.0,0.0,0.0,4.854716789493575,-2.3654295411906245,0.0,-11.019877618134702,1.248053099427106,0.0,4.99796910430839,0.0
0.0,0.0,0.0,0.0,0.0,0.0,0.0,0.0,0.0,0.0,0.0,0.0,0.0,0.0,0.0,0.0,0.0,0.0,0.0,0.0,2.0,0.0,0.0,-4.225,9.463,4.375,587.0,0.1316291973551097,0.05855133472636002,1.0079064709723131,1.883425925925926,11.760295063310071,598.9440326865929,0.0,0.0,0.0,0.0,0.0,0.0,0.0,0.0,1.0,0.0,0.0,-3.099895605001113,1.0,-0.9571091800990112,1.2331724988104817,0.0,4.99796910430839,0.0
0.0,0.0,0.0,0.0,0.0,0.0,0.0,0.0,0.0,0.0,0.0,0.0,0.0,0.0,0.0,0.0,0.0,0.0,0.0,0.0,2.0,0.0,0.0,-4.972,7.665999999999999,9.517,587.0,0.24901297150783044,-0.03312885845790579,0.822004774841466,1.883425925925926,13.4684936056032,473.91106236538826,0.0,0.0,0.0,0.0,0.0,0.0,0.0,0.0,1.0,0.0,0.0,-2.2570711519949587,2.0,-0.2719597339994464,1.2368926867026495,0.0,4.99796910430839,0.0
0.0,0.0,0.0,0.0,0.0,0.0,0.0,0.0,0.0,0.0,0.0,0.0,0.0,0.0,0.0,0.0,0.0,0.0,0.0,0.0,1.0,0.0,0.0,-4.417,9.137,4.857,587.0,0.1984922893494144,0.1208836084634582,1.0242675046377472,1.883425925925926,18.80796704598726,524.7944722450179,0.0,0.0,0.0,0.0,0.0,0.0,0.0,0.0,1.0,0.0,0.0,-2.260057857324565,1.0,-2.902374832962475,1.2368612497047158,0.0,4.99796910430839,0.0
0.0,1.0,0.0,0.0,0.0,0.0,0.0,0.0,0.0,0.0,0.0,0.0,0.0,0.0,0.0,0.0,0.0,1.0,0.0,0.0,2.0,0.0,0.0,-4.296,8.991,14.35,529.0,0.1865204592121034,0.5553119517199794,0.6058035856357459,1.7957582199546485,6.544756405912575,310.32330161822165,0.0,0.0,0.0,0.0,0.0,0.0,0.0,0.0,0.0,0.0,0.0,-2.8683353848714073,0.0,11.932481873042589,1.1312561650545332,0.0,4.99796910430839,0.0
0.0,1.0,0.0,0.0,0.0,0.0,0.0,0.0,0.0,0.0,0.0,0.0,0.0,0.0,0.0,0.0,0.0,1.0,0.0,0.0,2.0,0.0,0.0,-4.161,9.405,10.14,529.0,0.24758507830397317,0.5700436015348006,0.6409505347300181,1.883425925925926,0.0,339.3472681674293,0.0,0.0,0.0,0.0,0.0,0.0,0.0,0.0,0.0,0.0,0.0,-2.559909538048206,0.0,12.969155415432834,1.1312562196786327,0.0,4.99796910430839,0.0
0.0,1.0,0.0,0.0,0.0,0.0,0.0,0.0,0.0,0.0,0.0,0.0,0.0,0.0,0.0,0.0,0.0,1.0,0.0,0.0,2.0,0.0,0.0,-4.063,9.757,8.265,529.0,0.12482955060336164,0.5479237138749539,0.7475497390383462,1.9763194444444445,13.4684936056032,268.0224265502511,0.0,0.0,0.0,0.0,0.0,0.0,0.0,0.0,0.0,0.0,0.0,-2.9057869852463707,0.0,10.22023957031071,1.131162252190449,0.0,4.99796910430839,0.0
0.0,0.0,0.0,0.0,0.0,0.0,0.0,1.0,0.0,0.0,0.0,0.0,1.0,0.0,0.0,1.0,0.0,0.0,0.0,0.0,1.0,0.0,0.0,-5.491,5.629,14.393,565.0,-0.0225573002887604,0.033073180157829965,0.71659756719586,1.883425925925926,12.13273413692322,209.72384782013705,0.0,0.0,0.0,0.0,0.0,0.0,0.0,0.0,0.0,0.0,5.1093064216427315,-2.1735368842038936,0.0,-25.08996849189344,1.2366713324380032,0.0,4.99796910430839,0.0
0.0,0.0,0.0,0.0,0.0,0.0,0.0,1.0,0.0,0.0,0.0,0.0,1.0,0.0,0.0,1.0,0.0,0.0,0.0,0.0,0.0,0.0,0.0,-3.827,7.582000000000001,14.976,565.0,-0.06335969380326753,0.04947244187390292,0.7741048591019392,2.230347222222222,5.917906046161393,317.94983441470345,0.0,0.0,0.0,0.0,0.0,0.0,0.0,0.0,0.0,0.0,5.1093064216427315,-2.8066873057788713,0.0,-23.18371527975078,1.2328439138604201,0.0,5.115479261148904,0.0
1.0,0.0,0.0,0.0,0.0,0.0,0.0,0.0,0.0,0.0,0.0,0.0,0.0,0.0,0.0,0.0,0.0,0.0,0.0,0.0,1.0,0.0,0.0,-4.322,9.354,2.754,759.0,0.04228060494041128,0.10558131939302241,0.9203851079391154,1.883425925925926,25.855639028664452,339.02250412478463,0.0,0.0,0.0,0.0,0.0,0.0,0.0,0.0,0.0,0.0,26.071689814814814,-2.185238695903534,0.0,-14.319922094715947,0.29620146345287446,0.0,4.99796910430839,0.0
1.0,0.0,0.0,0.0,0.0,0.0,0.0,0.0,0.0,0.0,0.0,0.0,0.0,0.0,0.0,0.0,0.0,0.0,0.0,0.0,0.0,0.0,0.0,-4.296,9.369,5.869,759.0,-0.010993870366878843,0.20801403619072087,0.8386683629925412,1.1475925925925927,18.80796704598726,274.5705739286757,0.0,0.0,0.0,0.0,0.0,0.0,0.0,0.0,0.0,0.0,26.071689814814814,-2.825637453938375,0.0,-15.403090314836971,0.29521900333514134,1.0,4.99796910430839,0.0
1.0,0.0,0.0,0.0,0.0,0.0,0.0,0.0,0.0,0.0,0.0,0.0,0.0,0.0,0.0,0.0,0.0,0.0,0.0,0.0,2.0,0.0,0.0,-4.907,8.544,8.54,759.0,-0.24488346969008185,-0.061808075385910106,1.5066197461883533,1.883425925925926,0.0,329.76797228929127,0.0,0.0,0.0,0.0,0.0,0.0,0.0,0.0,0.0,0.0,26.071689814814814,-2.2760874902846986,1.0,-15.24319520044971,0.29894513736090617,1.0,4.99796910430839,0.0
1.0,0.0,0.0,0.0,0.0,0.0,0.0,1.0,0.0,0.0,0.0,0.0,0.0,0.0,0.0,0.0,0.0,0.0,0.0,0.0,2.0,0.0,0.0,-4.405,9.136,4.39,581.0,-0.24610911450738138,0.13817241232965277,1.130242391344875,1.883425925925926,6.041840829147961,313.73485849556823,0.0,0.0,0.0,0.0,0.0,0.0,0.0,0.0,0.0,0.0,0.0,-2.459535101978032,0.0,7.085995018715755,1.214778434479652,0.0,4.99796910430839,0.0
1.0,0.0,0.0,0.0,0.0,0.0,0.0,1.0,0.0,0.0,0.0,0.0,0.0,0.0,0.0,0.0,0.0,0.0,0.0,0.0,1.0,0.0,0.0,-4.266,8.723,4.678,581.0,-0.3890202226391338,0.23097756023128763,1.418177054188795,1.9375462962962962,12.841643245852019,400.05528106707743,0.0,0.0,0.0,0.0,0.0,0.0,0.0,0.0,0.0,0.0,0.0,-2.9553329356762372,0.0,9.421317706505409,1.2042060742815215,0.0,4.99796910430839,1.0
1.0,0.0,0.0,0.0,0.0,0.0,0.0,1.0,0.0,0.0,0.0,0.0,0.0,0.0,0.0,0.0,0.0,0.0,0.0,0.0,1.0,0.0,0.0,-3.696,9.439,14.535,581.0,-0.4582815949391199,0.1295556612009055,1.2894933735782907,1.945222978080121,6.041840829147961,245.18252254818663,0.0,0.0,0.0,0.0,0.0,0.0,0.0,0.0,0.0,0.0,0.0,-2.8803817902763136,0.0,7.6090534247032116,1.2147715013708456,0.0,4.99796910430839,0.0
0.0,0.0,0.0,0.0,0.0,0.0,0.0,0.0,0.0,0.0,0.0,0.0,0.0,0.0,0.0,0.0,0.0,0.0,0.0,0.0,0.0,1.0,0.0,-3.511,10.171,9.979,557.0,-0.02831883031857302,0.07202709663101554,1.0677395980645144,2.2905324074074076,5.917906046161393,370.0248613406461,0.0,0.0,0.0,0.0,0.0,0.0,0.0,0.0,0.0,0.0,4.801510770975057,-2.876302101021199,0.0,-0.8064217322751163,1.1330931938515676,0.0,4.815399659863946,0.0
0.0,0.0,0.0,0.0,0.0,0.0,0.0,0.0,0.0,0.0,0.0,0.0,0.0,0.0,0.0,0.0,0.0,0.0,0.0,0.0,1.0,1.0,0.0,-5.228,6.892,7.717,557.0,-0.12460866529085855,0.13034901545314515,1.0361457306016626,1.883425925925926,0.0,368.67730356614845,0.0,0.0,0.0,0.0,0.0,0.0,0.0,0.0,0.0,0.0,4.801510770975057,-2.4268788306675164,0.0,4.008306085154915,1.1336369214214919,0.0,4.912621882086168,0.0
0.0,0.0,0.0,0.0,0.0,0.0,0.0,0.0,0.0,0.0,0.0,0.0,0.0,0.0,0.0,0.0,0.0,0.0,0.0,0.0,1.0,0.0,0.0,-5.211,6.767,6.178,557.0,-0.11635899130310522,0.0070307729491333355,1.0233318980041402,1.883425925925926,4.794537184071822,380.1757863258588,0.0,0.0,0.0,0.0,0.0,0.0,0.0,0.0,0.0,0.0,4.801510770975057,-2.433066687560765,0.0,2.62523752807364,1.1336546570007648,0.0,4.99796910430839,0.0
1.0,0.0,0.0,0.0,0.0,0.0,0.0,0.0,0.0,0.0,0.0,0.0,0.0,0.0,0.0,0.0,0.0,0.0,0.0,0.0,0.0,1.0,0.0,-5.117,8.646,2.816,577.0,-1.0913909706390184,0.055412444806438324,1.5180930255391973,1.8819444444444444,12.152040213667762,238.60639416706044,0.0,0.0,0.0,0.0,0.0,0.0,0.0,0.0,0.0,0.0,10.004798044217686,-2.8720156318515797,0.0,7.748109023131925,1.2006249489127856,0.0,4.611500614134543,0.0
1.0,0.0,0.0,0.0,0.0,0.0,0.0,0.0,0.0,0.0,0.0,0.0,0.0,0.0,0.0,0.0,0.0,0.0,0.0,0.0,1.0,1.0,0.0,-5.701,7.901000000000001,4.077,577.0,-0.6665433085317424,0.013614187012764862,1.2003252234438884,1.883425925925926,19.075777413358384,238.88160346981704,0.0,0.0,0.0,0.0,0.0,0.0,0.0,0.0,0.0,0.0,10.004798044217686,-2.295864458711942,0.0,9.623188319999404,1.2124478743785387,0.0,4.594139503023431,0.0
1.0,0.0,0.0,0.0,0.0,0.0,0.0,0.0,0.0,0.0,0.0,0.0,0.0,0.0,0.0,0.0,0.0,0.0,0.0,0.0,1.0,1.0,0.0,-5.718,6.829000000000001,8.416,577.0,-0.746213265663882,0.05528039573220325,1.201669068903824,1.883425925925926,0.0,279.8809615564603,0.0,0.0,0.0,0.0,0.0,0.0,0.0,0.0,0.0,0.0,10.004798044217686,-2.2885659575461696,0.0,10.963746961679774,1.2138994545913426,0.0,4.691361725245654,0.0
1.0,0.0,0.0,0.0,0.0,0.0,0.0,0.0,0.0,0.0,0.0,0.0,0.0,0.0,0.0,0.0,0.0,0.0,0.0,0.0,1.0,0.0,0.0,-6.029,6.712,5.286,577.0,-0.6372520589485673,-0.036794400556053854,1.0891150177608961,1.883425925925926,4.794537184071822,241.21712101824062,0.0,0.0,0.0,0.0,0.0,0.0,0.0,0.0,0.0,0.0,10.004798044217686,-2.293457839026972,0.0,9.034364198551064,1.2138994874788291,0.0,5.438436318972034,0.0
0.0,0.0,0.0,0.0,0.0,0.0,0.0,0.0,0.0,0.0,0.0,0.0,0.0,0.0,0.0,0.0,0.0,0.0,0.0,0.0,1.0,0.0,0.0,-4.959,9.918,7.457,469.0,0.34759584600081456,0.12667638622228178,0.5839795924457042,1.883425925925926,18.26303078967502,237.77046094456273,0.0,0.0,0.0,0.0,0.0,0.0,0.0,0.0,0.0,0.0,4.341776266061981,-2.2350340451878647,0.0,-5.898066381878958,1.3765933312541658,0.0,4.99796910430839,0.0
0.0,0.0,0.0,0.0,0.0,0.0,0.0,0.0,0.0,0.0,0.0,0.0,0.0,0.0,0.0,0.0,0.0,0.0,0.0,0.0,0.0,1.0,0.0,-4.523,10.565,3.521,469.0,0.35034530430021044,0.2984948311547952,0.8199546000889993,1.4691666666666667,0.0,150.4175507625198,0.0,0.0,0.0,0.0,0.0,0.0,0.0,0.0,0.0,0.0,4.341776266061981,-2.8709732295700494,0.0,-6.780206451324992,1.3419828033526051,0.0,4.36177626606198,1.0
0.0,0.0,0.0,0.0,0.0,0.0,0.0,0.0,0.0,0.0,0.0,0.0,0.0,0.0,0.0,0.0,0.0,0.0,0.0,0.0,1.0,1.0,0.0,-4.427,10.719,4.286,469.0,0.39044903613700765,0.25421441710828385,0.7316397180442022,1.883425925925926,13.4684936056032,268.0151026391971,0.0,0.0,0.0,0.0,0.0,0.0,0.0,0.0,0.0,0.0,4.341776266061981,-2.2290606835539677,0.0,-4.844997815859948,1.376589541162719,0.0,4.4528873771730915,0.0
0.0,0.0,0.0,0.0,0.0,0.0,0.0,0.0,0.0,0.0,0.0,0.0,0.0,0.0,0.0,0.0,0.0,0.0,0.0,0.0,1.0,1.0,0.0,-5.209,8.827,11.742,469.0,0.4278302271570323,0.23371525594282397,0.8519310094482173,1.883425925925926,6.544756405912575,105.61373199317518,0.0,0.0,0.0,0.0,0.0,0.0,0.0,0.0,0.0,0.0,4.341776266061981,-2.2313687352705736,0.0,-7.837700620242597,1.376881735142551,0.0,4.362184429327287,0.0
1.0,0.0,0.0,0.0,0.0,0.0,0.0,0.0,0.0,0.0,0.0,0.0,0.0,0.0,0.0,0.0,0.0,0.0,0.0,0.0,0.0,1.0,0.0,-6.148,7.250999999999999,11.247,587.0,0.13208418513539272,0.12376754768226406,0.9600846968008436,1.883425925925926,6.196843571613076,200.52005642373,0.0,0.0,0.0,0.0,0.0,0.0,0.0,0.0,0.0,0.0,4.4189890400604686,-2.124608313293885,0.0,7.447391665041069,1.4983943390119696,0.0,4.53010015117158,1.0
1.0,0.0,0.0,0.0,0.0,0.0,0.0,0.0,0.0,0.0,0.0,0.0,0.0,0.0,0.0,0.0,0.0,0.0,0.0,0.0,0.0,1.0,0.0,-5.736,8.134,13.269,587.0,0.1989691128112412,0.28527854944209047,0.7958709323831024,1.883425925925926,6.196843571613076,186.7965239357518,0.0,0.0,0.0,0.0,0.0,0.0,0.0,0.0,0.0,0.0,4.4189890400604686,-2.5630078663942135,0.0,8.780851756595277,1.4944072956317247,0.0,4.4346140400604686,0.0
1.0,0.0,0.0,0.0,0.0,0.0,0.0,0.0,0.0,0.0,0.0,0.0,0.0,0.0,0.0,0.0,0.0,0.0,0.0,0.0,1.0,1.0,0.0,-6.254,7.836,2.231,587.0,-0.08889388511870705,0.07217127467320443,1.1388583486545203,1.883425925925926,6.06636706846161,200.75389115036683,0.0,0.0,0.0,0.0,0.0,0.0,0.0,0.0,0.0,0.0,4.4189890400604686,-2.2097181502196523,1.0,8.795802102116388,1.4853863655356725,0.0,4.4502390400604686,1.0
1.0,0.0,0.0,0.0,0.0,0.0,0.0,0.0,0.0,0.0,0.0,0.0,0.0,0.0,0.0,0.0,0.0,0.0,0.0,0.0,0.0,1.0,0.0,-5.858,8.103000000000002,12.254,587.0,0.3904642521872481,0.13941156108968036,0.8224890437279839,1.883425925925926,6.196843571613076,190.42181703210963,0.0,0.0,0.0,0.0,0.0,0.0,0.0,0.0,0.0,0.0,4.4189890400604686,-2.135756748720575,0.0,8.780851756595277,1.497685638796671,0.0,4.4346140400604686,1.0
1.0,0.0,0.0,0.0,0.0,0.0,0.0,0.0,0.0,0.0,0.0,0.0,0.0,0.0,0.0,0.0,0.0,0.0,0.0,0.0,0.0,0.0,0.0,-6.29,7.379,7.071,587.0,0.18492444545213393,0.010317673095745437,0.8305761015979177,1.883425925925926,10.991380755684897,227.96308648617287,0.0,0.0,0.0,0.0,0.0,0.0,0.0,0.0,0.0,0.0,4.4189890400604686,-2.1299577765195186,0.0,5.703171043449662,1.4983666712760926,0.0,4.99796910430839,1.0
1.0,0.0,0.0,0.0,0.0,0.0,0.0,0.0,0.0,0.0,0.0,0.0,0.0,0.0,0.0,1.0,0.0,0.0,0.0,0.0,1.0,0.0,0.0,-4.757,8.256,5.676,627.0,-0.7293148384735888,0.027609231558444317,1.2241365643971451,1.883425925925926,5.693927994848461,221.85113764442212,0.0,0.0,0.0,0.0,0.0,0.0,0.0,0.0,0.0,0.0,4.625339899848829,-2.1868033283417754,0.0,-6.597271581460337,1.4420045437712659,0.0,4.99796910430839,0.0
1.0,0.0,0.0,0.0,0.0,0.0,0.0,0.0,0.0,0.0,0.0,0.0,0.0,0.0,0.0,1.0,0.0,0.0,0.0,0.0,2.0,0.0,0.0,-5.226,8.045000000000002,6.021,627.0,-0.5602227560662314,0.13295722811391936,1.2912658175714768,1.883425925925926,20.099901809429767,326.52037731377436,0.0,0.0,0.0,0.0,0.0,0.0,0.0,0.0,0.0,0.0,4.625339899848829,-2.1906172799588663,1.0,-6.096156932111769,1.445342362635306,0.0,4.635543981481481,0.0
1.0,0.0,0.0,0.0,0.0,0.0,0.0,0.0,0.0,0.0,0.0,0.0,0.0,0.0,0.0,1.0,0.0,0.0,0.0,0.0,1.0,0.0,0.0,-5.118,7.818,6.899,627.0,-0.8188019111455906,0.21898748285061656,1.221547865435516,1.883425925925926,12.803725536125995,335.2955605898492,0.0,0.0,0.0,0.0,0.0,0.0,0.0,0.0,0.0,0.0,4.625339899848829,-2.168526751130467,0.0,-8.40424485983954,1.4457316549147565,0.0,4.645748063114135,0.0
1.0,0.0,0.0,0.0,0.0,0.0,0.0,0.0,0.0,0.0,0.0,0.0,0.0,0.0,0.0,1.0,0.0,0.0,0.0,0.0,0.0,0.0,0.0,-4.332,8.998000000000001,5.163,627.0,-1.1161600588124874,0.1817407714031794,1.609892975713164,1.310787037037037,18.870092604587605,407.8623378279681,0.0,0.0,0.0,0.0,0.0,0.0,0.0,0.0,0.0,0.0,4.625339899848829,-2.82980027896551,0.0,-7.250200895975649,1.3843431257915007,0.0,4.656589899848829,1.0
1.0,0.0,0.0,0.0,0.0,0.0,0.0,0.0,0.0,0.0,0.0,0.0,0.0,0.0,0.0,1.0,0.0,0.0,0.0,0.0,1.0,0.0,0.0,-4.881,8.496,1.865,627.0,-0.6411287695288779,0.12185374128616545,1.3031436674860457,1.883425925925926,12.803725536125995,311.36526079346254,0.0,0.0,0.0,0.0,0.0,0.0,0.0,0.0,0.0,0.0,4.625339899848829,-2.1742167757098185,0.0,-9.406474158536662,1.4448779497874324,0.0,4.687839899848829,0.0
1.0,0.0,0.0,0.0,0.0,0.0,0.0,0.0,0.0,1.0,0.0,0.0,0.0,0.0,0.0,0.0,0.0,0.0,0.0,0.0,0.0,0.0,0.0,-3.42,10.461,4.563,521.0,-0.16815131534517863,0.008858890424340808,1.159691152248056,2.274027777777778,18.945609633600323,284.70590393531756,0.0,0.0,0.0,0.0,0.0,0.0,0.0,0.0,0.0,0.0,4.930824121315193,-2.971644516594016,0.0,8.69238014368496,1.1032410811496702,0.0,4.962074121315193,0.0
1.0,0.0,0.0,0.0,0.0,0.0,0.0,0.0,0.0,1.0,0.0,0.0,0.0,0.0,0.0,0.0,0.0,0.0,0.0,0.0,1.0,0.0,0.0,-5.916,6.689,14.843,521.0,-0.036354478210001276,-0.044120063325712194,0.8533159971498219,1.883425925925926,11.45683129854474,270.21195338481766,0.0,0.0,0.0,0.0,0.0,0.0,0.0,0.0,0.0,0.0,4.930824121315193,-2.5992206525351844,0.0,5.926969351610975,1.107221291038065,0.0,4.99796910430839,0.0
1.0,0.0,0.0,0.0,0.0,0.0,0.0,0.0,0.0,1.0,0.0,0.0,0.0,0.0,0.0,0.0,0.0,0.0,0.0,0.0,1.0,0.0,0.0,-4.876,7.396999999999999,7.954,521.0,-0.019115826337513436,0.10196451844361835,0.9376881275010338,1.883425925925926,26.11721639926408,263.61838515610157,0.0,0.0,0.0,0.0,0.0,0.0,0.0,0.0,0.0,0.0,4.930824121315193,-2.598662816645721,0.0,10.339906162274959,1.1069095078871798,0.0,4.946449121315193,0.0
0.0,0.0,0.0,0.0,0.0,0.0,0.0,0.0,0.0,0.0,0.0,0.0,0.0,0.0,0.0,0.0,0.0,0.0,0.0,0.0,0.0,0.0,0.0,-4.481,8.909,5.079,465.0,-0.0656618278878571,0.006809790229427857,0.953510924091957,1.883425925925926,11.984273114623004,210.57905715080062,0.0,0.0,0.0,0.0,0.0,0.0,0.0,0.0,0.0,0.0,4.889640022675737,-1.9745378327335705,0.0,0.27083071404816117,1.3652849726765974,0.0,4.99796910430839,0.0
0.0,0.0,0.0,0.0,0.0,0.0,0.0,0.0,0.0,0.0,0.0,0.0,0.0,0.0,0.0,0.0,0.0,0.0,0.0,0.0,0.0,0.0,0.0,-4.331,9.319,4.178,465.0,-0.19985561388669768,0.217253352029749,1.0856028294613849,1.883425925925926,25.160437724362147,233.23297980107242,0.0,0.0,0.0,0.0,0.0,0.0,0.0,0.0,0.0,0.0,4.889640022675737,-1.934412923159846,0.0,3.3345187875851656,1.3664190651013464,0.0,4.9174178004535145,0.0
1.0,0.0,0.0,0.0,0.0,0.0,0.0,0.0,0.0,0.0,0.0,0.0,0.0,0.0,0.0,0.0,0.0,0.0,0.0,0.0,2.0,0.0,0.0,-3.07,9.738,7.167,543.0,-0.22603951918423407,-0.06343649785951853,1.0195171015246314,1.883425925925926,12.586597235060536,492.61026271565606,0.0,0.0,0.0,0.0,0.0,0.0,0.0,0.0,0.0,0.0,5.232659674981104,-2.434693493718273,0.0,0.9257418918553765,1.188964000890486,0.0,4.99796910430839,0.0
1.0,0.0,0.0,0.0,0.0,0.0,0.0,0.0,0.0,0.0,0.0,0.0,0.0,0.0,0.0,0.0,0.0,0.0,0.0,0.0,1.0,0.0,0.0,-3.464,9.205,11.707,543.0,-0.23447383582593642,0.006761226212912512,1.056822456194564,2.3972496220710506,19.572459993351504,371.3498673855029,0.0,0.0,0.0,0.0,0.0,0.0,0.0,0.0,0.0,0.0,5.232659674981104,-2.8174152115624933,0.0,2.682947882623777,1.1891064241453075,0.0,5.242863756613757,0.0
1.0,0.0,0.0,0.0,0.0,0.0,0.0,0.0,0.0,0.0,0.0,0.0,0.0,0.0,0.0,0.0,0.0,0.0,0.0,0.0,1.0,0.0,0.0,-3.226,9.743,0.746,543.0,-0.5350383286560481,0.0007688403709474358,1.6322783231929894,2.5428240740740744,32.53803802219009,455.33306646447863,0.0,0.0,0.0,0.0,0.0,0.0,0.0,0.0,0.0,0.0,5.232659674981104,-2.9656148653729573,0.0,5.080051569885451,1.1723670735019018,0.0,5.263909674981104,0.0
1.0,0.0,0.0,0.0,0.0,0.0,0.0,0.0,0.0,0.0,0.0,0.0,1.0,0.0,0.0,0.0,0.0,0.0,0.0,0.0,1.0,0.0,0.0,-3.518,9.891000000000002,3.212,595.0,-0.45663202394199026,0.08420668794834496,1.076711734555283,1.883425925925926,13.151638370425495,414.1823846152229,0.0,0.0,0.0,0.0,0.0,0.0,0.0,0.0,0.0,0.0,4.870847545036533,-2.5321306679408093,0.0,-3.4802804133276366,1.1199813211816203,0.0,4.933347545036533,0.0
1.0,0.0,0.0,0.0,0.0,0.0,0.0,0.0,0.0,0.0,0.0,0.0,1.0,0.0,0.0,0.0,0.0,0.0,0.0,0.0,0.0,0.0,0.0,-3.316,10.105,3.976,595.0,-0.21232732913474217,-0.0016789430488538858,1.0603868402586887,2.298865740740741,19.951440787129552,321.9169603341775,0.0,0.0,0.0,0.0,0.0,0.0,0.0,0.0,0.0,0.0,4.870847545036533,-2.9481003075188266,0.0,-2.0494417338503794,1.1182933267654012,0.0,4.890847545036534,0.0
1.0,0.0,0.0,0.0,0.0,0.0,0.0,0.0,0.0,0.0,0.0,0.0,1.0,0.0,0.0,0.0,0.0,0.0,0.0,0.0,1.0,0.0,0.0,-3.136,11.017,4.652,595.0,-0.1420658378105273,-0.06347581382409351,0.8120272464514554,1.883425925925926,12.586597235060536,323.39049231638455,0.0,0.0,0.0,0.0,0.0,0.0,0.0,0.0,0.0,0.0,4.870847545036533,-2.532713369699454,0.0,0.8495584257189035,1.119981321128056,0.0,4.99796910430839,0.0
1.0,0.0,0.0,0.0,0.0,0.0,0.0,0.0,0.0,1.0,0.0,0.0,0.0,0.0,0.0,0.0,0.0,0.0,0.0,0.0,1.0,0.0,0.0,-5.367,7.665999999999999,1.252,587.0,-0.15586515361329237,-0.09403129622388744,1.0000902918275785,1.883425925925926,38.47984594336843,420.05813262668835,0.0,0.0,0.0,0.0,0.0,0.0,0.0,0.0,0.0,0.0,5.351140400604686,-2.2727725824908944,0.0,6.50393816230842,1.1618420598753236,0.0,4.99796910430839,0.0
1.0,0.0,0.0,0.0,0.0,0.0,0.0,0.0,0.0,1.0,0.0,0.0,0.0,0.0,0.0,0.0,0.0,0.0,0.0,0.0,2.0,0.0,0.0,-5.795,6.561,8.851,587.0,-0.08271682518523965,-0.02909961128475787,0.7949774962606987,1.883425925925926,19.696394776338067,462.5026605194686,0.0,0.0,0.0,0.0,0.0,0.0,0.0,0.0,0.0,0.0,5.351140400604686,-2.2596380101823534,1.0,9.216467245719434,1.1642684766148066,0.0,5.358952900604686,0.0
1.0,0.0,0.0,0.0,0.0,0.0,0.0,0.0,0.0,1.0,0.0,0.0,0.0,0.0,0.0,0.0,0.0,0.0,0.0,0.0,0.0,0.0,0.0,-4.176,9.403,3.993,587.0,-0.4093778425329052,-0.03113811288044864,1.210885651762826,2.2713425925925925,25.924306307429696,292.7926844682413,0.0,0.0,0.0,0.0,0.0,0.0,0.0,0.0,0.0,0.0,5.351140400604686,-2.8572476972705845,0.0,7.890241427694391,1.1584711084825425,0.0,5.382390400604686,0.0
1.0,0.0,0.0,0.0,0.0,0.0,0.0,0.0,0.0,1.0,0.0,0.0,0.0,0.0,0.0,0.0,0.0,0.0,0.0,0.0,2.0,0.0,0.0,-5.367,7.665,1.251,587.0,-0.21375591150103934,-0.038689954501962186,1.05587120594318,1.883425925925926,13.151638370425495,434.05457379874247,0.0,0.0,0.0,0.0,0.0,0.0,0.0,0.0,0.0,0.0,5.351140400604686,-2.2782995291757007,1.0,6.503938162308419,1.1642683241312457,0.0,5.36134448223734,0.0
0.0,0.0,0.0,0.0,0.0,0.0,0.0,0.0,0.0,0.0,0.0,0.0,0.0,0.0,0.0,0.0,0.0,0.0,0.0,0.0,0.0,0.0,0.0,-4.874,7.156,4.211,489.0,-0.12513995046111637,0.04161495371793909,1.270505512558951,1.883425925925926,16.814289258077554,387.1881288214302,0.0,0.0,0.0,0.0,0.0,0.0,0.0,0.0,0.0,0.0,5.256018518518518,-1.9652011659201534,0.0,-18.073389417153628,1.3777919253753959,0.0,4.99796910430839,0.0
0.0,0.0,0.0,0.0,0.0,0.0,0.0,0.0,0.0,0.0,0.0,0.0,0.0,0.0,0.0,0.0,0.0,0.0,0.0,0.0,0.0,0.0,0.0,-4.131,8.972,10.631,489.0,-0.09243049599237967,0.2905399685304559,1.269741500349939,1.883425925925926,17.193270051855603,388.05586786813194,0.0,0.0,0.0,0.0,0.0,0.0,0.0,0.0,0.0,0.0,5.256018518518518,-2.409527616021581,0.0,-21.87057703165791,1.3769023986014517,0.0,5.2837962962962965,0.0
1.0,0.0,0.0,0.0,0.0,0.0,0.0,0.0,0.0,0.0,0.0,0.0,0.0,0.0,0.0,0.0,1.0,0.0,0.0,0.0,2.0,0.0,0.0,-5.735,7.563999999999999,6.891,665.0,-0.6243521954279343,0.006526384781789834,1.1063152153457791,1.883425925925926,5.156663257125445,232.49309538733883,0.0,0.0,0.0,0.0,0.0,0.0,0.0,0.0,0.0,0.0,9.304557901864449,-2.326363164223212,1.0,1.9991395353161716,1.4427829108430195,0.0,4.749662777147896,1.0
1.0,0.0,0.0,0.0,0.0,0.0,0.0,0.0,0.0,0.0,0.0,0.0,0.0,0.0,0.0,0.0,1.0,0.0,0.0,0.0,1.0,0.0,0.0,-4.914,8.097,11.297,665.0,-0.7699097787914073,0.06294855197667568,1.2208341090358925,1.883425925925926,0.0,187.30624629724753,0.0,0.0,0.0,0.0,0.0,0.0,0.0,0.0,0.0,0.0,9.304557901864449,-2.328066635733858,0.0,-0.7975105254677609,1.4419837183801822,0.0,4.7064529006046865,1.0
1.0,0.0,0.0,0.0,0.0,0.0,0.0,0.0,0.0,0.0,0.0,0.0,0.0,0.0,0.0,0.0,1.0,0.0,0.0,0.0,0.0,0.0,0.0,-5.132,8.287,7.932,665.0,-1.3036030724134458,0.10950207065309114,1.4442817351083708,1.1272685185185185,0.0,413.07776039141504,0.0,0.0,0.0,0.0,0.0,0.0,0.0,0.0,0.0,0.0,9.304557901864449,-2.895621896124878,0.0,0.6747125721703404,1.3638455702011334,0.0,4.707996110481229,2.0
1.0,0.0,0.0,0.0,0.0,0.0,0.0,0.0,0.0,0.0,0.0,0.0,0.0,0.0,0.0,0.0,1.0,0.0,0.0,0.0,1.0,0.0,0.0,-5.03,7.822999999999999,11.351,665.0,-0.9077066626891187,0.17400968163507854,1.250340095339711,1.883425925925926,0.0,172.98147099916105,0.0,0.0,0.0,0.0,0.0,0.0,0.0,0.0,0.0,0.0,9.304557901864449,-2.6080951195267508,0.0,-0.7975105254677609,1.4396868792875905,0.0,4.7064529006046865,0.0
1.0,0.0,0.0,0.0,0.0,0.0,0.0,0.0,0.0,0.0,0.0,0.0,0.0,0.0,0.0,0.0,1.0,0.0,0.0,0.0,1.0,0.0,0.0,-5.787,7.510000000000001,8.585,665.0,-0.9888404003832013,0.07090653168973325,1.2461165419912732,1.883425925925926,0.0,313.6000163128833,0.0,0.0,0.0,0.0,0.0,0.0,0.0,0.0,0.0,0.0,9.304557901864449,-2.3318682478844903,0.0,-0.3231560524749006,1.4427682149839016,0.0,4.721884999370118,1.0
1.0,0.0,0.0,0.0,0.0,0.0,0.0,0.0,0.0,0.0,0.0,0.0,0.0,0.0,0.0,0.0,1.0,0.0,0.0,0.0,1.0,0.0,0.0,-6.708,5.949,17.534,665.0,-0.9228016818470405,0.02731191325034725,1.148690189996785,1.883425925925926,5.156663257125445,251.7077567302615,0.0,0.0,0.0,0.0,0.0,0.0,0.0,0.0,0.0,0.0,9.304557901864449,-2.3252800015237645,0.0,-1.1130549568677672,1.442783446790517,0.0,4.99796910430839,1.0
0.0,0.0,0.0,0.0,0.0,0.0,0.0,0.0,0.0,0.0,0.0,0.0,0.0,0.0,0.0,1.0,0.0,0.0,0.0,0.0,0.0,0.0,0.0,-5.508,7.005,5.705,601.0,0.1592064303174731,0.2774705190724376,0.7003864596317217,1.883425925925926,0.0,253.46675647402208,0.0,0.0,0.0,0.0,0.0,0.0,0.0,0.0,0.0,0.0,4.994222174981103,-1.9053409845153193,0.0,-11.40962905335708,1.4659621473780573,0.0,5.006567853993449,0.0
0.0,0.0,0.0,0.0,0.0,0.0,0.0,0.0,0.0,0.0,0.0,0.0,0.0,0.0,0.0,1.0,0.0,0.0,0.0,0.0,0.0,0.0,0.0,-5.779,7.525,16.784,601.0,-0.04897549427428233,0.13689821500872157,0.7186537718906064,1.883425925925926,18.208754243757102,231.98545174212245,0.0,0.0,0.0,0.0,0.0,0.0,0.0,0.0,0.0,0.0,4.994222174981103,-1.8949867093187653,0.0,-8.284205322052577,1.465938401784435,0.0,4.99796910430839,0.0
0.0,0.0,0.0,0.0,0.0,0.0,0.0,0.0,0.0,0.0,0.0,0.0,0.0,0.0,0.0,1.0,0.0,0.0,0.0,0.0,0.0,0.0,0.0,-5.285,7.257999999999999,4.911,601.0,-0.07260777898219511,0.24170764750608315,0.750584820729738,1.883425925925926,4.794537184071822,238.84058642293144,0.0,0.0,0.0,0.0,0.0,0.0,0.0,0.0,0.0,0.0,4.994222174981103,-1.8984967187712778,0.0,-11.40962905335708,1.4660090960886345,0.0,5.006567853993449,0.0
0.0,0.0,0.0,0.0,0.0,0.0,0.0,0.0,0.0,0.0,0.0,0.0,0.0,0.0,0.0,0.0,0.0,0.0,0.0,0.0,0.0,0.0,0.0,-3.848,8.670000000000002,7.511,589.0,0.7225227181506634,0.0012220419499820185,0.9244347267032911,2.2955092592592594,6.4208216229260096,471.4874066201968,0.0,0.0,0.0,0.0,0.0,0.0,0.0,0.0,0.0,0.0,10.939890400604686,-2.825515470953202,0.0,-22.956514921484516,1.3211040091858435,0.0,5.308964474678761,0.0
0.0,0.0,0.0,0.0,0.0,0.0,0.0,0.0,0.0,0.0,0.0,0.0,0.0,0.0,0.0,0.0,0.0,0.0,0.0,0.0,1.0,0.0,0.0,-5.454,6.476999999999999,9.968,589.0,0.769479095481465,-0.015016332185308515,0.8695022644266271,1.883425925925926,12.611123474374185,493.6629086668855,0.0,0.0,0.0,0.0,0.0,0.0,0.0,0.0,0.0,0.0,10.939890400604686,-2.205716078406544,0.0,-20.27238038696829,1.3553001110921024,0.0,5.670925925925927,0.0
0.0,0.0,0.0,0.0,0.0,0.0,0.0,0.0,0.0,0.0,0.0,0.0,0.0,0.0,0.0,0.0,0.0,0.0,0.0,0.0,1.0,0.0,0.0,-4.703,7.973,4.041,589.0,0.7246681632889586,-0.016774894884053315,1.0372737345257939,1.883425925925926,25.57670150321277,453.82554997706467,0.0,0.0,0.0,0.0,0.0,0.0,0.0,0.0,0.0,0.0,10.939890400604686,-2.1981884816691495,0.0,-18.911713104593154,1.3541015351566381,0.0,5.308964474678761,0.0
1.0,0.0,0.0,0.0,0.0,0.0,0.0,0.0,0.0,0.0,0.0,0.0,0.0,0.0,0.0,0.0,0.0,0.0,0.0,0.0,1.0,0.0,0.0,-5.974,7.042999999999999,6.032,841.0,-0.3685834935083403,0.2046149078420532,1.1694088898239217,1.883425925925926,11.761884949391115,280.99743875436275,1.0,0.0,0.0,0.0,0.0,0.0,0.0,0.0,0.0,0.0,0.5114814814814816,-2.276488910103951,0.0,-10.681655251836403,0.5805046764966767,0.0,4.99796910430839,0.0
1.0,0.0,0.0,0.0,0.0,0.0,0.0,0.0,0.0,0.0,0.0,0.0,0.0,0.0,0.0,0.0,0.0,0.0,0.0,0.0,1.0,0.0,0.0,-5.759,6.6,7.496,841.0,-0.39899203646928194,0.27210886364263764,1.2454332592752042,1.883425925925926,0.0,257.86147371386573,0.0,0.0,0.0,0.0,0.0,0.0,0.0,0.0,0.0,0.0,0.5114814814814816,-2.250139260329646,0.0,-11.445178299440169,0.6290543376760905,0.0,4.99796910430839,0.0
1.0,0.0,0.0,0.0,0.0,0.0,0.0,0.0,0.0,0.0,0.0,0.0,0.0,0.0,0.0,0.0,0.0,0.0,0.0,0.0,1.0,0.0,0.0,-5.696,7.618,0.773,841.0,-0.31165420985038983,0.18562647798887771,1.0942239472423003,1.883425925925926,0.0,294.3798288164263,1.0,0.0,0.0,0.0,0.0,0.0,0.0,0.0,0.0,0.0,0.5114814814814816,-2.2566824386661644,0.0,-8.391086109025105,0.6289432941259219,0.0,4.99796910430839,0.0
1.0,0.0,0.0,0.0,0.0,0.0,0.0,0.0,0.0,0.0,0.0,0.0,0.0,0.0,0.0,0.0,0.0,0.0,0.0,0.0,1.0,0.0,0.0,-5.765,7.629,2.78,841.0,-0.49370838395351657,0.21449879765443428,1.218942464440368,1.883425925925926,4.794537184071822,197.9029332121802,0.0,0.0,0.0,0.0,0.0,0.0,0.0,0.0,0.0,0.0,0.5114814814814816,-2.247598797852643,0.0,-11.445178299440176,0.6290543077870026,0.0,4.99796910430839,0.0
1.0,0.0,0.0,0.0,0.0,0.0,0.0,0.0,0.0,0.0,0.0,0.0,0.0,0.0,0.0,0.0,0.0,0.0,0.0,0.0,0.0,0.0,0.0,-6.146,6.857,1.012,841.0,-0.7904359939484268,0.2759427685309382,1.583484073658836,1.5162037037037037,0.0,271.3152237744574,0.0,0.0,0.0,0.0,0.0,0.0,0.0,0.0,0.0,0.0,0.5114814814814816,-2.8757072888362343,0.0,-7.875067389580819,0.6289991740402032,0.0,4.99796910430839,0.0
0.0,0.0,0.0,0.0,0.0,0.0,0.0,0.0,0.0,0.0,0.0,0.0,0.0,0.0,0.0,1.0,0.0,0.0,0.0,0.0,0.0,0.0,0.0,-5.714,5.263999999999999,17.122,707.0,-0.04586728868842941,0.2405697049721386,0.8129775493245808,1.883425925925926,12.114749617774471,251.58715511975674,0.0,0.0,0.0,0.0,0.0,0.0,0.0,0.0,0.0,0.0,0.0,-1.9634466268419526,0.0,-12.990524366908847,0.6294685940721549,0.0,4.99796910430839,0.0
0.0,0.0,0.0,0.0,0.0,0.0,0.0,0.0,0.0,0.0,0.0,0.0,0.0,0.0,0.0,1.0,0.0,0.0,0.0,0.0,0.0,0.0,0.0,-5.221,8.076,5.598,707.0,-0.050875432289791286,0.18047697584594632,0.8668223757848885,1.883425925925926,30.129061977214104,290.11068434514186,1.0,0.0,0.0,0.0,0.0,0.0,0.0,0.0,0.0,0.0,0.0,-1.9801028227755997,0.0,-12.185607873536165,0.5808460900264103,0.0,4.99796910430839,0.0
0.0,0.0,0.0,0.0,0.0,0.0,0.0,0.0,0.0,0.0,0.0,0.0,0.0,0.0,0.0,1.0,0.0,0.0,0.0,0.0,1.0,0.0,0.0,-5.009,7.417999999999999,0.606,707.0,-0.10058853120124099,0.19150004658726702,1.1351383390155558,1.883425925925926,31.581259347288157,256.9584092980765,0.0,0.0,0.0,0.0,0.0,0.0,0.0,0.0,0.0,0.0,0.0,-2.1345479661088667,1.0,-6.868226907306629,0.6294074998545282,0.0,4.99796910430839,0.0
0.0,0.0,0.0,0.0,0.0,0.0,0.0,1.0,0.0,0.0,0.0,0.0,0.0,0.0,0.0,0.0,0.0,0.0,0.0,0.0,1.0,0.0,0.0,-5.465,8.673,5.817,565.0,0.11773365534240322,0.06360966430703899,1.1558198531882162,1.883425925925926,0.0,291.73097977839075,0.0,0.0,0.0,0.0,0.0,0.0,0.0,0.0,0.0,0.0,0.0,-2.3167235615680744,0.0,18.208477211957423,1.2095581853020279,0.0,5.034166666666667,0.0
0.0,0.0,0.0,0.0,0.0,0.0,0.0,1.0,0.0,0.0,0.0,0.0,0.0,0.0,0.0,0.0,0.0,0.0,0.0,0.0,0.0,0.0,0.0,-5.392,9.078,7.602,565.0,0.17072507048660424,0.053899951170870264,1.099557162284895,1.1867129629629627,0.0,335.633480712253,0.0,0.0,0.0,0.0,0.0,0.0,0.0,0.0,0.0,0.0,0.0,-2.882247492230824,0.0,17.54462694558131,1.2095535466629008,0.0,5.096666666666667,1.0
0.0,0.0,0.0,0.0,0.0,0.0,0.0,1.0,0.0,0.0,0.0,0.0,0.0,0.0,0.0,0.0,0.0,0.0,0.0,0.0,2.0,0.0,0.0,-5.226,7.918,15.775,565.0,0.2507263176087125,0.055786704712172376,0.9009471665532154,1.883425925925926,0.0,258.09800355855214,0.0,0.0,0.0,0.0,0.0,0.0,0.0,0.0,0.0,0.0,0.0,-2.3396671537688922,0.0,19.819558016680638,1.2095581858264375,0.0,4.999444444444444,0.0
0.0,0.0,0.0,0.0,0.0,0.0,0.0,1.0,0.0,0.0,0.0,0.0,0.0,0.0,0.0,0.0,0.0,0.0,0.0,0.0,1.0,0.0,0.0,-6.215,8.805,3.092,565.0,0.04541570864744884,-0.17297752229254135,1.2735846745481856,1.883425925925926,5.917906046161393,193.75489971169713,0.0,0.0,0.0,0.0,0.0,0.0,0.0,0.0,0.0,0.0,0.0,-2.3456084745130417,0.0,15.774513842717125,1.2093059074613064,0.0,4.99796910430839,0.0
0.0,0.0,0.0,0.0,0.0,0.0,0.0,1.0,0.0,0.0,0.0,0.0,1.0,0.0,0.0,0.0,0.0,0.0,0.0,0.0,0.0,0.0,0.0,-4.255,8.716000000000001,9.104,571.0,-0.3509308689480156,0.044275399220075735,1.4647439305866488,2.2358333333333333,25.359265172064738,342.212328063403,0.0,0.0,0.0,0.0,0.0,0.0,0.0,0.0,0.0,0.0,2.1614162887377173,-2.8572542544867248,0.0,7.147129898010011,1.2228487824162304,0.0,4.99796910430839,0.0
0.0,0.0,0.0,0.0,0.0,0.0,0.0,1.0,0.0,0.0,0.0,0.0,1.0,0.0,0.0,0.0,0.0,0.0,0.0,0.0,2.0,0.0,0.0,-4.61,7.213999999999999,12.133,571.0,-0.023650813074313822,0.0745947309689813,0.8389703672233694,1.883425925925926,25.483199955051305,282.9684266422055,0.0,0.0,0.0,0.0,0.0,0.0,0.0,0.0,0.0,0.0,2.1614162887377173,-2.2852262822084173,0.0,9.396711232898696,1.2515729400361426,0.0,4.99796910430839,0.0
0.0,0.0,0.0,0.0,0.0,0.0,0.0,1.0,0.0,0.0,0.0,0.0,1.0,0.0,0.0,0.0,0.0,0.0,0.0,0.0,2.0,0.0,0.0,-4.355,8.998999999999999,6.302,571.0,-0.0723961357292953,-0.004078872075119566,1.1800481000686218,1.883425925925926,12.965578028838586,339.525404301407,0.0,0.0,0.0,0.0,0.0,0.0,0.0,0.0,0.0,0.0,2.1614162887377173,-2.273697956042302,1.0,7.179693647119373,1.2506910926596988,0.0,4.99796910430839,0.0
0.0,0.0,0.0,0.0,0.0,0.0,0.0,2.0,0.0,0.0,0.0,0.0,1.0,0.0,0.0,0.0,0.0,0.0,0.0,0.0,0.0,0.0,0.0,-3.481,9.713,5.265,571.0,-0.06964545411187267,0.10435812253990889,1.1821170250600916,2.4864691987906276,12.52478801067431,397.27872324104237,0.0,0.0,0.0,0.0,0.0,0.0,0.0,0.0,0.0,0.0,0.0,-2.8992637155761174,0.0,18.647695100638682,1.1841517921361384,0.0,4.99796910430839,0.0
0.0,0.0,0.0,0.0,0.0,0.0,0.0,2.0,0.0,0.0,0.0,0.0,1.0,0.0,0.0,0.0,0.0,0.0,0.0,0.0,1.0,0.0,0.0,-2.799,11.579,2.673,571.0,0.0017704954034986715,0.1867572733672661,0.7241879062117691,1.883425925925926,12.462662452073971,647.0064691455605,0.0,0.0,0.0,0.0,0.0,0.0,0.0,0.0,0.0,0.0,0.0,-2.3049552207301667,0.0,19.061629630424342,1.1861474559269942,0.0,4.99796910430839,0.0
0.0,0.0,0.0,0.0,0.0,0.0,0.0,2.0,0.0,0.0,0.0,0.0,0.0,0.0,0.0,0.0,0.0,0.0,0.0,0.0,1.0,0.0,0.0,-3.574,8.594,15.336,557.0,0.1554027058581106,0.3155040243777399,0.6379602666377788,1.883425925925926,18.504503281221933,540.994112468461,0.0,0.0,0.0,0.0,0.0,0.0,0.0,0.0,0.0,0.0,0.0,-2.527490666320303,0.0,3.255132055844073,1.1837050307749182,0.0,4.99796910430839,0.0
0.0,0.0,0.0,0.0,0.0,0.0,0.0,2.0,0.0,0.0,0.0,0.0,0.0,0.0,0.0,0.0,0.0,0.0,0.0,0.0,0.0,0.0,0.0,-2.768,10.847,6.683,557.0,0.08578134891128969,0.16214440250090725,1.212390528983613,2.530601851851852,12.338727669087403,317.9098203529852,0.0,0.0,0.0,0.0,0.0,0.0,0.0,0.0,0.0,0.0,0.0,-2.947502964348027,0.0,4.209347549266257,1.1718511799419302,0.0,4.99796910430839,0.0
1.0,0.0,0.0,0.0,0.0,0.0,0.0,1.0,0.0,0.0,0.0,0.0,0.0,0.0,0.0,0.0,0.0,0.0,0.0,0.0,1.0,0.0,0.0,-4.799,8.669,8.275,577.0,-0.42633532071739205,0.10701437246845227,1.1176640208106516,1.883425925925926,7.04767198267719,325.9227847863867,0.0,0.0,0.0,0.0,0.0,0.0,1.0,0.0,0.0,0.0,1.6244321617535902,-2.3537110945027826,0.0,4.971469523160095,1.26539995456276,0.0,4.99796910430839,0.0
1.0,0.0,0.0,0.0,0.0,0.0,0.0,1.0,0.0,0.0,0.0,0.0,0.0,0.0,0.0,0.0,0.0,0.0,0.0,0.0,0.0,0.0,0.0,-4.749,8.905999999999999,8.169,577.0,-0.5357439436863466,0.12988609301442813,1.449135727762286,1.4970370370370372,7.04767198267719,388.99662557454553,0.0,0.0,0.0,0.0,0.0,0.0,1.0,0.0,0.0,0.0,1.6244321617535902,-2.932354428896226,0.0,4.147692931601779,1.2374931583349016,0.0,4.99796910430839,1.0
1.0,0.0,0.0,0.0,0.0,0.0,0.0,1.0,0.0,0.0,0.0,0.0,0.0,0.0,0.0,0.0,0.0,0.0,0.0,0.0,2.0,0.0,0.0,-4.957,7.931999999999999,13.144,577.0,-0.12273097191802279,0.01716934623381962,1.138947460030018,1.883425925925926,6.041840829147961,286.3618843681452,0.0,0.0,0.0,0.0,0.0,0.0,1.0,0.0,0.0,0.0,1.6244321617535902,-2.3542553541233757,1.0,6.90591421143093,1.2656771711241517,0.0,4.99796910430839,0.0
1.0,0.0,0.0,0.0,0.0,0.0,0.0,1.0,0.0,0.0,0.0,0.0,0.0,0.0,0.0,0.0,0.0,0.0,0.0,0.0,1.0,0.0,0.0,-4.874,8.667000000000002,7.48,577.0,-0.28847912466244696,0.08432902453532891,1.2014511098289764,1.883425925925926,7.04767198267719,294.32618823442954,0.0,0.0,0.0,0.0,0.0,0.0,1.0,0.0,0.0,0.0,1.6244321617535902,-2.36122463164365,0.0,2.090992529102415,1.2656754245354513,0.0,4.99796910430839,0.0
1.0,0.0,0.0,0.0,0.0,0.0,0.0,1.0,0.0,0.0,0.0,0.0,0.0,0.0,0.0,0.0,0.0,0.0,0.0,0.0,2.0,0.0,0.0,-3.649,7.986,11.756,545.0,-0.09253213523334461,-0.07768849146170159,0.800602941461868,1.883425925925926,18.88348407499998,264.2811140688866,0.0,0.0,0.0,0.0,0.0,0.0,0.0,0.0,0.0,0.0,0.0,-3.0969134236748035,0.0,24.000538523200916,1.2052452993766993,0.0,4.99796910430839,0.0
1.0,0.0,0.0,0.0,0.0,0.0,0.0,1.0,0.0,0.0,0.0,0.0,0.0,0.0,0.0,0.0,0.0,0.0,0.0,0.0,0.0,0.0,0.0,-3.49,7.971,10.597,545.0,-0.37503624752414844,0.05460383763065918,1.1198751233174864,2.2737962962962963,5.917906046161393,247.70127951787958,0.0,0.0,0.0,0.0,0.0,0.0,0.0,0.0,0.0,0.0,0.0,-2.9101179814745097,0.0,24.38656174136688,1.2106036506436646,0.0,4.99796910430839,0.0
1.0,0.0,0.0,0.0,0.0,0.0,0.0,1.0,0.0,0.0,0.0,0.0,0.0,0.0,0.0,0.0,0.0,0.0,0.0,0.0,1.0,0.0,0.0,-3.397,8.193,7.49,545.0,-0.3631339340160942,0.12845213327533891,0.7866896545348836,1.883425925925926,0.0,311.32589935749206,0.0,0.0,0.0,0.0,0.0,0.0,0.0,0.0,0.0,0.0,0.0,-2.382676880694943,0.0,25.069617173846943,1.2163922566291878,0.0,4.99796910430839,0.0
0.0,0.0,0.0,0.0,0.0,0.0,0.0,2.0,0.0,0.0,0.0,0.0,0.0,0.0,0.0,0.0,1.0,0.0,0.0,0.0,1.0,0.0,0.0,-2.711,10.848,8.415,521.0,0.23103925811438067,0.3543230873518816,0.6407642244069741,1.883425925925926,12.462662452073971,443.3366396319673,0.0,0.0,0.0,0.0,0.0,0.0,0.0,0.0,0.0,0.0,0.0,-2.6027104451044254,0.0,23.140909308029613,1.1728128651141019,0.0,4.99796910430839,0.0
0.0,0.0,0.0,0.0,0.0,0.0,0.0,2.0,0.0,0.0,0.0,0.0,0.0,0.0,0.0,0.0,1.0,0.0,0.0,0.0,0.0,0.0,0.0,-2.861,11.084,4.862,521.0,0.19153609333592228,0.177847454562492,0.7951121239850389,2.4113194444444446,18.88348407499998,390.4157085401707,0.0,0.0,0.0,0.0,0.0,0.0,0.0,0.0,0.0,0.0,0.0,-2.894975345669317,0.0,20.02524780229762,1.1724588218900764,0.0,4.99796910430839,0.0
0.0,0.0,0.0,0.0,0.0,0.0,0.0,2.0,0.0,0.0,0.0,0.0,0.0,0.0,0.0,0.0,1.0,0.0,0.0,0.0,1.0,0.0,0.0,-4.037,8.308,6.7,745.0,0.1258281095772852,0.27851555653289384,0.8109264521466495,1.883425925925926,24.38748162845246,477.27395394508255,0.0,0.0,0.0,0.0,0.0,0.0,0.0,0.0,0.0,0.0,0.0,-2.6019480142642446,0.0,8.561272181098373,0.6153623953265126,0.0,4.99796910430839,0.0
0.0,0.0,0.0,0.0,0.0,0.0,0.0,2.0,0.0,0.0,0.0,0.0,0.0,0.0,0.0,0.0,1.0,0.0,0.0,0.0,0.0,0.0,0.0,-4.202,8.211,2.146,745.0,-0.037670948282658864,0.12359579792711446,1.0035703602460788,2.290092592592593,17.842725222539887,273.754617136296,0.0,0.0,0.0,0.0,0.0,0.0,0.0,0.0,0.0,0.0,0.0,-2.877484007052725,0.0,6.137829795642445,0.6153624723552059,0.0,4.99796910430839,0.0
0.0,0.0,0.0,0.0,0.0,0.0,0.0,2.0,0.0,0.0,0.0,0.0,0.0,0.0,0.0,0.0,1.0,0.0,0.0,0.0,2.0,0.0,0.0,-3.942,8.557,5.108,745.0,-0.010704213458678112,0.1589552591237422,0.7884009135758235,1.883425925925926,12.083681658295921,269.48571126126853,0.0,0.0,0.0,0.0,0.0,0.0,0.0,0.0,0.0,0.0,0.0,-2.3243216260495485,1.0,7.433230744479308,0.6153096229208108,0.0,4.99796910430839,0.0
0.0,0.0,0.0,0.0,0.0,0.0,0.0,2.0,0.0,1.0,0.0,0.0,0.0,0.0,0.0,0.0,0.0,0.0,0.0,0.0,2.0,0.0,0.0,-3.757,10.272,4.736,617.0,0.5037885928766191,0.3625372552319371,0.9034361193412583,1.883425925925926,12.586597235060536,472.52534463939253,0.0,0.0,0.0,0.0,0.0,1.0,0.0,0.0,0.0,0.0,0.0,-2.4299944367975366,0.0,1.776022346680997,1.2369952376178168,0.0,4.99796910430839,0.0
0.0,0.0,0.0,0.0,0.0,0.0,0.0,2.0,0.0,1.0,0.0,0.0,0.0,0.0,0.0,0.0,0.0,0.0,0.0,0.0,1.0,0.0,0.0,-4.058,10.399,10.7,617.0,0.3218591141555096,0.44690284225522947,1.0314461691876584,1.5318395691609978,12.965578028838586,357.9103689274202,0.0,0.0,0.0,0.0,0.0,1.0,0.0,0.0,0.0,0.0,0.0,-2.947026056461464,0.0,3.116779135446619,1.2216988521097105,0.0,4.99796910430839,1.0
0.0,0.0,0.0,0.0,0.0,0.0,0.0,2.0,0.0,1.0,0.0,0.0,0.0,0.0,0.0,0.0,0.0,0.0,0.0,0.0,2.0,0.0,0.0,-3.917,10.199,4.643,617.0,0.34174529753716143,0.3385973237746142,0.951896215714413,1.883425925925926,25.93115605767717,422.1944668092083,0.0,0.0,0.0,0.0,0.0,1.0,0.0,0.0,0.0,0.0,0.0,-2.416079408794031,0.0,3.997186028769607,1.2363390823593166,0.0,4.99796910430839,0.0
0.0,0.0,0.0,0.0,0.0,0.0,0.0,2.0,0.0,1.0,0.0,0.0,0.0,0.0,0.0,0.0,0.0,0.0,0.0,0.0,3.0,0.0,0.0,-3.926,8.9,6.005,617.0,0.3875977663566371,0.31292362429403936,0.7587938312307055,1.883425925925926,12.586597235060536,443.59985089825636,0.0,0.0,0.0,0.0,0.0,1.0,0.0,0.0,0.0,0.0,0.0,-2.4180527558983886,0.0,5.326793111944166,1.2369959717865406,0.0,4.99796910430839,0.0
0.0,0.0,0.0,0.0,0.0,0.0,0.0,2.0,0.0,1.0,0.0,0.0,0.0,0.0,0.0,0.0,0.0,0.0,0.0,0.0,1.0,0.0,0.0,-4.545,8.86,12.755,617.0,0.33922316811102515,0.4588342058289649,0.9380644639243768,1.4600803099017385,6.041840829147961,380.9815429785335,0.0,0.0,0.0,0.0,0.0,1.0,0.0,0.0,0.0,0.0,0.0,-2.9066600906457873,0.0,2.9909525014528633,1.2369868784053397,0.0,4.99796910430839,1.0
1.0,0.0,0.0,0.0,0.0,0.0,0.0,1.0,0.0,0.0,0.0,0.0,0.0,0.0,0.0,0.0,0.0,1.0,0.0,0.0,0.0,1.0,0.0,-4.781,9.635000000000002,7.912,555.0,-0.49522082392984346,0.1811329158985619,1.2751525263044865,1.481712962962963,0.0,263.29927947059696,0.0,0.0,0.0,0.0,0.0,0.0,0.0,0.0,0.0,0.0,4.651611866969009,-2.95590215189461,0.0,-4.415725745431188,1.2196049298517133,0.0,4.682861866969009,1.0
1.0,0.0,0.0,0.0,0.0,0.0,0.0,1.0,0.0,0.0,0.0,0.0,0.0,0.0,0.0,0.0,0.0,1.0,0.0,0.0,1.0,1.0,0.0,-5.596,7.366,5.274,555.0,0.03398791682045647,0.1571276284896407,0.8886747887150677,1.883425925925926,0.0,208.64171790842352,0.0,0.0,0.0,0.0,0.0,0.0,0.0,0.0,0.0,0.0,4.651611866969009,-2.43646288971168,0.0,-4.553684021145447,1.2433525755213615,0.0,4.762722978080121,0.0
1.0,0.0,0.0,0.0,0.0,0.0,0.0,1.0,0.0,0.0,0.0,0.0,0.0,0.0,0.0,0.0,0.0,1.0,0.0,0.0,1.0,1.0,0.0,-5.07,8.987,11.543,555.0,-0.33625669691649057,0.1250680949259887,1.1172757825104014,1.883425925925926,0.0,232.84095255752868,0.0,0.0,0.0,0.0,0.0,0.0,0.0,0.0,0.0,0.0,4.651611866969009,-2.439476416371438,0.0,-6.460530945398448,1.2433793481301112,0.0,4.679389644746788,0.0
1.0,0.0,0.0,0.0,0.0,0.0,0.0,1.0,0.0,0.0,0.0,0.0,0.0,0.0,0.0,0.0,0.0,1.0,0.0,0.0,1.0,1.0,0.0,-4.162,9.344,17.241,555.0,-0.6917676989822256,0.19623192021302419,1.2460596506789177,1.883425925925926,0.0,184.86460678552316,0.0,0.0,0.0,0.0,0.0,0.0,0.0,0.0,0.0,0.0,4.651611866969009,-2.6619756843445606,0.0,-7.111174417263704,1.2433611439392318,0.0,4.672020030234316,0.0
1.0,0.0,0.0,0.0,0.0,0.0,0.0,1.0,0.0,0.0,0.0,0.0,0.0,0.0,0.0,0.0,0.0,1.0,0.0,0.0,1.0,0.0,0.0,-5.336,7.709,4.966,555.0,-0.338065655232434,0.07321294869638793,0.9641615424381231,1.883425925925926,4.794537184071822,198.04028608245767,0.0,0.0,0.0,0.0,0.0,0.0,0.0,0.0,0.0,0.0,4.651611866969009,-2.4374063503533843,0.0,-7.111174417263704,1.24315831686916,0.0,4.99796910430839,0.0
1.0,0.0,0.0,0.0,0.0,0.0,0.0,1.0,0.0,0.0,0.0,0.0,0.0,0.0,0.0,0.0,0.0,0.0,0.0,0.0,0.0,0.0,0.0,-5.366,9.157,3.621,615.0,-0.7918040922140769,0.15329971024271294,1.4752148973470447,1.0835185185185183,6.06636706846161,316.75696596213993,0.0,0.0,0.0,0.0,0.0,0.0,0.0,0.0,0.0,0.0,4.419416099773242,-2.939551529425782,0.0,-0.4324860050900189,1.2488303447168043,0.0,4.99796910430839,1.0
1.0,0.0,0.0,0.0,0.0,0.0,0.0,1.0,0.0,0.0,0.0,0.0,0.0,0.0,0.0,0.0,0.0,0.0,0.0,0.0,1.0,0.0,0.0,-5.855,8.849,4.324,615.0,-0.30425264178054473,0.11016742963672498,1.202303797994372,1.883425925925926,6.06636706846161,270.8769553183149,0.0,0.0,0.0,0.0,0.0,0.0,0.0,0.0,0.0,0.0,4.419416099773242,-2.3854113427013597,0.0,-2.638081598262471,1.2815972495272865,0.0,4.99796910430839,0.0
1.0,0.0,0.0,0.0,0.0,0.0,0.0,1.0,0.0,0.0,0.0,0.0,0.0,0.0,0.0,0.0,0.0,0.0,0.0,0.0,2.0,0.0,0.0,-6.35,7.438000000000001,11.355,615.0,-0.5948997727997766,-0.019962516883223858,1.3932905637101842,1.883425925925926,0.0,272.24286358907693,0.0,0.0,0.0,0.0,0.0,0.0,0.0,0.0,0.0,0.0,4.419416099773242,-2.3944776013437115,1.0,-1.304249758157891,1.2815993027325179,0.0,4.99796910430839,0.0
1.0,0.0,0.0,0.0,0.0,0.0,0.0,1.0,0.0,0.0,0.0,0.0,0.0,0.0,0.0,0.0,0.0,0.0,0.0,0.0,1.0,0.0,0.0,-5.422,9.132,5.884,615.0,-0.3116966756539941,0.1265987714237144,1.1477474506638043,1.883425925925926,6.06636706846161,248.91990498307337,0.0,0.0,0.0,0.0,0.0,0.0,0.0,0.0,0.0,0.0,4.419416099773242,-2.381206571033669,0.0,-0.015877710184242996,1.281337997517519,0.0,4.99796910430839,0.0
1.0,0.0,0.0,0.0,0.0,0.0,0.0,1.0,0.0,0.0,0.0,0.0,0.0,0.0,0.0,0.0,0.0,0.0,0.0,0.0,1.0,0.0,0.0,-5.739,8.885000000000002,1.829,615.0,-0.3926704083165598,0.09105232918681691,1.1657017814335213,1.883425925925926,10.860904252533432,243.24543258092308,0.0,0.0,0.0,0.0,0.0,0.0,0.0,0.0,0.0,0.0,4.419416099773242,-2.3792482596048337,0.0,-0.01587771018424218,1.2814843349448186,0.0,4.99796910430839,0.0
0.0,0.0,0.0,0.0,0.0,0.0,1.0,1.0,0.0,0.0,1.0,0.0,0.0,0.0,1.0,0.0,0.0,0.0,0.0,0.0,1.0,0.0,0.0,-3.801,9.98,4.371,525.0,0.031225872058270602,0.05388893581039465,1.1707048789438854,2.414537037037037,17.17528553270685,389.80354254735676,0.0,0.0,0.0,0.0,0.0,0.0,0.0,0.0,1.0,0.0,0.0,-2.8571600924023963,1.0,20.17916144747106,1.1581475501822613,0.0,4.99796910430839,0.0
0.0,0.0,0.0,0.0,0.0,0.0,1.0,1.0,0.0,0.0,1.0,0.0,0.0,0.0,1.0,0.0,0.0,0.0,0.0,0.0,3.0,0.0,0.0,-5.322,7.007000000000001,10.965,525.0,0.13865738336377867,-0.07484427681547819,0.7497834707233301,1.883425925925926,12.586597235060536,365.9455260073978,0.0,0.0,0.0,0.0,0.0,0.0,0.0,0.0,1.0,0.0,0.0,-2.2459233354832366,2.0,14.482466873858463,1.1604262892804302,0.0,4.99796910430839,0.0
1.0,0.0,0.0,0.0,0.0,0.0,0.0,1.0,0.0,0.0,0.0,0.0,0.0,0.0,0.0,0.0,0.0,0.0,0.0,0.0,0.0,0.0,0.0,-5.32,10.694,5.188,357.0,-0.24859174587241778,-0.043889747122163224,1.2805048663994312,0.6412037037037037,6.923737199690624,139.31495024190403,0.0,0.0,0.0,0.0,0.0,0.0,0.0,0.0,0.0,0.0,0.0,-2.8767364339116193,0.0,1.7953306823687665,1.2520860626659391,0.0,4.99796910430839,0.0
1.0,0.0,0.0,0.0,0.0,0.0,0.0,1.0,0.0,0.0,0.0,0.0,0.0,0.0,0.0,0.0,0.0,0.0,0.0,0.0,1.0,0.0,0.0,-5.821,8.847,5.69,357.0,0.31498272135554783,0.11937385533699192,0.8599100644287321,1.883425925925926,0.0,167.66718454297134,0.0,0.0,0.0,0.0,0.0,0.0,0.0,0.0,0.0,0.0,0.0,-2.303275728675578,0.0,2.4474628506285785,1.2814839746548394,0.0,4.99796910430839,0.0
1.0,0.0,0.0,0.0,0.0,0.0,0.0,1.0,0.0,0.0,0.0,0.0,0.0,0.0,0.0,0.0,0.0,0.0,0.0,0.0,1.0,0.0,0.0,-5.524,9.517,2.519,357.0,0.45390935424446904,0.04473403908843441,0.8712755698177436,1.883425925925926,0.0,151.87058577898097,0.0,0.0,0.0,0.0,0.0,0.0,0.0,0.0,0.0,0.0,0.0,-2.300131714893575,0.0,2.4553317292457124,1.2817360504488138,0.0,4.99796910430839,0.0
1.0,0.0,0.0,0.0,0.0,0.0,0.0,1.0,0.0,0.0,0.0,0.0,0.0,0.0,0.0,0.0,0.0,0.0,0.0,0.0,1.0,0.0,0.0,-5.71,9.243,3.19,357.0,0.14098108229098996,0.0592362560053597,0.9113663031165923,1.883425925925926,4.794537184071822,142.88332247122082,0.0,0.0,0.0,0.0,0.0,0.0,0.0,0.0,0.0,0.0,0.0,-2.3001317148935745,0.0,2.447462850628579,1.281630527226975,0.0,4.99796910430839,0.0
0.0,0.0,0.0,0.0,0.0,0.0,0.0,1.0,0.0,0.0,0.0,0.0,0.0,0.0,0.0,0.0,0.0,0.0,0.0,0.0,1.0,0.0,0.0,-3.068,10.047,7.415,555.0,-0.2763231359693834,0.14094796963415357,1.403478547176918,2.525084089191232,18.88348407499998,399.2258797308557,0.0,0.0,0.0,0.0,1.0,0.0,0.0,0.0,0.0,0.0,0.0,-2.8943335573755324,0.0,2.672744814864678,1.1844363438705587,0.0,4.99796910430839,0.0
0.0,0.0,0.0,0.0,0.0,0.0,0.0,1.0,0.0,0.0,0.0,0.0,0.0,0.0,0.0,0.0,0.0,0.0,0.0,0.0,1.0,0.0,0.0,-3.251,9.945,3.346,555.0,-0.3922697493604425,0.13011899720266776,1.792028930845054,2.6395370370370372,5.917906046161393,411.77718545069365,0.0,0.0,0.0,0.0,1.0,0.0,0.0,0.0,0.0,0.0,0.0,-2.9694955572071056,0.0,4.2586876151350905,1.168854804836445,0.0,4.99796910430839,0.0
1.0,0.0,0.0,0.0,0.0,0.0,0.0,1.0,0.0,0.0,0.0,0.0,0.0,0.0,0.0,0.0,0.0,1.0,0.0,0.0,0.0,0.0,0.0,-5.289,7.640000000000001,7.446,583.0,-0.39110166566959703,-0.06452300873642512,1.1113448525403007,1.883425925925926,13.4684936056032,296.65504411337497,0.0,0.0,0.0,0.0,0.0,0.0,0.0,0.0,0.0,0.0,5.257601095993953,-2.461040636554319,0.0,-2.469432666923695,1.2353448364852244,0.0,4.99796910430839,0.0
1.0,0.0,0.0,0.0,0.0,0.0,0.0,1.0,0.0,0.0,0.0,0.0,0.0,0.0,0.0,0.0,0.0,1.0,0.0,0.0,1.0,0.0,0.0,-4.27,9.721,2.563,583.0,-0.5723715351905035,-0.03242475188162114,1.3061847288686352,1.883425925925926,13.027703587438928,398.81946530596866,0.0,0.0,0.0,0.0,0.0,0.0,0.0,0.0,0.0,0.0,5.257601095993953,-3.169566557518907,0.0,0.29752954122174596,1.1802572666179454,0.0,5.2784344293272865,0.0
1.0,0.0,0.0,0.0,0.0,0.0,0.0,1.0,0.0,0.0,0.0,0.0,0.0,0.0,0.0,0.0,0.0,1.0,0.0,0.0,0.0,0.0,0.0,-4.57,9.048,3.582,583.0,-0.5396534849841305,0.03509241436810421,1.1414697507274296,1.883425925925926,13.654553947190108,326.84707673746834,0.0,0.0,0.0,0.0,0.0,0.0,0.0,0.0,0.0,0.0,5.257601095993953,-2.455331836246013,0.0,0.04017030280671435,1.2358753194980496,0.0,5.285378873771731,0.0
1.0,0.0,0.0,0.0,0.0,0.0,0.0,1.0,0.0,0.0,0.0,0.0,0.0,0.0,0.0,0.0,0.0,1.0,0.0,0.0,0.0,0.0,0.0,-4.546,8.940999999999999,3.998,583.0,-0.7138708382779657,0.0807171848911078,1.1841080729592692,1.883425925925926,20.57829114688073,303.3419396240389,0.0,0.0,0.0,0.0,0.0,0.0,0.0,0.0,0.0,0.0,5.257601095993953,-2.4530639144499453,0.0,-3.3059669901671653,1.2358771670313082,0.0,5.278009259259259,0.0
0.0,0.0,0.0,0.0,0.0,0.0,0.0,1.0,0.0,0.0,0.0,0.0,0.0,0.0,1.0,0.0,1.0,2.0,0.0,0.0,0.0,0.0,0.0,-3.11,10.055,3.815,595.0,0.013582736313922296,0.135487564068733,0.8545798859636826,1.883425925925926,38.26988372676457,265.16811231014503,0.0,0.0,0.0,0.0,0.0,0.0,0.0,0.0,0.0,0.0,5.435852334761065,-2.2424996634008485,0.0,-2.0478554013479626,1.173172639700946,0.0,5.445852334761065,0.0
0.0,0.0,0.0,0.0,0.0,0.0,0.0,1.0,0.0,0.0,0.0,0.0,0.0,0.0,1.0,0.0,1.0,2.0,0.0,0.0,0.0,0.0,0.0,-3.918,8.274999999999999,5.832,595.0,0.03222197331423001,-0.009599294260456094,0.7740511164993629,1.883425925925926,13.08951281182515,291.9290698282839,0.0,0.0,0.0,0.0,0.0,0.0,0.0,0.0,0.0,0.0,5.435852334761065,-2.2470354274217796,0.0,1.1473081394014384,1.1731726397009483,0.0,4.99796910430839,0.0
0.0,0.0,0.0,0.0,0.0,0.0,0.0,1.0,0.0,0.0,0.0,0.0,0.0,0.0,1.0,0.0,1.0,2.0,0.0,0.0,1.0,0.0,0.0,-3.26,10.282,4.17,595.0,0.054179678102078896,-0.05922927402010382,0.8716089441836341,1.883425925925926,11.835812092322787,306.8827109429694,0.0,0.0,0.0,0.0,0.0,0.0,0.0,0.0,0.0,0.0,5.435852334761065,-3.1024135798229238,0.0,0.3278911131120244,1.1731726397009474,0.0,5.449185668094398,0.0
0.0,0.0,0.0,0.0,0.0,0.0,0.0,1.0,0.0,0.0,0.0,0.0,0.0,0.0,0.0,0.0,0.0,0.0,0.0,0.0,0.0,0.0,0.0,-3.749,8.078999999999999,10.269,405.0,0.09010487928612582,0.10424185931146678,0.6496972331454666,2.4212962962962963,18.380568498235363,209.86698331154275,0.0,1.0,0.0,0.0,0.0,0.0,0.0,0.0,0.0,0.0,0.0,-2.8113800278639576,0.0,-7.059915316093381,1.18413404169736,0.0,4.99796910430839,0.0
0.0,0.0,0.0,0.0,0.0,0.0,0.0,1.0,0.0,0.0,0.0,0.0,0.0,0.0,0.0,0.0,0.0,0.0,0.0,0.0,2.0,0.0,0.0,-3.73,8.488999999999999,7.254,405.0,0.13022868365546295,-0.0774004105578616,0.7086599491121968,1.883425925925926,12.462662452073968,224.18024681386976,0.0,1.0,0.0,0.0,0.0,0.0,0.0,0.0,0.0,0.0,0.0,-3.1006228247071532,0.0,-6.049055033802409,1.1609056321319229,0.0,4.99796910430839,0.0
0.0,0.0,0.0,0.0,0.0,0.0,0.0,0.0,0.0,0.0,0.0,0.0,0.0,0.0,0.0,0.0,0.0,0.0,0.0,0.0,1.0,0.0,0.0,-3.933,9.651,1.499,579.0,0.14872249110005922,0.3798479060565245,1.2638256192042248,1.883425925925926,18.628438064208495,310.4094858768483,0.0,0.0,0.0,0.0,0.0,0.0,0.0,0.0,0.0,0.0,0.0,-2.523182157179362,0.0,16.59009697714133,1.226711940064516,0.0,4.99796910430839,0.0
0.0,0.0,0.0,0.0,0.0,0.0,0.0,0.0,0.0,0.0,0.0,0.0,0.0,0.0,0.0,0.0,0.0,0.0,0.0,0.0,0.0,0.0,0.0,-3.96,9.802,4.584,579.0,-0.02380732802197793,0.5456971193500565,1.5170583702800644,1.9636111111111112,25.428240480912557,332.02792932262923,0.0,0.0,0.0,0.0,0.0,0.0,0.0,0.0,0.0,0.0,0.0,-2.9682246791054383,0.0,19.31028559345922,1.2081139255142637,0.0,4.99796910430839,1.0
0.0,0.0,0.0,0.0,0.0,0.0,0.0,0.0,0.0,0.0,0.0,0.0,0.0,0.0,0.0,0.0,0.0,0.0,0.0,0.0,2.0,0.0,0.0,-4.004,9.963,5.166,579.0,-0.01543760424620475,0.44965018735650014,1.6295497798734677,1.883425925925926,6.041840829147961,281.5146681614642,0.0,0.0,0.0,0.0,0.0,0.0,0.0,0.0,0.0,0.0,0.0,-3.195262637898827,0.0,19.51159488909346,1.1799083337716878,0.0,4.99796910430839,0.0
0.0,0.0,0.0,1.0,0.0,0.0,0.0,0.0,0.0,0.0,0.0,0.0,0.0,0.0,0.0,0.0,0.0,0.0,0.0,0.0,2.0,0.0,0.0,-3.167,9.846,2.823,555.0,-0.17067119576139766,-0.08412673930400456,1.2674025143148915,1.883425925925926,5.917906046161393,339.54590240061134,0.0,0.0,0.0,0.0,0.0,0.0,0.0,0.0,0.0,0.0,0.0,-3.1445703369694322,0.0,4.390268114871711,1.192813382235547,0.0,4.99796910430839,0.0
0.0,0.0,0.0,1.0,0.0,0.0,0.0,0.0,0.0,0.0,0.0,0.0,0.0,0.0,0.0,0.0,0.0,0.0,0.0,0.0,0.0,0.0,0.0,-3.044,9.546,5.953,555.0,-0.18605200692633128,0.10144998905516672,1.1987129020897442,2.572194822373394,12.965578028838586,318.2484076827195,0.0,0.0,0.0,0.0,0.0,0.0,0.0,0.0,0.0,0.0,0.0,-2.9250780546300392,0.0,1.6852280765852878,1.2141658343443043,0.0,4.99796910430839,0.0
0.0,0.0,0.0,0.0,0.0,0.0,0.0,0.0,0.0,0.0,0.0,0.0,0.0,0.0,0.0,0.0,0.0,0.0,0.0,0.0,2.0,0.0,0.0,-5.32,7.4,9.587,537.0,-0.03756976340291018,-0.09770437302560932,0.8357688895158953,1.883425925925926,6.544756405912575,297.51994081116084,0.0,0.0,0.0,0.0,0.0,0.0,0.0,0.0,0.0,0.0,0.0,-2.349950820351087,2.0,-6.835023971422462,1.2330737653471175,0.0,4.99796910430839,0.0
0.0,0.0,0.0,0.0,0.0,0.0,0.0,0.0,0.0,0.0,0.0,0.0,0.0,0.0,0.0,0.0,0.0,0.0,0.0,0.0,2.0,0.0,0.0,-5.165,7.527,9.724,537.0,0.009995891157243962,0.11526052218017523,0.7541101058905445,1.883425925925926,11.643438214213614,302.0528748768468,0.0,0.0,0.0,0.0,0.0,0.0,0.0,0.0,0.0,0.0,0.0,-2.347757172458056,2.0,-6.835023971422462,1.2330737643521035,0.0,4.99796910430839,0.0
0.0,0.0,0.0,0.0,0.0,0.0,0.0,0.0,0.0,0.0,0.0,0.0,0.0,0.0,0.0,0.0,0.0,0.0,0.0,0.0,2.0,0.0,0.0,-3.651,10.385,0.514,537.0,-0.10470119503652377,-0.10333711813813372,0.9349629070766104,1.883425925925926,5.917906046161393,237.64499620040465,0.0,0.0,0.0,0.0,0.0,0.0,0.0,0.0,0.0,0.0,0.0,-3.1187968404579482,1.0,-3.2842118245364285,1.1988932859203394,0.0,4.99796910430839,0.0
1.0,0.0,0.0,0.0,0.0,0.0,0.0,0.0,0.0,0.0,0.0,1.0,0.0,0.0,0.0,0.0,0.0,0.0,0.0,1.0,2.0,0.0,0.0,-3.535,9.388,2.873,543.0,-0.4879598738318369,-0.10940057717353796,1.2601331487654786,1.883425925925926,18.883484074999977,321.0098695363881,0.0,0.0,0.0,0.0,0.0,0.0,0.0,0.0,0.0,0.0,0.0,-3.183630316422734,0.0,-10.64367318412793,1.1372285189158966,0.0,4.99796910430839,0.0
1.0,0.0,0.0,0.0,0.0,0.0,0.0,0.0,0.0,0.0,0.0,1.0,0.0,0.0,0.0,0.0,0.0,0.0,0.0,1.0,0.0,0.0,0.0,-3.47,9.312,7.832,543.0,-0.5810596211351309,0.022319189796530865,1.064891681990135,2.227222222222222,6.041840829147961,335.6160742929901,0.0,0.0,0.0,0.0,0.0,0.0,0.0,0.0,0.0,0.0,0.0,-2.821401725614982,0.0,-15.197500143368288,1.1891214168702975,0.0,4.99796910430839,0.0
1.0,0.0,0.0,0.0,0.0,0.0,0.0,0.0,0.0,0.0,0.0,1.0,0.0,0.0,0.0,0.0,0.0,0.0,0.0,1.0,1.0,0.0,0.0,-3.464,9.183,7.331,543.0,-0.6254639619349582,0.09993257071964604,1.0916409256299247,1.883425925925926,12.586597235060536,298.8919411888546,0.0,0.0,0.0,0.0,0.0,0.0,0.0,0.0,0.0,0.0,0.0,-2.4525812355293586,0.0,-14.398465580947729,1.1887028942721785,0.0,4.99796910430839,0.0
1.0,0.0,0.0,0.0,0.0,0.0,0.0,0.0,0.0,0.0,0.0,0.0,0.0,0.0,0.0,0.0,0.0,0.0,0.0,1.0,1.0,0.0,0.0,-3.606,11.152,2.136,455.0,-0.27422060744851606,-0.1114441291514377,1.380165318991331,1.883425925925926,11.835812092322787,220.0877029497451,0.0,0.0,0.0,0.0,0.0,0.0,0.0,0.0,0.0,0.0,0.0,-3.1059318002650773,0.0,-3.3270572413220174,1.1924526394655426,0.0,4.99796910430839,0.0
1.0,0.0,0.0,0.0,0.0,0.0,0.0,0.0,0.0,0.0,0.0,0.0,0.0,0.0,0.0,0.0,0.0,0.0,0.0,1.0,0.0,0.0,0.0,-5.374,7.361,10.322,455.0,-0.3393904773453083,0.13944964156895456,1.2128903030098013,1.883425925925926,19.007418857986544,210.99107686277046,0.0,0.0,0.0,0.0,0.0,0.0,0.0,0.0,0.0,0.0,0.0,-2.236855953828043,0.0,-5.9063066783903215,1.191813161618609,0.0,4.99796910430839,0.0
0.0,0.0,0.0,0.0,0.0,0.0,0.0,0.0,0.0,0.0,0.0,1.0,0.0,0.0,0.0,0.0,0.0,0.0,0.0,0.0,1.0,0.0,0.0,-3.456,9.261,6.416,575.0,-0.21960559681291555,-0.13843967855141415,1.1416694729249,1.883425925925926,18.311593189387544,275.05258650180053,0.0,0.0,0.0,0.0,0.0,0.0,0.0,0.0,0.0,0.0,1.9667762660619803,-3.10727580759777,0.0,-9.208649794828768,1.19177266090678,0.0,4.99796910430839,0.0
0.0,0.0,0.0,0.0,0.0,0.0,0.0,0.0,0.0,0.0,0.0,1.0,0.0,0.0,0.0,0.0,0.0,0.0,0.0,0.0,1.0,0.0,0.0,-4.506,7.760999999999999,5.96,575.0,0.0665451463723414,-0.07370628474823901,0.854445089964246,1.883425925925926,31.7424771153473,243.70019425806868,0.0,0.0,0.0,0.0,0.0,0.0,0.0,0.0,0.0,0.0,1.9667762660619803,-2.3113055976720474,1.0,-9.23383379020634,1.1918132006968234,0.0,4.99796910430839,0.0
0.0,0.0,0.0,0.0,0.0,0.0,0.0,0.0,0.0,0.0,0.0,1.0,0.0,0.0,0.0,0.0,0.0,0.0,0.0,0.0,0.0,0.0,0.0,-3.074,9.376,5.653,575.0,-0.2831810538515273,0.17739518396320236,1.0771194248693934,1.883425925925926,31.4011060012127,244.07430403228932,0.0,0.0,0.0,0.0,0.0,0.0,0.0,0.0,0.0,0.0,1.9667762660619803,-2.6393256171722457,0.0,-10.11963562455454,1.1872575083410668,0.0,4.99796910430839,0.0
1.0,0.0,0.0,0.0,0.0,0.0,0.0,0.0,0.0,0.0,0.0,0.0,0.0,0.0,0.0,0.0,0.0,2.0,0.0,0.0,0.0,0.0,0.0,-3.437,10.464,1.948,493.0,-0.3784136832884281,0.051817494351690425,1.6684546716547173,2.574074074074074,5.917906046161393,304.05820230723987,0.0,0.0,0.0,0.0,1.0,0.0,0.0,0.0,0.0,0.0,5.417141912320484,-2.9554063255132674,0.0,3.836332448278863,1.1729519426659205,0.0,5.448391912320484,0.0
1.0,0.0,0.0,0.0,0.0,0.0,0.0,0.0,0.0,0.0,0.0,0.0,0.0,0.0,0.0,0.0,0.0,2.0,0.0,0.0,1.0,0.0,0.0,-5.296,7.531999999999999,10.011,493.0,-0.26069414216213405,-0.025271031780706072,1.1410563526885407,1.883425925925926,11.959746875309353,236.6499417610371,0.0,0.0,0.0,0.0,1.0,0.0,0.0,0.0,0.0,0.0,5.417141912320484,-2.4008520677018845,0.0,0.2331387535231706,1.1900498968104007,0.0,4.99796910430839,0.0
0.0,0.0,0.0,0.0,0.0,0.0,0.0,0.0,0.0,0.0,0.0,0.0,0.0,0.0,0.0,0.0,0.0,0.0,0.0,0.0,0.0,0.0,0.0,-4.258,10.039,7.136,429.0,0.04946453750000393,0.7006027338673461,0.7024771868998284,1.883425925925926,12.586597235060536,237.28178371767774,0.0,0.0,0.0,0.0,1.0,0.0,0.0,0.0,0.0,0.0,0.0,-2.6433203784181165,0.0,-7.668861610759681,1.2232841844549245,0.0,4.99796910430839,0.0
0.0,0.0,0.0,0.0,0.0,0.0,0.0,0.0,0.0,0.0,0.0,0.0,0.0,0.0,0.0,0.0,0.0,0.0,0.0,0.0,1.0,0.0,0.0,-4.306,11.014,4.322,429.0,-0.021157239510091304,0.4925837698649756,1.0090250626668826,1.883425925925926,12.338727669087403,238.11216318323295,0.0,0.0,0.0,0.0,1.0,0.0,0.0,0.0,0.0,0.0,0.0,-3.1673352057048048,0.0,-4.613077278825603,1.1843936319907267,0.0,4.99796910430839,1.0
0.0,0.0,0.0,0.0,0.0,0.0,0.0,0.0,0.0,0.0,0.0,0.0,0.0,0.0,0.0,0.0,0.0,0.0,0.0,0.0,0.0,0.0,0.0,-4.318,10.085,2.814,429.0,0.2131450138667127,0.43634826172962243,0.778134803783182,1.883425925925926,12.586597235060536,238.00990129737022,0.0,0.0,0.0,0.0,1.0,0.0,0.0,0.0,0.0,0.0,0.0,-2.3907788373263585,0.0,-7.668861610759679,1.223284965174121,0.0,4.99796910430839,1.0
1.0,0.0,0.0,0.0,0.0,0.0,0.0,0.0,0.0,0.0,0.0,0.0,0.0,0.0,0.0,0.0,0.0,1.0,0.0,0.0,0.0,0.0,0.0,-4.562,9.273,3.355,555.0,-0.2517881297302349,0.26432480676667786,1.4295495095694986,1.8906944444444445,6.4208216229260096,329.66413076807703,0.0,0.0,0.0,0.0,0.0,0.0,0.0,0.0,0.0,0.0,5.372180650037793,-2.933591202472126,0.0,14.48049592544009,1.210920437151324,0.0,5.403430650037793,1.0
1.0,0.0,0.0,0.0,0.0,0.0,0.0,0.0,0.0,0.0,0.0,0.0,0.0,0.0,0.0,0.0,0.0,1.0,0.0,0.0,1.0,0.0,0.0,-5.048,8.518,10.138,555.0,-0.17233611623639178,0.07134857624164456,1.161405157474967,1.883425925925926,19.765380445542643,275.7899490150112,0.0,0.0,0.0,0.0,0.0,0.0,0.0,0.0,0.0,0.0,5.372180650037793,-2.349518018461925,0.0,16.293193286828913,1.2273495312946845,0.0,4.99796910430839,0.0
1.0,0.0,0.0,0.0,0.0,0.0,0.0,0.0,0.0,0.0,0.0,0.0,0.0,0.0,0.0,0.0,0.0,1.0,0.0,0.0,1.0,0.0,0.0,-4.876,8.79,4.372,555.0,0.012863338160584476,0.1813692857824237,1.1061894399380843,1.883425925925926,0.0,269.44443727225007,0.0,0.0,0.0,0.0,0.0,0.0,0.0,0.0,0.0,0.0,5.372180650037793,-2.350587737447995,0.0,13.31293294390256,1.227561046250597,0.0,5.399958427815571,0.0
1.0,0.0,0.0,0.0,0.0,0.0,0.0,0.0,0.0,0.0,0.0,0.0,0.0,0.0,0.0,0.0,1.0,0.0,0.0,0.0,1.0,0.0,0.0,-3.985,9.781,3.622,579.0,-0.3764495941876997,0.21132216945508242,1.2268675139204965,1.883425925925926,6.041840829147961,348.833342880529,0.0,0.0,0.0,0.0,1.0,0.0,0.0,0.0,0.0,0.0,0.0,-2.439092261883089,0.0,2.1835326365061665,1.2216429964955695,0.0,4.99796910430839,1.0
1.0,0.0,0.0,0.0,0.0,0.0,0.0,0.0,0.0,0.0,0.0,0.0,0.0,0.0,0.0,0.0,1.0,0.0,0.0,0.0,1.0,0.0,0.0,-3.504,9.589,5.579,579.0,-0.5453072490163765,0.2999114011921452,1.3363916696155558,1.883425925925926,6.041840829147961,315.45751489624286,0.0,0.0,0.0,0.0,1.0,0.0,0.0,0.0,0.0,0.0,0.0,-2.681837578197246,0.0,4.066979454439972,1.221633936993671,0.0,4.99796910430839,1.0
1.0,0.0,0.0,0.0,0.0,0.0,0.0,0.0,0.0,0.0,0.0,0.0,0.0,0.0,0.0,0.0,1.0,0.0,0.0,0.0,1.0,0.0,0.0,-4.51,8.639,4.793,579.0,-0.1527727202707665,0.404740497729169,1.0877364191544987,1.883425925925926,6.041840829147961,342.9338370256057,0.0,0.0,0.0,0.0,1.0,0.0,0.0,0.0,0.0,0.0,0.0,-2.5956337669129557,0.0,3.7572005813984,1.221644324993357,0.0,4.99796910430839,0.0
1.0,0.0,0.0,0.0,0.0,0.0,0.0,0.0,0.0,0.0,0.0,0.0,0.0,0.0,0.0,0.0,1.0,0.0,0.0,0.0,0.0,0.0,0.0,-4.504,9.238,3.43,579.0,-0.42202402458549726,0.28556057759163117,1.3093033984558042,1.623287037037037,12.338727669087403,327.773063741648,0.0,0.0,0.0,0.0,1.0,0.0,0.0,0.0,0.0,0.0,0.0,-2.926524983504838,0.0,4.740809462239763,1.2063267666982975,0.0,4.99796910430839,2.0
1.0,0.0,0.0,0.0,0.0,0.0,0.0,0.0,0.0,0.0,0.0,0.0,0.0,0.0,0.0,0.0,1.0,0.0,0.0,0.0,1.0,0.0,0.0,-3.504,9.589,5.579,579.0,-0.014813622199241082,0.2381717972760911,1.0869707912999311,1.883425925925926,6.041840829147961,278.9468133988146,0.0,0.0,0.0,0.0,1.0,0.0,0.0,0.0,0.0,0.0,0.0,-2.436746588474166,0.0,3.7572005813984,1.2216443600099216,0.0,4.99796910430839,1.0
1.0,0.0,0.0,0.0,0.0,0.0,0.0,0.0,0.0,0.0,0.0,0.0,0.0,0.0,0.0,0.0,0.0,0.0,0.0,0.0,0.0,0.0,0.0,-3.231,10.954,5.071,569.0,-0.2943930096385683,0.15922911015134547,1.0462735382984942,1.883425925925926,12.965578028838586,476.67590384812115,0.0,0.0,0.0,0.0,0.0,0.0,0.0,0.0,0.0,0.0,0.0,-2.3311502560436033,0.0,14.877918353683896,1.1999280301484077,0.0,4.99796910430839,0.0
1.0,0.0,0.0,0.0,0.0,0.0,0.0,0.0,0.0,0.0,0.0,0.0,0.0,0.0,0.0,0.0,0.0,0.0,0.0,0.0,1.0,0.0,0.0,-3.434,10.248,6.769,569.0,-0.19403787712234094,-0.04516006428547442,1.14483106769507,1.883425925925926,6.4208216229260096,290.11274868783676,0.0,0.0,0.0,0.0,0.0,0.0,0.0,0.0,0.0,0.0,0.0,-3.1351371752692567,0.0,12.19292989867226,1.1632585570554135,0.0,4.99796910430839,0.0
1.0,0.0,0.0,0.0,0.0,0.0,0.0,0.0,0.0,0.0,0.0,0.0,0.0,0.0,0.0,0.0,0.0,0.0,1.0,0.0,0.0,0.0,0.0,-3.916,9.294,8.006,551.0,-0.8691960225689598,0.24246961770195843,1.3406049323052616,1.883425925925926,13.344558822616634,357.3425928025787,0.0,0.0,0.0,0.0,0.0,0.0,0.0,0.0,0.0,0.0,0.0,-2.7561023417535186,0.0,-14.041195047713643,1.1685485193533443,0.0,4.99796910430839,0.0
1.0,0.0,0.0,0.0,0.0,0.0,0.0,0.0,0.0,0.0,0.0,0.0,0.0,0.0,0.0,0.0,0.0,0.0,1.0,0.0,0.0,0.0,0.0,-5.149,7.896999999999999,6.011,551.0,-0.2842728780139782,0.18566330881216644,0.9072565267685904,1.883425925925926,6.4208216229260096,364.1256571178916,0.0,0.0,0.0,0.0,0.0,0.0,0.0,0.0,0.0,0.0,0.0,-2.4651846787141656,0.0,-8.657392048727775,1.1770658573502806,0.0,4.99796910430839,0.0
1.0,0.0,0.0,0.0,0.0,0.0,0.0,0.0,0.0,0.0,0.0,0.0,0.0,0.0,0.0,0.0,0.0,0.0,1.0,0.0,0.0,0.0,0.0,-4.723,8.593,4.54,551.0,-0.4074054016295961,0.14778919140902044,0.9671278553946664,1.883425925925926,11.21535880699783,360.92110100124523,0.0,0.0,0.0,0.0,0.0,0.0,0.0,0.0,0.0,0.0,0.0,-2.4628376278732524,0.0,-8.657392048727774,1.1771460863186634,0.0,4.99796910430839,0.0
0.0,0.0,0.0,0.0,0.0,0.0,0.0,0.0,0.0,0.0,0.0,0.0,0.0,0.0,0.0,0.0,0.0,0.0,0.0,0.0,1.0,0.0,0.0,-4.62,8.123000000000001,4.451,565.0,0.15706358305434298,0.25863265981641037,1.0791858771350213,1.883425925925926,5.538925252383345,284.46448493072967,0.0,0.0,0.0,0.0,0.0,0.0,0.0,0.0,0.0,0.0,0.0,-2.4613431014091347,0.0,7.633442980252333,1.1645236125697545,0.0,4.99796910430839,0.0
0.0,0.0,0.0,0.0,0.0,0.0,0.0,0.0,0.0,0.0,0.0,0.0,0.0,0.0,0.0,0.0,0.0,0.0,0.0,0.0,0.0,0.0,0.0,-4.362,8.831,1.242,565.0,-0.029321991030764816,0.4181260172280959,1.535868550145057,1.994861111111111,12.841643245852019,317.70505598777254,0.0,0.0,0.0,0.0,0.0,0.0,0.0,0.0,0.0,0.0,0.0,-2.9861011398031727,0.0,11.996472978023569,1.14637008738751,0.0,4.99796910430839,1.0
1.0,0.0,0.0,0.0,0.0,0.0,0.0,2.0,0.0,0.0,0.0,0.0,1.0,0.0,0.0,0.0,0.0,0.0,0.0,0.0,1.0,0.0,0.0,-3.896,9.584,9.67,559.0,-0.8796281674655596,0.1465758714135404,1.402297698217176,1.883425925925926,6.544756405912575,328.07426936313107,0.0,0.0,0.0,0.0,0.0,0.0,0.0,0.0,0.0,0.0,0.0,-2.658101670607586,0.0,3.2724006941227253,1.2057367905035123,0.0,4.99796910430839,0.0
1.0,0.0,0.0,0.0,0.0,0.0,0.0,2.0,0.0,0.0,0.0,0.0,1.0,0.0,0.0,0.0,0.0,0.0,0.0,0.0,1.0,0.0,0.0,-4.105,9.943,2.915,559.0,-0.9435664843260843,0.09549078764013888,1.4492490930261206,1.883425925925926,0.0,208.5568544160983,0.0,0.0,0.0,0.0,0.0,0.0,0.0,0.0,0.0,0.0,0.0,-2.4358452702385383,0.0,4.263711514108259,1.2048297532843184,0.0,4.99796910430839,0.0
1.0,0.0,0.0,0.0,0.0,0.0,0.0,2.0,0.0,0.0,0.0,0.0,1.0,0.0,0.0,0.0,0.0,0.0,0.0,0.0,0.0,0.0,0.0,-4.33,9.966,6.12,559.0,-0.8009427092227489,0.10823169565662345,1.41241306625422,1.3075925925925924,0.0,280.53405125344375,0.0,0.0,0.0,0.0,0.0,0.0,0.0,0.0,0.0,0.0,0.0,-2.9252115710546445,0.0,5.016955443982302,1.2037800369328002,0.0,4.99796910430839,1.0
1.0,0.0,0.0,0.0,0.0,0.0,0.0,2.0,0.0,0.0,0.0,0.0,1.0,0.0,0.0,0.0,0.0,0.0,0.0,0.0,1.0,0.0,0.0,-4.371,9.056,4.319,559.0,-0.6033079309098507,0.09647283297007168,1.312306733081789,1.883425925925926,6.923737199690624,291.4527059793619,0.0,0.0,0.0,0.0,0.0,0.0,0.0,0.0,0.0,0.0,0.0,-2.4358452702385387,0.0,5.3978289286258425,1.2049875235042244,0.0,4.99796910430839,0.0
1.0,0.0,0.0,0.0,0.0,0.0,0.0,2.0,0.0,0.0,0.0,0.0,1.0,0.0,0.0,0.0,0.0,0.0,0.0,0.0,1.0,0.0,0.0,-4.447,9.368,6.351,559.0,-0.5604554008219236,0.07177551115108968,1.2166265397850613,1.883425925925926,0.0,245.13009013335932,0.0,0.0,0.0,0.0,0.0,0.0,0.0,0.0,0.0,0.0,0.0,-2.438424695904338,0.0,4.7593669241010215,1.2057369403932743,0.0,4.99796910430839,0.0
1.0,0.0,0.0,0.0,0.0,0.0,0.0,1.0,0.0,0.0,0.0,0.0,0.0,0.0,0.0,0.0,0.0,0.0,1.0,0.0,1.0,0.0,0.0,-3.256,10.553,13.471,595.0,-0.05999246133685251,0.1838701386481108,1.0369341104854464,1.883425925925926,6.041840829147961,282.2267579881086,0.0,0.0,0.0,0.0,0.0,0.0,0.0,0.0,0.0,0.0,0.0,-2.502198190321689,0.0,1.935274129875893,1.191078318320943,0.0,4.99796910430839,0.0
1.0,0.0,0.0,0.0,0.0,0.0,0.0,1.0,0.0,0.0,0.0,0.0,0.0,0.0,0.0,0.0,0.0,0.0,1.0,0.0,1.0,0.0,0.0,-3.205,10.215,11.669,595.0,0.041320426313255304,0.23750446638120415,0.9493561931815139,1.883425925925926,0.0,315.0439744355624,0.0,0.0,0.0,0.0,0.0,0.0,0.0,0.0,0.0,0.0,0.0,-2.611785877169119,0.0,5.925216245918143,1.1910790460869307,0.0,4.99796910430839,0.0
1.0,0.0,0.0,0.0,0.0,0.0,0.0,1.0,0.0,0.0,0.0,0.0,0.0,0.0,0.0,0.0,0.0,0.0,1.0,0.0,0.0,0.0,0.0,-4.212,10.154,3.162,595.0,-0.6037014816115791,0.24856104244930396,1.2943575748008511,1.207037037037037,19.88931522852921,426.5493560820438,0.0,0.0,0.0,0.0,0.0,0.0,0.0,0.0,0.0,0.0,0.0,-2.9988301523562186,0.0,5.232175723482212,1.16859693335417,0.0,4.99796910430839,1.0
1.0,0.0,0.0,0.0,0.0,0.0,0.0,1.0,0.0,0.0,0.0,0.0,0.0,0.0,0.0,0.0,0.0,0.0,1.0,0.0,1.0,0.0,0.0,-4.533,8.277000000000001,1.47,595.0,-0.24925491058945903,0.20401500400206993,0.9057585840605438,1.883425925925926,12.462662452073971,336.3992936667951,0.0,0.0,0.0,0.0,0.0,0.0,0.0,0.0,0.0,0.0,0.0,-2.5023532229660193,0.0,5.959658023396601,1.190915673784699,0.0,4.99796910430839,0.0
1.0,0.0,0.0,0.0,0.0,0.0,0.0,1.0,0.0,0.0,0.0,0.0,0.0,0.0,0.0,0.0,0.0,0.0,1.0,0.0,1.0,0.0,0.0,-4.466,9.628,3.721,595.0,-0.33487128188749066,0.17573753261616004,0.9447655260502048,1.883425925925926,17.257199636145792,335.4752710869626,0.0,0.0,0.0,0.0,0.0,0.0,0.0,0.0,0.0,0.0,0.0,-2.5006802832273207,0.0,5.9596580233966,1.1910083104464946,0.0,4.99796910430839,0.0
0.0,0.0,0.0,0.0,0.0,0.0,0.0,0.0,0.0,0.0,0.0,0.0,0.0,0.0,0.0,0.0,0.0,0.0,0.0,0.0,1.0,0.0,0.0,-3.579,9.76,12.515,541.0,-0.34048029264966273,0.15632190789848374,1.5599445389190618,2.311229922524565,12.338727669087403,258.2555668899722,0.0,0.0,0.0,0.0,1.0,0.0,0.0,0.0,0.0,0.0,0.0,-2.871126470171669,0.0,9.609358008639685,1.190333152325736,0.0,4.99796910430839,0.0
0.0,0.0,0.0,0.0,0.0,0.0,0.0,0.0,0.0,0.0,0.0,0.0,0.0,0.0,0.0,0.0,0.0,0.0,0.0,0.0,2.0,0.0,0.0,-4.703,8.113,2.137,541.0,-0.18053099470912093,0.1865534725804093,1.29271323373337,1.883425925925926,6.041840829147961,314.56200272787123,0.0,0.0,0.0,0.0,1.0,0.0,0.0,0.0,0.0,0.0,0.0,-2.453608619970687,0.0,9.174970644038234,1.1999984589939918,0.0,4.99796910430839,0.0
0.0,0.0,0.0,0.0,0.0,0.0,0.0,0.0,0.0,0.0,0.0,0.0,0.0,0.0,0.0,0.0,0.0,0.0,0.0,0.0,1.0,0.0,0.0,-4.527,7.986999999999999,5.138,541.0,-0.4670504672196476,0.27572086897700565,1.7282659309151553,1.9806481481481482,12.965578028838586,314.7917275804955,0.0,0.0,0.0,0.0,1.0,0.0,0.0,0.0,0.0,0.0,0.0,-2.9592960621745465,0.0,13.668516010311286,1.1855931147287206,0.0,4.99796910430839,1.0
1.0,0.0,0.0,0.0,0.0,0.0,0.0,0.0,0.0,0.0,0.0,0.0,0.0,0.0,1.0,0.0,0.0,0.0,0.0,0.0,1.0,0.0,0.0,-4.806,7.299,4.345,601.0,-0.057196734661720275,0.15537301727813996,1.0610062713886033,1.671898148148148,5.693927994848461,250.03313310998692,0.0,0.0,0.0,0.0,0.0,0.0,0.0,0.0,0.0,0.0,0.0,-2.8773266436005835,1.0,1.8056153371036878,1.3237944438638503,0.0,4.99796910430839,1.0
1.0,0.0,0.0,0.0,0.0,0.0,0.0,0.0,0.0,0.0,0.0,0.0,0.0,0.0,1.0,0.0,0.0,0.0,0.0,0.0,2.0,0.0,0.0,-3.221,9.373,7.518,601.0,0.11413467631842733,0.16707220244979332,0.877156689718923,1.883425925925926,12.238684400761036,325.6514980492193,0.0,0.0,0.0,0.0,0.0,0.0,0.0,0.0,0.0,0.0,0.0,-2.4978406386664953,1.0,1.65517325976062,1.3349239615825117,0.0,4.99796910430839,0.0
1.0,0.0,0.0,0.0,0.0,0.0,0.0,0.0,0.0,0.0,0.0,0.0,0.0,0.0,1.0,0.0,0.0,0.0,0.0,0.0,2.0,0.0,0.0,-4.841,7.364999999999999,3.547,601.0,0.09050736684289307,0.10002444770732705,0.9658772310324731,1.883425925925926,12.238684400761036,190.69046867086763,0.0,0.0,0.0,0.0,0.0,0.0,0.0,0.0,0.0,0.0,0.0,-2.258170342240418,1.0,1.8056153371036867,1.3369457004186065,0.0,4.99796910430839,0.0
1.0,0.0,0.0,0.0,0.0,0.0,0.0,0.0,0.0,0.0,0.0,0.0,0.0,0.0,1.0,0.0,0.0,0.0,0.0,0.0,3.0,0.0,0.0,-5.013,7.75,9.322,601.0,-0.21945577830370872,-0.04352691911544075,1.2347969697295815,1.883425925925926,12.611123474374185,322.89299323258547,0.0,0.0,0.0,0.0,0.0,0.0,0.0,0.0,0.0,0.0,0.0,-2.2916035381860578,2.0,2.276681601543571,1.3369458993882302,0.0,4.99796910430839,0.0
0.0,0.0,0.0,0.0,0.0,0.0,0.0,0.0,0.0,0.0,0.0,0.0,0.0,0.0,1.0,0.0,0.0,0.0,0.0,0.0,2.0,0.0,0.0,-4.62,7.005999999999999,8.041,575.0,-0.07422298012695967,-0.13019206731742514,0.7766282527814015,1.883425925925926,32.24539269211191,287.8336489378121,0.0,0.0,0.0,0.0,0.0,0.0,0.0,0.0,0.0,0.0,0.0,-2.439932665152496,2.0,2.3447264668594734,1.3653627168970062,0.0,4.99796910430839,0.0
0.0,0.0,0.0,0.0,0.0,0.0,0.0,0.0,0.0,0.0,0.0,0.0,0.0,0.0,1.0,0.0,0.0,0.0,0.0,0.0,2.0,0.0,0.0,-3.5,8.713,9.575,575.0,0.0808049288534022,-0.1654480922669116,0.5815038485196034,1.883425925925926,25.328197212586186,315.9566985218703,0.0,0.0,0.0,0.0,0.0,0.0,0.0,0.0,0.0,0.0,0.0,-3.114645202041638,1.0,2.319542471481901,1.2308201940761907,0.0,4.99796910430839,0.0
0.0,0.0,0.0,0.0,0.0,0.0,0.0,0.0,0.0,0.0,0.0,0.0,0.0,0.0,1.0,0.0,0.0,0.0,0.0,0.0,2.0,0.0,0.0,-3.451,9.184,1.035,575.0,-0.03453182930921156,-0.16494096119003798,0.7641940346101983,1.883425925925926,18.78344080667361,248.31675661998293,0.0,0.0,0.0,0.0,0.0,0.0,0.0,0.0,0.0,0.0,0.0,-3.1307126375414196,1.0,2.5473880651890957,1.2150022087596222,0.0,4.99796910430839,0.0
0.0,0.0,0.0,0.0,0.0,0.0,0.0,0.0,0.0,0.0,0.0,0.0,0.0,0.0,0.0,0.0,0.0,0.0,0.0,0.0,1.0,0.0,0.0,-5.89,8.203,10.505,707.0,-0.2657172238715423,0.3696845831009356,1.2224437399272254,1.883425925925926,19.056471336613846,254.95125663247313,0.0,0.0,0.0,0.0,0.0,0.0,0.0,0.0,0.0,0.0,21.470185185185187,-2.1493304722338062,1.0,-9.563465726494886,0.30021415874143337,1.0,4.99796910430839,0.0
0.0,0.0,0.0,0.0,0.0,0.0,0.0,0.0,0.0,0.0,0.0,0.0,0.0,0.0,0.0,0.0,0.0,0.0,0.0,0.0,0.0,0.0,0.0,-5.223,8.737000000000002,7.184,707.0,-0.22556571618198384,0.610324032879829,0.8552276859525945,1.883425925925926,11.890771566461538,249.6974005694716,0.0,0.0,0.0,0.0,0.0,0.0,0.0,0.0,0.0,0.0,21.470185185185187,-2.556296788575042,0.0,-8.898777840200568,0.29641957598670304,1.0,4.99796910430839,0.0
0.0,0.0,0.0,0.0,0.0,0.0,0.0,0.0,0.0,0.0,0.0,0.0,0.0,0.0,0.0,0.0,0.0,0.0,0.0,0.0,0.0,0.0,0.0,-5.099,8.798,6.173,707.0,-0.10778008275844293,0.29814075446652205,0.9379812760661714,1.883425925925926,11.890771566461538,268.6285323901585,0.0,0.0,0.0,0.0,0.0,0.0,0.0,0.0,0.0,0.0,21.470185185185187,-2.1150938540373843,0.0,-8.898777840200568,0.2974426992103353,0.0,4.99796910430839,0.0
1.0,0.0,0.0,0.0,0.0,0.0,0.0,0.0,0.0,0.0,0.0,0.0,0.0,0.0,0.0,0.0,0.0,0.0,0.0,0.0,2.0,0.0,0.0,-5.282,7.24,6.044,777.0,-0.44265089201964153,0.03890137059410071,1.0528767118924438,1.883425925925926,5.693927994848461,362.6061073295823,0.0,0.0,0.0,0.0,0.0,0.0,0.0,1.0,0.0,0.0,1.1293055555555556,-2.2948911077010847,2.0,-7.108802980636073,1.192892998584504,0.0,4.99796910430839,0.0
1.0,0.0,0.0,0.0,0.0,0.0,0.0,0.0,0.0,0.0,0.0,0.0,0.0,0.0,0.0,0.0,0.0,0.0,0.0,0.0,2.0,0.0,0.0,-5.334,7.103,3.955,777.0,-0.6010087304971865,0.08750354112024943,1.190828450262027,1.883425925925926,5.693927994848461,354.29648715260237,0.0,0.0,0.0,0.0,0.0,0.0,0.0,1.0,0.0,0.0,1.1293055555555556,-2.6222403951215414,2.0,-5.167295016728381,1.1928060638355593,0.0,4.99796910430839,0.0
1.0,0.0,0.0,0.0,0.0,0.0,0.0,0.0,0.0,0.0,0.0,0.0,0.0,0.0,0.0,0.0,0.0,0.0,0.0,0.0,2.0,0.0,0.0,-5.066,7.928,3.356,777.0,-0.15786932633853368,-0.01611936068555844,0.9625006115022344,1.883425925925926,5.693927994848461,358.7341723716029,1.0,0.0,0.0,0.0,0.0,0.0,0.0,1.0,0.0,0.0,1.1293055555555556,-2.2855307636448283,2.0,-6.473568345504727,1.1115092060504588,0.0,4.99796910430839,0.0
0.0,0.0,0.0,0.0,0.0,0.0,0.0,0.0,0.0,0.0,0.0,0.0,0.0,0.0,0.0,1.0,0.0,0.0,0.0,0.0,2.0,0.0,0.0,-5.486,7.642,4.204,495.0,0.26762043216147174,0.2025113985736238,0.7972270887011661,1.883425925925926,24.573172054230106,253.30724840940286,0.0,0.0,0.0,0.0,0.0,0.0,0.0,0.0,0.0,0.0,0.0,-2.1163679219982363,2.0,-3.026944345722022,1.4017326492176458,0.0,4.99796910430839,0.0
0.0,0.0,0.0,0.0,0.0,0.0,0.0,0.0,0.0,0.0,0.0,0.0,0.0,0.0,0.0,1.0,0.0,0.0,0.0,0.0,1.0,0.0,0.0,-5.652,8.132000000000001,5.063,495.0,0.28655730059049667,0.2225150950236273,0.729152820259391,1.883425925925926,18.087615138074614,254.0023054472823,0.0,0.0,0.0,0.0,0.0,0.0,0.0,0.0,0.0,0.0,0.0,-2.0664032311103337,1.0,-3.5137018579002253,1.4032673230137647,0.0,4.99796910430839,0.0
0.0,0.0,0.0,0.0,0.0,0.0,0.0,0.0,0.0,0.0,0.0,0.0,0.0,0.0,0.0,0.0,0.0,0.0,0.0,0.0,0.0,1.0,0.0,-5.043,7.342,8.525,603.0,-0.7392337480326862,0.11817896229465044,0.9409063101713826,1.883425925925926,0.0,275.66435882014935,0.0,0.0,0.0,0.0,0.0,0.0,0.0,0.0,0.0,0.0,4.783158541194256,-2.0826188742655796,0.0,0.24415949334212747,1.4201425183233258,0.0,4.845658541194255,0.0
0.0,0.0,0.0,0.0,0.0,0.0,0.0,0.0,0.0,0.0,0.0,0.0,0.0,0.0,0.0,0.0,0.0,0.0,0.0,0.0,0.0,1.0,0.0,-5.115,7.385,7.054,603.0,-0.3646899242119833,0.07577984382057176,0.8883110809334428,1.883425925925926,5.563451491696996,317.99224708184124,0.0,0.0,0.0,0.0,0.0,0.0,0.0,0.0,0.0,0.0,4.783158541194256,-2.0888465307478237,0.0,2.593056734265462,1.4201413474476308,0.0,4.894269652305367,0.0
0.0,0.0,0.0,0.0,0.0,0.0,0.0,0.0,0.0,0.0,0.0,0.0,0.0,0.0,0.0,0.0,0.0,0.0,0.0,0.0,0.0,0.0,0.0,-5.21,7.665,4.778,603.0,-0.34630819023973997,-0.015422666544251057,0.9134671336068467,1.883425925925926,10.357988675768818,444.89003261808784,0.0,0.0,0.0,0.0,0.0,0.0,0.0,0.0,0.0,0.0,4.783158541194256,-2.1305489788420005,0.0,1.3071084238765913,1.417894628591211,0.0,4.99796910430839,0.0
0.0,0.0,0.0,0.0,0.0,0.0,0.0,1.0,0.0,0.0,0.0,0.0,0.0,0.0,0.0,0.0,0.0,0.0,0.0,0.0,1.0,0.0,0.0,-5.27,6.085000000000001,6.872,581.0,-0.012026038000576146,0.18407408738423667,1.0789106273468618,1.883425925925926,17.820120411606784,351.64302489801935,0.0,0.0,0.0,0.0,0.0,0.0,0.0,0.0,0.0,0.0,0.0,-2.0913755664414975,1.0,11.531347030094773,1.3940045218551524,0.0,4.99796910430839,0.0
0.0,0.0,0.0,0.0,0.0,0.0,0.0,1.0,0.0,0.0,0.0,0.0,0.0,0.0,0.0,0.0,0.0,0.0,0.0,0.0,0.0,0.0,0.0,-4.071,8.459,10.864,581.0,-0.10174946512293169,0.42755138954481764,0.9751754255446254,1.883425925925926,29.941411749546152,395.7478276359857,0.0,0.0,0.0,0.0,0.0,0.0,0.0,0.0,0.0,0.0,0.0,-2.406776100234504,0.0,14.243512588284876,1.3970969081135747,0.0,4.99796910430839,0.0
0.0,0.0,0.0,0.0,0.0,0.0,0.0,1.0,0.0,0.0,0.0,0.0,1.0,0.0,0.0,0.0,0.0,0.0,0.0,0.0,0.0,0.0,0.0,-5.173,9.398,1.365,533.0,-0.1753550355781699,0.2798871919654091,1.4511395836409515,1.9308796296296296,6.06636706846161,226.18278862477223,0.0,0.0,0.0,0.0,0.0,0.0,0.0,0.0,0.0,0.0,0.0,-2.7941378158728156,0.0,-5.585491746779402,1.2582002733444333,0.0,4.99796910430839,0.0
0.0,0.0,0.0,0.0,0.0,0.0,0.0,1.0,0.0,0.0,0.0,0.0,1.0,0.0,0.0,0.0,0.0,0.0,0.0,0.0,2.0,0.0,0.0,-5.422,8.43,4.974,533.0,0.005725774433547979,0.15041510824901,1.28179288635123,1.883425925925926,6.06636706846161,226.4212562363282,0.0,0.0,0.0,0.0,0.0,0.0,0.0,0.0,0.0,0.0,0.0,-2.1974499527070996,1.0,-5.765316818247979,1.2648460938356465,0.0,4.99796910430839,0.0
0.0,0.0,0.0,0.0,0.0,0.0,0.0,1.0,0.0,0.0,0.0,0.0,1.0,0.0,0.0,0.0,0.0,0.0,0.0,0.0,2.0,0.0,0.0,-5.485,7.903999999999999,5.259,533.0,-0.19719074975628412,0.06538884304761822,1.5105115519731178,1.883425925925926,24.633542482365847,242.17365834673637,0.0,0.0,0.0,0.0,0.0,0.0,0.0,0.0,0.0,0.0,0.0,-2.171374596283963,1.0,-7.5363984859064495,1.264847080573121,0.0,4.99796910430839,0.0
0.0,0.0,0.0,0.0,0.0,0.0,0.0,1.0,0.0,0.0,0.0,0.0,1.0,0.0,0.0,0.0,0.0,0.0,0.0,0.0,2.0,0.0,0.0,-4.198,8.312,5.402,533.0,-0.009530916518004792,0.15644422903616048,0.9707394461394462,1.883425925925926,6.544756405912575,237.857127841007,0.0,0.0,0.0,0.0,0.0,0.0,0.0,0.0,0.0,0.0,0.0,-2.2294807040749034,0.0,-4.029668103077979,1.2647677958737702,0.0,4.99796910430839,0.0
0.0,0.0,0.0,0.0,0.0,0.0,1.0,0.0,0.0,0.0,0.0,0.0,0.0,0.0,0.0,0.0,0.0,0.0,0.0,0.0,0.0,0.0,0.0,-4.84,8.104000000000001,7.559,545.0,0.38336336802073473,0.47328305299722223,0.5422697094016603,1.883425925925926,6.196843571613076,255.810421794979,0.0,1.0,0.0,0.0,0.0,0.0,0.0,0.0,0.0,0.0,1.6482407407407407,-2.562210113140984,0.0,7.1898302490562145,1.4298051430792929,0.0,4.99796910430839,0.0
0.0,0.0,0.0,0.0,0.0,0.0,1.0,0.0,0.0,0.0,0.0,0.0,0.0,0.0,0.0,0.0,0.0,0.0,0.0,0.0,0.0,0.0,0.0,-5.117,8.029,4.406,545.0,0.5647287975456577,0.23582176775809952,0.6456000482648765,1.883425925925926,6.196843571613076,264.66524730429865,0.0,1.0,0.0,0.0,0.0,0.0,0.0,0.0,0.0,0.0,1.6482407407407407,-2.1155090138863404,0.0,7.189830249056215,1.43082387975363,0.0,4.99796910430839,1.0
0.0,0.0,0.0,0.0,0.0,0.0,1.0,0.0,0.0,0.0,0.0,0.0,0.0,0.0,0.0,0.0,0.0,0.0,0.0,0.0,1.0,0.0,0.0,-5.271,8.309000000000001,7.314,545.0,0.32340686019868325,0.0969821941747378,0.7104064298105388,1.883425925925926,0.0,283.737329884106,0.0,1.0,0.0,0.0,0.0,0.0,0.0,0.0,0.0,0.0,1.6482407407407407,-2.099924015719746,1.0,5.239721908491808,1.431158863462988,0.0,4.99796910430839,1.0
0.0,0.0,0.0,0.0,0.0,0.0,0.0,0.0,0.0,0.0,0.0,0.0,0.0,0.0,0.0,1.0,0.0,0.0,0.0,0.0,0.0,0.0,0.0,-5.248,6.742999999999999,13.898,725.0,0.03182081563310681,0.7045666297119019,0.5617735944441162,1.883425925925926,10.94351426216291,281.2542802335943,0.0,0.0,0.0,0.0,0.0,0.0,0.0,0.0,0.0,0.0,0.0,-2.393262419932352,0.0,-12.197551368797551,0.6101614180612072,0.0,4.99796910430839,0.0
0.0,0.0,0.0,0.0,0.0,0.0,0.0,0.0,0.0,0.0,0.0,0.0,0.0,0.0,0.0,1.0,0.0,0.0,0.0,0.0,1.0,0.0,0.0,-5.073,7.48,8.271,725.0,0.13858118476013065,0.5736416677052979,0.627525259641459,1.883425925925926,10.94351426216291,280.48662638288897,0.0,0.0,0.0,0.0,0.0,0.0,0.0,0.0,0.0,0.0,0.0,-2.0598170600828962,1.0,-12.48191623563326,0.6101510336610485,0.0,4.99796910430839,0.0
0.0,0.0,0.0,0.0,0.0,0.0,0.0,0.0,0.0,0.0,0.0,0.0,0.0,0.0,0.0,1.0,0.0,0.0,0.0,0.0,1.0,0.0,0.0,-5.015,9.662,3.102,611.0,0.17056636763641894,0.3028981393117691,0.9999229884686068,1.883425925925926,11.890771566461538,255.14648137793256,0.0,0.0,1.0,0.0,0.0,0.0,0.0,0.0,0.0,0.0,0.0,-3.165201836921304,0.0,11.000687590038789,1.1859490438355256,0.0,4.99796910430839,0.0
0.0,0.0,0.0,0.0,0.0,0.0,0.0,0.0,0.0,0.0,0.0,0.0,0.0,0.0,0.0,1.0,0.0,0.0,0.0,0.0,1.0,0.0,0.0,-5.124,8.600000000000001,6.139,611.0,0.26103411868420356,0.29531306246828154,0.9567440182691609,1.883425925925926,6.06636706846161,267.285057581774,0.0,0.0,1.0,0.0,0.0,0.0,0.0,0.0,0.0,0.0,0.0,-2.5225240520304895,1.0,11.463086127161388,1.2289459484027707,0.0,4.99796910430839,0.0
0.0,0.0,0.0,0.0,0.0,0.0,0.0,0.0,0.0,0.0,0.0,0.0,0.0,0.0,0.0,1.0,0.0,0.0,0.0,0.0,0.0,0.0,0.0,-5.623,7.1610000000000005,8.563,611.0,0.2512244553338849,0.3209868669759034,0.8278935292248674,1.883425925925926,29.77482156235851,298.3835438804779,0.0,0.0,1.0,0.0,0.0,0.0,0.0,0.0,0.0,0.0,0.0,-2.5073968858551297,0.0,14.900976745091029,1.2288851628517106,0.0,4.99796910430839,0.0
0.0,0.0,0.0,0.0,0.0,0.0,0.0,0.0,0.0,0.0,0.0,0.0,0.0,0.0,0.0,1.0,0.0,0.0,0.0,0.0,0.0,0.0,0.0,-5.637,7.352000000000001,8.002,611.0,0.5079476221348034,0.34548969425379605,0.772221236252889,1.883425925925926,24.98028437828669,283.943974376954,0.0,0.0,1.0,0.0,0.0,0.0,0.0,0.0,0.0,0.0,0.0,-2.5084664266445054,0.0,14.900976745091029,1.2287985190339135,0.0,4.99796910430839,0.0
0.0,0.0,0.0,0.0,0.0,0.0,0.0,0.0,0.0,0.0,0.0,0.0,0.0,0.0,0.0,1.0,0.0,0.0,0.0,0.0,1.0,0.0,0.0,-5.144,8.495,6.483,611.0,0.2333454514969939,0.3106498350834142,0.9615177694603607,1.883425925925926,6.06636706846161,261.5726762662898,0.0,0.0,1.0,0.0,0.0,0.0,0.0,0.0,0.0,0.0,0.0,-2.5238834119663416,1.0,13.099525614145469,1.2289454421499664,0.0,4.99796910430839,0.0
0.0,0.0,0.0,1.0,0.0,0.0,0.0,0.0,0.0,0.0,0.0,0.0,0.0,0.0,0.0,1.0,0.0,0.0,0.0,0.0,2.0,0.0,0.0,-5.535,7.093999999999999,4.007,663.0,-0.03266782765245573,0.234878304636033,1.1316343140602634,1.883425925925926,0.0,242.8149246491082,0.0,0.0,0.0,0.0,0.0,0.0,0.0,1.0,0.0,0.0,0.0,-2.0158276288975463,2.0,18.637593114056898,1.2180229983281623,0.0,4.99796910430839,0.0
0.0,0.0,0.0,1.0,0.0,0.0,0.0,0.0,0.0,0.0,0.0,0.0,0.0,0.0,0.0,1.0,0.0,0.0,0.0,0.0,2.0,0.0,0.0,-5.453,7.851999999999999,3.43,663.0,0.06096807900187564,0.4385018775889425,0.9288363470748731,1.883425925925926,0.0,243.2094099214504,0.0,0.0,0.0,0.0,0.0,0.0,0.0,1.0,0.0,0.0,0.0,-1.998049849456321,2.0,19.433566180071104,1.2169064428773828,0.0,4.99796910430839,0.0
0.0,0.0,0.0,1.0,0.0,0.0,0.0,0.0,0.0,0.0,0.0,0.0,0.0,0.0,0.0,1.0,0.0,0.0,0.0,0.0,1.0,0.0,0.0,-6.34,7.007,9.776,663.0,0.15629387534482347,0.48174546759907,0.7791542005707124,1.883425925925926,18.825632719626068,237.30050274259827,1.0,0.0,0.0,0.0,0.0,0.0,0.0,1.0,0.0,0.0,0.0,-1.7821954293223254,1.0,21.546344562498373,1.1246282012276525,0.0,4.99796910430839,0.0
1.0,0.0,0.0,0.0,0.0,0.0,0.0,0.0,0.0,0.0,0.0,0.0,0.0,0.0,0.0,0.0,0.0,0.0,0.0,0.0,2.0,0.0,0.0,-5.29,7.273000000000001,9.246,499.0,0.031218779301558953,0.02749769041633687,1.1322987725525404,1.883425925925926,19.15587988028676,253.03771143153483,0.0,0.0,0.0,0.0,0.0,0.0,0.0,1.0,0.0,0.0,5.6785648148148145,-2.499460964453711,1.0,-15.600331468344892,1.2455404834814419,0.0,5.698564814814815,0.0
1.0,0.0,0.0,0.0,0.0,0.0,0.0,0.0,0.0,0.0,0.0,0.0,0.0,0.0,0.0,0.0,0.0,0.0,0.0,0.0,1.0,0.0,0.0,-5.478,8.603,5.427,499.0,-0.11343637328514045,0.006587243799982333,1.5496403584446918,1.883425925925926,12.393687143226153,254.37153696782457,0.0,0.0,0.0,0.0,0.0,0.0,0.0,1.0,0.0,0.0,5.6785648148148145,-2.4875665619098046,0.0,-13.137847481062742,1.2428751952817867,0.0,4.99796910430839,0.0
1.0,0.0,0.0,0.0,0.0,0.0,0.0,0.0,0.0,0.0,0.0,0.0,0.0,0.0,0.0,0.0,0.0,0.0,0.0,0.0,0.0,0.0,0.0,-4.457,8.196000000000002,16.233,499.0,-0.17538407595686692,0.02508174863427918,1.3005031776942817,2.2372916666666667,17.957138634923147,266.8075399718597,0.0,0.0,0.0,0.0,0.0,0.0,0.0,1.0,0.0,0.0,5.6785648148148145,-2.986653777655796,0.0,-19.167294098115125,1.2288578893249187,0.0,5.7098148148148145,0.0
0.0,0.0,0.0,0.0,0.0,0.0,0.0,0.0,0.0,0.0,0.0,0.0,0.0,0.0,0.0,0.0,0.0,0.0,0.0,0.0,1.0,0.0,0.0,-4.527,8.594000000000001,3.237,615.0,0.21792753183498914,0.1486394871355449,0.8508054116581181,1.883425925925926,6.544756405912575,368.44740683623513,0.0,0.0,0.0,0.0,0.0,0.0,0.0,0.0,0.0,0.0,4.875037399218947,-2.2296920102275486,0.0,18.937868729039057,1.4415645585253518,0.0,4.99796910430839,0.0
0.0,0.0,0.0,0.0,0.0,0.0,0.0,0.0,0.0,0.0,0.0,0.0,0.0,0.0,0.0,0.0,0.0,0.0,0.0,0.0,1.0,0.0,0.0,-5.049,8.204999999999998,3.245,615.0,0.36905626034512756,0.13453225621011872,0.955436387672919,1.883425925925926,12.10820789760957,307.47917026453615,0.0,0.0,0.0,0.0,0.0,0.0,0.0,0.0,0.0,0.0,4.875037399218947,-2.2419880283714013,0.0,18.41096862723307,1.4410970913922516,0.0,4.99796910430839,0.0
0.0,0.0,0.0,0.0,0.0,0.0,0.0,0.0,0.0,0.0,0.0,0.0,0.0,0.0,0.0,0.0,0.0,0.0,0.0,0.0,0.0,0.0,0.0,-4.888,8.441,3.271,615.0,0.18391755987472985,0.1790954789684526,0.990950115062694,1.559537037037037,5.563451491696996,277.6563823263309,0.0,0.0,0.0,0.0,0.0,0.0,0.0,0.0,0.0,0.0,4.875037399218947,-2.8733612578449126,0.0,17.771714010077066,1.369215617481406,0.0,4.99796910430839,1.0
0.0,0.0,0.0,0.0,0.0,0.0,0.0,1.0,0.0,0.0,0.0,0.0,0.0,0.0,0.0,1.0,0.0,0.0,0.0,0.0,1.0,0.0,0.0,-4.903,8.036999999999999,5.379,449.0,0.256453300200597,0.4099995026759068,0.7220509215056191,1.883425925925926,17.671659389306566,249.12751378895655,0.0,0.0,0.0,0.0,0.0,0.0,0.0,0.0,0.0,0.0,0.0,-2.1871493070637547,1.0,-8.969640406405635,1.2779783003084155,0.0,4.99796910430839,0.0
0.0,0.0,0.0,0.0,0.0,0.0,0.0,1.0,0.0,0.0,0.0,0.0,0.0,0.0,0.0,1.0,0.0,0.0,0.0,0.0,0.0,0.0,0.0,-4.584,8.096,9.595,449.0,0.08980408899190788,0.5426406930833203,0.7032910381447492,1.883425925925926,17.802135892458033,249.4414180576756,0.0,0.0,0.0,0.0,0.0,0.0,0.0,0.0,0.0,0.0,0.0,-2.4113655994012,0.0,-11.455941004682318,1.278393131387884,0.0,4.99796910430839,0.0
0.0,0.0,0.0,0.0,0.0,0.0,0.0,1.0,0.0,0.0,0.0,0.0,0.0,0.0,0.0,1.0,0.0,0.0,0.0,0.0,0.0,0.0,0.0,-3.858,8.346,8.085,449.0,0.05292828831130281,0.4135013928814485,0.8511896241122769,1.883425925925926,11.257379486545457,231.80646022712574,0.0,0.0,0.0,0.0,0.0,0.0,0.0,0.0,0.0,0.0,0.0,-2.516270885883083,0.0,-10.456528482915195,1.2680165489164004,0.0,4.99796910430839,0.0
1.0,0.0,0.0,0.0,0.0,0.0,0.0,0.0,0.0,0.0,0.0,0.0,0.0,0.0,0.0,1.0,0.0,0.0,0.0,0.0,0.0,0.0,0.0,-4.642,9.838,8.165,465.0,-0.03831337563655145,0.08052376591645051,1.1629376723299807,1.883425925925926,0.0,154.1380500562335,0.0,0.0,0.0,0.0,0.0,0.0,0.0,0.0,0.0,0.0,4.670833333333333,-2.1413302712598625,0.0,-1.1177471064979962,1.2605720833943972,0.0,4.99796910430839,0.0
1.0,0.0,0.0,0.0,0.0,0.0,0.0,0.0,0.0,0.0,0.0,0.0,0.0,0.0,0.0,1.0,0.0,0.0,0.0,0.0,1.0,0.0,0.0,-5.876,8.072,5.688,465.0,0.0023407044965931185,-0.16393071893074201,1.0957425475647464,1.883425925925926,6.923737199690624,146.90944961481148,0.0,0.0,0.0,0.0,0.0,0.0,0.0,0.0,0.0,0.0,4.670833333333333,-2.1440320758179308,1.0,-2.3559709141752467,1.2608290319521513,0.0,4.99796910430839,0.0
1.0,0.0,0.0,0.0,0.0,0.0,0.0,0.0,0.0,0.0,0.0,0.0,0.0,0.0,0.0,1.0,0.0,0.0,0.0,0.0,1.0,0.0,0.0,-5.633,8.846,3.124,465.0,-0.15495789064579868,0.03699596490201626,1.2192429209783457,1.883425925925926,6.923737199690624,154.98064124977384,0.0,0.0,0.0,0.0,0.0,0.0,0.0,0.0,0.0,0.0,4.670833333333333,-2.2204254737150304,1.0,-1.3359551495062463,1.2597450100638927,0.0,4.99796910430839,0.0
1.0,0.0,0.0,0.0,0.0,0.0,0.0,0.0,0.0,0.0,0.0,0.0,0.0,0.0,0.0,1.0,0.0,0.0,0.0,0.0,0.0,0.0,0.0,-4.562,9.927,8.179,465.0,-0.6754541764782928,0.13350901219258135,1.6655582597168903,1.883425925925926,0.0,153.06836162000343,0.0,0.0,0.0,0.0,0.0,0.0,0.0,0.0,0.0,0.0,4.670833333333333,-2.5497815235752537,0.0,-2.3559709141752476,1.251446877221218,0.0,4.99796910430839,0.0
0.0,0.0,0.0,0.0,0.0,0.0,0.0,0.0,0.0,0.0,1.0,0.0,0.0,0.0,0.0,0.0,0.0,0.0,0.0,0.0,0.0,0.0,0.0,-3.922,8.7,1.695,577.0,-0.178306088297662,-0.0033138733614738376,1.1322295877346233,2.37287037037037,13.244515554290267,330.12730985276835,0.0,0.0,0.0,0.0,0.0,0.0,0.0,0.0,0.0,0.0,7.349593962585034,-2.8655271959637583,0.0,14.866646947790661,1.1474254042007512,0.0,5.224151077097506,0.0
0.0,0.0,0.0,0.0,0.0,0.0,0.0,0.0,0.0,0.0,1.0,0.0,0.0,0.0,0.0,0.0,0.0,0.0,0.0,0.0,1.0,0.0,0.0,-5.409,5.832,13.393,577.0,0.04262728787216286,-0.060067324011559134,0.8260014637629793,1.883425925925926,32.02795636096388,326.43031657889856,0.0,0.0,0.0,0.0,0.0,0.0,0.0,0.0,0.0,0.0,7.349593962585034,-2.491929949300424,0.0,17.464689798625866,1.1482051022331474,0.0,4.99796910430839,0.0
0.0,0.0,0.0,0.0,0.0,0.0,0.0,0.0,0.0,0.0,0.0,0.0,0.0,0.0,0.0,0.0,0.0,0.0,0.0,0.0,2.0,0.0,0.0,-5.052,8.040000000000001,4.923,595.0,-0.1302773405161008,0.12080279322786094,1.0394104009473626,1.883425925925926,14.09534396535438,444.4923153563042,0.0,0.0,0.0,0.0,0.0,0.0,0.0,0.0,0.0,0.0,3.6126157407407407,-2.183099781984508,1.0,10.469075383585139,1.426912857143975,0.0,4.99796910430839,0.0
0.0,0.0,0.0,0.0,0.0,0.0,0.0,0.0,0.0,0.0,0.0,0.0,0.0,0.0,0.0,0.0,0.0,0.0,0.0,0.0,2.0,0.0,0.0,-4.75,7.519,13.062,595.0,-0.14513742972773433,0.21832299255348528,1.131792772648256,1.883425925925926,12.146353790978228,246.25255613355694,0.0,0.0,0.0,0.0,0.0,0.0,0.0,0.0,0.0,0.0,3.6126157407407407,-2.1091314580798954,1.0,11.174341102946483,1.4269135073040053,0.0,4.99796910430839,0.0
0.0,0.0,0.0,0.0,0.0,0.0,0.0,0.0,0.0,0.0,0.0,0.0,0.0,0.0,0.0,0.0,0.0,0.0,0.0,0.0,0.0,0.0,0.0,-4.397,8.565999999999999,8.365,595.0,-0.5148110051106857,0.2800037518008425,1.3216225077780235,1.983148148148148,14.09534396535438,232.4084372676234,0.0,0.0,0.0,0.0,0.0,0.0,0.0,0.0,0.0,0.0,3.6126157407407407,-2.767261776486953,0.0,9.36066221975914,1.361070293643846,0.0,4.99796910430839,0.0
0.0,0.0,0.0,0.0,0.0,0.0,0.0,0.0,0.0,0.0,0.0,0.0,0.0,0.0,0.0,0.0,0.0,0.0,0.0,0.0,2.0,0.0,0.0,-4.465,7.521000000000001,9.542,595.0,-0.1585447886572064,0.15245539551751533,1.093778677426269,1.883425925925926,7.04767198267719,239.3388611334185,0.0,0.0,0.0,0.0,0.0,0.0,0.0,0.0,0.0,0.0,3.6126157407407407,-2.0497721748040187,1.0,12.761673588413155,1.4266663289503112,0.0,4.99796910430839,0.0
0.0,0.0,0.0,0.0,1.0,0.0,0.0,0.0,0.0,0.0,0.0,0.0,0.0,0.0,0.0,0.0,0.0,0.0,0.0,0.0,0.0,0.0,0.0,-4.642,8.799,6.338,569.0,-0.2978640708782524,0.4491929783105594,1.273295447722433,2.071759259259259,12.611123474374185,251.20888267663054,0.0,0.0,0.0,0.0,0.0,0.0,0.0,0.0,0.0,0.0,1.850138888888889,-2.7705785602844495,0.0,-11.250175468434541,1.359622086812506,0.0,4.99796910430839,0.0
0.0,0.0,0.0,0.0,1.0,0.0,0.0,0.0,0.0,0.0,0.0,0.0,0.0,0.0,0.0,0.0,0.0,0.0,0.0,0.0,2.0,0.0,0.0,-4.876,7.963999999999999,7.212,569.0,-0.2142638615407625,0.257496943474062,1.1962011707754392,1.883425925925926,6.544756405912575,253.63511287796405,0.0,0.0,0.0,0.0,0.0,0.0,0.0,0.0,0.0,0.0,1.850138888888889,-2.0508820737816063,1.0,-11.136667637870882,1.4264914234863786,0.0,4.99796910430839,0.0
0.0,0.0,0.0,0.0,1.0,0.0,0.0,0.0,0.0,0.0,0.0,0.0,0.0,0.0,0.0,0.0,0.0,0.0,0.0,0.0,2.0,0.0,0.0,-4.827,8.209,4.774,569.0,-0.04234028995644485,0.35866042088799255,1.03285366055994,1.883425925925926,0.0,253.98492379967547,0.0,0.0,0.0,0.0,0.0,0.0,0.0,0.0,0.0,0.0,1.850138888888889,-2.138529910151072,1.0,-10.607610650223144,1.4264333289828304,0.0,4.99796910430839,0.0
0.0,0.0,0.0,0.0,0.0,0.0,0.0,0.0,0.0,0.0,0.0,0.0,0.0,0.0,0.0,0.0,0.0,0.0,0.0,0.0,2.0,0.0,0.0,-5.747,6.44,6.449,511.0,0.08377611476146643,0.0858756236603915,0.9583973812803112,1.883425925925926,6.544756405912575,192.57518255464663,0.0,0.0,0.0,0.0,0.0,0.0,0.0,0.0,0.0,0.0,0.0,-2.311155816448797,1.0,6.936331719168032,1.2274009223640787,0.0,4.99796910430839,0.0
0.0,0.0,0.0,0.0,0.0,0.0,0.0,0.0,0.0,0.0,0.0,0.0,0.0,0.0,0.0,0.0,0.0,0.0,0.0,0.0,2.0,0.0,0.0,-5.9,6.363,8.29,511.0,0.06577309642997799,-0.036282324606988936,0.9649358240665197,1.883425925925926,6.544756405912575,230.19036638463604,0.0,0.0,0.0,0.0,0.0,0.0,0.0,0.0,0.0,0.0,0.0,-2.322314987850999,1.0,6.330002954100026,1.2273766990680417,0.0,4.99796910430839,0.0
0.0,0.0,0.0,0.0,0.0,0.0,0.0,0.0,0.0,0.0,0.0,0.0,0.0,0.0,0.0,0.0,0.0,0.0,0.0,0.0,0.0,0.0,0.0,-3.773,9.804,10.343,511.0,0.1746169273514331,0.0767529415153591,0.8486143793004726,2.323935185185185,0.0,181.35225880343773,0.0,0.0,0.0,0.0,0.0,0.0,0.0,0.0,0.0,0.0,0.0,-2.8641052762601262,0.0,7.397572948188072,1.2229918638796826,0.0,4.99796910430839,0.0
0.0,0.0,0.0,0.0,0.0,0.0,0.0,0.0,0.0,0.0,0.0,0.0,0.0,0.0,0.0,0.0,0.0,0.0,0.0,0.0,2.0,0.0,0.0,-6.134,5.658,11.772,511.0,0.07180895168288354,-0.1637770490042756,0.874963985200373,1.883425925925926,6.544756405912575,196.1700971161431,0.0,0.0,0.0,0.0,0.0,0.0,0.0,0.0,0.0,0.0,0.0,-2.287277492295349,1.0,4.25188501823202,1.2280870870729026,0.0,4.99796910430839,0.0
0.0,0.0,0.0,0.0,0.0,0.0,0.0,0.0,0.0,0.0,0.0,0.0,0.0,0.0,0.0,0.0,0.0,0.0,0.0,0.0,2.0,0.0,0.0,-5.399,8.251000000000001,4.958,519.0,0.16303558127700404,0.05257898088122749,0.9153218017186091,1.883425925925926,25.22224694874837,392.3191652188625,0.0,0.0,0.0,0.0,0.0,0.0,0.0,0.0,0.0,0.0,0.0,-2.1896347539003704,1.0,3.5327533758860468,1.1862977975568947,0.0,4.99796910430839,0.0
0.0,0.0,0.0,0.0,0.0,0.0,0.0,0.0,0.0,0.0,0.0,0.0,0.0,0.0,0.0,0.0,0.0,0.0,0.0,0.0,0.0,0.0,0.0,-3.865,9.712,9.171,519.0,0.15528422795365274,0.064643943001403,0.8248623748607503,2.1877314814814817,6.196843571613076,413.61082591967784,0.0,0.0,0.0,0.0,0.0,0.0,0.0,0.0,0.0,0.0,0.0,-2.8113686688569817,0.0,3.517846406740892,1.1866902520602358,0.0,4.99796910430839,0.0
0.0,0.0,0.0,0.0,0.0,0.0,0.0,0.0,0.0,0.0,0.0,0.0,0.0,0.0,0.0,0.0,0.0,0.0,0.0,0.0,2.0,0.0,0.0,-4.165,8.780000000000001,4.19,519.0,0.10082579631538596,0.09922535267700243,0.7663286024821783,1.883425925925926,30.89819042444808,366.3521087396748,0.0,0.0,0.0,0.0,0.0,0.0,0.0,0.0,0.0,0.0,0.0,-2.2382679688565332,0.0,2.8554599948577586,1.1866645446838644,0.0,4.99796910430839,0.0
0.0,0.0,0.0,0.0,0.0,0.0,0.0,0.0,0.0,0.0,0.0,0.0,0.0,0.0,0.0,0.0,1.0,0.0,0.0,0.0,0.0,0.0,0.0,-4.75,8.667,8.066,469.0,-0.32433958012385883,0.33739126075353054,1.2810979596721166,1.883425925925926,11.984273114623004,313.5408840669113,0.0,0.0,0.0,0.0,0.0,0.0,0.0,0.0,0.0,0.0,0.0,-2.67681661991975,0.0,-5.030689606268762,1.1720335454179822,0.0,4.99796910430839,0.0
0.0,0.0,0.0,0.0,0.0,0.0,0.0,0.0,0.0,0.0,0.0,0.0,0.0,0.0,0.0,0.0,1.0,0.0,0.0,0.0,1.0,0.0,0.0,-4.604,8.498999999999999,6.919,469.0,-0.26353708717236973,0.0856974223543208,0.9705442797873917,1.883425925925926,0.0,329.16006531199264,0.0,0.0,0.0,0.0,0.0,0.0,0.0,0.0,0.0,0.0,0.0,-2.3862606982180967,0.0,-5.468091390557248,1.1806074178771737,0.0,4.99796910430839,0.0
1.0,0.0,0.0,0.0,0.0,0.0,0.0,0.0,0.0,0.0,0.0,0.0,0.0,0.0,0.0,0.0,0.0,0.0,0.0,0.0,1.0,0.0,0.0,-3.918,9.782,5.735,591.0,-0.2804688998166011,0.37252585154415674,1.3432551656669953,1.883425925925926,6.4208216229260096,297.7972191562442,0.0,0.0,0.0,0.0,0.0,1.0,0.0,0.0,0.0,0.0,0.0,-2.6366234178501293,0.0,4.818156996625101,1.1562256975815386,0.0,4.99796910430839,0.0
1.0,0.0,0.0,0.0,0.0,0.0,0.0,0.0,0.0,0.0,0.0,0.0,0.0,0.0,0.0,0.0,0.0,0.0,0.0,0.0,2.0,0.0,0.0,-3.85,9.848,4.212,591.0,-0.6397787726849034,0.3019145780311801,1.5732432869031538,1.883425925925926,25.931156057677168,269.29155620401434,0.0,0.0,0.0,0.0,0.0,1.0,0.0,0.0,0.0,0.0,0.0,-2.513313898775312,0.0,5.5007195843332095,1.1548816749281035,0.0,4.99796910430839,0.0
1.0,0.0,0.0,0.0,0.0,0.0,0.0,0.0,0.0,0.0,0.0,0.0,0.0,0.0,0.0,0.0,0.0,0.0,0.0,0.0,1.0,0.0,0.0,-3.883,9.635000000000002,3.004,591.0,-0.5288259815587251,0.37892297016508725,1.4548875211368837,1.8933333333333333,13.08951281182515,295.2725340143454,0.0,0.0,0.0,0.0,0.0,1.0,0.0,0.0,0.0,0.0,0.0,-2.943000374758753,0.0,4.8665666247333625,1.1546000328335388,0.0,4.99796910430839,0.0
1.0,0.0,0.0,0.0,0.0,0.0,0.0,0.0,0.0,0.0,0.0,0.0,0.0,0.0,0.0,0.0,0.0,0.0,0.0,0.0,3.0,0.0,0.0,-3.934,9.576,5.808,591.0,-0.2652840239617049,0.3212253052509239,1.35801124964267,1.883425925925926,6.4208216229260096,278.2853565023727,0.0,0.0,0.0,0.0,0.0,1.0,0.0,0.0,0.0,0.0,0.0,-3.2113043775568513,0.0,4.404261260608575,1.1562248069801355,0.0,4.99796910430839,0.0
0.0,0.0,0.0,0.0,0.0,0.0,0.0,0.0,0.0,0.0,0.0,0.0,0.0,0.0,0.0,0.0,0.0,0.0,0.0,0.0,1.0,0.0,0.0,-4.477,9.488,3.962,593.0,-0.05225519895974684,0.5124800743777651,0.738273036334356,1.883425925925926,6.041840829147961,430.62859468141295,0.0,0.0,0.0,0.0,0.0,0.0,0.0,0.0,0.0,0.0,0.0,-2.6116293532870984,0.0,2.9658917445799355,1.2062902824281037,0.0,4.99796910430839,0.0
0.0,0.0,0.0,0.0,0.0,0.0,0.0,0.0,0.0,0.0,0.0,0.0,0.0,0.0,0.0,0.0,0.0,0.0,0.0,0.0,0.0,0.0,0.0,-4.968,8.254,7.21,593.0,0.0684109148990155,0.47740186344467544,0.8378134587453221,1.2729166666666667,12.338727669087403,322.23139830849095,0.0,0.0,0.0,0.0,0.0,0.0,0.0,0.0,0.0,0.0,0.0,-2.930740960751702,0.0,2.606961990817073,1.197218064237271,0.0,4.99796910430839,2.0
0.0,0.0,0.0,0.0,0.0,0.0,0.0,0.0,0.0,0.0,0.0,0.0,0.0,0.0,0.0,0.0,0.0,0.0,0.0,0.0,1.0,0.0,0.0,-4.78,8.748000000000001,4.824,593.0,0.10504615993381133,0.3587075192499634,0.7749537579448552,1.883425925925926,6.041840829147961,483.3684408378318,0.0,0.0,0.0,0.0,0.0,0.0,0.0,0.0,0.0,0.0,0.0,-2.401985658231971,0.0,2.9658917445799355,1.2064207888560552,0.0,4.99796910430839,1.0
0.0,0.0,0.0,0.0,0.0,0.0,0.0,0.0,0.0,0.0,0.0,0.0,0.0,0.0,0.0,0.0,0.0,0.0,0.0,0.0,1.0,0.0,0.0,-4.952,8.044,8.542,593.0,0.3491170922705742,0.44271048014269454,0.6981353630266718,1.883425925925926,11.959746875309353,463.9588223254873,0.0,0.0,0.0,0.0,0.0,0.0,0.0,0.0,0.0,0.0,0.0,-2.4071776286731823,0.0,1.889102483291348,1.2064972750722802,0.0,4.99796910430839,1.0
0.0,0.0,0.0,0.0,0.0,0.0,0.0,0.0,0.0,0.0,0.0,0.0,0.0,0.0,0.0,0.0,0.0,0.0,0.0,0.0,1.0,0.0,0.0,-5.224,8.58,3.707,593.0,0.08916244485047405,0.38736190672881016,0.756479269409549,1.883425925925926,11.959746875309353,464.7161146706269,0.0,0.0,0.0,0.0,0.0,0.0,0.0,0.0,0.0,0.0,0.0,-2.4008661582682738,0.0,1.8891024832913481,1.2064974433617708,0.0,4.99796910430839,1.0
0.0,0.0,0.0,0.0,0.0,0.0,0.0,0.0,0.0,0.0,0.0,0.0,0.0,0.0,0.0,0.0,0.0,0.0,0.0,0.0,1.0,0.0,0.0,-4.844,7.182999999999999,11.34,471.0,0.04760062298556381,0.5776497485533169,0.7073808399746049,1.883425925925926,6.196843571613076,120.14152971939029,0.0,0.0,0.0,0.0,0.0,0.0,0.0,0.0,0.0,0.0,0.0,-2.6146453741645033,1.0,-9.614979933677622,1.5609102610506527,0.0,4.99796910430839,0.0
0.0,0.0,0.0,0.0,0.0,0.0,0.0,0.0,0.0,0.0,0.0,0.0,0.0,0.0,0.0,0.0,0.0,0.0,0.0,0.0,2.0,0.0,0.0,-4.587,7.433,10.423,471.0,0.35343688550795627,0.48672040677112827,0.49382335135739425,1.883425925925926,6.196843571613076,119.52519976330336,0.0,0.0,0.0,0.0,0.0,0.0,0.0,0.0,0.0,0.0,0.0,-2.7199740997851722,1.0,-9.00010300365719,1.560510968947464,0.0,4.99796910430839,0.0
0.0,0.0,0.0,0.0,0.0,0.0,0.0,0.0,0.0,0.0,0.0,0.0,0.0,0.0,0.0,0.0,0.0,0.0,0.0,0.0,2.0,0.0,0.0,-4.988,7.515,4.374,471.0,-0.6833020654034055,0.21537217046475082,1.3889463750148139,1.883425925925926,11.2982510973528,118.73376870892253,0.0,0.0,0.0,0.0,0.0,0.0,0.0,0.0,0.0,0.0,0.0,-2.6341274247599613,1.0,-9.26824525097108,1.5574770132239146,0.0,4.99796910430839,0.0
1.0,0.0,0.0,0.0,0.0,0.0,0.0,0.0,0.0,0.0,0.0,0.0,0.0,0.0,0.0,0.0,0.0,0.0,0.0,0.0,0.0,0.0,0.0,-5.272,8.013,4.832,417.0,-0.3075905199567933,-0.011234665565154496,1.3894875197550962,1.883425925925926,12.841643245852019,202.75025407160155,0.0,0.0,0.0,0.0,0.0,0.0,0.0,0.0,0.0,0.0,5.579861111111111,-2.4277584417670965,0.0,-5.524609331678528,1.1392564418361848,0.0,4.99796910430839,0.0
1.0,0.0,0.0,0.0,0.0,0.0,0.0,0.0,0.0,0.0,0.0,0.0,0.0,0.0,0.0,0.0,0.0,0.0,0.0,0.0,0.0,0.0,0.0,-3.531,10.379,6.514,417.0,-0.3723384600890532,0.2630354425429954,1.381821026653148,1.883425925925926,19.448525210364938,195.43904666295936,0.0,0.0,0.0,0.0,0.0,0.0,0.0,0.0,0.0,0.0,5.579861111111111,-2.6951513554870785,0.0,-10.581302170502916,1.133721173879828,0.0,5.642361111111111,0.0
0.0,0.0,0.0,0.0,0.0,0.0,0.0,0.0,0.0,0.0,0.0,0.0,0.0,0.0,0.0,0.0,0.0,0.0,0.0,0.0,0.0,0.0,0.0,-4.541,7.930999999999999,8.359,507.0,-0.19013054223466958,0.473703378027489,1.0840597775579737,1.883425925925926,5.752853606746789,147.43190253339998,0.0,0.0,0.0,0.0,0.0,0.0,0.0,0.0,0.0,0.0,0.0,-2.587643322120676,0.0,3.287324100753015,0.625069659374506,0.0,4.99796910430839,0.0
0.0,0.0,0.0,0.0,0.0,0.0,0.0,0.0,0.0,0.0,0.0,0.0,0.0,0.0,0.0,0.0,0.0,0.0,0.0,0.0,1.0,0.0,0.0,-4.977,7.705,5.723,507.0,-0.05147176574905634,0.3064067315905217,0.9024956393982206,1.883425925925926,5.752853606746789,150.96377278653242,0.0,0.0,0.0,0.0,0.0,0.0,0.0,0.0,0.0,0.0,0.0,-2.7797264659429444,0.0,3.5072123904974344,0.6250660917483367,0.0,4.99796910430839,0.0
0.0,0.0,0.0,0.0,0.0,0.0,0.0,0.0,0.0,0.0,0.0,0.0,0.0,0.0,0.0,0.0,0.0,0.0,0.0,0.0,0.0,0.0,0.0,-6.038,7.362,5.255,507.0,-0.2464865797633149,0.1586288382197267,1.2793433499609725,1.883425925925926,0.0,149.48177312766666,1.0,0.0,0.0,0.0,0.0,0.0,0.0,0.0,0.0,0.0,0.0,-2.2376175354721606,0.0,4.404960633743382,0.5769162831052457,0.0,4.99796910430839,0.0
1.0,0.0,0.0,0.0,0.0,0.0,0.0,0.0,0.0,0.0,0.0,0.0,0.0,0.0,0.0,0.0,0.0,0.0,0.0,0.0,1.0,0.0,0.0,-4.357,10.189,3.659,465.0,-0.2559402025954501,0.11938556150074141,1.509107891673133,1.883425925925926,25.683286491704038,431.9643849769039,0.0,0.0,0.0,0.0,0.0,0.0,0.0,0.0,0.0,0.0,0.0,-3.1750254863975886,0.0,-38.73577496016948,1.159064238673249,0.0,4.99796910430839,0.0
1.0,0.0,0.0,0.0,0.0,0.0,0.0,0.0,0.0,0.0,0.0,0.0,0.0,0.0,0.0,0.0,0.0,0.0,0.0,0.0,0.0,0.0,0.0,-3.857,9.349,10.849,465.0,-0.5736831319658817,0.28791024084053846,1.3131559112965496,1.883425925925926,12.083681658295921,367.589744767313,0.0,0.0,0.0,0.0,0.0,0.0,0.0,0.0,0.0,0.0,0.0,-2.5823994607057097,0.0,-41.759933253084064,1.2492204449353894,0.0,4.99796910430839,0.0
1.0,0.0,0.0,0.0,0.0,0.0,0.0,0.0,0.0,0.0,0.0,0.0,0.0,0.0,0.0,0.0,0.0,0.0,0.0,0.0,0.0,0.0,0.0,-4.668,9.323,1.64,465.0,-0.2681016397733881,0.15477671190502645,1.3573124217256871,1.883425925925926,12.083681658295921,372.68253828915863,0.0,0.0,0.0,0.0,0.0,0.0,0.0,0.0,0.0,0.0,0.0,-2.3908109241843003,0.0,-42.27475934102467,1.2492141243328108,0.0,4.99796910430839,0.0
0.0,0.0,0.0,0.0,0.0,0.0,0.0,0.0,0.0,0.0,0.0,0.0,0.0,0.0,0.0,0.0,0.0,0.0,0.0,0.0,1.0,0.0,0.0,-4.062,8.155999999999999,24.416,543.0,-0.07098523469905371,0.32068960098298394,0.9907741013731418,1.883425925925926,19.386399651764595,209.3646076202308,0.0,0.0,0.0,0.0,0.0,0.0,0.0,0.0,0.0,0.0,0.0,-2.4995462907588646,0.0,-1.932495380849018,1.234223407563119,0.0,4.99796910430839,0.0
0.0,0.0,0.0,0.0,0.0,0.0,0.0,0.0,0.0,0.0,0.0,0.0,0.0,0.0,0.0,0.0,0.0,0.0,0.0,0.0,0.0,0.0,0.0,-4.161,9.609,6.991,543.0,-0.17769504272650558,0.31941140693107817,1.2597991025572268,1.8452777777777778,0.0,274.8521462712383,0.0,0.0,0.0,0.0,0.0,0.0,0.0,0.0,0.0,0.0,0.0,-2.8765209206548925,0.0,-2.2118224544178005,1.2340681205963855,0.0,4.99796910430839,1.0
0.0,0.0,0.0,0.0,0.0,0.0,0.0,0.0,0.0,0.0,0.0,0.0,0.0,0.0,0.0,0.0,0.0,0.0,0.0,0.0,1.0,0.0,0.0,-4.461,9.132,6.34,543.0,-0.04126444302163246,0.21476285439817153,1.1380240253286351,1.883425925925926,6.544756405912575,360.1986260582521,0.0,0.0,0.0,0.0,0.0,0.0,0.0,0.0,0.0,0.0,0.0,-2.247489901171286,0.0,-2.2118224544177996,1.2342234108684895,0.0,4.99796910430839,0.0
0.0,0.0,0.0,0.0,0.0,0.0,0.0,0.0,0.0,0.0,0.0,0.0,0.0,0.0,0.0,0.0,0.0,0.0,0.0,0.0,0.0,0.0,0.0,-4.439,8.333,2.08,579.0,-0.07480133003213697,0.17316848545904845,1.0788129547368173,1.883425925925926,13.08951281182515,412.2575113837588,0.0,0.0,0.0,0.0,0.0,0.0,0.0,0.0,0.0,0.0,0.0,-2.3656807765594015,0.0,1.0502346093893629,1.1974622795370262,0.0,4.99796910430839,0.0
0.0,0.0,0.0,0.0,0.0,0.0,0.0,0.0,0.0,0.0,0.0,0.0,0.0,0.0,0.0,0.0,0.0,0.0,0.0,0.0,0.0,0.0,0.0,-3.376,8.679,15.779,579.0,-0.044393742118250375,0.281818230310271,0.9039452961170963,1.883425925925926,19.51033443475116,335.72922273791437,0.0,0.0,0.0,0.0,0.0,0.0,0.0,0.0,0.0,0.0,0.0,-2.4965678523709705,0.0,1.4528532006578498,1.1974626603949519,0.0,4.99796910430839,0.0
0.0,0.0,0.0,0.0,0.0,0.0,0.0,0.0,0.0,0.0,0.0,0.0,0.0,0.0,0.0,0.0,0.0,0.0,0.0,0.0,1.0,0.0,0.0,-4.493,7.381,7.154,579.0,-0.1255650803684272,0.14735703144448645,1.2215361043448758,1.883425925925926,12.338727669087403,240.42694517709174,0.0,0.0,0.0,0.0,0.0,0.0,0.0,0.0,0.0,0.0,0.0,-3.152401163344117,0.0,2.8433952156874893,1.1851110950485844,0.0,4.99796910430839,0.0
0.0,0.0,0.0,0.0,0.0,0.0,0.0,0.0,0.0,0.0,0.0,0.0,0.0,0.0,0.0,0.0,0.0,0.0,0.0,0.0,0.0,0.0,0.0,-3.788,8.687,7.269,551.0,0.3455709640185358,0.23845593550333655,0.8180047593002239,1.883425925925926,31.270629498061233,473.57328105708143,0.0,0.0,0.0,0.0,0.0,0.0,0.0,0.0,0.0,0.0,1.6478703703703703,-2.501916011543891,0.0,-10.28639398774567,1.3492872730385361,0.0,4.99796910430839,0.0
0.0,0.0,0.0,0.0,0.0,0.0,0.0,0.0,0.0,0.0,0.0,0.0,0.0,0.0,0.0,0.0,0.0,0.0,0.0,0.0,0.0,0.0,0.0,-4.364,7.476,8.876,551.0,0.424391520089327,0.24983625482738464,0.7445140107231499,1.883425925925926,12.741599977525652,310.9836950937779,0.0,0.0,0.0,0.0,0.0,0.0,0.0,0.0,0.0,0.0,1.6478703703703703,-2.4935108779174393,0.0,-11.348223103241528,1.352627034830427,0.0,4.99796910430839,0.0
0.0,0.0,0.0,0.0,0.0,0.0,0.0,0.0,0.0,0.0,0.0,0.0,0.0,0.0,0.0,0.0,0.0,0.0,0.0,0.0,0.0,0.0,0.0,-3.743,8.321,10.414,551.0,0.28514535044886047,0.14695406533572605,0.9181493959377683,1.883425925925926,19.28635638343823,347.5797924403514,0.0,0.0,0.0,0.0,0.0,0.0,0.0,0.0,0.0,0.0,1.6478703703703703,-2.263621568594122,0.0,-10.85633307915631,1.3526265775132456,0.0,4.99796910430839,0.0
1.0,0.0,0.0,0.0,0.0,0.0,0.0,0.0,0.0,0.0,0.0,1.0,0.0,0.0,0.0,0.0,0.0,0.0,0.0,1.0,2.0,0.0,0.0,-3.525,8.828999999999999,11.646,443.0,-0.5797590434134712,0.1266489726471928,1.1114764779719817,1.883425925925926,25.676110046885686,229.1632854131518,0.0,0.0,0.0,0.0,1.0,0.0,0.0,0.0,0.0,0.0,0.0,-2.559159660712816,0.0,-12.692735556759203,1.1958610698655825,0.0,4.99796910430839,0.0
1.0,0.0,0.0,0.0,0.0,0.0,0.0,0.0,0.0,0.0,0.0,1.0,0.0,0.0,0.0,0.0,0.0,0.0,0.0,1.0,1.0,0.0,0.0,-3.899,8.356000000000002,9.88,443.0,-0.7415403157842826,-0.009198404936823923,1.3130057074921886,2.109970710506425,13.08951281182515,200.7370315632586,0.0,0.0,0.0,0.0,1.0,0.0,0.0,0.0,0.0,0.0,0.0,-2.820926921933664,0.0,-12.507097868595885,1.1958603235523495,0.0,4.99796910430839,0.0
1.0,0.0,0.0,0.0,0.0,0.0,0.0,0.0,0.0,0.0,0.0,1.0,0.0,0.0,0.0,0.0,0.0,0.0,0.0,1.0,1.0,0.0,0.0,-4.01,9.075,3.951,443.0,-0.9355648053703377,-0.014161574851784013,1.5665034393121768,2.101851851851852,13.08951281182515,201.91900758348504,0.0,0.0,0.0,0.0,1.0,0.0,0.0,0.0,0.0,0.0,0.0,-2.9331386184739845,0.0,-10.942779705412098,1.1824644942053055,0.0,4.99796910430839,0.0
1.0,0.0,0.0,0.0,0.0,0.0,0.0,0.0,0.0,0.0,0.0,1.0,0.0,0.0,0.0,0.0,0.0,0.0,0.0,1.0,2.0,0.0,0.0,-3.422,9.8,3.69,443.0,-0.813933431560226,0.07429816632916438,1.3481387665882585,1.883425925925926,19.634269217737724,206.44596588487445,0.0,0.0,0.0,0.0,1.0,0.0,0.0,0.0,0.0,0.0,0.0,-2.408563306612584,0.0,-12.135822492269257,1.1950846457891078,0.0,4.99796910430839,0.0
1.0,0.0,0.0,0.0,0.0,0.0,0.0,0.0,0.0,0.0,0.0,0.0,0.0,0.0,0.0,0.0,0.0,0.0,0.0,0.0,0.0,0.0,0.0,-3.759,9.915,12.323,419.0,-0.36674453327794826,0.22595804900966937,1.0488282050542928,1.883425925925926,0.0,185.88180068104361,0.0,0.0,0.0,0.0,0.0,0.0,0.0,0.0,0.0,0.0,0.0,-2.5696147729925425,0.0,-5.589125218503914,1.1796558941464719,0.0,4.99796910430839,0.0
1.0,0.0,0.0,0.0,0.0,0.0,0.0,0.0,0.0,0.0,0.0,0.0,0.0,0.0,0.0,0.0,0.0,0.0,0.0,0.0,0.0,0.0,0.0,-5.235,8.236999999999998,4.758,419.0,-0.3845667949684892,0.15370899789450662,1.2014157577516051,1.883425925925926,5.917906046161393,251.36688147730888,0.0,0.0,0.0,0.0,0.0,0.0,0.0,0.0,0.0,0.0,0.0,-2.2963801369254297,0.0,-3.981685218430432,1.1794147797462204,0.0,4.99796910430839,0.0
0.0,0.0,0.0,0.0,0.0,0.0,0.0,0.0,0.0,0.0,0.0,0.0,0.0,0.0,0.0,0.0,0.0,0.0,0.0,0.0,0.0,0.0,0.0,-4.431,7.544,8.864,517.0,0.052080664962341774,0.5139399102660485,0.8745359239110423,1.6455725623582769,12.841643245852019,248.32397024632132,0.0,0.0,0.0,0.0,0.0,0.0,0.0,0.0,0.0,0.0,0.0,-2.948970153678779,0.0,-7.64364517864409,1.2000069202505403,0.0,4.99796910430839,2.0
0.0,0.0,0.0,0.0,0.0,0.0,0.0,0.0,0.0,0.0,0.0,0.0,0.0,0.0,0.0,0.0,0.0,0.0,0.0,0.0,1.0,0.0,0.0,-3.97,8.226999999999999,17.973,517.0,-0.04083904792129035,0.44839311860841474,0.7252388476665406,1.883425925925926,11.959746875309353,192.2327578275051,0.0,0.0,0.0,0.0,0.0,0.0,0.0,0.0,0.0,0.0,0.0,-2.5445868679738664,0.0,-8.601047267612744,1.2062100850740907,0.0,4.99796910430839,1.0
0.0,0.0,0.0,0.0,0.0,0.0,0.0,0.0,0.0,0.0,0.0,0.0,0.0,0.0,0.0,0.0,0.0,0.0,0.0,0.0,1.0,0.0,0.0,-4.607,7.207999999999999,9.74,517.0,0.3210177501148586,0.41017342172585064,0.6822873622296495,1.883425925925926,6.041840829147961,190.3862627657977,0.0,0.0,0.0,0.0,0.0,0.0,0.0,0.0,0.0,0.0,0.0,-2.4198843964347065,0.0,-9.441476795000613,1.206817171430183,0.0,4.99796910430839,1.0
0.0,0.0,0.0,0.0,0.0,0.0,0.0,0.0,0.0,0.0,0.0,0.0,0.0,0.0,0.0,0.0,0.0,0.0,0.0,0.0,1.0,0.0,0.0,-4.575,7.085999999999999,14.042,517.0,0.1585064195088904,0.6149258940139924,0.6338303818741747,1.883425925925926,6.041840829147961,186.06065799652197,0.0,0.0,0.0,0.0,0.0,0.0,0.0,0.0,0.0,0.0,0.0,-2.64589167541416,0.0,-9.441476795000659,1.206816748908577,0.0,4.99796910430839,0.0
1.0,0.0,0.0,0.0,0.0,0.0,0.0,0.0,0.0,0.0,0.0,0.0,0.0,0.0,0.0,0.0,0.0,0.0,0.0,0.0,0.0,0.0,0.0,-3.858,8.57,10.814,589.0,-0.6850007961236795,0.22020106790673674,1.2328656332513608,1.883425925925926,18.17457496607118,412.13953192392876,0.0,0.0,0.0,0.0,0.0,0.0,0.0,0.0,0.0,0.0,0.0,-2.402502422177987,0.0,-19.33863253864235,1.3886446821615137,0.0,4.99796910430839,0.0
1.0,0.0,0.0,0.0,0.0,0.0,0.0,0.0,0.0,0.0,0.0,0.0,0.0,0.0,0.0,0.0,0.0,0.0,0.0,0.0,0.0,0.0,0.0,-4.372,8.796,11.576,589.0,-0.30232650257715943,0.1852765237534176,1.0345816852150531,1.883425925925926,0.0,404.41678969021916,0.0,0.0,0.0,0.0,0.0,0.0,0.0,0.0,0.0,0.0,0.0,-2.4710039001680393,0.0,-17.690662644069445,1.3860458061913388,0.0,4.99796910430839,0.0
1.0,0.0,0.0,0.0,0.0,0.0,0.0,0.0,0.0,0.0,0.0,0.0,0.0,0.0,0.0,0.0,0.0,0.0,0.0,0.0,0.0,0.0,0.0,-4.372,8.795,11.575,589.0,-0.7422412840395402,0.18453797038662545,1.194885598638221,1.883425925925926,6.544756405912575,398.6770254267411,0.0,0.0,0.0,0.0,0.0,0.0,0.0,0.0,0.0,0.0,0.0,-2.0374004308898517,0.0,-13.461943004302066,1.3899661924017748,0.0,4.99796910430839,0.0
1.0,0.0,0.0,0.0,0.0,0.0,0.0,0.0,0.0,0.0,0.0,0.0,0.0,0.0,0.0,0.0,0.0,0.0,0.0,0.0,0.0,0.0,0.0,-5.788,6.478,6.674,589.0,-0.2532014282639691,0.18914871980073636,1.0062045241841873,1.883425925925926,12.10820789760957,451.20667217530166,0.0,0.0,0.0,0.0,0.0,0.0,0.0,0.0,0.0,0.0,0.0,-2.0451650963916346,0.0,-17.704367127463733,1.390406821275879,0.0,4.99796910430839,0.0
1.0,0.0,0.0,0.0,0.0,0.0,0.0,0.0,0.0,0.0,0.0,0.0,0.0,0.0,0.0,0.0,0.0,0.0,0.0,0.0,0.0,0.0,0.0,-5.416,6.738,1.663,589.0,-0.4385285909633118,0.1575196066631659,1.0619767277639085,1.883425925925926,16.902745081681392,472.67689072155713,0.0,0.0,0.0,0.0,0.0,0.0,0.0,0.0,0.0,0.0,0.0,-2.0374004308898495,0.0,-17.70436712746374,1.3904193487531382,0.0,4.99796910430839,0.0
0.0,0.0,0.0,0.0,0.0,0.0,0.0,0.0,0.0,0.0,0.0,0.0,0.0,0.0,0.0,1.0,0.0,0.0,0.0,0.0,2.0,0.0,0.0,-5.144,7.663,5.987,535.0,-0.1477086084555487,0.32566130808424143,1.4224428936479727,1.883425925925926,6.06636706846161,360.48154944008525,0.0,0.0,0.0,0.0,0.0,0.0,0.0,0.0,0.0,0.0,0.0,-2.1786686284994374,1.0,-0.21663815347540832,1.2388887697914608,0.0,4.99796910430839,0.0
0.0,0.0,0.0,0.0,0.0,0.0,0.0,0.0,0.0,0.0,0.0,0.0,0.0,0.0,0.0,1.0,0.0,0.0,0.0,0.0,2.0,0.0,0.0,-5.195,8.073,1.317,535.0,-0.28137327171642984,0.3569967238083023,1.6365801518513128,1.883425925925926,12.611123474374185,303.0557729941945,0.0,0.0,0.0,0.0,0.0,0.0,0.0,0.0,0.0,0.0,0.0,-2.2197230579695413,1.0,1.9916082958654193,1.2388887135124698,0.0,4.99796910430839,0.0
0.0,0.0,0.0,0.0,0.0,0.0,0.0,0.0,0.0,0.0,0.0,0.0,0.0,0.0,0.0,1.0,0.0,0.0,0.0,0.0,0.0,0.0,0.0,-4.77,8.188,2.346,535.0,-0.3123675935004083,0.4221267576087731,1.5228555986299521,2.107962962962963,18.659506023687044,299.8020065920073,0.0,0.0,0.0,0.0,0.0,0.0,0.0,0.0,0.0,0.0,0.0,-2.7926294984129583,0.0,0.9286914453802706,1.2345882610066032,0.0,4.99796910430839,0.0
0.0,0.0,0.0,0.0,0.0,0.0,0.0,0.0,0.0,0.0,0.0,0.0,0.0,0.0,0.0,1.0,0.0,0.0,0.0,0.0,1.0,0.0,0.0,-3.901,8.39,12.796,535.0,-0.40546885925732773,0.4131685627210844,1.3426975632567495,1.883425925925926,12.741599977525652,345.3333181899236,0.0,0.0,0.0,0.0,0.0,0.0,0.0,0.0,0.0,0.0,0.0,-2.474123889635964,0.0,-0.5984146864273002,1.2388895591702274,0.0,4.99796910430839,0.0
0.0,0.0,0.0,0.0,0.0,0.0,0.0,0.0,0.0,0.0,0.0,0.0,0.0,0.0,0.0,0.0,0.0,0.0,0.0,0.0,0.0,0.0,0.0,-4.286,9.047,10.974,449.0,-0.25961184185008485,0.2536350816492011,1.1150959740982622,1.883425925925926,6.544756405912575,323.38264487261586,0.0,0.0,0.0,0.0,0.0,0.0,0.0,0.0,0.0,0.0,2.164351851851852,-2.478056172629427,0.0,-7.318829311206249,1.2380820690101524,0.0,4.99796910430839,0.0
0.0,0.0,0.0,0.0,0.0,0.0,0.0,0.0,0.0,0.0,0.0,0.0,0.0,0.0,0.0,0.0,0.0,0.0,0.0,0.0,1.0,0.0,0.0,-4.44,9.062,4.796,449.0,-0.05482013660132187,0.028316718455641782,1.1041244370846772,1.883425925925926,0.0,318.587721099741,0.0,0.0,0.0,0.0,0.0,0.0,0.0,0.0,0.0,0.0,2.164351851851852,-2.0696270226175573,1.0,-5.023135139535322,1.2380823731887216,0.0,4.99796910430839,0.0
0.0,0.0,0.0,0.0,0.0,0.0,0.0,0.0,0.0,0.0,0.0,0.0,0.0,0.0,0.0,0.0,0.0,0.0,0.0,0.0,2.0,0.0,1.0,-4.722,8.533999999999999,3.521,547.0,-0.20041425871586824,-0.12508221183013046,1.3253521576848428,1.883425925925926,19.038486817465095,399.44714092408935,0.0,0.0,0.0,0.0,0.0,0.0,0.0,0.0,0.0,0.0,0.0,-3.0493792909491724,0.0,-4.4828039294712685,1.2264981258722936,0.0,4.99796910430839,0.0
0.0,0.0,0.0,0.0,0.0,0.0,0.0,0.0,0.0,0.0,0.0,0.0,0.0,0.0,0.0,0.0,0.0,0.0,0.0,0.0,2.0,0.0,1.0,-5.498,7.701999999999999,3.981,547.0,-0.14792555051928297,-0.13299375797315843,1.302670534304623,1.883425925925926,0.0,401.82622750073756,0.0,0.0,0.0,0.0,0.0,0.0,0.0,0.0,0.0,0.0,0.0,-2.282253750900739,1.0,-4.617924046498803,1.3388146351137606,0.0,4.99796910430839,0.0
0.0,0.0,0.0,0.0,0.0,0.0,0.0,0.0,0.0,0.0,0.0,0.0,0.0,0.0,0.0,0.0,0.0,0.0,0.0,0.0,2.0,0.0,1.0,-5.11,7.312,4.366,547.0,-0.2497883537736316,-0.07397901310026347,1.3701479040240812,1.883425925925926,13.08951281182515,385.30314174405885,0.0,0.0,0.0,0.0,0.0,0.0,0.0,0.0,0.0,0.0,0.0,-2.265182589541538,1.0,-6.183586558886087,1.33881463511376,0.0,4.99796910430839,0.0
0.0,0.0,0.0,0.0,0.0,0.0,0.0,0.0,0.0,0.0,0.0,0.0,0.0,0.0,0.0,0.0,0.0,0.0,0.0,0.0,1.0,0.0,0.0,-4.434,7.688999999999999,8.723,547.0,-0.06444213696648365,-0.002250789066333105,0.9537570806673337,1.883425925925926,25.483199955051305,384.53076069770236,0.0,0.0,0.0,0.0,0.0,0.0,0.0,0.0,0.0,0.0,0.0,-2.5678134572545686,0.0,-4.266611742227207,1.3388146351137606,0.0,4.99796910430839,0.0
0.0,0.0,0.0,0.0,0.0,0.0,0.0,0.0,0.0,0.0,0.0,0.0,0.0,0.0,0.0,0.0,0.0,0.0,0.0,0.0,0.0,0.0,0.0,-4.673,8.063,3.503,547.0,-0.32229032263320345,-0.0318691177603036,1.3113179960561576,1.514537037037037,19.28635638343823,397.4467193907018,0.0,0.0,0.0,0.0,0.0,0.0,0.0,0.0,0.0,0.0,0.0,-2.8575650463910627,0.0,-7.398282936028199,1.33881463511376,0.0,4.99796910430839,0.0
1.0,0.0,0.0,0.0,0.0,0.0,0.0,1.0,0.0,0.0,0.0,0.0,0.0,0.0,0.0,0.0,0.0,0.0,0.0,0.0,1.0,0.0,0.0,-5.216,9.415,4.1,627.0,-0.13635530021583636,0.6725968751603364,0.8853202843587512,1.883425925925926,6.544756405912575,120.98879329839303,0.0,0.0,0.0,0.0,0.0,0.0,0.0,0.0,0.0,0.0,21.76291666666667,-2.6269186566083307,0.0,-0.061410373521221466,0.29926207965734897,1.0,4.99796910430839,0.0
1.0,0.0,0.0,0.0,0.0,0.0,0.0,1.0,0.0,0.0,0.0,0.0,0.0,0.0,0.0,0.0,0.0,0.0,0.0,0.0,1.0,0.0,0.0,-5.15,9.534,5.43,627.0,-0.39273685043434325,0.4189993800729994,1.111963940868493,1.883425925925926,0.0,160.410364349031,0.0,0.0,0.0,0.0,0.0,0.0,0.0,0.0,0.0,0.0,21.76291666666667,-2.3224490105373876,0.0,-0.5022715667813433,0.3030807076078582,1.0,4.99796910430839,0.0
1.0,0.0,0.0,0.0,0.0,0.0,0.0,1.0,0.0,0.0,0.0,0.0,0.0,0.0,0.0,0.0,0.0,0.0,0.0,0.0,0.0,0.0,0.0,-5.288,9.983,3.169,627.0,-0.39948263525212474,0.5460833042133068,1.2842846531402854,0.8680555555555556,0.0,127.58802211697036,0.0,0.0,0.0,0.0,0.0,0.0,0.0,0.0,0.0,0.0,21.76291666666667,-2.897565498806485,0.0,0.5138399132662919,0.29928641481402046,1.0,4.99796910430839,0.0
1.0,0.0,0.0,0.0,0.0,0.0,0.0,1.0,0.0,0.0,0.0,0.0,0.0,0.0,0.0,0.0,0.0,0.0,0.0,0.0,1.0,0.0,0.0,-5.224,9.653,2.435,627.0,-0.054794435350146824,0.4196419863596272,1.0008747041428974,1.883425925925926,6.544756405912575,134.7247662704425,0.0,0.0,0.0,0.0,0.0,0.0,0.0,0.0,0.0,0.0,21.76291666666667,-2.320951855548416,0.0,-0.061410373521221466,0.30029610597843737,0.0,4.99796910430839,0.0
0.0,0.0,0.0,0.0,0.0,1.0,0.0,0.0,0.0,0.0,0.0,0.0,0.0,0.0,0.0,0.0,0.0,0.0,0.0,0.0,1.0,0.0,0.0,-3.572,9.765,8.675,427.0,0.4354994574488991,0.3323041060869443,0.8180615904605499,1.883425925925926,12.462662452073971,137.4269195088757,0.0,0.0,0.0,0.0,0.0,0.0,0.0,0.0,0.0,0.0,0.0,-2.5436251898191817,0.0,5.558794323685368,1.214394948496525,0.0,4.99796910430839,0.0
0.0,0.0,0.0,0.0,0.0,1.0,0.0,0.0,0.0,0.0,0.0,0.0,0.0,0.0,0.0,0.0,0.0,0.0,0.0,0.0,1.0,0.0,0.0,-4.703,9.533,1.296,427.0,0.3283058491449955,0.2158126202309574,1.0841397626657248,1.883425925925926,12.083681658295921,217.12067366484712,0.0,0.0,0.0,0.0,0.0,0.0,0.0,0.0,0.0,0.0,0.0,-2.2898340963031423,0.0,4.583912731671915,1.2190264209628943,0.0,4.99796910430839,0.0
0.0,0.0,0.0,0.0,0.0,1.0,0.0,0.0,0.0,0.0,0.0,0.0,0.0,0.0,0.0,0.0,0.0,0.0,0.0,0.0,0.0,0.0,0.0,-4.555,10.087,3.05,427.0,0.18498115721079944,0.31983346916730937,1.1439373600515264,1.8725462962962962,18.88348407499998,274.52519627762115,0.0,0.0,0.0,0.0,0.0,0.0,0.0,0.0,0.0,0.0,0.0,-2.9005436453099476,0.0,6.338729364932859,1.216811809415273,0.0,4.99796910430839,1.0
0.0,0.0,0.0,0.0,0.0,0.0,0.0,0.0,0.0,0.0,0.0,0.0,0.0,0.0,0.0,0.0,0.0,0.0,0.0,0.0,0.0,0.0,0.0,-5.184,7.617,3.121,461.0,-0.2785191614818905,0.2335581688749839,1.0962688742153217,1.883425925925926,17.9260706754446,272.45149005544874,0.0,0.0,0.0,0.0,0.0,0.0,0.0,0.0,0.0,0.0,1.7175925925925926,-2.1856802199001817,0.0,-11.797809875157697,1.2593704066556348,0.0,4.99796910430839,0.0
0.0,0.0,0.0,0.0,0.0,0.0,0.0,0.0,0.0,0.0,0.0,0.0,0.0,0.0,0.0,0.0,0.0,0.0,0.0,0.0,0.0,0.0,0.0,-4.474,8.621,13.246,461.0,-0.420408917905948,0.4097369051641813,1.2750765229268908,1.883425925925926,18.17457496607118,280.65562708822574,0.0,0.0,0.0,0.0,0.0,0.0,0.0,0.0,0.0,0.0,1.7175925925925926,-2.410491863070532,0.0,-11.763192134470978,1.2593826765735014,0.0,4.99796910430839,0.0
0.0,0.0,0.0,0.0,0.0,0.0,0.0,0.0,0.0,0.0,0.0,0.0,0.0,0.0,0.0,0.0,0.0,0.0,0.0,0.0,1.0,0.0,0.0,-4.556,7.342999999999999,20.896,563.0,-0.15033232541657135,0.24227175773430537,0.8455295160628051,1.883425925925926,6.4208216229260096,172.4851993304801,0.0,0.0,0.0,0.0,0.0,0.0,0.0,0.0,0.0,0.0,0.0,-2.3941127276386887,0.0,-9.70830330555521,1.3614895053393663,0.0,4.99796910430839,0.0
0.0,0.0,0.0,0.0,0.0,0.0,0.0,0.0,0.0,0.0,0.0,0.0,0.0,0.0,0.0,0.0,0.0,0.0,0.0,0.0,0.0,0.0,0.0,-4.975,6.891,3.837,563.0,-0.12402438778227681,0.12022259607749576,0.7565599557633965,0.6084336419753087,5.687386274683562,410.9109407985593,0.0,0.0,0.0,0.0,0.0,0.0,0.0,0.0,0.0,0.0,0.0,-2.843266276811071,0.0,-9.70830330555521,1.3576819656104513,0.0,4.99796910430839,1.0
0.0,0.0,0.0,0.0,0.0,0.0,0.0,0.0,0.0,0.0,0.0,0.0,0.0,0.0,0.0,0.0,0.0,0.0,0.0,0.0,1.0,0.0,0.0,-5.065,6.525,5.277,563.0,-0.22636554583667456,0.11737965773837938,0.9357595669687976,1.883425925925926,5.687386274683562,383.32022316911343,0.0,0.0,0.0,0.0,0.0,0.0,0.0,0.0,0.0,0.0,0.0,-2.1874132569928415,0.0,-9.166790780478166,1.3612873822620675,0.0,4.99796910430839,0.0
0.0,0.0,0.0,0.0,0.0,0.0,0.0,0.0,0.0,0.0,0.0,0.0,0.0,0.0,0.0,0.0,0.0,0.0,0.0,0.0,1.0,0.0,0.0,-5.43,5.468,10.464,563.0,-0.31603084813663096,0.06557848799289265,0.7791135997095724,1.883425925925926,12.10820789760957,173.2650734944666,0.0,0.0,0.0,0.0,0.0,0.0,0.0,0.0,0.0,0.0,0.0,-2.181796138508413,0.0,-9.708303305555221,1.3614963572863017,0.0,4.99796910430839,0.0
1.0,0.0,0.0,0.0,0.0,0.0,0.0,0.0,0.0,0.0,0.0,0.0,0.0,0.0,0.0,0.0,0.0,0.0,0.0,0.0,0.0,0.0,0.0,-3.96,7.747000000000001,12.867,537.0,0.1479140146828606,0.23513830034046515,0.5497153287117906,1.883425925925926,24.843266154970323,263.8351532246238,0.0,0.0,0.0,0.0,0.0,0.0,0.0,0.0,0.0,0.0,5.278513321995465,-2.4073365562653843,0.0,-4.840786040426999,1.3775301524060648,0.0,5.294138321995465,0.0
1.0,0.0,0.0,0.0,0.0,0.0,0.0,0.0,0.0,0.0,0.0,0.0,0.0,0.0,0.0,0.0,0.0,0.0,0.0,0.0,1.0,0.0,0.0,-3.938,8.168,0.506,537.0,0.07295877926903392,-0.02369987854206483,0.717679514849692,1.883425925925926,11.753753343145172,266.19932296210754,0.0,0.0,0.0,0.0,0.0,0.0,0.0,0.0,0.0,0.0,5.278513321995465,-3.090709053175258,0.0,-4.8407860404270044,1.2242667896370045,0.0,5.299346655328798,0.0
1.0,0.0,0.0,0.0,0.0,0.0,0.0,0.0,0.0,0.0,0.0,0.0,0.0,0.0,0.0,0.0,0.0,0.0,0.0,0.0,0.0,0.0,0.0,-5.066,6.262,7.983,537.0,0.0739139853450975,-0.024219004197852084,0.6450157109678696,1.883425925925926,11.374772549367124,279.08996659379795,0.0,0.0,0.0,0.0,0.0,0.0,0.0,0.0,0.0,0.0,5.278513321995465,-2.37573756354099,0.0,-6.737088105709826,1.3740118471252056,0.0,4.99796910430839,0.0
1.0,0.0,0.0,0.0,0.0,0.0,0.0,0.0,0.0,0.0,0.0,0.0,0.0,0.0,0.0,0.0,0.0,0.0,0.0,0.0,2.0,1.0,0.0,-5.697,7.944,12.552,575.0,0.0927807051390141,0.11556596173658762,1.2745154409433643,1.883425925925926,6.4208216229260096,157.24923483351358,0.0,0.0,0.0,0.0,0.0,0.0,0.0,0.0,0.0,0.0,4.987037037037037,-2.0501804494647375,2.0,2.081572260495254,1.2369641813825496,0.0,5.007037037037037,0.0
1.0,0.0,0.0,0.0,0.0,0.0,0.0,0.0,0.0,0.0,0.0,0.0,0.0,0.0,0.0,0.0,0.0,0.0,0.0,0.0,1.0,1.0,0.0,-5.508,8.606000000000002,8.377,575.0,0.004755385950627909,0.1516924374504533,1.2444668658049458,1.883425925925926,0.0,260.2081966333694,0.0,0.0,0.0,0.0,0.0,0.0,0.0,0.0,0.0,0.0,4.987037037037037,-2.0543302293565127,1.0,-1.1732956939400303,1.2369342357512472,0.0,5.098148148148148,0.0
1.0,0.0,0.0,0.0,0.0,0.0,0.0,0.0,0.0,0.0,0.0,0.0,0.0,0.0,0.0,0.0,0.0,0.0,0.0,0.0,1.0,0.0,0.0,-5.538,8.587,9.338,575.0,-0.09501102593335771,0.04269446385672418,1.4504768103187007,1.883425925925926,4.794537184071822,369.85861210225016,0.0,0.0,0.0,0.0,0.0,0.0,0.0,0.0,0.0,0.0,4.987037037037037,-2.099078477843465,1.0,1.899419073972371,1.236937215732244,0.0,4.99796910430839,0.0
1.0,0.0,0.0,0.0,0.0,0.0,0.0,0.0,0.0,0.0,0.0,0.0,0.0,0.0,0.0,0.0,0.0,0.0,0.0,0.0,2.0,1.0,0.0,-5.654,8.516,6.426,575.0,0.06497917645748122,-0.033173567684185015,1.1872943695503324,1.883425925925926,11.519503431227047,180.8101983240963,0.0,0.0,0.0,0.0,0.0,0.0,0.0,0.0,0.0,0.0,4.987037037037037,-2.078323683456341,2.0,2.0815722604952533,1.236964181156972,0.0,5.007037037037037,0.0
1.0,0.0,0.0,0.0,0.0,0.0,0.0,0.0,0.0,0.0,0.0,0.0,0.0,0.0,0.0,0.0,0.0,0.0,0.0,1.0,0.0,0.0,0.0,-4.5,9.095,6.813,581.0,-0.5219667063803771,0.08092533243094682,1.306521744687226,1.883425925925926,12.965578028838586,334.79603138925927,0.0,0.0,0.0,0.0,0.0,0.0,0.0,0.0,0.0,0.0,0.0,-2.523052803273513,0.0,-3.3797726992846497,1.1575439077857688,0.0,4.99796910430839,0.0
1.0,0.0,0.0,0.0,0.0,0.0,0.0,0.0,0.0,0.0,0.0,0.0,0.0,0.0,0.0,0.0,0.0,0.0,0.0,1.0,1.0,0.0,0.0,-4.464,10.267,2.092,581.0,-0.6202347708611704,-0.012575102673686415,1.4676009441593119,1.883425925925926,6.4208216229260096,281.8723091566694,0.0,0.0,0.0,0.0,0.0,0.0,0.0,0.0,0.0,0.0,0.0,-3.1528470804797957,0.0,-1.4679784433108851,1.154940305566557,0.0,4.99796910430839,0.0
1.0,0.0,0.0,0.0,0.0,0.0,0.0,0.0,0.0,0.0,0.0,0.0,0.0,0.0,0.0,0.0,0.0,0.0,0.0,1.0,0.0,0.0,0.0,-4.643,10.055,4.173,581.0,-0.6191611887940366,0.04157616320465728,1.3153914491303291,1.883425925925926,6.544756405912575,316.59305993858106,0.0,0.0,0.0,0.0,0.0,0.0,0.0,0.0,0.0,0.0,0.0,-2.5256767015482944,0.0,-2.311130962770379,1.1574234062703315,0.0,4.99796910430839,0.0
1.0,0.0,0.0,0.0,0.0,0.0,0.0,0.0,0.0,0.0,0.0,0.0,0.0,0.0,0.0,0.0,0.0,0.0,0.0,1.0,0.0,0.0,0.0,-4.55,9.861,1.824,581.0,-0.8058723223230451,0.09086615288771224,1.478112057125161,1.883425925925926,25.93115605767717,304.2362216134169,0.0,0.0,0.0,0.0,0.0,0.0,0.0,0.0,0.0,0.0,0.0,-2.523052803273509,0.0,-4.5182718050045585,1.1562349424177039,0.0,4.99796910430839,0.0
0.0,0.0,0.0,0.0,0.0,0.0,0.0,0.0,0.0,0.0,0.0,0.0,0.0,0.0,0.0,0.0,0.0,0.0,0.0,0.0,0.0,0.0,0.0,-4.148,9.8,4.937,577.0,-0.085090659768429,0.5543007363657009,1.6731840624499164,1.9526851851851852,18.001587704457314,576.8390587993176,0.0,0.0,0.0,0.0,0.0,0.0,0.0,0.0,0.0,0.0,0.0,-2.9121406643108023,0.0,-5.739613554088615,1.2345648739403101,0.0,4.99796910430839,1.0
0.0,0.0,0.0,0.0,0.0,0.0,0.0,0.0,0.0,0.0,0.0,0.0,0.0,0.0,0.0,0.0,0.0,0.0,0.0,0.0,2.0,0.0,0.0,-4.178,10.108,4.358,577.0,-0.010167707419703794,0.4751101215251766,1.857407796962475,1.883425925925926,32.22804289761661,519.3433229009411,0.0,0.0,0.0,0.0,0.0,0.0,0.0,0.0,0.0,0.0,0.0,-3.1812127681441966,0.0,-4.324432471911721,1.1594555478444577,0.0,4.99796910430839,0.0
0.0,0.0,0.0,0.0,0.0,0.0,0.0,0.0,0.0,0.0,0.0,0.0,0.0,0.0,0.0,0.0,0.0,0.0,0.0,0.0,1.0,0.0,0.0,-4.059,9.727,0.921,577.0,0.1419442021257554,0.39233002242357023,1.4466198620077915,1.883425925925926,18.628438064208495,409.6186574338053,0.0,0.0,0.0,0.0,0.0,0.0,0.0,0.0,0.0,0.0,0.0,-2.4438933581140083,0.0,-7.949340753311648,1.2388876667692892,0.0,4.99796910430839,0.0
0.0,0.0,0.0,0.0,0.0,0.0,0.0,0.0,0.0,0.0,0.0,0.0,0.0,0.0,0.0,0.0,0.0,1.0,0.0,0.0,1.0,0.0,0.0,-5.071,7.546000000000001,8.138,553.0,0.05765756776785406,0.14645096802106528,1.0967612939102516,1.883425925925926,19.069544416586886,226.47893349291553,0.0,0.0,0.0,0.0,0.0,0.0,0.0,0.0,0.0,0.0,5.249732851473923,-2.3258617301331754,0.0,5.0152303092665775,1.1569665911220584,0.0,5.270141014739229,0.0
0.0,0.0,0.0,0.0,0.0,0.0,0.0,0.0,0.0,0.0,0.0,0.0,0.0,0.0,0.0,0.0,0.0,1.0,0.0,0.0,1.0,0.0,0.0,-4.957,8.055,10.272,553.0,0.11463275910252514,0.03342858179885633,1.1081631657556041,1.883425925925926,12.965578028838586,232.79498582177052,0.0,0.0,0.0,0.0,0.0,0.0,0.0,0.0,0.0,0.0,5.249732851473923,-2.3233056291933543,0.0,4.5598364468045,1.1570938921118807,0.0,4.99796910430839,0.0
0.0,0.0,0.0,0.0,0.0,0.0,0.0,0.0,0.0,0.0,0.0,0.0,0.0,0.0,0.0,0.0,0.0,1.0,0.0,0.0,0.0,0.0,0.0,-4.661,8.315000000000001,5.526,553.0,-0.0857863251615414,0.21990061664368654,1.239687559017231,1.9368518518518518,12.52478801067431,249.75511328755533,0.0,0.0,0.0,0.0,0.0,0.0,0.0,0.0,0.0,0.0,5.249732851473923,-2.9013883238592735,0.0,6.821297010013934,1.1562574577060973,0.0,5.269732851473923,1.0
0.0,0.0,0.0,0.0,0.0,0.0,0.0,0.0,0.0,0.0,0.0,0.0,0.0,0.0,0.0,0.0,0.0,0.0,1.0,0.0,2.0,0.0,0.0,-3.814,9.615,2.152,599.0,0.014763779883946193,0.2929458604309014,1.1658122419438128,1.883425925925926,19.28635638343823,239.7175827946851,0.0,0.0,0.0,0.0,0.0,0.0,0.0,0.0,0.0,0.0,0.0,-2.387263199085204,1.0,9.665460838603666,1.3388146351137602,0.0,4.99796910430839,0.0
0.0,0.0,0.0,0.0,0.0,0.0,0.0,0.0,0.0,0.0,0.0,0.0,0.0,0.0,0.0,0.0,0.0,0.0,1.0,0.0,1.0,0.0,0.0,-4.06,9.607,3.258,599.0,-0.295493746933782,0.3811259503524017,1.3415529668277801,1.709814814814815,19.286356383438225,344.921817541378,0.0,0.0,0.0,0.0,0.0,0.0,0.0,0.0,0.0,0.0,0.0,-2.8881680646923082,1.0,10.223017296230013,1.338814635113762,0.0,4.99796910430839,1.0
0.0,0.0,0.0,0.0,0.0,0.0,0.0,0.0,0.0,0.0,0.0,0.0,0.0,0.0,0.0,0.0,0.0,0.0,1.0,0.0,3.0,0.0,0.0,-4.475,8.147,6.05,599.0,-0.21659421111216903,0.169370183042315,1.4121296628989422,1.883425925925926,19.15587988028676,261.9226869784088,0.0,0.0,0.0,0.0,0.0,0.0,0.0,0.0,0.0,0.0,0.0,-2.3785435630519896,2.0,9.966388064366276,1.33881463511376,0.0,4.99796910430839,0.0
0.0,0.0,0.0,0.0,0.0,0.0,0.0,0.0,0.0,0.0,0.0,0.0,0.0,0.0,0.0,0.0,0.0,0.0,1.0,0.0,3.0,0.0,0.0,-3.958,9.101,5.148,599.0,-0.10478782408411048,0.2815897850089257,1.3373693933218418,1.883425925925926,19.038486817465095,225.01880020352405,0.0,0.0,0.0,0.0,0.0,0.0,0.0,0.0,0.0,0.0,0.0,-3.1368805620421703,1.0,10.321482901734528,1.2286985537034116,0.0,4.99796910430839,0.0
0.0,0.0,0.0,0.0,0.0,0.0,0.0,0.0,0.0,0.0,0.0,0.0,0.0,0.0,0.0,0.0,0.0,0.0,0.0,0.0,2.0,0.0,0.0,-5.724,7.709,4.066,767.0,0.2743330979448763,0.38622284092300396,0.920816818338853,1.883425925925926,0.0,214.91153576489796,0.0,0.0,0.0,0.0,0.0,0.0,0.0,0.0,0.0,0.0,7.74390731292517,-2.223938557343614,1.0,6.772290493504455,0.6221039734937829,0.0,4.99796910430839,0.0
0.0,0.0,0.0,0.0,0.0,0.0,0.0,0.0,0.0,0.0,0.0,0.0,0.0,0.0,0.0,0.0,0.0,0.0,0.0,0.0,1.0,0.0,0.0,-5.361,7.46,4.398,767.0,0.13098012359871286,0.2590284913660029,1.1371753881110545,1.883425925925926,0.0,197.34070354683013,0.0,0.0,0.0,0.0,0.0,0.0,0.0,0.0,0.0,0.0,7.74390731292517,-2.2032348648537297,0.0,7.405326026787509,0.6290596234195859,0.0,4.99796910430839,0.0
0.0,0.0,0.0,0.0,0.0,0.0,0.0,0.0,0.0,0.0,0.0,0.0,0.0,0.0,0.0,0.0,0.0,0.0,0.0,0.0,2.0,0.0,0.0,-6.108,7.175,9.892,767.0,-0.03012659478609584,0.294187306404963,1.0989053349601339,1.883425925925926,10.291446027577843,219.14928184697396,0.0,0.0,0.0,0.0,0.0,0.0,0.0,0.0,0.0,0.0,7.74390731292517,-2.1996241521943602,1.0,6.757297413528735,0.6221444769583977,0.0,4.99796910430839,0.0
0.0,0.0,0.0,0.0,0.0,0.0,0.0,0.0,0.0,0.0,0.0,0.0,0.0,0.0,0.0,0.0,0.0,0.0,0.0,0.0,0.0,0.0,0.0,-5.198,8.278,3.842,767.0,-0.11717685938895568,0.4643156410788878,1.3035428799836948,1.6244907407407407,0.0,346.50095708578124,0.0,0.0,0.0,0.0,0.0,0.0,0.0,0.0,0.0,0.0,7.74390731292517,-2.836281719088408,0.0,7.308308082716863,0.6290581460227843,0.0,4.99796910430839,1.0
0.0,0.0,0.0,0.0,0.0,0.0,0.0,0.0,0.0,0.0,0.0,0.0,0.0,0.0,0.0,0.0,0.0,0.0,0.0,0.0,0.0,1.0,0.0,-4.543,8.934999999999999,4.498,623.0,-0.36912363271499093,0.26319316048949604,1.13309901833281,1.883425925925926,6.606881964512918,234.37913976825803,0.0,0.0,0.0,0.0,0.0,0.0,0.0,0.0,0.0,0.0,4.681111111111111,-2.0830743783246697,0.0,6.85123700579725,1.3378072253941267,0.0,4.708888888888889,0.0
0.0,0.0,0.0,0.0,0.0,0.0,0.0,0.0,0.0,0.0,0.0,0.0,0.0,0.0,0.0,0.0,0.0,0.0,0.0,0.0,0.0,1.0,0.0,-4.998,8.172999999999998,3.065,623.0,-0.5727822486819187,0.24146339652571475,1.1580448311498064,1.883425925925926,11.40141914858474,187.12097922370867,0.0,0.0,0.0,0.0,0.0,0.0,0.0,0.0,0.0,0.0,4.681111111111111,-2.0812700664712858,0.0,6.85123700579725,1.3378072382010593,0.0,4.708888888888889,0.0
0.0,0.0,0.0,0.0,0.0,0.0,0.0,0.0,0.0,0.0,0.0,0.0,0.0,0.0,0.0,0.0,0.0,0.0,0.0,0.0,0.0,1.0,0.0,-4.917,8.486,5.019,623.0,-0.5837444646977813,0.2341529375956057,1.2541996736358259,1.883425925925926,13.027703587438928,265.786859916866,0.0,0.0,0.0,0.0,0.0,0.0,0.0,0.0,0.0,0.0,4.681111111111111,-2.086247491074126,0.0,6.622287043518209,1.3378069357169868,0.0,4.792222222222222,0.0
0.0,0.0,0.0,0.0,0.0,0.0,0.0,0.0,0.0,0.0,0.0,0.0,0.0,0.0,0.0,0.0,0.0,0.0,0.0,0.0,0.0,1.0,0.0,-4.08,10.927,3.589,623.0,-0.5487485493091487,0.21804350379780257,1.1634925298893486,1.883425925925926,6.4208216229260096,511.564401180015,0.0,0.0,0.0,0.0,0.0,0.0,0.0,0.0,0.0,0.0,4.681111111111111,-2.081270066471286,0.0,6.851237005797248,1.33753814649146,0.0,4.708888888888889,0.0
0.0,0.0,0.0,0.0,0.0,0.0,0.0,0.0,0.0,0.0,0.0,0.0,0.0,0.0,0.0,0.0,0.0,0.0,0.0,0.0,0.0,0.0,0.0,-4.66,9.467,2.882,623.0,-0.6035383037455717,0.15834448508577326,1.2819319340546227,1.883425925925926,17.82224077151075,423.32368418797864,0.0,0.0,0.0,0.0,0.0,0.0,0.0,0.0,0.0,0.0,4.681111111111111,-2.1252293000584492,0.0,6.622287043518178,1.3371944137307354,0.0,4.99796910430839,0.0
1.0,0.0,0.0,0.0,0.0,0.0,0.0,0.0,0.0,0.0,0.0,0.0,0.0,0.0,0.0,0.0,0.0,0.0,0.0,0.0,0.0,0.0,0.0,-3.784,8.330000000000002,15.268,605.0,-0.07674204541450153,0.08905907831247054,0.5460783489284972,2.3661763038548753,19.386399651764595,320.26340716072264,0.0,0.0,0.0,0.0,0.0,0.0,0.0,0.0,0.0,0.0,0.0,-2.868023916921582,0.0,7.340292310127907,1.13395026969107,0.0,4.99796910430839,0.0
1.0,0.0,0.0,0.0,0.0,0.0,0.0,0.0,0.0,0.0,0.0,0.0,0.0,0.0,0.0,0.0,0.0,0.0,0.0,0.0,2.0,0.0,0.0,-3.922,7.998999999999999,5.571,605.0,-0.3258482732807296,0.018242174913535875,0.7094729772032294,1.883425925925926,11.83581209232279,284.72287131665325,0.0,0.0,0.0,0.0,0.0,0.0,0.0,0.0,0.0,0.0,0.0,-3.1112835648578034,0.0,9.45691137667338,1.1324669844660251,0.0,4.99796910430839,0.0
1.0,0.0,0.0,0.0,0.0,0.0,0.0,0.0,0.0,0.0,0.0,0.0,0.0,0.0,0.0,0.0,0.0,0.0,0.0,0.0,1.0,0.0,0.0,-4.054,8.028,4.595,605.0,-0.16055067846431273,0.14236336327099228,0.5851983762953976,1.883425925925926,11.339293589984397,269.0136301668804,0.0,0.0,0.0,0.0,0.0,0.0,0.0,0.0,0.0,0.0,0.0,-2.3894925431979,0.0,7.340292310127906,1.1344070845518661,0.0,4.99796910430839,0.0
1.0,0.0,0.0,0.0,0.0,0.0,0.0,0.0,0.0,0.0,0.0,0.0,0.0,0.0,0.0,0.0,0.0,0.0,0.0,0.0,1.0,0.0,0.0,-4.064,7.996,6.498,605.0,0.01611297131873637,0.16627446540382457,0.5811662531671996,1.883425925925926,6.544756405912575,261.40005098918914,0.0,0.0,0.0,0.0,0.0,0.0,0.0,0.0,0.0,0.0,0.0,-2.3897704262348327,0.0,7.340292310127907,1.1344070820793992,0.0,4.99796910430839,0.0
1.0,0.0,0.0,1.0,0.0,0.0,0.0,0.0,0.0,0.0,0.0,0.0,0.0,0.0,0.0,0.0,0.0,0.0,0.0,0.0,0.0,0.0,0.0,-3.278,11.048,4.982,507.0,-0.42939122903935556,0.03904379319581416,0.8683366178547721,2.1627154195011338,0.0,234.8451735835356,0.0,0.0,0.0,0.0,0.0,0.0,0.0,0.0,0.0,0.0,5.082314814814815,-2.878720795924793,0.0,-2.4889841145597926,1.2354575383030495,0.0,5.113564814814815,0.0
1.0,0.0,0.0,1.0,0.0,0.0,0.0,0.0,0.0,0.0,0.0,0.0,0.0,0.0,0.0,0.0,0.0,0.0,0.0,0.0,1.0,0.0,0.0,-5.811,6.135999999999999,12.922,507.0,-0.2248141973270212,0.13520926225410906,0.8071243759139135,1.883425925925926,6.544756405912575,187.33069530869136,0.0,0.0,0.0,0.0,0.0,0.0,0.0,0.0,0.0,0.0,5.082314814814815,-2.3582278611951084,0.0,-3.245190397393491,1.2418863291197666,0.0,5.144814814814815,0.0
1.0,0.0,0.0,1.0,0.0,0.0,0.0,0.0,0.0,0.0,0.0,0.0,0.0,0.0,0.0,0.0,0.0,0.0,0.0,0.0,1.0,0.0,0.0,-3.629,10.531,7.958,507.0,-0.3658591003603649,0.10552570114228683,0.7749849365171427,1.883425925925926,11.339293589984397,173.78873562815625,0.0,0.0,0.0,0.0,0.0,0.0,0.0,0.0,0.0,0.0,5.082314814814815,-2.357889277430309,0.0,-3.2451903973934915,1.2418863594529521,0.0,5.144814814814815,0.0
1.0,0.0,0.0,1.0,0.0,0.0,0.0,0.0,0.0,0.0,0.0,0.0,0.0,0.0,0.0,0.0,0.0,0.0,0.0,0.0,1.0,0.0,0.0,-3.726,10.226,9.742,507.0,-0.7588198527884756,-0.0021211685747216285,1.1235229992520812,1.883425925925926,6.4208216229260096,182.34231615441058,0.0,0.0,0.0,0.0,0.0,0.0,0.0,0.0,0.0,0.0,5.082314814814815,-2.3795444064565388,0.0,-1.7327778317260956,1.2393538924120604,0.0,4.99796910430839,0.0
1.0,0.0,0.0,0.0,0.0,0.0,0.0,1.0,0.0,0.0,0.0,0.0,0.0,0.0,0.0,0.0,0.0,0.0,0.0,0.0,1.0,0.0,0.0,-5.533,6.807999999999999,8.831,575.0,-0.0046100783985716254,0.15282503153148486,0.81612107615145,1.883425925925926,18.174574966071184,269.4752095693734,0.0,0.0,0.0,0.0,0.0,0.0,0.0,0.0,0.0,0.0,0.0,-2.2593999773339952,0.0,-4.833667447140345,1.2546871256897993,0.0,4.99796910430839,0.0
1.0,0.0,0.0,0.0,0.0,0.0,0.0,1.0,0.0,0.0,0.0,0.0,0.0,0.0,0.0,0.0,0.0,0.0,0.0,0.0,0.0,0.0,0.0,-4.48,8.594,2.979,575.0,-0.42327803534326963,0.14043115343986676,1.051007960058499,1.6779629629629629,18.050640183084614,218.6859626888721,0.0,0.0,0.0,0.0,0.0,0.0,0.0,0.0,0.0,0.0,0.0,-2.8412893005191426,0.0,-3.5382854351634676,1.230960542024532,0.0,4.99796910430839,0.0
1.0,0.0,0.0,0.0,0.0,0.0,0.0,1.0,0.0,0.0,0.0,0.0,0.0,0.0,0.0,0.0,0.0,0.0,0.0,0.0,1.0,0.0,0.0,-5.277,7.159,11.485,575.0,0.12106201071783847,0.18207753442212068,0.7837329302136741,1.883425925925926,18.174574966071184,220.65601823903808,0.0,0.0,0.0,0.0,0.0,0.0,0.0,0.0,0.0,0.0,0.0,-2.255487597566159,0.0,-3.499615072547459,1.2548786305354662,0.0,4.99796910430839,0.0
1.0,0.0,0.0,0.0,0.0,0.0,0.0,1.0,0.0,0.0,0.0,0.0,0.0,0.0,0.0,0.0,0.0,0.0,0.0,0.0,1.0,0.0,0.0,-5.234,7.0280000000000005,9.612,575.0,-0.12709233599071137,0.12288885944650832,0.8320431282524704,1.883425925925926,22.969112150143005,220.99115044500468,0.0,0.0,0.0,0.0,0.0,0.0,0.0,0.0,0.0,0.0,0.0,-2.255487597566153,0.0,-4.833667447140347,1.2547939737197897,0.0,4.99796910430839,0.0
1.0,0.0,0.0,0.0,0.0,0.0,0.0,0.0,0.0,0.0,0.0,0.0,0.0,0.0,0.0,2.0,0.0,0.0,0.0,0.0,0.0,0.0,0.0,-6.259,7.855,3.844,557.0,-0.39945088795888706,0.1823014802025844,1.0827660394648073,1.883425925925926,16.377604970149694,237.48013179052828,0.0,0.0,0.0,1.0,0.0,0.0,1.0,0.0,0.0,0.0,0.0,-1.9959776462503438,0.0,4.564468272386753,1.4518007420778,0.0,4.99796910430839,0.0
1.0,0.0,0.0,0.0,0.0,0.0,0.0,0.0,0.0,0.0,0.0,0.0,0.0,0.0,0.0,2.0,0.0,0.0,0.0,0.0,0.0,0.0,0.0,-6.269,7.664999999999999,5.017,557.0,-0.2609210285654541,0.2281929975405776,1.0348331636303334,1.883425925925926,11.583067786077873,232.08610472626924,0.0,0.0,0.0,1.0,0.0,0.0,1.0,0.0,0.0,0.0,0.0,-2.012262874053338,0.0,4.564468272386765,1.451785972084188,0.0,4.99796910430839,0.0
1.0,0.0,0.0,0.0,0.0,0.0,0.0,0.0,0.0,0.0,0.0,0.0,0.0,0.0,0.0,2.0,0.0,0.0,0.0,0.0,1.0,0.0,0.0,-6.387,8.367,2.851,557.0,-0.5080839517460752,0.10730752198797316,1.3177868983738503,1.883425925925926,0.0,231.80097910025484,0.0,0.0,0.0,1.0,0.0,0.0,1.0,0.0,0.0,0.0,0.0,-2.171416100899229,1.0,8.631536933474015,1.4346064526104858,0.0,4.99796910430839,0.0
1.0,0.0,0.0,0.0,0.0,0.0,0.0,0.0,0.0,0.0,0.0,0.0,0.0,0.0,0.0,2.0,0.0,0.0,0.0,0.0,1.0,0.0,0.0,-6.267,8.215,8.32,557.0,-0.27410134293995114,0.09165108058095815,1.0559492196473823,1.883425925925926,0.0,229.03393671056506,0.0,0.0,0.0,1.0,0.0,0.0,1.0,0.0,0.0,0.0,0.0,-2.074584146165286,1.0,5.479624439766966,1.4407466163721425,0.0,4.99796910430839,0.0
1.0,0.0,0.0,0.0,0.0,0.0,0.0,0.0,0.0,0.0,0.0,0.0,0.0,0.0,0.0,0.0,0.0,0.0,0.0,0.0,0.0,0.0,0.0,-4.441,9.253,3.335,581.0,-0.31442855952923066,0.0995608944781018,1.077245931494661,1.883425925925926,13.08951281182515,254.0148450011618,0.0,0.0,0.0,0.0,0.0,0.0,0.0,0.0,0.0,0.0,5.159113362937768,-2.4776216987773485,0.0,1.2868635570705695,1.191905031644729,0.0,5.186891140715545,0.0
1.0,0.0,0.0,0.0,0.0,0.0,0.0,0.0,0.0,0.0,0.0,0.0,0.0,0.0,0.0,0.0,0.0,0.0,0.0,0.0,0.0,0.0,0.0,-4.441,9.253,3.335,581.0,-0.23262654188080062,0.13747746060363214,0.9840068319384568,1.883425925925926,25.93115605767717,245.16769069283896,0.0,0.0,0.0,0.0,0.0,0.0,0.0,0.0,0.0,0.0,5.159113362937768,-2.475320913522128,0.0,0.21822182055631287,1.1914522895411666,0.0,5.171459041950113,0.0
1.0,0.0,0.0,0.0,0.0,0.0,0.0,0.0,0.0,0.0,0.0,0.0,0.0,0.0,0.0,0.0,0.0,0.0,0.0,0.0,0.0,0.0,0.0,-5.704,7.428999999999999,11.678,581.0,-0.28252301658486817,-0.005650564616749218,1.0124953203052973,1.883425925925926,5.917906046161393,267.6264463655393,0.0,0.0,0.0,0.0,0.0,0.0,0.0,0.0,0.0,0.0,5.159113362937768,-2.4827350254341054,0.0,-0.2597267434371262,1.1919799025825426,0.0,4.99796910430839,0.0
1.0,0.0,0.0,0.0,0.0,0.0,0.0,0.0,0.0,0.0,0.0,0.0,0.0,0.0,0.0,0.0,0.0,0.0,0.0,0.0,1.0,0.0,0.0,-4.451,9.674,3.369,581.0,-0.3676180439296158,0.04447244695049734,1.1493889007393907,1.883425925925926,0.0,324.3227384447746,0.0,0.0,0.0,0.0,0.0,0.0,0.0,0.0,0.0,0.0,5.159113362937768,-3.170430705245561,0.0,1.652067512536628,1.1888418802593783,0.0,5.1799466962711005,0.0
1.0,0.0,0.0,0.0,0.0,0.0,0.0,0.0,0.0,0.0,0.0,0.0,0.0,0.0,0.0,0.0,0.0,0.0,0.0,0.0,1.0,0.0,0.0,-6.481,6.447000000000001,16.512,585.0,-0.2383343187117606,0.14323060842308444,1.383450638571517,1.883425925925926,0.0,203.10288480461918,0.0,0.0,0.0,0.0,0.0,0.0,0.0,0.0,0.0,0.0,0.0,-2.377276579991492,0.0,1.358347406334877,1.2239439930548883,0.0,4.99796910430839,0.0
1.0,0.0,0.0,0.0,0.0,0.0,0.0,0.0,0.0,0.0,0.0,0.0,0.0,0.0,0.0,0.0,0.0,0.0,0.0,0.0,2.0,0.0,0.0,-5.597,7.95,9.204,585.0,-0.22882709166802392,0.08604116665738872,1.3990974249138726,1.883425925925926,12.841643245852019,302.0094676089959,0.0,0.0,0.0,0.0,0.0,0.0,0.0,0.0,0.0,0.0,0.0,-2.3794227771302525,1.0,1.358347406334877,1.2240511932469735,0.0,4.99796910430839,0.0
1.0,0.0,0.0,0.0,0.0,0.0,0.0,0.0,0.0,0.0,0.0,0.0,0.0,0.0,0.0,0.0,0.0,0.0,0.0,0.0,1.0,0.0,0.0,-5.937,8.291,1.904,585.0,-0.2627699585788418,0.15943113497418174,1.412770375818248,1.883425925925926,12.841643245852019,174.31600749764834,0.0,0.0,0.0,0.0,0.0,0.0,0.0,0.0,0.0,0.0,0.0,-2.378651342524085,0.0,2.1922728826992937,1.223902761757818,0.0,4.99796910430839,0.0
1.0,0.0,0.0,0.0,0.0,0.0,0.0,0.0,0.0,0.0,0.0,0.0,0.0,0.0,0.0,0.0,0.0,0.0,0.0,0.0,0.0,0.0,0.0,-6.052,7.85,7.825,585.0,-0.25932904493574244,0.19548827681099729,1.487874708459113,1.365185185185185,12.841643245852019,302.8680581040704,0.0,0.0,0.0,0.0,0.0,0.0,0.0,0.0,0.0,0.0,0.0,-2.9293846627281486,0.0,2.6673244894363726,1.2228975998039107,0.0,4.99796910430839,1.0
1.0,0.0,0.0,0.0,0.0,0.0,0.0,0.0,0.0,0.0,0.0,0.0,0.0,0.0,0.0,0.0,0.0,0.0,0.0,0.0,2.0,0.0,0.0,-6.095,7.35,9.044,585.0,0.08228650813762371,-0.0030999051532131353,1.213556563956875,1.883425925925926,12.841643245852019,154.88684776547007,0.0,0.0,0.0,0.0,0.0,0.0,0.0,0.0,0.0,0.0,0.0,-2.408621783607084,1.0,1.369563643267286,1.2240511608024518,0.0,4.99796910430839,0.0
0.0,0.0,0.0,0.0,0.0,0.0,0.0,0.0,0.0,0.0,0.0,0.0,0.0,0.0,0.0,1.0,0.0,0.0,0.0,0.0,0.0,0.0,0.0,-3.619,10.373,6.836,453.0,0.1830549336964685,0.053882918162771055,0.8497826855454461,2.294861111111111,12.841643245852019,259.4587964627965,0.0,0.0,0.0,0.0,0.0,0.0,0.0,0.0,0.0,0.0,0.0,-2.8190375678154824,0.0,0.049273824011078354,1.1406236201865818,0.0,4.99796910430839,0.0
0.0,0.0,0.0,0.0,0.0,0.0,0.0,0.0,0.0,0.0,0.0,0.0,0.0,0.0,0.0,1.0,0.0,0.0,0.0,0.0,1.0,0.0,0.0,-5.597,7.095999999999999,3.619,453.0,0.07232136296084353,0.0537551491617374,0.9680272396718682,1.883425925925926,6.544756405912575,274.5723950330106,0.0,0.0,0.0,0.0,0.0,0.0,0.0,0.0,0.0,0.0,0.0,-2.357686636544926,0.0,4.052039409687594,1.141202627185095,0.0,4.99796910430839,0.0
0.0,0.0,0.0,0.0,0.0,0.0,0.0,0.0,0.0,0.0,0.0,0.0,0.0,0.0,0.0,0.0,0.0,0.0,0.0,0.0,0.0,1.0,0.0,-4.665,9.183,13.4,557.0,0.3142764868646091,0.1460628640974431,0.7240237971666988,1.883425925925926,12.338727669087403,246.178346901753,0.0,0.0,0.0,0.0,0.0,0.0,0.0,0.0,0.0,0.0,4.9776851851851855,-2.2294263975081505,0.0,6.281318848616088,1.1497342749364698,0.0,5.005462962962963,0.0
0.0,0.0,0.0,0.0,0.0,0.0,0.0,0.0,0.0,0.0,0.0,0.0,0.0,0.0,0.0,0.0,0.0,0.0,0.0,0.0,0.0,1.0,0.0,-4.665,9.183,13.401,557.0,0.3902355298686412,0.1466570200831362,0.8179432995414246,1.883425925925926,5.917906046161393,251.30848358074024,0.0,0.0,0.0,0.0,0.0,0.0,0.0,0.0,0.0,0.0,4.9776851851851855,-2.2294263975081536,0.0,10.335208738023063,1.1495987842174664,0.0,5.017685185185186,0.0
0.0,0.0,0.0,0.0,0.0,0.0,0.0,0.0,0.0,0.0,0.0,0.0,0.0,0.0,0.0,0.0,0.0,0.0,0.0,0.0,0.0,0.0,0.0,-5.806,7.854,8.988,557.0,0.31999707991392645,0.08001079093775772,0.7955485254915161,1.883425925925926,29.658052863833536,275.12799924109436,0.0,0.0,0.0,0.0,0.0,0.0,0.0,0.0,0.0,0.0,4.9776851851851855,-2.22944267423771,0.0,8.655218342264229,1.149492894589777,0.0,4.99796910430839,0.0
0.0,0.0,0.0,0.0,0.0,0.0,0.0,0.0,0.0,0.0,0.0,0.0,0.0,0.0,0.0,0.0,0.0,0.0,0.0,0.0,0.0,1.0,0.0,-5.628,8.203,8.659,557.0,0.2699603436687217,0.1543921124423316,0.7878615404033222,1.883425925925926,24.863515679761715,290.64625063408823,0.0,0.0,0.0,0.0,0.0,0.0,0.0,0.0,0.0,0.0,4.9776851851851855,-2.229717148757712,0.0,6.898532756304228,1.149780253720533,0.0,5.088796296296296,0.0
1.0,0.0,0.0,0.0,0.0,0.0,1.0,0.0,0.0,0.0,0.0,0.0,0.0,0.0,0.0,0.0,0.0,0.0,0.0,0.0,3.0,0.0,0.0,-5.029,7.741,6.323,539.0,0.44915316260359883,0.3474098275937356,0.7504892341719528,1.883425925925926,6.544756405912575,261.6393850267235,0.0,0.0,0.0,0.0,0.0,0.0,0.0,0.0,0.0,0.0,0.0,-2.5686494599436487,0.0,2.11574982596724,1.1600811990674922,0.0,4.99796910430839,0.0
1.0,0.0,0.0,0.0,0.0,0.0,1.0,0.0,0.0,0.0,0.0,0.0,0.0,0.0,0.0,0.0,0.0,0.0,0.0,0.0,2.0,0.0,0.0,-4.029,10.194,9.748,539.0,0.03445636124700037,0.26934201853147394,0.9241819063325686,2.0641666666666665,0.0,257.8404260465073,0.0,0.0,0.0,0.0,0.0,0.0,0.0,0.0,0.0,0.0,0.0,-2.919488893381466,0.0,4.912250058635242,1.1578751560710214,0.0,4.99796910430839,0.0
1.0,0.0,0.0,0.0,0.0,0.0,1.0,0.0,0.0,0.0,0.0,0.0,0.0,0.0,0.0,0.0,0.0,0.0,0.0,0.0,2.0,0.0,0.0,-5.066,8.219000000000001,4.023,539.0,-0.21078576118446402,0.4276966470996603,1.0945643010296673,1.5153703703703703,6.4208216229260096,322.2728111103691,0.0,0.0,0.0,0.0,0.0,0.0,0.0,0.0,0.0,0.0,0.0,-2.9906117169236337,0.0,3.7393200217916847,1.1426066863828273,0.0,4.99796910430839,1.0
1.0,0.0,0.0,0.0,0.0,0.0,1.0,0.0,0.0,0.0,0.0,0.0,0.0,0.0,0.0,0.0,0.0,0.0,0.0,0.0,3.0,0.0,0.0,-5.413,7.565999999999999,2.41,539.0,0.15170257764859324,0.2751736729540925,0.8547035150309829,1.883425925925926,6.544756405912575,273.68467172466217,0.0,0.0,0.0,0.0,0.0,0.0,0.0,0.0,0.0,0.0,0.0,-2.5690508940840733,0.0,5.547015563169466,1.1599554158590266,0.0,4.99796910430839,0.0
1.0,0.0,0.0,0.0,0.0,0.0,1.0,0.0,0.0,0.0,0.0,0.0,0.0,0.0,0.0,0.0,0.0,0.0,0.0,0.0,2.0,0.0,0.0,-4.727,8.347,1.363,539.0,0.09096735628186868,0.46907012613499144,0.8146008680822653,1.159722222222222,6.544756405912575,274.1766169282477,0.0,0.0,0.0,0.0,0.0,0.0,0.0,0.0,0.0,0.0,0.0,-2.8961641475470197,0.0,4.901204115330576,1.159417278295326,0.0,4.99796910430839,2.0
1.0,0.0,0.0,0.0,0.0,0.0,0.0,0.0,0.0,0.0,0.0,0.0,0.0,0.0,0.0,0.0,0.0,0.0,0.0,0.0,1.0,0.0,1.0,-5.679,9.022,2.976,541.0,0.012247895100624993,0.33786428814034364,0.6607127124017493,1.4960185185185186,0.0,208.10477208951465,0.0,0.0,0.0,0.0,0.0,0.0,0.0,0.0,0.0,0.0,0.0,-2.9481338118019056,0.0,2.861308548635632,1.2295787477686353,0.0,4.600121882086167,1.0
1.0,0.0,0.0,0.0,0.0,0.0,0.0,0.0,0.0,0.0,0.0,0.0,0.0,0.0,0.0,0.0,0.0,0.0,0.0,0.0,2.0,0.0,2.0,-5.745,8.201,7.435,541.0,-0.05234453238630819,0.28128493288255985,0.6384223049571338,1.883425925925926,5.589099391225256,215.7262996910191,0.0,0.0,0.0,0.0,0.0,0.0,0.0,0.0,0.0,0.0,0.0,-2.4716086257487966,0.0,2.995485726414387,1.2299365943134477,0.0,4.655677437641724,0.0
1.0,0.0,0.0,0.0,0.0,0.0,0.0,0.0,0.0,0.0,0.0,0.0,0.0,0.0,0.0,0.0,0.0,0.0,0.0,0.0,3.0,0.0,0.0,-5.725,9.365,2.834,541.0,-0.15336824759049605,0.06421161494639022,0.8416987113301264,1.883425925925926,18.430742637077273,206.36307702990712,0.0,0.0,0.0,0.0,0.0,0.0,0.0,0.0,0.0,0.0,0.0,-3.24448717901716,0.0,3.8067836493694096,1.1860656163876322,0.0,4.581603363567649,0.0
1.0,0.0,0.0,0.0,0.0,0.0,0.0,0.0,0.0,0.0,0.0,0.0,0.0,0.0,0.0,0.0,0.0,0.0,0.0,0.0,1.0,0.0,1.0,-5.702,8.724,4.179,541.0,-0.13528898406818568,0.0930367030588634,0.8335421570009233,1.4844444444444442,0.0,220.8684441341651,0.0,0.0,0.0,0.0,0.0,0.0,0.0,0.0,0.0,0.0,0.0,-2.9159406226103135,0.0,2.8613085486356318,1.2296128343141286,0.0,4.669566326530612,0.0
1.0,0.0,0.0,0.0,0.0,0.0,0.0,0.0,0.0,0.0,0.0,0.0,0.0,0.0,0.0,0.0,0.0,0.0,0.0,0.0,2.0,0.0,2.0,-5.872,8.234,5.656,541.0,0.12610338104427152,0.14831880161783795,0.5649305284956913,1.883425925925926,0.0,211.22198107001657,0.0,0.0,0.0,0.0,0.0,0.0,0.0,0.0,0.0,0.0,0.0,-2.4720886049656574,0.0,2.0500106256806454,1.2299363841796809,0.0,4.99796910430839,0.0
1.0,0.0,0.0,0.0,0.0,0.0,0.0,0.0,0.0,0.0,0.0,0.0,0.0,0.0,0.0,0.0,0.0,0.0,0.0,0.0,1.0,0.0,0.0,-5.491,9.393,4.276,401.0,0.16538265557291457,0.14379538884132617,1.001522699986138,1.883425925925926,0.0,148.22182606209583,0.0,0.0,0.0,0.0,0.0,0.0,0.0,0.0,0.0,0.0,5.226898148148148,-2.3562935015365514,0.0,2.9518318166458895,1.1674137689659103,0.0,5.266898148148148,0.0
1.0,0.0,0.0,0.0,0.0,0.0,0.0,0.0,0.0,0.0,0.0,0.0,0.0,0.0,0.0,0.0,0.0,0.0,0.0,0.0,0.0,0.0,0.0,-5.102,10.053,4.536,401.0,-0.1298179702163648,0.20373196091416532,1.2601373510126708,1.8460648148148149,6.4208216229260096,152.27633783785836,0.0,0.0,0.0,0.0,0.0,0.0,0.0,0.0,0.0,0.0,5.226898148148148,-2.923944041289997,0.0,1.7839822549527957,1.1621275359570322,0.0,5.258148148148148,1.0
1.0,0.0,0.0,0.0,0.0,0.0,0.0,0.0,0.0,0.0,0.0,0.0,0.0,0.0,0.0,0.0,0.0,0.0,0.0,0.0,1.0,0.0,0.0,-6.233,8.237000000000002,7.856,401.0,-0.06888433088635662,0.08990974200951654,1.1251347919142844,1.883425925925926,0.0,150.00530270031825,0.0,0.0,0.0,0.0,0.0,0.0,0.0,0.0,0.0,0.0,5.226898148148148,-2.353608828181642,0.0,3.567964509905608,1.167444718760576,0.0,4.99796910430839,0.0
0.0,0.0,0.0,0.0,0.0,0.0,0.0,0.0,0.0,0.0,0.0,0.0,0.0,0.0,0.0,0.0,0.0,0.0,0.0,0.0,0.0,0.0,0.0,-5.32,8.469999999999999,2.898,665.0,-0.12256300918754673,0.5699200158046234,1.040467421150746,1.6979166666666665,11.316305098443785,253.2221545588127,0.0,0.0,0.0,0.0,0.0,0.0,0.0,0.0,0.0,0.0,0.0,-2.815197897151852,0.0,6.486729888194227,0.6268289495849793,0.0,4.99796910430839,1.0
0.0,0.0,0.0,0.0,0.0,0.0,0.0,0.0,0.0,0.0,0.0,0.0,0.0,0.0,0.0,0.0,0.0,0.0,0.0,0.0,1.0,0.0,0.0,-5.54,7.803999999999999,2.751,665.0,0.054381987159907746,0.36689794340366233,0.8022310484582016,1.883425925925926,17.514738556137903,236.26537034128103,0.0,0.0,0.0,0.0,0.0,0.0,0.0,0.0,0.0,0.0,0.0,-2.133783471678283,0.0,2.683657456287334,0.6268522260713231,0.0,4.99796910430839,0.0
0.0,0.0,0.0,0.0,0.0,0.0,0.0,0.0,0.0,0.0,0.0,0.0,0.0,0.0,0.0,0.0,0.0,0.0,0.0,0.0,1.0,0.0,0.0,-6.233,7.054000000000001,3.898,665.0,-0.09927673607669533,0.4113641617849005,1.0104651927755604,1.883425925925926,5.563451491696996,234.61812236491028,1.0,0.0,0.0,0.0,0.0,0.0,0.0,0.0,0.0,0.0,0.0,-2.183444734407658,0.0,1.4634101361045628,0.5785510505223137,0.0,4.99796910430839,0.0
1.0,0.0,0.0,0.0,0.0,0.0,0.0,0.0,0.0,0.0,0.0,0.0,0.0,0.0,0.0,0.0,0.0,0.0,0.0,0.0,0.0,0.0,0.0,-3.546,10.816,5.072,455.0,-0.4094918838474144,0.072904657693078,1.2863321016053362,2.3510185185185186,5.917906046161393,214.29137838712177,0.0,0.0,0.0,0.0,1.0,0.0,0.0,0.0,0.0,0.0,0.0,-2.912741474712287,0.0,3.6135435421691633,1.1621302497792798,0.0,4.99796910430839,0.0
1.0,0.0,0.0,0.0,0.0,0.0,0.0,0.0,0.0,0.0,0.0,0.0,0.0,0.0,0.0,0.0,0.0,0.0,0.0,0.0,1.0,0.0,0.0,-3.514,10.661,4.903,455.0,-0.3003086865852494,0.1621126096102684,0.7957203184601898,1.883425925925926,6.041840829147961,191.19449334279852,0.0,0.0,0.0,0.0,1.0,0.0,0.0,0.0,0.0,0.0,0.0,-2.3485748869741254,0.0,1.2144432565060814,1.1700114638162784,0.0,4.99796910430839,0.0
1.0,0.0,0.0,0.0,0.0,0.0,0.0,0.0,0.0,0.0,0.0,0.0,0.0,1.0,0.0,0.0,0.0,0.0,0.0,0.0,1.0,0.0,0.0,-4.628,9.108,1.626,565.0,-0.5549271533609244,-0.0022385651170836436,1.3458294716466315,1.883425925925926,6.196843571613076,265.47794687876603,0.0,1.0,0.0,0.0,0.0,0.0,0.0,0.0,0.0,0.0,5.064245323129252,-2.146406581940034,0.0,1.35896675451723,1.3877685892490044,0.0,4.99796910430839,0.0
1.0,0.0,0.0,0.0,0.0,0.0,0.0,0.0,0.0,0.0,0.0,0.0,0.0,1.0,0.0,0.0,0.0,0.0,0.0,0.0,0.0,0.0,0.0,-4.33,9.651,1.623,565.0,-0.4608106886465214,0.14298257055922273,1.2872871272648747,2.011284013605442,12.263210640074686,260.2280275265805,0.0,1.0,0.0,0.0,0.0,0.0,0.0,0.0,0.0,0.0,5.064245323129252,-2.7907914821139865,0.0,0.2282000762124392,1.3472876453369467,0.0,5.095495323129252,0.0
1.0,0.0,0.0,0.0,0.0,0.0,0.0,0.0,0.0,0.0,0.0,0.0,0.0,1.0,0.0,0.0,0.0,0.0,0.0,0.0,1.0,0.0,0.0,-5.08,7.093999999999999,9.621,565.0,-0.454723969826017,0.14208981535348164,1.0603687489470215,1.883425925925926,12.741599977525652,223.16926337421137,0.0,1.0,0.0,0.0,0.0,0.0,0.0,0.0,0.0,0.0,5.064245323129252,-2.1128601426812765,0.0,0.42513393065987304,1.3916069148549748,0.0,5.126745323129252,0.0
1.0,0.0,0.0,0.0,0.0,0.0,0.0,0.0,0.0,0.0,0.0,0.0,0.0,1.0,0.0,0.0,0.0,0.0,0.0,0.0,2.0,0.0,0.0,-4.868,8.202,6.846,565.0,-0.22188584046727375,0.08697391397418523,1.0689869846001832,1.883425925925926,6.06636706846161,255.80781743242483,0.0,1.0,0.0,0.0,0.0,0.0,0.0,0.0,0.0,0.0,5.064245323129252,-2.1654542450209946,1.0,1.8258831664459092,1.391810119444325,0.0,5.07813421201814,0.0
1.0,0.0,0.0,0.0,0.0,0.0,0.0,0.0,0.0,0.0,0.0,0.0,0.0,0.0,0.0,0.0,0.0,0.0,0.0,1.0,1.0,0.0,0.0,-3.561,11.064,4.66,407.0,-0.6377905084330113,0.09712047846762811,1.3342010094974501,1.883425925925926,6.4208216229260096,167.42249914206315,0.0,0.0,0.0,0.0,0.0,1.0,0.0,0.0,0.0,0.0,0.0,-2.476398513212583,0.0,2.176518869643455,1.1554477919102237,0.0,4.99796910430839,0.0
1.0,0.0,0.0,0.0,0.0,0.0,0.0,0.0,0.0,0.0,0.0,0.0,0.0,0.0,0.0,0.0,0.0,0.0,0.0,1.0,0.0,0.0,0.0,-3.6,11.004,4.665,407.0,-0.3220054086925248,0.004568680092487495,1.1274386116509856,2.0413888888888887,0.0,173.58291656709702,0.0,0.0,0.0,0.0,0.0,1.0,0.0,0.0,0.0,0.0,0.0,-2.903890955072831,0.0,3.836824062703802,1.1547217625440376,0.0,4.99796910430839,0.0
1.0,0.0,0.0,0.0,0.0,0.0,0.0,0.0,0.0,0.0,0.0,0.0,0.0,0.0,0.0,0.0,0.0,0.0,0.0,1.0,1.0,0.0,0.0,-3.6,11.004,4.665,407.0,-0.4154936598183782,0.09272411453205885,1.0117794376818252,1.883425925925926,6.544756405912575,165.63949420070907,0.0,0.0,0.0,0.0,0.0,1.0,0.0,0.0,0.0,0.0,0.0,-2.4763985132125756,0.0,3.351823978197141,1.1566786270210585,0.0,4.99796910430839,0.0
0.0,0.0,0.0,0.0,0.0,0.0,0.0,0.0,0.0,0.0,0.0,0.0,0.0,0.0,0.0,0.0,0.0,0.0,0.0,0.0,2.0,0.0,0.0,-5.464,7.852,5.641,545.0,0.18301335865152343,0.022057707917778373,0.7887024731191236,1.883425925925926,29.456480691930288,361.1482801776666,0.0,0.0,0.0,0.0,0.0,0.0,0.0,0.0,0.0,0.0,0.0,-1.9718424370687029,2.0,-5.580004762952359,1.4051673842978027,0.0,4.99796910430839,0.0
0.0,0.0,0.0,0.0,0.0,0.0,0.0,0.0,0.0,0.0,0.0,0.0,0.0,0.0,0.0,0.0,0.0,0.0,0.0,0.0,1.0,0.0,0.0,-6.179,7.278,10.794,545.0,0.2444270771100145,0.11268817318084996,0.6722435786687724,1.883425925925926,24.153982206536224,362.9989967569956,0.0,0.0,0.0,0.0,0.0,0.0,0.0,0.0,0.0,0.0,0.0,-1.8526449435565164,1.0,-2.2159279012483024,1.4044156212496022,0.0,4.99796910430839,0.0
0.0,0.0,0.0,0.0,0.0,0.0,0.0,0.0,0.0,0.0,0.0,0.0,0.0,0.0,0.0,0.0,0.0,0.0,0.0,0.0,2.0,0.0,0.0,-5.28,8.41,8.366,545.0,0.12031783214302193,-0.10967609164322784,0.8113686715725981,1.883425925925926,12.393687143226153,346.20453546501653,0.0,0.0,0.0,0.0,0.0,0.0,0.0,0.0,0.0,0.0,0.0,-2.0507946691268075,2.0,-3.652479769512776,1.400375548716851,0.0,4.99796910430839,0.0
1.0,0.0,0.0,0.0,0.0,0.0,0.0,0.0,0.0,0.0,0.0,0.0,0.0,0.0,0.0,0.0,0.0,0.0,0.0,0.0,1.0,0.0,0.0,-5.378,8.647,5.366,369.0,-0.11359681182810252,0.10604610020735876,1.170941465302454,1.883425925925926,12.841643245852019,166.91601415175518,0.0,0.0,0.0,0.0,0.0,1.0,0.0,0.0,0.0,0.0,0.0,-2.447940770581103,0.0,3.780777171617274,1.1494468848000936,0.0,4.99796910430839,0.0
1.0,0.0,0.0,0.0,0.0,0.0,0.0,0.0,0.0,0.0,0.0,0.0,0.0,0.0,0.0,0.0,0.0,0.0,0.0,0.0,0.0,0.0,0.0,-5.187,9.909,4.147,369.0,-0.1980237539244148,-0.08032846215127969,1.0284282041713224,1.0408333333333333,0.0,128.98193115988647,0.0,0.0,0.0,0.0,0.0,1.0,0.0,0.0,0.0,0.0,0.0,-2.854779952004929,0.0,3.0916596752289545,1.149359927481547,0.0,4.99796910430839,0.0
1.0,0.0,0.0,0.0,0.0,0.0,0.0,0.0,0.0,0.0,0.0,0.0,0.0,0.0,0.0,0.0,0.0,0.0,0.0,0.0,1.0,0.0,0.0,-4.751,10.239999999999998,2.889,369.0,0.1653862578937826,0.04558789295108069,0.6749379469492263,1.883425925925926,0.0,130.42109614010297,0.0,0.0,0.0,0.0,0.0,1.0,0.0,0.0,0.0,0.0,0.0,-2.447940770581102,0.0,0.988186326267238,1.150723556020782,0.0,4.99796910430839,0.0
1.0,0.0,0.0,0.0,0.0,0.0,0.0,0.0,0.0,0.0,0.0,0.0,0.0,0.0,0.0,0.0,0.0,0.0,0.0,0.0,1.0,0.0,0.0,-4.815,9.656,5.021,549.0,0.1496119243154192,0.359564174516422,1.0939927977911703,1.883425925925926,5.917906046161393,401.71420688946364,0.0,0.0,0.0,0.0,0.0,0.0,0.0,0.0,0.0,0.0,1.9343518518518519,-2.1482829803526102,1.0,7.347385390876983,1.2160568175176854,0.0,4.99796910430839,0.0
1.0,0.0,0.0,0.0,0.0,0.0,0.0,0.0,0.0,0.0,0.0,0.0,0.0,0.0,0.0,0.0,0.0,0.0,0.0,0.0,1.0,0.0,0.0,-4.906,9.588,0.339,549.0,-0.15110459019297534,0.2635904143099378,1.3751989918228622,1.883425925925926,0.0,396.06320935737693,0.0,0.0,0.0,0.0,0.0,0.0,0.0,0.0,0.0,0.0,1.9343518518518519,-2.2244586773308956,1.0,10.29054556566367,1.215424605305962,0.0,4.99796910430839,0.0
1.0,0.0,0.0,0.0,0.0,0.0,0.0,0.0,0.0,0.0,0.0,0.0,0.0,0.0,0.0,0.0,0.0,0.0,0.0,0.0,0.0,0.0,0.0,-6.275,7.796999999999999,10.357,549.0,0.03783508216311086,0.4288516130968962,1.0020439327541988,1.883425925925926,11.959746875309353,412.79993758334757,0.0,0.0,0.0,0.0,0.0,0.0,0.0,0.0,0.0,0.0,1.9343518518518519,-2.1440245568433407,0.0,8.014492844191233,1.216056371401662,0.0,4.99796910430839,0.0
1.0,0.0,0.0,0.0,0.0,1.0,0.0,0.0,0.0,0.0,0.0,0.0,0.0,0.0,0.0,0.0,0.0,0.0,0.0,0.0,1.0,0.0,0.0,-5.117,6.851,11.371,553.0,-0.24175101873820626,-0.044631687446853655,1.0547305610767888,1.883425925925926,12.841643245852019,257.9100786371632,0.0,0.0,0.0,0.0,0.0,0.0,0.0,0.0,1.0,0.0,10.674136904761905,-2.2689244485903015,0.0,17.613238728472663,1.240587320574072,0.0,4.99796910430839,0.0
1.0,0.0,0.0,0.0,0.0,1.0,0.0,0.0,0.0,0.0,0.0,0.0,0.0,0.0,0.0,0.0,0.0,0.0,0.0,0.0,0.0,0.0,0.0,-3.915,9.079999999999998,4.949,553.0,-0.6161028021329134,0.007921573656913887,1.3426725693945585,2.244861111111111,6.606881964512918,192.99708514188592,0.0,0.0,0.0,0.0,0.0,0.0,0.0,0.0,1.0,0.0,10.674136904761905,-2.8424052206780788,0.0,15.178473129361956,1.2381460187554896,0.0,5.510496504157219,0.0
