maccs_95,morgan_152,morgan_158,morgan_198,morgan_205,morgan_209,morgan_235,morgan_283,morgan_348,morgan_349,morgan_563,morgan_570,morgan_606,morgan_691,morgan_692,morgan_831,morgan_874,morgan_899,morgan_953,neutral_rdkit_fr_HOCCN,protonated_rdkit_fr_NH1,protonated_rdkit_fr_ester,protonated_rdkit_fr_hdrzine,protonated_pm7_LUMO_eV,protonated_pm7_HOMO_LUMO_gap_eV,protonated_pm7_dipole_debye,protonated_mordred_ATS0Z,protonated_mordred_ATSC4c,protonated_mordred_MATS2c,protonated_mordred_GATS4c,protonated_mordred_MINssNH2,protonated_mordred_PEOE_VSA8,protonated_mordred_MOMI-Z,site_is_S,morgan_45,morgan_82,morgan_203,morgan_379,morgan_413,morgan_488,morgan_506,morgan_671,morgan_765,neutral_rdkit_VSA_EState1,protonated_rdkit_BCUT2D_LOGPLOW,protonated_rdkit_fr_Ar_NH,protonated_mordred_ATSC5i,protonated_mordred_BCUTs-1l,protonated_mordred_NddssS,protonated_mordred_MINssO,protonated_rdkit_fr_priamide
0.029979561331781774,0.057754954402533726,-0.01925448780177296,0.014642838716282499,-0.0030381382961532388,-0.012953980101784408,-0.009550900232258127,0.26574512461804,0.011559791967474996,0.009854932361405236,-0.014950405329861841,-0.03868692057001808,0.0776542988397857,-0.03950061116534082,0.002660884545953066,-0.00602136431729354,0.013080793157298726,0.05875045573236086,-0.06292106777685895,0.0016290886967402461,-0.03583098805152752,-0.043330988795360174,-0.05584821184431932,-1.0980206875287541,-2.394855255201425,-0.1544743989187166,0.3224866069435702,0.4148631717455114,0.12744721721465832,0.016818345114830376,0.3001234698825375,0.835150829393042,-0.04338884836408991,0.01862026240885694,-0.0031868245261975053,-0.027099003642366396,-0.002808225067412955,-0.025635305139509453,-0.4210053557064502,-0.0038266498196479954,0.010020795781614016,0.0036523510886749826,0.011107920305975346,0.5059045668430305,-1.6304349050930655,-0.06768330868210122,0.15053065256354337,0.20937688351309314,-0.00601921155777883,0.0622714577731159,0.039137023700648005
0.05441696858994862,0.058427484491909966,-0.015479863708891319,0.012447434611091317,-0.0022773642486363537,-0.005383297181296661,-0.01648455389889216,0.10881427386303069,0.004647625849922688,0.009754582100198899,-0.012058499431263327,-0.03755125014087025,0.05495755909114497,-0.03298850039266672,-0.0009193762626989811,-0.005850165881579199,-0.00997244780892345,0.04773296968858417,-0.03307980433803214,-0.004585345180832777,-0.0432966492948139,-0.02972717568374498,-0.05100515698140387,-0.4098379298301621,-0.9881549503221925,0.0635159348563306,0.4928079822163472,0.3262959059095548,0.19974348741886194,0.3757815694080424,-0.23461575358500006,0.27249782602594663,-0.07636309431011487,0.014322899479881449,-0.003152601189914409,-0.023786504039720335,-0.0034047820059329337,-0.013574456624035324,-0.27944525352967037,-0.003488817708861859,0.006179908626212035,0.0038322895826672435,0.007418162994873313,0.32471626401347775,0.2473985584732827,-0.039252785772479426,0.04106974688673939,0.2669488825019577,-0.004606122427142549,0.08961333761655993,0.05897422599851634
0.006061412568486103,0.03886751668000675,-0.07238887420519906,0.009266522541519015,-0.008821800359288548,-0.006524781253341256,-0.022566547785777574,0.07670038827248146,0.009891069178737055,0.00773418443917729,-0.023618631830028738,-0.023198442511077288,0.05276119254201588,-0.1003766702854533,0.0008864601516633291,-0.01995069914761558,0.00013213372127393315,0.034916965350579185,-0.0718019489256132,-0.008893835387258431,-0.07318691575439036,-0.03720476724811928,-0.11167909278173116,-0.13049319130917317,0.27700087535096235,-0.24156284931942007,-0.037941820016137634,-0.47258237469259445,-1.148935048781339,-0.40400297351780284,0.21728370347917791,-0.2979814632154311,-0.8544882390277975,0.032240360067958815,-0.002568802573761433,-0.10457007139320895,-0.010730091450554442,-0.033958680389423616,-0.9943799870890285,-0.009074835015962002,0.0039317075793650095,0.0009595814650760661,0.009077649972331512,0.08444657193206402,-0.9874908901110038,-0.2250826160308648,-0.47651955173760585,0.10232516887174649,-0.00921357270389662,-0.017341136733874676,0.002033043322436194
-0.07534431927125519,0.0397758833992968,-0.028681862283660348,0.010258855287862169,-0.002965862516471368,-0.00483159827971207,-0.012075024645175373,0.13639138420873556,0.007451702425333648,0.008251070606344897,-0.022047999333736596,-0.07881414412467071,0.06187227598340032,-0.048190896074151876,-0.0031365917954725266,-0.007903334278761939,0.0006779165401124128,0.0500784353904108,-0.04581876243992657,-0.008719474889591978,-0.2439027951546433,-0.03832672717429303,-0.06929992603060071,-1.6307462791918446,1.5930739954331,-0.598514431365622,0.33683805725267785,-0.4660374147819414,-0.6400118739403966,-0.4452299576225719,0.2881796235870978,-0.836270476543301,0.33875726079822843,0.02544146478354118,-0.00591376159327727,-0.032025666612475315,-0.007210520097943718,-0.033631260161170975,-0.3471810880094543,-0.0046819224662209506,0.002300261191888016,0.006216118122570977,0.005615155966134277,0.07622525495145266,0.007572823814646413,-0.13193790200401945,-0.14378110703241645,0.12982500800411972,-0.006606690754009152,0.03396183614959403,0.020068622068310834
-0.05810678527378486,0.03810854402515506,-0.059820962128945505,0.008667133351113496,-0.011819917955127025,-0.008195965682609873,-0.01630432726455361,0.06450886071486418,0.004299031764154398,0.014765609162711952,-0.0300672007208747,-0.023563834936102313,0.06545815099574881,-0.09144963112737182,-0.0014755649465934475,-0.016742513687813765,0.0013440907066881885,0.05167070139047433,-0.07381540783424402,-0.03409075178071138,-0.04351923975052284,-0.021078482357289718,-0.09023864722757415,1.469212897598988,2.408231499037322,-0.006514219564395095,0.24794783157712105,-0.04246106389184008,1.1675235932720502,-0.17918624468309333,0.441991757224209,0.43342458988209853,0.6619911654303098,0.048986620858643304,-0.0031747960630237864,-0.06405683776252613,-0.005345192089046951,-0.02910850079593469,-0.36219104500069554,-0.009943499920615823,0.0029341945323156063,0.0019395037377633294,0.0067253539804926045,0.24403781528434346,-0.18290326398294685,0.44960717280790224,-0.19592669717192532,0.6085700044817633,-0.005523061095158593,0.05058484298811359,0.024708396325314276
-0.0965636848173354,0.03984747983154901,-0.024456503011418267,0.009467462615051197,-0.003190482596005395,-0.008841161517810404,-0.012195161252739844,-0.6250545607810702,-0.16655915594525905,0.0069537198536460685,-0.022216698143111096,-0.09033821649086238,0.07185979214628638,-0.04802045023193155,-0.0006172568876300215,-0.010521826731011407,-0.028659582340640973,0.073940133870444,-0.04947991692969155,-0.001688877015348325,0.08328528837434804,-0.04524404931097673,-0.06294316206588473,-1.6790468736625224,0.2974286676612728,-0.48680432495827264,-9.67508994679331e-05,-0.5068708161248856,0.7758119536599863,-0.30041661131677655,0.34090384027996434,0.2537831674004234,-0.2755232186301306,0.023504503383206365,-0.010405940568643593,-0.027979437775840266,-0.002898268636847662,-0.03126639685355968,0.011080493901607353,-0.0033964453683798194,-0.17424484436596505,0.004521818656375906,-0.04060453683347204,0.19695756486818228,-0.0470241840402862,-0.06226115990925757,0.22165694629371183,0.013365706521870715,-0.004846250631320323,0.04584218513947805,0.01750528287625223
-0.04606088356917341,0.049874359226418224,-0.026060710473924102,0.0025516345272836687,-0.00238109718665383,-0.006794675955205433,-0.015794867448876378,-0.838890136321432,-0.16592232646044297,0.005466982882060701,-0.022078927380076146,-0.06957749759100518,0.07085633155787142,-0.04846975462858535,0.0011061400536972862,-0.00851526494827545,-0.035281600598302966,0.05024699968666849,-0.04480935460646488,-0.005710290290136418,-0.11994852800425362,-0.04694452095134966,-0.06058815288593934,-2.7532501307412907,0.33677335213301013,0.02814385146557056,0.013144600311499513,-0.30294435038661327,-0.026385145695308924,0.34400427961945085,0.44269943444800175,0.40026103266008867,-0.4615239518746164,0.021082397388153415,-0.004283306256643094,-0.03104767894694531,-0.004269264917340619,-0.0328815347860801,0.019958608019160218,-0.002769967880956005,-0.10759027510680406,0.007182439722316813,0.007062413969327792,0.2199595901108782,-0.09700550901823986,-0.06314599421455677,0.014356332422416636,-0.07044952039787658,-0.006834101696292207,0.03909859419189226,0.0384289706626909
0.013811711035772804,0.027319334260599272,-0.08659717334200352,-0.4383588457822422,-0.009561520271599658,-0.004303815618400768,-0.03897248679315773,0.06708923306207873,-0.1636267967720053,0.007531375242221586,-0.02350073748023385,-0.019493895192797827,0.03002838736175677,-0.06560063633596103,0.008242217078059869,-0.025963868712880506,0.0005627411637570197,0.0337227728152576,-0.06946374668402752,-0.03694935774213888,0.12173702757287246,-0.016461481191913346,-0.12800245318826625,2.3923726709935145,1.8056387333890915,0.09738914629210027,-1.7015009888911168,0.10619722430487813,-0.7874761389675032,0.4303011167048135,0.32098153094136866,-0.3081272651356101,0.33217692940475757,0.11850150077537168,-0.00804306190284506,-0.09316781759307219,-0.011498149097070552,-0.02078138633119062,0.016832635447947764,-0.01638297318841955,-0.0014770338005060577,0.0009057545939085142,0.0031144194345777707,0.13954900102801446,-0.35753847127142036,0.1900473723827053,0.1177409147421188,0.430111431225486,-0.007408810690547307,0.0014397866096216418,0.02539903391797201
0.03620359915890129,0.02324592162253751,-0.05855069115516174,-0.40650654350825816,-0.0036994325024749313,-0.005644323751735367,-0.02820923096285115,0.046268335763873104,-0.09926566799099941,0.004177304788206058,-0.03692909018803348,-0.015912262622264434,0.02013714798552886,-0.045880399173838814,0.0010076774361239711,-0.021151470051852857,-0.008299098414420837,0.01572865016773575,-0.05958169808114687,-0.010274436076440414,0.050961521649504196,-0.013463369626216741,-0.09832120678141543,1.3363207758486442,1.665031501600922,-0.1282483190186645,-0.9445083624881977,0.2677351708347703,-1.0363373335375548,0.5889085160090697,-3.3624032410221187,-0.309183214788042,-0.09886321866316121,0.07052440142849478,-0.004985743506474822,-0.066509692267928,-0.005944741940223044,-0.016254966539305717,0.013546148953278787,-0.018074236588658997,-0.0038422418191097004,0.001140688046478963,0.0030526627366760637,0.04068147469359091,-1.8682078916742022,0.17250309173459202,0.03569643639323949,0.08659097753515345,-0.009745036253572315,0.04190748023457806,-0.08715786002148296
0.006946521339884963,0.0225044001854836,-0.15917296204629539,-1.7403605991859095,-0.004913754071832675,-0.00427045223065878,-0.037565847443438584,0.04890461903740996,-0.46809943097858564,0.010322502130232612,-0.041620189351482074,-0.019131376953009174,0.03327913348175639,-0.06431272231654415,0.003454625586652725,-0.026631814640412633,0.0014636535116050375,0.01983523652986513,-0.09516036603513751,-0.011770234636950457,0.11526756281360181,-0.014666382007482034,-0.1209627957826889,-1.9903819080502936,0.33632880036070395,-0.17585445624312165,-2.4742914623111094,-0.27908210142113427,-1.8861661224546773,0.056821976749848756,0.1149549246334367,-0.33351264493937355,-0.22548535150753848,-3.182749040467128,-0.003970792554098756,-0.08698234701112208,-0.005951473666728916,-0.019048851176891972,0.011435542755646037,-0.012128574948381094,-0.01118380402315115,0.001113687737496282,-0.006813757896449401,0.08378279048197412,-0.9960699011682578,0.14297452869802516,-0.0015474065239686784,-2.258048513515206,-0.009395756806144606,-0.008030450615836564,0.007432172335096388
0.027605184861427785,0.03066126468081551,-0.08438650352132354,-0.4977344174654673,-0.010988575270074545,-0.006650076891438493,-0.036461324946600135,0.06296657230565325,-0.1818837100660741,0.009309184839818742,-0.02628552385282823,-0.01897855426289409,0.0308862151400659,-0.06283024099349245,0.011508908720585227,-0.043042526182671854,-0.0011393239488044881,0.02868441578989806,-0.05894771100008466,-0.022808103782353397,0.1510968544291793,-0.02201478696016617,-0.12882993367492332,2.4233874077025437,1.660838037780602,-0.21978083353326508,-1.7711344132345688,-0.13772588677675,-0.871981787070479,0.2252006864002673,0.3228706046660015,-0.2729870022036817,-0.012226871936986313,0.11651613770454705,-0.00416408698288335,-0.09108135861122126,-0.00989055854292253,-0.01565981935781181,0.014779601640952671,-0.01507611962520191,-0.0013894098215606926,0.001266008125038327,0.005553313761941653,0.14595396037591393,-0.44785266970155757,0.20677315568248458,-0.04069662612129642,0.3759660680590604,-0.009057933896505704,0.011242262993896381,0.013118362678790433
-0.0244277521129279,-4.347870726247257,-0.02224262526608222,0.009198746500687612,-0.003018157017439162,-0.0070037556764489875,-0.012151540318291479,0.10884838004412867,0.002654366261101617,0.006752147919747104,-0.014804687116811984,-0.05294535617428558,0.03415025856551484,-0.0444648884443922,-0.006110669322697113,-0.009613702268107921,-0.005766161219860789,0.0384929839324837,-0.04557657497058404,-0.0044258555679881845,-0.034618739556514344,-0.04270232992045467,-0.0657336723430619,-4.877358648992845,-4.6240853681070515,-0.6586937294419398,-3.1915381684546715,-0.6702407034021387,-0.8266121109570153,-0.10819092920846958,0.08707755556428745,-0.6006528477388391,-0.9139981895849644,0.021898819189620822,-0.0031233095505335535,-0.028152907381330586,-0.0035668251621991244,-0.02878210935788998,0.0056297615850410395,-0.003691630801592197,0.004650989250853115,0.0028567841692148273,0.008360361579582328,-0.9595671300813303,-3.070197111568749,-0.05052796800018993,-0.8142258765406423,-0.4980562870388343,-0.007704407809827722,-0.0037549832834321666,0.0223027393094905
0.03181844390576848,-1.913799699302772,-0.027822644029055942,0.008510736382325777,-0.002949490382934179,-0.005405123264676893,-0.012671487006240535,0.15938819593616324,0.005697568338019517,0.011931947924195944,-0.02430155894767723,-0.027128629109037263,0.08821876607065719,-0.04545058254347838,0.002041990476777937,-0.008729853652950585,-0.0042704414590536335,0.059520303636891585,-0.05178397684676348,0.0035042248854148766,-0.02220551614611234,-0.030835105019073213,-0.06501855623822823,-1.0602866247564353,1.4839808838276904,0.3792525010888297,-0.6278278529291608,-0.16781652602161842,0.813092731161937,0.49031797815888767,0.3332998817175647,0.4322629871233129,-1.237589946611324,0.021167169722020547,-0.0024596801413387967,-0.027294476146889277,-0.003485760568769916,-0.03183297827294733,0.019938875650252735,-0.002862644152960328,0.0035656897254037635,0.004568318628775438,0.007395673715191442,0.15434800007098665,-0.06789403722622679,-0.06938849885939793,0.16947290707345838,0.3716458396529104,-0.007774423838402558,0.2339685199269242,0.03152070040077457
-0.005414968108733103,-2.286769089179449,-0.0171158008595021,0.00792976878233832,-0.0022595824428851795,-0.003686687816103707,-0.013333043501849993,0.08790335060169695,0.004294312927282154,0.004418486174686569,-0.012124536963231196,-0.023380075132921934,0.028027888296918865,-0.02770272563548651,0.0003649236569332355,-0.009031822171397563,-0.009352152167130102,0.02762027828213292,-0.03353595157330246,-0.003803464196712569,-0.11825989438734447,-0.021354497930627398,-0.053663022694177095,-2.443318230365708,-3.440081077046631,-0.046570717385066164,-2.829061899615998,-0.35806142783372036,-0.20314312722358738,0.2260069025406121,-3.006101044344476,-0.2353948434702873,-0.5808882901101772,0.01474548871737238,-0.0016239350876958091,-0.022562731837072674,-0.005123008991932937,-0.009664471857808003,0.009996919817173591,-0.002791539441726149,0.004602038709618536,0.004459838220081938,0.003691392498875265,-1.000004931545391,-0.18048809623141887,-0.04373350409602488,-0.485548844231539,-0.33707588798532456,-0.015338225874654617,-0.5496877098678508,-0.25347544901815994
-0.0004189660828463256,-2.440197842607623,-0.02552349807264498,0.008177881155653766,-0.0029909696246958367,-0.008568827687969849,-0.010660968658591112,0.14698490123750826,0.005347245098114229,0.009841989731467812,-0.017387581949272223,-0.037814581166267104,0.05966013881885557,-0.04673926821500204,0.0021122029878370475,-0.008396250514718477,-0.011189335685576193,0.05706195094482276,-0.05282930574819366,-0.002668985256943182,-0.05987939947721533,-0.039071319343864055,-0.0656107276276795,-2.7345436385206816,0.5037243838520009,-0.024161036744848038,-1.2720104592217574,-0.5188804225927516,0.13730378647856473,-0.4001522937358686,0.20119714543347444,0.28313056777652723,-0.42031234359489356,0.02302170686865377,-0.0029350512006735222,-0.02624399174044845,-0.004140299570212648,-0.030979340303899962,0.014105529576059395,-0.0034543723230611896,0.0034029593683152946,0.0008292248211103379,0.006946090422108273,-0.2955699524948595,-0.7601008577853683,-0.07910929855355943,-0.10159829616193676,0.08454502076941448,-0.007108621455827781,0.1879445964976176,0.021651727321457388
0.021163255698723276,0.03904533441410414,-0.054727741780968855,0.0090669576419076,-0.00882477818003086,-0.00534224144337907,-0.03479451824692425,0.06449057195987215,0.003814229682416662,0.0075173321364555915,-0.01612268406510221,-0.018024883731149865,0.040421863096568714,-0.05442330294939641,0.0021392879329570195,-0.021053554766303828,0.007517839766773129,0.0470542905524952,-0.06143807807010199,-0.01000294658702297,0.07889894273819842,-0.026276959619013888,-0.10444244553593969,5.884736374290758,3.0896654978807883,0.1351544770057842,1.0190012276722344,1.630399265732209,3.948319102714204,1.7179799319438884,0.5532192815345718,0.3401073779374893,0.41696843427111224,0.06740793420128258,-0.004586537153863932,-0.04457590961368613,-0.005309487365774422,-0.015218123195236195,0.017478382631755576,-0.021692776074502693,0.0022888523391280924,0.0009652827691457329,0.006753582723750208,0.5830954170842377,0.30035379917174854,0.034911195784716714,0.70306691625632,1.199056605289824,-0.005547354128815037,0.10567198233293795,0.01331119027603806
0.013890837683297763,0.08764974120680155,-0.01699854096784805,0.007955032941996376,-0.0023133483752241332,-0.004378294783721798,-0.01861448473303256,0.08258806570299741,0.0026975250868152647,0.004564101309591846,-0.016097762666335957,-0.021878991855320273,0.025993641878572903,-0.03285367628607517,0.0006647416969577338,-0.009004700700798706,-0.010221662698621637,0.028659014323120683,-0.03680607621457652,-0.003861590492149324,-0.11141248252516377,-0.019258004955413518,-0.05383505896750167,-1.6207857281593658,-1.8278858905160806,-0.36167786346475245,-1.9614791696894909,0.18345086142071027,-0.04397847535779229,-0.08879101450343013,-4.449684853059724,-0.11350260249620103,-0.43050157880458373,0.015387484332402522,-0.0017203794087723436,-0.021992987070406266,-0.003655009062784372,-0.0089077609609347,0.014225718577955534,-0.0028055838004034917,0.004823337537220423,0.0018967327519724905,0.004170109785276462,-0.5588685769288054,-0.42640791397432865,-0.04099344978927247,0.06380484887604443,-0.2440496342262552,-0.014297653920484014,0.03389172285509022,-0.24017868315918994
0.015085969323907157,0.05955724624097925,-0.040650964917075275,0.009403982446744095,-0.003780060547281576,-0.009499799255906239,-0.02257000134805601,0.10837183917830802,0.004033253869272121,0.017397903107208783,-0.03425285499735289,-0.023447271700685137,0.06220955604605453,-0.09068076135701676,0.0026750334127579466,-0.008385133998902523,0.006481912488312419,0.04682952736996022,-0.08048100780473413,-1.8512324142603538e-05,0.05706184500855461,-0.03716313329220966,-0.08461698949286123,0.8948689175006603,1.523411765524748,0.23211410010407002,-0.40392821721841865,0.4895559164174115,0.3820827429229057,0.6429807909546628,0.4097541769623661,0.21523987645474438,-2.0780869042887242,0.03597022863377902,-0.008078812945523465,-0.04800554044563733,-0.00789242253006156,-0.022940597828489902,0.01637165379288441,0.0009815698734421292,0.004246871170781674,0.005794742488739969,0.002053432642664006,0.28862937097320174,-0.1051020289310469,-0.08924613660895143,0.1760074688215527,0.41264888108055536,-0.009117580046808208,0.03171261849375885,0.06362798592392571
-0.002296125437458266,0.05914684373567269,-0.042116980956756096,0.009864282569752183,-0.0038515432099413935,-0.014789841126771897,-0.022423700792171347,0.09547738878379765,0.0039598965522800655,0.017557862475959966,-0.03389187059998727,-0.026761138165200034,0.05164128413592952,-0.08838202984407151,0.0026303753943393714,-0.006326212134154433,0.01253701210230132,0.05129427169293642,-0.08924450442550338,-0.0070037327336586325,0.024481738941485056,-0.03591130547444994,-0.08222846987330697,1.0516705281671739,1.6110025926999725,0.11813325172410882,-0.4141962747827954,0.7448068275806639,0.1324684160232218,0.22820611431752505,0.47636316644728416,0.4958380545303238,-0.052080872942048106,0.044016917078352064,-0.0035631257357895264,-0.04884856157767262,-0.007680144096037719,-0.021798200074528228,0.021306840626502423,0.0011027599733954647,0.0042666576283894265,0.003316577062427805,0.002228528779112368,0.24841713906440174,-0.32119080780639897,-0.041822435769740055,0.2961793499435927,0.38573685845540784,-0.011025182651021747,0.06758298485487983,0.06111228545504008
0.10710874812368103,0.04992902429869449,-0.055380351803679936,0.01282431734183785,-0.009433171152836768,-0.007679306012927055,-0.020139799728513107,0.10000258718076664,0.008510521294427283,0.013628235026848864,-0.024616104947146902,-0.026760338859500927,0.06250846393510283,-0.06750433813869978,0.002016712353523496,-0.01395638336589663,0.0049499086669966925,0.04601628937421841,-0.06051066613340263,-0.006999829249220943,0.26488879469323556,-0.021247912532789952,-0.09227678674077905,1.6527029876674302,1.8795422257534504,0.3174766869920776,0.2588606905652332,0.018444498979275782,-0.04571708105578156,0.5173606186426757,0.4111467495918405,0.4152145214036797,-0.13231719537152212,0.059695734534861586,-0.0033871329678841953,-0.06996480110110809,-0.009540003274299174,-0.02240626839086323,0.02742072298494769,-0.017548585067897506,0.0020621054401810585,0.004158711797206276,0.00807129545563601,0.3278960637067431,-0.1507574103722317,0.6716079969017219,0.04214122695321148,0.6358018223757417,-0.003679187669437994,0.027212342350798866,0.02073632194911299
0.11508981178748584,0.04251862875788767,-0.04395767277486625,0.01068846568158117,-0.01041172093492457,-0.006222920823109761,-0.017536154419965474,0.1415835353581722,0.00868161049839972,0.016233747096776517,-0.03385601316746917,-0.026940768012477204,0.07878460497712161,-0.0691971623517022,0.0008265747365105485,0.027645584699353506,0.0012424747620867376,0.057066595102907305,-0.053949057142620084,0.002975040966936168,0.28584357121351456,-0.026866658182005093,-0.08770106380307036,1.359339839658661,1.790255920978604,-0.11380907471633968,0.2512020737516276,0.044077545380552204,0.3052741949989082,0.0643673771630654,0.36065451965062634,0.43895055094444696,-0.919358466178847,0.051189769386404085,-0.003475101842148128,-0.04641786105986519,-0.006946574517698404,-0.02369919421420364,0.0183336263906886,-0.010601995126634506,0.0029058859028712435,0.004126121051025786,0.007763982543022997,0.2972999521915957,-0.04941035802604641,0.7489746824232296,-0.007496453318130066,0.5629915246265431,-0.0028250802665761234,0.034957529741723975,0.025318022728845892
0.055907843715106424,0.04822361268769347,-0.04303644579884845,0.01011371649105205,-0.0051636646276949204,-0.006525197273307978,-0.020471898504595146,0.120633116979758,0.007764328883952075,0.015259216774022847,-0.03058069915899647,-0.027527633843090156,0.07241325907611626,-0.08604440683186704,0.0017761720172926412,-0.04708967883281659,0.0017521074042796119,0.05215147129633082,-0.07659157836921023,-0.006673004439556462,-0.00968451980404376,-0.03655412287597615,-0.09034174986856507,0.5519748258173752,1.1210792174316322,0.05271213239763047,0.09278244796417454,0.17662641071313256,-0.23260252455979233,-0.0011884307042114234,0.351369825560639,0.23621878902106325,-0.3852502520451021,0.048529437856812394,-0.005315159920608698,-0.053075688026244634,-0.009283024945314201,-0.029348704030431102,0.025030325602975776,-0.006249898665175801,0.0026846666428346822,0.0020922233899084743,0.0069488126522523124,0.2402003044015237,-0.2004833103262557,-0.16005393344738345,-0.05008176821889304,0.33650663918811796,-0.009137467718200258,0.019315856440644166,0.060578183054175144
0.01968219091861213,0.05220830500651682,-0.030530204370644954,0.010190154912720208,-0.004162465725326893,-0.014596166002394932,-0.02225913570129693,0.10769259601551803,0.0035372400096479427,0.009406730653266368,-0.023520204024295638,-0.03036533693161541,0.04799006093694474,-0.06993293673724217,0.0002407095140545951,-0.004125331889069576,-0.009511543396452252,0.04518442344543389,-0.0590371083416141,-0.003010737837998011,-0.1842249112762136,-0.044866529795626865,-0.08038000872143415,0.07788045948354418,0.5709346348385259,0.15065058944105872,0.11102417175322002,0.05362772886564649,-0.29472767340931383,0.3163876951818147,0.4126441659825291,0.24365547962132664,-0.008346090945764021,0.03564812616336117,-0.004599717590416547,-0.043751861275315856,-0.00762701172447305,-0.03269219135125321,0.02126354961187405,-0.0051675909048673665,0.0016739868678696255,0.0019413853571335243,0.005208487291686769,0.27391977046262295,-1.357203576582409,-0.13218676090646664,-0.13248457189195642,0.2910027430790022,-0.0076120743220698854,0.03327858745779135,0.05225752396789836
-0.050340788838085765,0.02923902070098452,-0.01824249853186003,0.013335313210532081,-0.00169466307281036,-0.007804705213648682,-0.008697295799001269,0.1277562820178724,0.015137164791093168,0.007713651302363866,-0.013648545173573171,-0.03885946360094742,0.08667497668075866,-0.02470787803113921,0.005609735979982588,-0.008148053391680458,0.001270237311969015,0.037974669060860285,-0.029217583114828246,-0.0025603931689065842,-0.0992583462372155,-0.03213896585336684,-0.037488625285547715,-0.6820991679532923,-6.501450581292108,-0.4236802909714678,0.23739394292177277,0.5235666840990352,-0.5403062431921546,0.3938319747933359,0.21029299491059905,-0.274505523375889,-0.015281680008802338,0.01702565220547666,-0.002490644317747461,-0.02432474038705113,-0.003512324176691431,-0.020253723795458,0.06756763443855768,-0.0030918060385783236,0.006529616009133481,0.005792409200515911,0.021065240127731123,0.2720817252810178,1.2896295024509108,-0.04427022281474224,-0.09331556765438064,0.28758095771440445,-0.004416705480422552,-0.00041451538184094456,0.030562318442630233
-0.06522199529566902,0.0236064439881442,-0.10949157308608881,0.007703691526318941,-0.008198614932622045,-0.005768943971941918,-0.04787190308591602,0.05449625956967427,-0.0028769268447574542,0.0160920314199155,-0.03312598071968805,-0.018394972432940783,0.041993319568288015,-0.07807908132147637,0.0014832532914099248,-0.036962138879804284,-0.009867479255607565,0.031420364775625854,-0.08604585528675143,-0.02665233312669162,-0.03760695662963254,-0.026439862429749394,-0.1454082353935156,1.4402009446964181,1.0993621772041033,-1.0435305177061966,-0.3847072466809449,-0.19338099966368827,-1.618757904273128,-0.8194124740955685,0.25939845691355934,-0.5054853075774043,-0.7512843057825043,0.046927873931851175,-0.002884255427888039,-0.12932275833421336,-0.011228013895542186,-0.02738126168386645,0.02496750101032444,-0.01364651639931449,0.0008565009669791598,0.0005129219793223428,0.010234318135190029,0.052698119424469524,-1.0140123308134734,-0.3291678336734599,-0.12035948098995253,-0.04968674686677011,-0.00524483876032414,-0.014214138752177086,-0.00391290396128846
-0.0166625386165682,0.046678340779435085,-0.02451728071145525,0.008502942230787089,-0.0021068089424040423,-0.006046002922480442,-0.015322697983963605,-0.5608098537956325,0.007323397539909693,0.005264186253496495,-0.0425203094653422,-0.088348352880446,0.0520176655615072,-0.04434394310319723,0.0020756534700089838,-0.008388044684280626,-0.027622774117070533,-0.45064843731061766,-0.040700808868598365,-0.01159776515699689,-0.028074189554211235,-0.04891445183836709,-0.06025465708645373,-1.8932523978609743,0.15112627897970163,0.026014557744919804,0.1135909533900056,-0.09834162142655682,0.06565783346945504,0.12431642092727352,0.3608021497527441,0.25040704620486426,-0.8004602870751097,0.0233306850285912,-0.0032267344563769473,-0.030627348281317357,-0.0030240510991487372,0.42428241581760534,0.008737893131619219,-0.002487000729242482,0.007439496215655078,0.004936474658095353,0.005593480617013787,-0.40492470171053324,-0.39367740019701886,-0.04670373533620137,-0.20627660093225997,-0.37558920944969704,-0.007627523573511921,-0.9280129899505823,0.06723399431185687
-0.03734984571036482,0.02557818373623101,-0.019324679074364956,0.009503231597020292,-0.0025738466822181664,-0.004577398607153868,-0.007704180802632681,-0.8096134906794432,0.007965489607671582,0.00971828703141387,-0.020662822519279762,-0.029501053291478695,0.06159375139656544,-0.029258701058949635,0.006343865341299971,-0.005259374937946877,-0.007095486493138802,-0.892361603376157,-0.058869122084442824,-0.00503070653808987,0.008190553829130517,-0.022031041293669253,-0.0378042307703115,-2.0503007889890097,-13.061168026701472,-1.0235958572827528,0.07345522096254446,-0.9583728422309882,-0.2005876065473311,0.003867090665390207,0.1248229963498897,-0.34678400460621656,-1.398985983346531,0.01760133073662717,-0.0027108995228028844,-0.021181566534954115,-0.0029320812830793486,0.18341419192451622,0.040026316180085196,-0.0030456401242110456,0.006969823496422471,-0.004783547554809278,0.02397052420556553,-1.933584172440516,-2.45784666819503,-0.03830952887865315,-0.3086673516849283,-0.04138483353044875,-0.013303613344020826,0.01561564158399886,0.033637526302668384
0.04453266373489761,0.05312606966086343,-0.03516888856911882,0.009709443041844748,-0.004066014998598804,-0.007362496202664814,-0.02429675042416237,0.0753686042057327,0.006743971124456953,0.010967955264050143,-0.025852284938413978,-0.029851363459653623,0.06171481430070254,-0.0767874403283412,0.0003894357135918068,-0.017221377476857258,-0.0005914966091874938,0.05246045313566346,-0.08286505605196842,-0.014929696976673172,-0.1424697131014887,-0.042761421611900906,-0.0876733701960843,0.27958672327703654,0.7198059455302107,0.083545554266222,0.32913377122822063,0.150370591073042,-0.5086550002782891,0.3315043315226633,0.37217519899390455,0.14297762180344678,0.1939932027779158,0.04029253912356358,-0.005607379642112872,-0.056452009766678135,-0.010839028470076348,-0.027237262596615124,0.02199960216560375,-0.0030998635161730956,0.002269285094276138,0.0015038363537964354,0.004592508495738056,0.18619657292510128,0.21906194132105136,-0.15314657752723476,-0.025941024951781258,0.4239873023401321,-0.007728632464893251,0.009569318479835661,0.04090529848929117
0.13977227175847043,0.03138499894665003,-0.06306229072018738,0.015629267083430824,-0.003575520253576139,-0.0035227368926222993,-0.032159945801774815,0.10040297821945755,0.004516581057751455,0.012075514725350787,-0.017119141322048323,-0.020632282251597966,0.041127363066010364,-0.06039843483769831,0.0010498462228107793,-0.02528883685817299,0.0026957709521368907,0.03692534522756815,-0.06654957043577907,-0.013756298361525756,-0.032935667340448366,-0.018526728967601783,-0.10541783160633852,4.889128410847177,1.6850715372714773,0.66008507971012,0.7943831898221219,1.0008036259780688,0.15008237141415084,1.1384315257466548,0.5341664912408307,1.1980386680980777,0.7278644631943798,0.08452719720923835,-0.0037760290355345976,-0.06489592471940216,-0.01139641471253934,-0.012799826306282543,0.02388661010505945,-0.009858255039153966,0.0016590687399449461,0.0011735735341700318,0.01373191453780445,0.17393900929238426,1.1576207473859175,-0.02341955887189246,0.4255887842070372,1.1206597261223494,-0.0072479742691277434,0.02736085779610706,0.04741143026393068
0.048624557610016134,0.05259523627697264,-0.047064516481927166,0.010662906575643323,-0.0033380401715442974,-0.006173442796850233,-0.025797798976877243,0.10081192656262086,0.006572490518764091,0.011774307852092589,-0.025651905638792046,-0.03306125917924386,0.057570723960846164,-0.07856511325758164,0.0004443157239712575,-0.018392825310585736,0.0008248055893017069,0.04783620301136794,-0.07965180007114646,-0.009963979642632742,-0.1126563351853859,-0.043712762552767834,-0.08786110306194031,0.49134210070862977,0.9174831325365047,0.21917472316145115,0.35790394661902897,0.07932281161344712,-0.45500142544129424,0.3511920712915511,0.39211249262789777,0.4518084146469484,0.1500924294059985,0.04516781450333595,-0.004800877879898354,-0.05710705495006724,-0.011087843281658507,-0.022707569823455214,0.025048079340930084,-0.0002003074673034748,0.002060036290413498,0.0015660142921486533,0.005917072131944162,0.2306030128575001,0.4202368557202164,-0.15593592974637355,0.1699248665131833,0.5557867587638543,-0.007704156805818257,0.017392392711430373,0.03814751000524718
0.04309932932111912,0.05329174046398302,-0.027697513834335323,0.014367267605136602,-0.0020854219514916516,-0.008634380020121702,-0.018365566881239376,0.0617442925102023,0.005717532946963276,0.008241312367997064,-0.024598082202502463,-0.03778807436696887,0.03991287428688742,-0.06307949375944322,0.0003270630681342102,-0.012643164972156439,-0.019272091523962507,0.04158273569240914,-0.0679053625508297,-0.007095987572530482,-0.0475199270365441,-0.0478481266491021,-0.07240887648879028,-0.1827988543153652,-0.4421240535001498,-0.2490798225006387,0.12495353725934827,-0.3452913944336051,-0.6663061181443264,-0.19224853543477033,0.22176398168913827,-0.1425412849714134,-0.38427184311764084,0.028895330154503282,-0.004439495564205726,-0.04323619180409699,-0.004126011658242017,-0.03275035582131125,0.013550575224465119,-0.004381789576874724,0.006588287067141736,0.0011688648253733325,0.005276203019047062,0.160766953976896,-2.1360745780153327,-0.11711031841759834,-0.39437761045397324,-0.4946050930055028,-0.006885591180516085,0.0026847776609838,0.05585950356987248
-0.04679467873698396,0.06672495615059072,-0.022504395206867246,0.008912811479628325,-0.0028003581998860137,-0.003112903581034673,-0.01536968955130341,0.5779272069308163,0.008103565843972392,0.007347901230390106,-0.012283580215083394,-0.02991112555631178,0.09413789947417898,-0.03196192061209605,0.0003188071304988802,-0.010242427898327251,0.0011194589274269129,0.0557928279898511,-0.03631227187842011,0.002302796523373712,0.013616489182470888,-0.017018637868773195,-0.05606970477518008,0.9358652589350768,2.259118351426235,0.685420501793903,0.49968905008515985,0.5809259956568229,0.10219724369084883,0.7641657933908018,2.1370742860036014,1.4658940426641531,1.4432388954179223,0.025551184575522544,-0.0026064461040057217,-0.02542604075667871,-0.0033742240984217385,-0.013421125404484728,0.020933291202325833,-0.0037574179220210635,0.00436334398095634,0.005817158741307722,0.009902756908814573,0.3694318500838818,0.4120874316681516,-0.009613636837816936,1.8447956922109174,1.5531730193555382,-0.0047796909115312616,0.08998761779580444,0.08605689954026498
-0.0469423941543571,0.055573176510850114,-0.02347204137473953,0.004296658641992408,-0.00223613665917903,-0.007193483019301333,-0.016546394287249296,-0.3923710728221535,0.006044361383306335,0.006000657221757529,-0.02060995255621542,-0.0494127266659903,0.08596039839603492,-0.04493538730867278,-0.0016402702394168918,-0.008247957503424587,-0.02736431303281358,0.05594185939291946,-0.03212056987140916,0.001524810146473129,0.19406091225518937,-0.05067778530721312,-0.058475834244083924,-1.761490751031699,0.1666134394938317,-0.11193605444316886,0.285363204447892,0.1149908396447045,0.12120245548012121,0.2028700611385436,0.35594186594957933,-0.16227931134888904,-0.12855404578911095,0.017741186526046858,-0.005271302013177614,-0.026995876049954966,-0.0033826901534812956,-0.020297507157620583,0.013988139392194919,-0.0025166516910424142,0.009643975055314785,0.008502849377447759,0.010232701713133263,0.3215851890546304,0.3763107082594925,-0.06685865579888356,0.3073955104008164,-0.14647038217475397,-0.006909850129480156,0.04203392604706014,0.04469061025413496
-0.0648662881472946,0.04232852790397953,-0.06685930263086601,0.012851389894434703,-0.005572976776889503,-0.00980362322012319,-0.02438347166650571,-0.1722985936628577,0.005434078283404789,0.014858625352656862,-0.04513551324097363,-0.029471991664531204,0.06494730436532152,-0.09291174706729902,-0.0014769242321372993,-0.019687681299675713,0.004926890516590902,0.03894711812785273,-0.08107525225044325,-0.002207148491606637,-0.051037725565877906,-0.036681205500662124,-0.09568584609263778,0.308642281680833,2.3827173694487525,-0.2507223827188121,0.017898946239195156,-0.1535647650750866,-0.5525157542908742,-0.564382266276713,0.3276666252268095,0.15029596333516368,-0.3304815481969111,0.053302340012397455,-0.00293435230351207,-0.0799261248037594,-0.00901414666628,-0.03806683150044081,0.022279745872284394,-0.009250130357096676,0.0026427237834954994,0.002479942695026887,0.007808914213775553,0.19242038835273476,-0.7139259801334998,-0.21919730270314597,0.06695674464182998,0.47198219363785576,-0.005767629325415921,-0.011883550037880195,0.02344000343326731
-0.02883186863198024,0.03134632304148561,-0.08825386878430982,0.013729392735767556,-0.008158903903972115,-0.0029344739676012625,-0.04841735966643356,0.10126638872899854,0.010675402269304433,0.008313593514691055,-0.023264822768883284,-0.017591827247111478,0.048852966918397106,-0.0735636606021245,0.002121253189963981,-0.010430608696636909,-0.0018130634098740485,0.04610034918269997,-0.05413972295159716,-0.017891321474262575,-0.13399342212367552,-0.03573750164430759,-0.11642955563422806,1.7743788576580426,1.4597534013532725,0.014395850761527836,0.12783065644053698,-0.8383902422071134,-0.06841894436001265,-0.10620352872266288,0.3266529732478889,-0.13497256368404636,-0.31590751151601865,0.04864689385117227,-0.004133937704682705,-0.048625447520399684,-0.01049649921903602,-0.017991033398116047,0.020230433207070346,-0.007342332981267441,0.0033780688170176308,0.000912623781035183,0.008065044264152322,0.08909890787995574,-0.5661337686358568,-0.11905053496982047,-0.023269692762883026,-0.24865013884185144,-0.00802208575526273,0.009604850227670991,0.03200730710168988
-0.04472180687526953,0.0289899037981939,-0.08513830467436913,0.01999358362459911,-0.005962980669952389,-0.0018885725132142446,-0.034585230098718917,0.0816876091591428,0.011782126646726107,0.007927638408550187,-0.022228143496615456,-0.014824333213551472,0.04269501175222627,-0.06703531915400708,0.0018365975476262164,-0.012893638732058512,0.00353079468139038,0.0419379916983295,-0.05297511342790764,-0.01715646531749697,-0.12268895560909064,0.39121003041772423,-0.11546098010185943,2.017766023463147,1.6228894717052353,0.14702624675735942,0.2027560667571744,-0.500297164681316,-0.22825432233218035,-0.11051635474558096,0.34941137779569437,-0.01948749693383546,0.09842999763109227,0.06577519901353898,-0.004955153844784742,-0.055814536211067335,-0.012451715021275572,-0.015024298294792406,0.019770112268852176,-0.009442587972269175,0.0018236886969013964,0.0009784205023960055,0.010023189872035503,0.12756959396542988,-0.09339925491472865,-0.09810141609548906,0.09549311170777909,0.11613225632658249,-0.008880253117719452,0.008063757335687085,0.030043730287734507
-0.0381255495712106,0.023622076548479615,-0.11475591995613033,0.03243413012465991,-0.00864468387594704,-0.0049540940826488505,-0.0448348952735291,0.05714388467769938,0.012674159980801078,0.011306404588171504,-0.033442887134772135,-0.015522850341779809,0.03901193344103883,-0.07682662154615995,0.0018819633148325742,-0.01703265669723036,0.0023948349026997953,0.02995915938805733,-0.06770504838001581,-0.015070841683299252,-0.1766116794884066,0.2985411890583091,-0.1287238126299129,1.3438037904728761,1.8571377812493792,-0.09424939105529909,0.09297283201282763,-0.8595668003030307,-0.5113078307171398,-0.39958410327093336,0.2935029867879353,0.028841058805247673,-0.09573227752413933,0.07751768698543719,-0.0030702042254441195,-0.08059546864299849,-0.014257678105920095,-0.020141628223488493,0.01638241326747362,-0.013007518490288741,0.0022209834286851266,0.0007377834642314964,0.00833496091375294,0.06244655362253844,-0.5553123727433498,-0.20907033637138717,-0.028502149584329943,0.19452703748044453,-0.005554640388536623,0.008888638975578457,0.014260427150095902
-0.03852615738288186,0.03126402246030967,-0.09203059764366239,0.018599544617036223,-0.007737750901807953,-0.003872368773046933,-0.038771905734247804,0.0815808891331885,0.010258846148184174,0.009117897687583785,-0.023380872302557604,-0.015059860217385857,0.04362292344118813,-0.07323585638330032,0.0010794231610224906,-0.01657081360245391,0.003546218611161594,0.03912611912160628,-0.04947439059869871,-0.017614111455653576,-0.16353376404742703,0.28011433444790335,-0.12160152574580634,1.506056565910336,1.2527093145938883,-0.17357691923270976,0.11997561396626663,-0.9794168104860994,-0.7748473321181479,-0.48238829089044993,0.3012701978524735,-0.3144738756702905,-0.38733179468264106,0.05136143287789447,-0.003437164934231727,-0.05954273327695917,-0.014156798170901097,-0.015247464601341191,0.022542910616387243,-0.009463245666002247,0.00204795563724566,0.001647531409297554,0.008839856772475094,0.055180132641343006,-0.46117361846348,-0.14139213141924953,-0.09488111066751133,-0.1182099020286801,-0.00880610420355777,-0.06396214454738779,0.01912967989165747
-0.03487678612976332,0.05817186328069816,-0.024078750598069004,0.01047683174976329,-0.002172614642453211,-0.006919900962305894,-0.014004200123533006,0.15435112035733983,-0.13881171037205553,0.009864211079288048,-0.020883906462145337,-0.07186509688385183,0.0676576847233429,-0.041489721377562176,0.0016090752042412,-0.00905486010622968,-0.013518270849687843,0.04893936282299891,-0.046060445833482726,0.0006384349500820135,-0.1494551379677314,-0.034732284861139946,-0.062113271114028736,-0.5890157823456817,1.2903406175739218,0.4283594797956438,0.3043870822206188,-0.09885643340558989,-0.3610649978885472,0.41677871349915224,0.5090662464977689,-0.013662030023924732,-0.21964517167461134,0.027644493690825143,-0.00488399377213494,-0.028925031278804306,-0.004748104587463232,-0.031506091374137325,0.015726803938131934,-0.003975559814062403,0.009881612028994537,0.006148493937556302,0.00421967837935443,0.3068024180167317,0.0478616722156229,-0.06675682530544891,0.41080532801169606,0.502019227219717,-0.006963964545965622,0.059288997391128494,0.0351915329283973
-0.024543417933429453,0.05353739005483026,-0.022700958856452208,0.008090645407728967,-0.0021802111445501163,-0.008777600049125063,-0.010923992751303272,0.2819895601091957,-0.27989752178448457,0.010203460541493075,-0.01658151525527979,-0.04401995475520549,0.07391170229329888,-0.036566738835101295,0.015513400418141787,-0.032199590756197015,0.08932809407828034,0.04490002768596765,-0.050214728169777574,0.0016651313755810288,-0.05072210334824486,-0.04260452333723195,-0.05502990924468137,-1.5743596682008807,-3.3248544521160435,0.1276518128952002,0.17117086014618302,-0.35471652891541766,-0.25620212041101237,1.1328197704411274,0.17833577269136025,-3.577462267493406,0.1725811888516146,0.02124460628204879,-0.004577298105330878,-0.02815817484093169,-0.0032994033041487793,-0.018575242322043127,0.02247089027731255,-0.0032502408755474663,0.0027433890261108203,0.0037200687917549394,0.0063235362094012015,0.34260816286707113,-2.2919983486166697,-0.07056203704468707,0.35407100084122645,0.1333183246061829,-0.005889795953870644,0.03318186345116275,0.015703056908695206
0.01718589517390303,0.06731281238331935,-0.023501826675891343,0.010695535680726833,-0.002462394735368804,-0.007791284979425972,-0.011609206620863531,0.12340446076729358,-0.08385219150305644,0.010271871676176754,-0.024178729755834006,-0.06467225481526113,0.09247983533643775,-0.03922725048566891,0.0019582768760217947,-0.007578294457852565,-0.02786196314433952,0.04946059576416314,-0.047979042639405646,-0.001246461590202566,0.25701729381568433,-0.044872143452245696,-0.062011326268708734,-0.7328564655046745,0.7893560435449618,0.36645082394600814,0.3516608817508743,0.08770383367766652,-0.17547172423899746,0.5362588398944618,0.4739084876750602,0.0032991412252701456,-0.05987161344267616,0.022812723578004578,-0.00435570653654274,-0.029874794071602963,-0.0037702753929994355,-0.02648481223163036,0.01911664439567055,-0.0033052443065967854,0.003468468828843112,0.005707719661849306,0.004990581171518232,0.3437476648866951,0.24552785651067385,-0.07917718786047902,0.349854645524797,0.36521895081951583,-0.007881237605351378,0.0566472871507965,0.057440461295878306
-0.055643485616187656,0.06232562707794764,-0.019670018691481186,0.011708798373269446,-0.0018105788132740945,-0.010544944469709508,-0.01071246182582477,0.1793602738584247,-0.1920940193861203,0.010259903059093217,-0.015862319170121205,-0.06063547121943288,0.044871164096113206,-0.03263873276842565,0.005809450705113672,-0.010253423123688106,0.011637730240335745,0.04941357531652408,-0.03453748790706733,-0.0029871713861916623,0.13949286276796008,-0.03563005436729522,-0.04999061680963082,-0.7222352839001903,-1.855384613774677,0.25349011421753687,0.38332239414482705,-0.2429436034754237,-0.39699495587231937,0.7576698937801245,0.3535306527120948,-0.5954928557516517,-0.05578897030986591,0.02062326561628983,-0.004917249070947093,-0.02775766701183229,-0.002281807919263913,-0.01996258417304522,0.02202984932552899,-0.0031392114875415777,0.0076944238131605456,0.006082218080506248,0.0050986697858451105,0.4176972309230154,0.48941184363114143,-0.05613693387523832,0.16649103887566974,0.20594415032598665,-0.006232966889424293,0.04952294030807157,0.0373514361270299
-0.030531572310448424,0.05053989695937797,-0.024033870885243606,0.007328295027158864,-0.0025523132972004293,-0.005588441705426018,-0.011174003003878939,0.15900767753540998,-0.6162846150936395,0.005877572108914885,-0.0198966487482307,-0.05076692301160621,0.06741490795673016,-0.03906392331481384,0.007245879250348327,-0.01061579044412557,0.06354660610455586,0.0412476058220894,-0.0469960207957619,0.0019180427563329698,-0.059845959588259105,-0.035691318864102824,-0.05919054913661561,-2.528063403547536,-3.7336792527728826,-0.872962808838393,-0.045791957341017535,-1.3833359903360287,-0.7881472570641743,-0.4079666261126969,0.09019941022239249,-6.581820786708244,-0.5606994505326244,0.012599866790908892,-0.004055939038431057,-0.024111827313735998,-0.002719273801296081,-0.018016374504121174,0.015625412601722437,-0.0036089230333958195,0.005661437721147806,0.00349150131828088,-0.0017916214382037053,0.24051795892748232,-3.4089869576616865,-0.10385845041007447,0.058060050490093114,-0.1901654804746378,-0.005852286723981744,0.025268759311977727,0.005038637458405646
0.06172759517819496,0.03242916674570466,-0.02408601332031503,0.009867816610146006,-0.0028073132327723956,-0.005172916711616017,-0.01047849242366179,0.11503823321649585,0.008694702945388608,0.004866879369564075,-0.01978379170072547,-0.03345037877226072,0.07210970691189098,-0.04693012578775567,0.01395623379734487,-0.00788388635634025,0.0010260254936534157,-0.739107674180274,-0.05113386977087788,-0.0038149381072682125,-0.06947720795235533,-0.026263835309259655,-0.06461982286636063,-2.4378074445322206,1.419396252252312,-0.1617519033667842,0.19036589814420177,-0.4386262350944609,0.5408013786237881,-0.30009764634179786,0.2714633215016777,0.3574050055525118,0.09715480813161388,0.019146581953039237,-0.003908623521438344,-0.026677874871648643,-0.0035693830470054353,-0.030878103673215238,0.014755891741070665,-0.003011094184588128,0.00633829658307947,0.0073082283755238,0.007832577948431911,-3.311898762717097,-1.1366378062246492,-0.058320642435229324,-0.07199499727449014,0.3096055717573633,-0.018070590564805946,-0.013447264347687808,0.03562786253769195
0.03916657469920716,0.03598638052222244,-0.022171915497710366,0.008743003416535328,-0.0027203007814705603,-0.006885178829619931,-0.014670069039956364,0.1301612230234448,0.00573299288518424,0.0062683015951387235,-0.01487426257165146,-0.03563667114499136,0.07257973373511471,-0.040505900340217026,0.023437470023382145,-0.006540503692227265,-0.008537722693671656,-0.3666312663839009,-0.039742489575469955,-0.0027213997091685817,0.0015011449956468048,-0.031416876039223614,-0.06010942565332299,-0.8676980578836576,0.7309597721546858,0.3518763819250158,0.3073457037193782,0.0897417382414321,0.6339444807557149,0.3845556255148116,0.5840677351241251,0.3506214927320644,0.18610489743338313,0.018378416662792333,-0.004712166558166722,-0.02592059219136045,-0.0034970349387155254,-0.030572559189772714,0.016151209149434437,-0.0027354187111918826,0.008150521676560408,0.006993441029044435,0.004741065743282512,-2.3091918868949546,0.23316786698323055,-0.04037290341430262,0.008579983223078616,0.45222799258848373,-0.019048426359974793,0.054723919895362454,0.048259841951624534
0.007345238228298551,0.02724327590852937,-0.024032523719326772,0.009266233982742034,-0.0028127738960480216,-0.004820407356482072,-0.011082362773963428,0.11814743938330274,0.008183475502208451,0.0057729696410524275,-0.02214265924800004,-0.04664108913827644,0.062111802801175606,-0.051436989884775734,0.00681343150356837,-0.007668075484440229,0.00042568406244256383,-1.3288480786183874,-0.044740502238133466,-0.0014153105730961414,-0.06854092266411141,-0.02375957967632839,-0.07068614768917354,-5.944944664691115,-0.07232646620837864,-0.3925650468456287,-0.1859235653311535,-1.1707747189979072,0.10463910187816523,-2.745935991773192,0.10537062858456878,0.04674116173943272,-0.6226222834439468,0.01952844250048028,-0.004165743015801125,-0.025125920668594436,-0.003494147190150849,-0.02915717019288103,0.009270784053420023,-0.002923529364192655,0.004303054035996487,-0.011076898854032015,0.0060801962820878856,-7.3335162718404865,-3.417590846813767,-0.05860622149323539,-0.635369837713031,0.054487536481882336,-0.012725154953093117,-1.7945373989385116,-0.01562648135203304
-0.09676543698666495,0.028247228157101515,-0.04564390754047496,0.01005874490391919,-0.0029345798607436214,-0.007190378935687188,-0.019628247520985315,0.08013069405532249,0.00836971210662227,0.009600567509295676,-0.051401753219457356,-0.08876638603009314,0.05337411130183888,-0.048918221460806384,-0.0018944251864218041,-0.011710629725236723,-0.024447650166095684,0.06086995923266875,-0.059591701657026735,-0.006112958166046058,0.04250009531890377,-0.037723786647033554,-0.06601972579622198,-1.8562580526749963,1.1808955661638103,-0.627013920977068,-0.013255619909520401,-0.5822875569887596,-0.10290745695454781,-0.910928257321329,0.22258849846263287,0.3031207742224318,-0.29227058435661013,0.02956462492694697,-0.009956720343541427,-0.04617111738487962,-0.0062283435351291995,-0.05083174065443541,0.011614272983523313,-0.004851290382559412,0.006634461534851386,0.0035368675473436894,0.005096191656051836,0.17375488502841227,-0.11088457172551938,-0.09604677253726132,0.3351158516414851,-0.15444677340708649,-0.004430735757729794,0.04092862618108989,0.017446972336872698
-0.0575353557381293,0.03996847540909527,-0.0245884751813732,0.005193500545072998,-0.002162566063509336,-0.004087906055061795,-0.011398316038429166,0.16211155952465717,0.006951584160088083,0.005159138824698142,-0.01769528587176942,-0.026787328203071475,0.08778961762373512,-0.03868719107881928,0.00404153121173141,-0.02769521051543833,0.008851223064091149,0.05734568673159384,-0.038833688606295005,-0.002439018062943847,0.7568323805171846,-0.027571988885410154,-0.059090598048902404,-3.2656448355106806,1.3000512830156619,0.47250801861566916,0.36884970598377076,-0.030195853265760842,0.3916485507141599,0.15307857947865322,0.48599262590301884,-1.7407826778477489,0.11597954191709685,0.02021452901210325,-0.004574190452376136,-0.025858509081782582,-0.0024001640352143932,-0.03513030277738592,0.0157936377111383,-0.0030696164788979892,0.016598701869893973,0.007653464510760499,0.011105076121160726,0.3389492985791632,0.6323399863222675,-0.053512122269125106,1.2848875636447195,0.21246334053932742,-0.00613584299587566,0.04799277089318258,0.027987337854316938
-0.06690742144688427,0.03451284705532013,-0.0394429284140948,0.009947061102574335,-0.0028373130521149527,-0.005400045798610961,-0.014963369644858088,0.12636915630807447,0.00793128749262384,0.01033191359837638,-0.04362002306325347,-0.06950384460135396,0.07148591456120192,-0.04232052027462041,-0.0004964576338615872,-0.007353532699175038,-0.018399482651349802,0.06151816365931977,-0.04684282970580342,-0.0057825672646850965,0.1316106166349322,-0.031075486713139543,-0.06197610363824388,-1.5751060356506077,1.8831632131742384,-0.226739693325181,0.1930411214927687,-0.1952866727411873,0.32808228506726667,-0.4247652429080827,0.5038388868750413,0.47469417207539044,0.9589937022699291,0.029030923093157423,-0.005744871545778739,-0.050096982818001824,-0.0057670538887797775,-0.04688027115867223,0.015706704334872024,-0.004917046489436998,0.008982692346157908,0.0031710047505100858,0.006414127794752174,0.25266686217547074,0.18306624018419815,-0.052916976992619186,1.5102157369322957,0.1340464184747838,-0.004390966611641619,0.046612034862194854,0.027248507120739725
0.020416728750651203,0.047800671077731983,-0.01821622370653228,0.011250951557166832,-0.002090499075568731,-0.012481673388630566,-0.013043242295313544,0.11972132449435047,0.005773472249782069,0.005598436211084555,-0.012807435525237602,-0.045125560755327615,0.036359712985636526,-0.03137301567269579,0.018131644905845387,-0.007351806267213291,0.005254987900346408,-0.5019188206345192,-0.035161865375237765,-0.014040971611576148,0.010092380815611405,-0.028465776421542438,-0.04796369606257506,-1.5972216261462004,-1.7328417007061523,-0.2422640836786564,0.32322658561498474,0.4980526205743257,0.5763895338500112,0.5449824982116936,0.378629089749264,0.2832939691744649,0.14496059138826473,0.016773865786052344,-0.004743859876061531,-0.022776867807156133,-0.003346020354139266,-0.010568329560927712,0.011557644689037192,-0.002610941132737119,0.0061651824554858296,-0.05489965096845038,0.004905179438617623,-3.145897380990068,0.666898973037096,-0.04242292613801371,-0.029176084560947346,0.3225732783477659,-0.016542529202012334,-0.324068746687545,0.040223535167404983
0.04012575217073222,0.037413835785349986,-0.019433703223452614,0.007745742902954489,-0.0025958728361901743,-0.009402030312239212,-0.009350681833127107,0.34691874006150075,0.008152018969640023,0.01182149068049834,-0.010581561072963264,-0.03470861553279608,0.05521224030710712,-0.029448953348119308,0.01378808041156129,-0.005978315542732536,0.06114601781718423,-0.668381680230217,-0.04241309120059225,-0.009209983819292443,0.09445850653553804,-0.02655763382412308,-0.04644870350570447,-2.342157572230843,-9.11080822788253,-0.2102028244832592,0.14326437850031828,0.5939148854602667,0.2349404388820264,0.7290656904715398,0.14741084162992737,-2.7262573722372836,0.13573329954708593,0.016690005782222163,-0.0028309845300509198,-0.02207801186690307,-0.002796274138417685,-0.015104809754339176,0.0198149196184755,-0.002880081097094635,0.0012769848142392352,-0.024259151091944826,0.006725261710842618,-3.667862541028744,-3.394973195438626,-0.038435912800436775,-0.17093144873937488,-0.4968291750051985,-0.015312353582028846,-0.2819819456088513,0.003945419837191065
0.04415664981298436,0.03023377831459987,-0.02439431010881707,0.007346074870503811,-0.0035846831952329222,-0.013572352415410119,-0.010468470944835525,0.09555623925569816,0.012108383454538943,0.0046328189953343596,-0.01574923789502634,-0.04746905075518129,0.049621007357387246,-0.046666700424760364,0.007382216055067938,-0.007680659913044823,-0.0021864731620512253,-0.902861093306344,-0.05220003664427177,-0.00998336336924106,-0.08196206591067315,-0.026180381778412778,-0.06549772648675052,-3.5498589804618796,1.054043902224278,-0.5108982841088155,0.15156823959501353,0.23239462714078354,0.6199280826512997,-0.5301607182610033,0.2022940583042376,-0.09697995151854409,-0.18776604260936192,0.02179927256001214,-0.003448754801641917,-0.025549664424842473,-0.004482952284602948,-0.03192307507613938,0.009406824403841862,-0.0034503168561414136,0.0027879631180317203,-0.173065773525835,0.006515497398604003,-4.99505203375579,-1.4231853993911734,-0.062475998829547484,-0.1397773509003235,0.18732830662932543,-0.020441117410883686,-1.5178463124402464,0.015535805670229495
-0.030504642266792198,0.024637780181908726,-0.047616471473909336,0.015398174034250891,-0.0028214369513754403,-0.004717357647824401,-0.03269407223461417,0.0734395362407071,0.0041802451524655514,-0.10454267996948577,-0.01697834407249527,-0.016043740348306863,0.028536897518168434,-0.04502784650509394,-0.00339800517171814,-0.010224347772998686,-0.0025421824694480976,0.025008094886444527,-0.024195379322609872,-0.0057221724095040585,-0.13439066768896724,-0.016439202663630408,-0.08357893886337044,0.8132039334327722,0.29204061496427974,0.17201777220015543,0.3052404627273425,-0.011424341341385525,-0.3452469924532927,0.4437387537845625,-1.9198257435165986,-0.235073856018688,-0.0648979871586259,0.033369356311065586,-0.002412944607283325,-0.04962893504058117,-0.009153815324500958,-0.018726637832541332,0.01824693874293194,-0.00654568383038621,0.0019854164581449823,0.001466762422107325,0.004981917133894237,0.1747557859945442,-1.0906720455421508,-0.07321661134170636,0.19650730722899515,0.2583854531027181,-0.007638516984735774,0.08562152371476567,-0.10444212269725665
-0.09643082102359234,0.030370607152332058,-0.08696294239528307,0.016322297540601747,-0.009117175694499964,-0.0065877272080275585,-0.035679749662850556,0.07957523389176839,0.008653531475123617,-0.8064165493818155,-0.055186487409940255,-0.027749772940145235,0.0710925410983392,-0.08687014477653411,0.001682915847179758,-0.01729602520534673,0.0014928410864065618,0.04059709538261106,-0.06813735113299825,-0.009388209387231497,-0.06764589589578164,-0.038637253391546146,-0.09523159873712944,-0.4332567865471923,1.180211891885261,-0.8065367329382819,-0.08970064955094012,-0.761419285012255,-0.025490275025118896,-0.3236848776850311,0.2129488686193926,-0.09510330851479783,-1.0414202242469692,0.04064389052041441,-0.0019748804908412934,-0.07573990570779612,-0.010716817506542879,-0.05648688434628877,0.01703768036318019,-0.0048617437038111595,0.002602433598666805,0.0014198111262631085,0.006950785705726499,0.08484864250390776,-0.06013475042543895,-0.27328690639334646,-0.3573540767619315,-0.6682205550866187,-0.006264381068928112,0.0012149040660536835,0.007209122267003487
-0.06481186720333917,0.030828815097542303,-0.09614389595130995,0.023040408088252178,-0.007297792542240349,-0.005089827742192929,-0.03654467687276423,0.08041448008302064,0.009458741633679097,-0.3767012152290247,-0.018904700224129167,-0.021633906705504375,0.044218657616427036,-0.0679039102656217,0.0008216024144021384,-0.028081176457815455,-0.005003780878391421,0.03090947426590249,-0.07300595862856714,-0.014657537400817518,-0.005130279723294258,-0.020768834923181913,-0.11760235380153856,2.0121044199698694,0.8840116838843249,0.15143204062900711,0.21863520995458674,-0.20899153335162415,-0.8743852627731292,0.1775261650273593,0.32252529475762104,0.01843498693947932,-0.2935929724198575,0.06652269097191846,-0.003483945474098386,-0.06843007222349036,-0.00839108394292556,-0.018824285827312246,0.02760197803242992,-0.006210379934784364,0.002421164703161926,0.001323278234607866,0.006336623962658391,0.17371761456737636,-0.16878730250506066,-0.16886556823676904,-0.05296789010591184,-0.5787443793431001,-0.008130195746639804,-0.0021340858985144807,0.021983409309928714
-0.02503372508890848,0.04060412020157053,-0.03967234207031109,0.015401215627128971,-0.005162055421680307,0.10753302824307216,-0.011711251079657444,0.10130422877751931,0.005948747832184474,0.012902754022809767,-0.03330245910581968,-0.044195916773877755,0.09332913575701507,-0.058187295473565874,0.0006586509769575369,-0.015724333170631353,-0.01006254681210036,0.05265179733530864,-0.06408795269134043,-0.006893405893946582,-0.004696120323749065,-0.04246277390693881,-0.08960419075875611,-0.6452872564172831,1.0568299849178546,-0.5214895285080762,0.12287562897835871,-0.6250217391707705,-0.9860789127933357,-0.3312480941234564,0.2897176926279702,0.2961469458785408,-0.16092675418482136,0.030312472360876527,-0.0071210161518958535,-0.04071948884092724,-0.007538235859827369,-0.05050762637752706,0.019402420065392785,-0.004228308763356062,0.002543878991970008,0.0030398837718411116,0.005597459213164857,0.2966932632498682,-0.5417667383589962,-0.1938216796786718,-0.17106277833222397,0.288477861586568,-0.004975625829883572,0.032476068808488176,0.0007657893426947378
-0.01773697909680138,0.04324651111121881,-0.03923701805148839,0.011303520420287889,-0.008250911044597676,0.10625566336408035,-0.01165748919809846,0.12430332064691767,0.00972122718675873,0.011145776859776696,-0.029930643649364517,-0.025413716468203517,0.07455383369910078,-0.06579889747231565,0.000756220243771417,-0.004646088919699036,-0.0012471487853519417,0.05752601037665224,-0.05390377973471218,-0.012280964614769933,0.29656393427559524,-0.02091283474512073,-0.08792327980820237,1.2649907430684684,1.3404332858827412,-0.20615227972231656,0.39878868592608613,-0.431831108159685,-0.4408864548457417,-0.3137679328488029,0.41358891884299404,0.3870418092524073,0.5350270136953059,0.05225985377816375,-0.006233378519626888,-0.04620444717803717,-0.006090707586761214,-0.03580156012491918,0.01755248945698481,-0.005621737688816984,0.0030140477742884443,0.0013923431443725513,0.0070747344552786326,0.4218425526856651,0.24505056860288082,0.8737953571241317,-0.040911938272896034,0.6360195008548813,-0.00542933757891833,0.03605063179859194,0.032148230570843796
0.0018478395574833347,0.052577157447298094,-0.027323704157517805,0.01411334371321568,-0.0040641813575626054,0.09150723220990949,-0.01050911725218542,0.16428948325846948,0.01225318698075249,0.00881204098415889,-0.02034681217043251,-0.027875090859758856,0.13071888772558354,-0.05082708464739684,0.0014790559256306543,-0.007410394826526857,-0.011846754477243648,0.083151870351064,-0.05596642930253282,-0.002881124500984012,0.4352933612258792,-0.015163335168941907,-0.06914064227322488,-0.5970745845697334,1.4897352149106524,0.18441556990229516,0.41205462732285947,-0.21070050459792383,-0.023362020149167016,-0.049864551205167196,0.3942947418475994,0.4940966113778746,0.08825795145096504,0.03573984642696143,-0.0047984190751175744,-0.031199445918265012,-0.00272448603771086,-0.02879149096754894,0.016918765141639647,-0.004596534866227263,0.002706576333424043,0.003931719033367785,0.00772552184417702,0.4965010177751269,-0.28224724927139416,0.6529758949727487,0.04898519878741177,0.7454699038772482,-0.006798940321657175,0.0523579136326439,0.03789966695251811
-0.059222179311937115,0.04147001425388964,-0.036945837084918665,0.011842453429774505,-0.004970751732171125,0.1822831721015499,-0.014134155553542731,0.07801381982158939,0.004894714375745926,0.00824134359920996,-0.04850868964867705,-0.027606000870520786,0.05353331084309763,-0.06138510894919568,-0.00030221936568240255,-0.010980332928229999,0.0021827331441623956,0.047716135324073226,-0.05249443195153182,-0.009821077824891809,-0.1708357065162599,-0.025258695111604536,-0.08759076572746001,0.5837032866462148,0.674257331554056,0.29722975178229094,0.291753046860079,-0.1021558132735884,-0.7558168318486232,-0.4937976493352235,0.4883828870726531,-0.0705166752763587,0.4008389569922176,0.035220273294990126,-0.006247182747571049,-0.03493724553057899,-0.008220742622473385,-0.037131731212412554,0.024206079552705196,-0.0043262464331702746,0.002449800305227444,0.0018248072247575892,0.003951654698109567,0.2898980680455834,-0.5973654223424844,-0.173683472999765,0.0025125780042177612,0.20371673367132231,-0.006996428177054849,0.030738484868829363,0.04119985550545012
-0.0499649179096554,0.024823766669453597,-0.12362063789384682,0.03959888694064089,-0.008414130672795391,-0.0031085193593586155,-0.0322539850619524,0.07873904937330477,0.006984030437334238,0.007273310728035414,-0.02557744305810861,-0.016319027075779226,0.03198465698041924,-0.05050840396746344,0.001553561319574092,-0.017889054870144878,0.0038112497246156735,0.030297391663885585,-0.05799005533808106,-0.018234903458633663,0.12041798616948308,-0.015880348884081484,-0.11114627137270985,2.0596918160885482,1.6208674873991373,-0.0826960979728684,-1.4085644744312351,-0.14650255250449612,-1.029741335252233,-0.06046282274383593,0.26161428813941745,0.04233189092538503,0.287030136369799,0.11482874889191146,-0.0028265240875424624,-0.06227051720195483,-0.007344473799122386,-0.020244661862717284,0.01359782242509344,-0.011367587261967255,0.0006164970628816464,0.000625131561433244,0.007593829941386492,0.23945120383922688,-0.6756457388019017,0.2893197257745864,-0.1886189455026503,-3.1255674555029858,-0.021859514780009224,-0.009008028748148303,0.017485166425054925
-0.02732159575900124,0.02858806789684961,-0.08641651704460435,0.034998946333572034,-0.003318371214798329,-0.005078967406253546,-0.034696815947999886,0.0676016634828568,0.004854972758369414,0.005614563888718752,-0.023231864850547897,-0.023318600971533456,0.0236844220478776,-0.04832545760413892,0.002975720097086555,-0.016385050861529436,0.00035661612153784736,0.028307438267688525,-0.054803795250991244,-0.009299898479058091,-0.14317883346029647,-0.016675761609734396,-0.10118585950297347,1.5065501998558442,0.5020188250775988,0.02945361957172091,-1.1089842965324745,0.1363975144612915,-1.3932953967819857,0.4391472273267936,0.5047741568660152,0.22955963964098036,0.29355178198858106,0.0934490926215607,-0.004704007175160546,-0.043766213189733005,-0.009440425552031622,-0.019683300724193928,0.00977166642823684,-0.0060112154894329676,0.000884334338432447,0.0008380819169906101,0.0041961871350830685,0.19324442272670644,-0.31230098668582973,-0.06898053537924415,0.16303748018419653,-2.2207443895066894,-0.01873340379338377,0.018724234105566444,0.023114169310649503
0.02723557620123775,0.02432865619782133,-0.0700874713666223,0.008825980747838632,-0.004935218103773091,-0.009010680035525078,-0.03660688765229049,-0.2560275041264841,0.0039702251695090136,0.007800596369094952,-0.028294920170705444,-0.020587122769042936,0.026898737206768965,-0.11458624149474056,0.0011962399929017716,-0.016352659012855604,0.002037106535918566,0.02457580077225083,-0.08685836658583669,-0.008926691108470884,-0.27684119456769113,-0.03578815059177853,-0.12505581241777813,-2.578236626703379,-1.0486685959643596,-2.0426073656862664,-0.3741735650113718,-0.5065858491260758,-1.9173045934010848,-0.013715609660472488,0.08992299896891169,-0.2917126763523313,-5.13697235502284,0.025713242997658536,-0.003742925139967769,-0.08864220566190664,-0.019055608648240366,-0.02754125776283732,0.003838857099611003,-0.010492901877814141,0.0019421214251198415,0.001628625928293224,0.004999347981267739,-0.006519003360257399,-0.8742964871786798,-0.18989698462664673,-0.3382065250842136,-0.2841256006487132,-0.008547538921341852,-0.013426240584248171,-0.02191426232334022
0.014110659014599626,0.027842776478901873,-0.06790610125579459,0.008407617233408556,-0.005113821544700058,-0.00659293359647583,-0.042822796803134,-0.0630464961512808,0.003956609847558273,0.009351597731999,-0.02254571752757772,-0.018969674756674024,0.051120180435529655,-0.08902478956526662,0.0012252009692879508,-0.035906624728295006,-0.0036211340203207527,0.04360276958900034,-0.08082111836690346,-0.014933606844956293,-0.12655240134959642,-0.03015093563716773,-0.12650792565057334,1.8149979659283477,0.8321940247886409,0.15625023096299634,-0.019627277218860272,0.024953735125867387,-0.6245101085092923,0.3002041794018365,0.3133739153862673,0.03309929027254516,-2.4755959580273963,0.04685119918393851,-0.0036446976437183912,-0.07117806178212133,-0.01458450471139754,-0.016273087640910462,0.02238083105616121,-0.010643543591551802,0.0010259656604525182,0.0014863365432811902,0.004638515486708889,0.11858492506165268,-0.2892201768964844,-0.13948499555213137,-0.07323900405063771,0.48987205341430384,-0.007891848967924178,-0.009620383442238704,0.012805937775716038
0.029875182117839284,0.050681512735449415,-0.024706547460637416,0.015941686873937863,-0.0019144460484814372,-0.0094042802766831,-0.01687361651224513,-0.004790121921762339,0.006098949500165977,0.015527245076199916,-0.02789028952279869,-0.027487898445356842,0.04678099414337886,-0.05497134047499083,0.0036366395079550306,-0.010321507640422816,-0.009934925502892553,0.03761100375996796,-0.05052897703272307,-0.0055987108865028605,0.07958433757731213,-0.04303433391080429,-0.06462287266201203,0.5459622156586627,-1.5572342400128782,0.28418435049712293,0.30583746433256936,0.17436298796495392,-0.14208333342190527,0.18647965999990315,0.2884671632937565,0.18082841555608614,-1.274011852030128,0.026887337237736886,-0.0037397458563780553,-0.03689902896076154,-0.004264456764430311,-0.02187627003665666,0.05448415004988289,-0.00020645361932734342,0.00720620123497225,0.0030658771102312333,0.008725615081029262,0.2226443869054006,-0.3718747089908811,-0.06885324936946302,0.2809709935341903,0.05015462066235234,-0.005885938925945114,0.023372544692842005,0.0650123998331178
0.03895615855459051,0.06161660324274732,-0.03427990100940704,0.00888333569399723,-0.0030922681041494074,-0.011963001008798949,-0.027129491321524316,-0.04099592798321234,0.0050526233283002195,0.012048943283015288,-0.03286839633115489,-0.024236237347991303,0.06385777041355761,-0.08148740481664105,0.00014054529697758234,-0.008517653441163994,0.011496140291833365,0.051295204183660834,-0.06719684532135234,-0.004481561402527171,-0.09428167058291471,-0.04707035184126526,-0.08466092822055578,0.8075193374985198,0.05602424648567891,0.5558933247429736,0.09462256175908831,0.30956262933358664,-0.08107277267504749,0.33372743491179474,0.31233441965744824,0.24088282246465706,-2.490209296141577,0.033075020941693886,-0.003970534284518571,-0.04820091332508708,-0.009309466561095273,-0.018677699037992063,0.032498245027260036,-0.0015551600058557665,0.006594139235768474,0.0016950641076944877,0.00484098190786451,0.19363536213315635,-0.25349765246402145,-0.14460969839025367,0.28112764098092335,0.4217897784451092,-0.0068713749299211015,0.014849284964044973,0.046937337118231906
-0.04286255859261162,0.0372063258354223,-0.07564425996650197,0.03004927895136789,-0.002637504738024004,-0.0076115622433796295,-0.029001945744918836,-0.05421001476083946,0.0020529234058008763,0.005812267088873842,-0.04622904457783361,-0.021146476468167374,0.030182990869829025,-0.04366601861537505,0.00812046342955379,-0.01658846454412141,-0.005646779224394286,0.025727148925088636,-0.04435911773740491,-0.005204493217078943,-0.186117744639479,-0.019383090224453906,-0.07000835913885159,0.5448183703990974,1.5945080933405011,-0.03700167817981013,-1.2098114957128936,-0.04974681699346376,-0.7231739097389038,0.3597452851811405,-0.9159596776243191,0.48521000293829514,-0.06948250939951253,0.08267665440802906,-0.003524568522582139,-0.05543041486189964,-0.0050286724042944405,-0.036734869624725205,0.012787996066386276,-0.006118818797074733,0.0016562114161651094,0.001389969329326408,0.0036172550492018425,0.19692720043386971,-0.6338993233459433,-0.07273544172797675,-0.016935205232954272,-1.574633013145219,-0.025619142333255514,0.036595562633899285,-0.12969938340854137
-0.03176445121842636,0.032946142798504885,-0.09845818220386053,0.0411112212388467,-0.00366546380462644,-0.008392745670362326,-0.026059189682980613,-0.08653042591901948,0.004521473425269612,0.017162235214848803,-0.04497558064256491,-0.025626853633653152,0.050219473791388296,-0.06444290190252923,0.006131949415989203,-0.0151602366836069,0.01785058370195528,0.03301379235218366,-0.05377866836791721,-0.006366732225584583,0.023327273067418098,-0.035138910835357424,-0.08081868745919599,1.2038211458542118,2.1375828460298374,0.033868598605306194,-1.1652310601668745,-0.08948947196050153,-0.4515933105941699,-0.15090222072310683,0.27571982549278934,0.5166193493950927,-0.6382096567209412,0.11953670382189956,-0.004992254419048731,-0.0697727995430878,-0.004319913370813779,-0.041600968265049165,0.01090720137070872,-0.006629034971692449,0.001277739056323332,0.003146989962845074,0.005337300023465411,0.18874694328221506,-0.6492393167717908,-0.12111910956721422,0.10910195118489872,-1.655375089983905,-0.0234871958811357,0.010535121895853995,0.022507252823240072
-0.047139716711835575,0.020714650072235302,-0.019802768604454294,0.010431958736748292,-0.0020696107482808695,-0.0052619087224435885,-0.0073667673054448055,0.18361193800074402,-0.004172956267587541,-0.0030452319818065833,-0.016539423050962107,-0.02568409916631748,0.03968417750494906,-0.03229266496935772,0.003932178202359042,-0.005248589469587855,0.017574902870303014,0.03890314146495669,-0.05393940708985025,-0.0029349927833273674,0.04985938107693464,-0.020829966699630234,-0.03879903146890221,-3.4567878444379794,-10.839974816047194,-0.060741672070267726,0.015362903252145947,-0.06436049885070387,-0.43686670305027697,0.1079506657864046,0.13994058216652813,0.7288970837774681,-2.854368427571356,0.016470407076329636,-0.0018481256194469984,-0.022599994195355803,-0.002830881885092059,-0.022279929686877274,0.04238912283301879,-0.0026574171220084992,0.005637130449078932,0.008458811793803235,0.018035453675623616,0.2641233414868211,-3.6693286895299613,-0.04963236155420726,-0.25754930902940004,-0.9759150595753764,-0.005383778171812768,0.020413136527059603,0.010223081012581936
-0.020499324243191296,0.02726708377815541,-0.018955537028173697,0.010322644695481852,-0.0014937513037646226,-0.004742772588772892,-0.00976361793107639,0.14173815003423765,0.007978843030129143,0.00959605663443858,-0.015016965528109123,-0.029823530451488296,0.09083744943091819,-0.026195003729197662,0.005895666716291413,-0.006840358068614961,-0.005096313816244776,0.04259724953090057,-0.03841553949563827,-0.007103322582106186,0.1499143435880481,-0.022300384884664043,-0.03539518406939036,-1.363328062607284,-4.56836755496727,0.12852319443983365,0.3016664048739047,0.6952322389156285,0.48795210772898845,0.4240400394379711,0.20693900719835318,0.5905216281842695,-2.0811947240358246,0.014934135059002823,-0.0023112004571189198,-0.021394547873664196,-0.002419270448139201,-0.013309576908699713,0.044793430417285486,-0.0019372432244926282,0.01824549096895642,0.0149403012277242,0.02099572361198984,0.28990657512636775,1.6897749652319334,-0.04202874084744629,-0.027384448523792602,0.4529945040159506,-0.004370508988298529,0.01730298967516368,0.041458216048241466
-0.11181467009792394,0.03528454355494573,-0.03484819424585231,0.009030549517108574,-0.005038407498675784,-0.00857745010399656,-0.024612551484251982,0.03744527600246007,0.003959396522774458,0.00542416721999997,-0.04140645430038631,-0.025610539270088932,0.015165136994038899,-0.06294231913209561,-0.003211376121029156,-0.012124380761962924,-0.010405347411277095,0.02435427213772565,-0.0589960729302729,-0.0047182266164316694,-0.18784847281337128,-0.0321102169723271,-0.08612356425933028,-0.7982046546397292,-0.5866522699474507,-0.03541729336476055,-0.13899611055764344,0.13700059813226148,-1.2507154719352942,-0.5505858000972819,-2.799133880846264,-0.3871540075977689,-3.5979061735174884,0.023930037883703934,-0.006205985311116588,-0.03851091120799765,-0.0067111239474025,-0.048482970849250656,0.017070652888345434,-0.003517257364679604,0.0014593341910557542,0.002021354207612081,0.003743559305728365,0.007603804141250676,-2.1782384100421264,-0.08846443719195157,-0.4529499500704255,-0.2628385069330762,-0.005406213924703694,0.012843322937329026,-0.29837673960444017
0.05419734384324349,0.05212492276198622,-0.022369718166079296,0.011499910647896223,-0.0017736774708134954,-0.006144938678412682,-0.015191220128858908,0.16556966872277357,0.0060716755792835485,0.007095098376684275,-0.025783471806475517,-0.06750495598306888,0.06933125205009093,-0.046501298407731366,0.0010628243511390043,-0.007297657246425291,-0.024664033364838515,0.06438872718125145,-0.052575170415118895,0.1570405723432026,0.008839473026147031,-0.04225122013836374,-0.06063982068224683,-1.7254800490746622,0.27117636980134996,-0.2399784388386365,0.26104403034734736,0.3161895740405542,0.02577844931977189,0.0615121101219909,0.2953354469331101,0.13562011980710903,-0.41123415283023984,0.02228675982542863,-0.00588963756880598,-0.027114192223155847,-0.0033623051266233835,-0.04330681701099924,0.01695818245497668,-0.003154138074010004,0.006062064175610116,0.007954436125211534,0.006734504912944082,0.19446216802798572,-0.4652728145601288,-0.06396153448421707,-0.11084082271247854,-0.20360533811781723,-0.006835626246525632,0.06244712122247417,0.03987534271632689
0.10935354362040822,0.05509134536694838,-0.03911192885164451,0.016397466654657262,-0.003393040258459014,-0.004803462819002681,-0.024739159328725353,0.1464186338135926,0.008428909549075658,0.010764831362676136,-0.029474520863571434,-0.03532704505674708,0.10264853457721874,-0.05215641059011034,0.0026481279252734097,-0.011260343306186573,-0.0002516751292681101,0.06024196149113566,-0.08017421281083568,0.44073277888411055,-0.17955902560198292,-0.03151865582508104,-0.06806076168672416,-1.1599853170350363,1.5027535637208342,0.06366292925976831,0.3136352239759069,0.28359019326242824,-0.4806718465477014,0.3990631543863269,0.3342715129839701,0.29303717819775366,0.0030754296361237723,0.03229430095033827,-0.0026215519604987705,-0.04055215882145472,-0.00486333907215687,-0.05275965719539494,0.01749460077723589,-0.004982745173989714,0.004017450112777778,0.0012815746236396945,0.010492498353690243,0.23502004658500028,-0.3766624186738183,-0.0996666437280292,0.026051981257238264,-0.013242499743093642,-0.004983702205461377,0.03162631211220377,0.008857129600173158
0.016721456386061626,0.02307791855786917,-0.10751334134449343,0.039664501350097164,-0.003786054500108161,-0.002741094768562007,-0.06437593689224744,0.09066505336287989,0.009667227317021205,0.011040564236959502,-0.02538230460558324,-0.02792147994690818,0.03169057940727376,-0.07979063899319089,0.0030189610462338866,-0.044111270135580596,0.003819022811466357,0.02769267727291161,-0.08291776297425688,1.2562798858730884,-0.22926758605991332,-0.018428688757672777,-0.115909510388931,2.3491290731652894,2.27050756855681,-0.16653148969103812,-0.20893865202413203,0.3542379099498902,-1.4350574005999106,0.5191644663924952,0.2667176879438272,-1.648928728477454,-0.2783538921705906,0.08876687740443308,-0.004520963520724976,-0.10816184067581279,-0.016611327063209926,-0.023344611528862545,0.014281772566312922,-0.016244312921568024,0.0021523226910641993,-0.0003352200354999303,0.00791484703189961,0.07341993565988644,-0.8248213188052607,-0.1623330523214306,-0.31445287754757634,-0.889663790169695,-0.003470622292509798,-0.034563414215365726,0.011663314151986098
0.02026670279493704,0.05054591716222804,-0.05471612557180338,0.009628388586108854,-0.007761159425950987,-0.013335975634369,-0.02565949314649071,0.08840409494988775,0.004342768738045685,0.012533749133696353,-0.03097164107485309,-0.025441092251335822,0.06382261558818329,-0.09518680026319012,0.0023475654039426704,-0.02025529352404237,0.0011617257903567494,0.04406051590275512,-0.07954523805481402,-0.008331105624076457,0.007156867779243049,-0.045468417131164,-0.09145884728499638,0.7870994503838684,1.6338115797116066,0.0648896954207138,-0.019361135786826213,0.3768927387645945,0.7103880086078177,0.6357009439743495,0.41166700454411076,0.05354989783267576,0.017833731283787128,0.04049530839687404,-0.00476965888467607,-0.05966735101611834,-0.007423011582655896,-0.02965971578742414,0.025748459782885008,-0.012190383841598927,0.007604244154734606,0.002572402923863786,0.005235090200214048,0.09131415687583094,-0.42974765668528503,-0.13899591468328576,-0.025727419746794166,0.3926091954280645,-0.0050287631975304385,-0.0012972544625715337,0.04205901401256864
0.02264589034790173,0.048836555628171054,-0.04574343943125642,0.011080039211882858,-0.005388112826081575,-0.00606839582052623,-0.026449199006300165,0.09240832574040203,0.004411537236734756,0.012696004494496402,-0.0292269843895325,-0.025209468805053193,0.060909622319535,-0.09769509439370364,0.0018079855969306967,-0.018813221558410663,0.002779229543234086,0.050746050106168096,-0.0861000549661297,-0.01703562465712958,-0.058927543322188136,-0.043801467435733904,-0.09472675952516815,0.3013614517719536,1.3035568899879904,0.02645763566128208,0.02945683809846955,0.3488404077908312,0.026217483294370906,0.3042209933472452,0.38704628725781726,0.16465533118042708,0.22317356953821044,0.04026449678303017,-0.006792403479718635,-0.060152313191553466,-0.008994050748358944,-0.03173617968006796,0.02518820734373276,-0.008427124689614013,0.004547383243698168,0.0022284665413308076,0.004624513009304229,0.21222531077305387,-0.5373904803417875,-0.17167902729401038,-0.10159450808779921,0.26808535512689086,-0.005127781449774926,-0.080776029691186,0.029232738357564705
0.03274793733614427,0.021052430156863568,-0.049281744883267496,0.006829483386765245,-0.006024454515431307,-0.005406640074024865,-0.03638551272605631,0.0644956214799868,0.001625401560786467,0.004687929573723289,-0.01878176501122788,-0.015353786985120198,0.030493095013801173,-0.0525587733265555,-0.0009418115664936815,-0.01332339692643036,-0.00442809367386828,0.025383458380076503,-0.0433354213594155,-0.009229628608295855,-0.09138267322550489,-0.016005250671325435,-0.11003248685501345,1.1799297038451215,-0.20678056309253598,-0.10397267805388144,-0.13478210734888352,-0.023960529449892777,0.6021608921649505,0.2893563792356204,-4.770237877422296,-0.3971705671462851,-2.139027989002549,0.026682361260307028,-0.0024591406070536485,-0.040718934724773094,-0.007512683879246007,-0.014533140572702738,0.010535637628106012,-0.00711955611215533,0.0028035453897842003,0.0015276705135724086,0.0036297879969329765,-0.01010392063466809,-2.1475604712051064,-0.05661348386782396,-0.1205521470719416,0.051707989316218776,-0.0025729444553899126,-0.021087464789066857,-0.09414576285662475
-0.004035895336517692,0.057169111915107186,-0.03527118760854477,0.011057902900662882,-0.004161505206446961,-0.016374572457467033,-0.017367679840735086,0.07162325406865779,0.006131847826003007,0.012381532468439828,-0.02848640462436523,-0.035713065464685056,0.07213505526621418,-0.09325333850757457,0.0025356576621163598,-0.01272717060221257,0.000499013955416642,0.045608652354161595,-0.06795223711686833,-0.0047350603922610745,-0.006203507638363558,-0.04214958859354969,-0.08718686963231924,-0.110125001465204,1.1422671019063473,-0.06852895186574896,-0.019825796619007217,-0.3571944740146277,1.173037930208672,0.22632276887005714,0.38954963053413694,0.07811972519486413,-0.12497810510996422,0.034898098495017835,-0.006261593754582615,-0.04808974238616811,-0.005235096838022053,-0.03203365946819998,0.019748339274211317,-0.008383569914320247,0.004904011950875684,0.002278609099299964,0.00402421464587255,0.15745759842274745,-0.5764380178205839,-0.13333125768559922,-0.2321037816595468,0.22407658733450778,-0.008326157549043258,0.04739296042107449,0.04770674742743339
-0.06330972430746734,0.02000034659736754,-0.11063359933391312,0.009746210907300448,-0.005958705235267594,-0.0065028425292753085,-0.03692222902230564,0.07350468524164773,0.0044616165416960386,-0.4704803380158224,-0.037723074806246926,-0.017847356418984463,0.04066854618289168,-0.09300302545895005,0.001470648675107823,-0.04277313139097267,-0.008834697021888148,0.030319229508070138,-0.09946581925667754,-0.03166463744732585,-0.01641333291752111,-0.022926235320809875,-0.1477228986305351,1.6393546954921063,0.9471146014727291,-0.7171117572501237,-0.16204737408765013,-0.35687284607624736,-1.6384207552720516,-0.9027852894661491,0.2316258192509412,0.09639224867905873,-1.945406342535795,0.06465486042752235,-0.0025274661407499598,-0.12841717497402064,-0.01167382159001577,-0.025877191905762816,-0.5860455772528339,-0.014138674807960418,0.0029643488010591165,-0.000418151667616103,0.006853080252218271,0.0710499870504647,-0.9598228957679747,-0.37584742047146436,-0.26514739785708563,-0.21860673382989704,-0.005119354698201704,-0.01707903614924522,0.005218664455085795
-0.06849997231696811,0.04789032502528859,-0.02303342304247345,0.008891739681255983,-0.002435011837120665,-0.00820050487975999,-0.014404212350654635,0.13202929800729932,0.005869771125780487,-0.21453392560455015,-0.031783291164954416,-0.0678991945842351,0.06470915466575772,-0.04767839437892015,-0.0010951033611068532,-0.008824673715148407,-0.03076744364494403,0.05260670415282483,-0.053280383658697694,-0.005518332260887014,-0.08189682248623238,-0.056065000629498686,-0.06419703230582603,-1.1502799104802761,0.4446228110227932,-0.033292049317295784,0.12029861763352653,-0.2317372239132415,-0.017597481070866713,0.23566298227785332,0.3827322596260673,0.01827008174854036,-1.0137343534251315,0.0192773452982353,-0.006140281839218533,-0.03046749547145868,-0.00589458159939352,-0.031131474241722214,-0.263462578248456,-0.0029956372536829,0.012166723539616167,0.006049388314188692,0.005129429243422244,0.16851862314338628,-0.3205221651813542,-0.08318115971877073,-0.03947691981001839,0.14302536540912977,-0.006425813531803148,0.04677717504022262,0.02629477792106398
-0.05018831120721341,0.01978458146565578,-0.049025338649089076,0.012075780054002283,-0.004079318833185167,-0.004622672057698437,-0.03758638732565911,0.03531502796507473,0.004272031297025564,0.0038555669611307552,-0.01846149933705329,-0.016308111926972638,0.02559871122786559,-0.04604905568948138,-0.0037745674395363435,-0.019454742808455057,-0.003070924229374109,0.025849640758629177,-0.056457507858654776,-0.011367170343404915,-0.17624433453225827,-0.012534621984119651,-0.11403506260821238,0.3507971809919948,0.1558576659582987,-0.16818206508054198,-0.008609032607301143,0.03513407149901333,-1.2391449030454607,0.2924634793831824,-4.424028562826989,0.08005672986935809,0.14288622286373145,0.03957829589617394,-0.0034006699312188766,-0.045513150267041357,-0.008673645227560393,-0.01537181919867551,0.013196243859531939,-0.01151139976152906,0.0014760399508963198,0.0007317661071477163,-0.25316735423800246,0.03682157861914111,-2.306240250023147,-0.0653569927938661,-0.1701665657504386,0.17371484189921882,-0.0036109356874134235,0.04558269159372116,-0.1396531645071825
-0.07844473732529429,0.02203727997648799,-0.0968360528716565,0.04461770247948584,-0.007996073625846603,-0.0053222771590834585,-0.039960769937910125,0.06924716620887993,0.007873427620793374,0.008086815664993864,-0.03667347411755606,-0.017659832761826658,0.03891117544534594,-0.08741465030934123,0.0015847344430639807,-0.04266416617623697,-0.0009011461588088901,0.046317242461820285,-0.11054849341374852,-0.03717588241791868,-0.10580092427923496,-0.014777574011362496,-0.13720775031141103,1.2135156136269132,1.5695913579186296,-0.12902190184466766,-0.05053888143763887,0.16463300830360564,-1.6260795461915856,-0.24698356439507566,0.31816894540244606,0.21337022937386046,0.6156881568674393,0.10074877545362283,-0.005844524036793712,-0.1142082539772772,-0.01042173821768432,-0.025117255537397257,0.013775354405758673,-0.020067795714871734,0.003287841671821652,-0.002216088296111633,-0.29185298286902417,0.12531965750750704,-0.49856389650349975,-0.16681420577086334,-0.18343758811819652,0.40377074076643454,-0.0020631319647152688,-0.015493257208752047,-0.0033900553581093502
-0.10202255891320519,0.02136800766906102,-0.10718466929465956,0.05526573302416245,-0.008769233774506183,-0.008462470315465553,-0.04305797254800063,0.07267952087439143,0.0068847571394350165,-0.005818665437725107,-0.038126767204562706,-0.019287577454250093,0.03806306461853607,-0.09173077137721543,0.0014498016590623736,-0.06685207590541649,-0.01000664615471755,0.027132110644809998,-0.11942246870336513,-0.03348693312087926,-0.15840952852797013,-0.019714511863114893,-0.13585029890803765,0.5082201845366675,0.6947947528580403,-0.3482995886282699,-0.16763226349354454,-0.11376306026538191,-2.338642285925787,-0.28515961743701235,0.24170945946567587,0.08993618477605729,-0.18438047619509262,0.08619191396956462,-0.006182440497722159,-0.11668541725634471,-0.014238609373666864,-0.02028840270000136,0.012615638098222769,-0.04228953518716732,0.001680553090141891,-0.00015689717477630936,-0.3681258222083547,0.09649426163816005,-0.77479165137324,-0.18507216350262184,-0.2444084698210569,0.006479224944797595,-0.002066305653550343,-0.031853193440224324,-0.020826174127103855
-0.051095199136658775,0.028893664225904933,-0.0665020185686841,0.011486477227047116,-0.007326526119627892,-0.0034417998775822384,-0.0341655439554558,0.0854929926047361,0.0075532911046758905,0.009093545470873368,-0.02337593693019944,-0.02101191631070181,0.0447126967899053,-0.07097567264085847,0.001376505954966129,-0.03700493771799173,0.0007940881146393178,0.04667582117345777,-0.08705445509940668,-0.03182338111698744,-0.0457101944156621,-0.01656808597648735,-0.12663725599675982,2.764440662594841,1.1665921212358357,0.07780335668386568,0.11314431663160514,0.30214072464272074,-1.120818206947742,0.14068202409476938,0.3491219560658524,0.24088816064433133,0.13863874718754468,0.0688179978549889,-0.005702346075217434,-0.0736115643680538,-0.009596961913173748,-0.01651472694626778,0.017482426083749617,-0.01692145247768681,0.001649352476241503,0.0002982694529552268,-0.31690543023311957,0.16544746336914778,-0.20104227072279424,-0.10455156096595643,-0.23790896866740863,0.2623681697336591,-0.005185665286349831,-0.018007672939359346,0.016560215329680543
0.026780187672248445,0.046495208292874506,1.3598076136187183,0.007927618734958826,-0.0022685014014931885,-0.0037720286445162175,-0.016374123809302404,0.03444019973814707,0.002844911214733094,0.0056982145500656745,-0.020998945456169208,-0.03804676420717021,0.03467614476856773,-0.0369120216094256,-0.005257104667323762,-0.01285349341693295,-0.010106861272873318,0.033927654538048066,-0.0538335684323656,-0.0006791885224586107,0.04127456074122085,-0.019571210288552656,-0.063684316708711,-1.8172368894379105,1.230010409585348,0.06302927668433211,-0.15073113334052496,0.139195752438048,-0.21306009128253137,0.2400224499657632,-3.8961761729514772,0.3263503439245196,-0.09234246166370019,0.02244798833109874,-0.0034743287474137807,-0.027958641485213476,-0.004383628479173504,-0.018316614878774826,0.029852495700878397,-0.005064814662301159,0.0018563740647901147,0.0023299829849824935,-0.2081603367039327,0.20564974845517234,-0.790706681181077,-0.08323890064020018,-0.04102684201036335,0.298986766798545,-0.004529687285927399,0.08751801211065256,-0.12535569754817535
0.06931130129812114,0.0614852110602912,1.4327942299581367,0.010276883564793966,-0.0035089282729148584,-0.005402509014697581,-0.011682421825476312,0.10883514707202865,0.0042174031362613605,0.010220843623383305,-0.021112578066482077,-0.05047674053851768,0.08230431114273322,-0.044508286309330986,0.0008389529066094644,-0.010738529427454317,-0.018422476552558853,0.05326171495609468,-0.04777749644913101,0.0038164236962571364,0.038718148070455566,-0.03812937210886555,-0.06426983593479225,-2.0202828457889273,1.8212576013968622,-0.29731297339199664,0.12405698045060289,0.43449023097328426,0.4559244685849026,0.331291375128254,0.5439233384143213,0.13987740014735825,0.1003792920262397,0.020489479564272738,-0.004009389109872917,-0.029088419903979396,-0.003382465938918142,-0.033714239424189094,0.022302597990295485,-0.003775198357317225,0.007866425404285117,0.0033148416808420843,-0.20833589728804922,0.20588902217668043,-0.20429237558271646,-0.07280662657031539,0.11620024578207526,0.6097810890180781,-0.0052153386755371305,0.08210802222393693,0.02983488749044417
0.04556327377166891,0.07122625901123746,1.530447883114621,0.00952080331653567,-0.002524843308100312,-0.0047586267327797485,-0.011069132918871695,0.15291263995171564,0.00785386479974734,0.008209278104535391,-0.01502323587173214,-0.06742623815859825,0.07879751225470313,-0.04327203128978799,0.005047479783562199,-0.00941667399870172,-0.01945814121996532,0.05680934008689957,-0.07462778822986812,0.010020490364439137,0.3291004255319237,-0.026585302283572344,-0.059997591899217696,-2.823954735825934,1.4907326567511296,0.1782969971424135,-0.004616670369183031,0.5512782418763126,0.2949430719660769,0.4212768660532407,0.4850030328784504,0.5940497597602762,-0.21857887460034134,0.02555306297090833,-0.004883952852460212,-0.027477191584982318,-0.003303284478627834,-0.030888646251470964,0.0281744358400479,-0.001972413320251711,0.006651347669360414,0.007501679637265311,-0.29517338213382577,0.3179933635618274,0.43138930811952875,-0.04557040368805328,0.08876807476045628,0.7069786041414405,-0.007545029140957903,0.08122926241680922,0.04413709988059042
0.01978438656708579,0.06220665601450359,1.3011369818370448,0.009124389228567393,-0.002806408175519611,-0.005921542063739845,-0.011110668621919657,0.1018249312691135,0.005828921867341525,0.0062720393496167575,-0.014979343196515546,-0.09297660885221268,0.06300784378369204,-0.04560509293356568,0.0023865080444324684,-0.010386651025084289,-0.025672516700376423,0.0613151399177141,-0.07443775090989313,0.0005201644501186852,0.30132318052978907,-0.03269441259459625,-0.05946555561337206,-2.365061473333038,0.81208724465249,-0.026500317794328127,0.017321749003233713,0.04743043595044471,0.26363809320536036,0.009227305222939469,0.32598845329463566,0.24651327232483,0.31193967950146123,0.022127100475834677,-0.00594059407710917,-0.024664976517997428,-0.002165456755950017,-0.03725040886939013,0.014129801391339642,-0.0008806599977212552,0.011092834332359023,0.004208533847170298,-0.20665446413588115,0.24390796958394412,-0.8330875582226062,-0.06998724204657196,-0.014383082780626041,0.07027400020530944,-0.006386693619881508,0.06506210723851766,0.027083808261514207
-0.003063252768199962,0.061285072468184786,2.684728907362468,0.009464075929543339,-0.004320023794915103,-0.008978068372889109,-0.019865516103637588,0.10153497454664798,0.004119120092736607,0.014452468794016795,-0.03278990048154868,-0.02522900369505265,0.059242419671542944,-0.06493240725144427,0.002461857489207869,-0.02785431670344031,0.005494679683958235,0.04493261865735357,-0.09120711836402069,-0.006481263047186651,0.2773154956301463,-0.026789541226471578,-0.07491230822220712,0.16396390417906118,2.9212387749906488,0.19388870695931154,0.09922019828541738,0.5118865991115029,0.4850705160479813,0.5869558119109706,0.4988743980457701,0.8592035902242331,-0.17327962713365835,0.04429065554254722,-0.006593721909369377,-0.053156349851381964,-0.006137458103261738,-0.0229321132454712,0.019753172382942052,-0.0031009167359804745,0.002202823073648014,0.003087030708410996,-0.20316880789387942,0.264194579435883,0.6978462722810694,-0.032154535945817464,0.3505695232115415,0.6237013074717822,-0.005622163397213346,0.05571746048624236,0.051789089756294954
0.058136615412436546,0.05534124323338842,-0.03181827934831498,0.009517732388413767,-0.0024447403995281956,-0.0027227159687993143,-0.019053541207455837,0.05210777305437295,0.004470644853259413,0.001990774381321359,-0.026246274445322244,-0.03149945216113865,0.02224126219512519,-0.0361296191366746,0.0058744421686902195,-0.01459122357889133,-0.012997104758326843,0.0670183242886232,-0.04238363175667006,-0.005858347823246476,-0.14897746849157967,-0.020050902049753176,-0.06730532415143094,-2.007032377639755,0.8199463537175276,-0.036388909056458675,-0.12406958581649816,0.31684440159522725,-0.5090623580314422,0.17575793481967703,-3.9171698300358764,0.06458263513538516,-0.4775631784532974,0.021706488972150988,-0.003042989086720188,-0.02946750492375807,-0.004014064847902724,-0.023518919874026073,-0.38989460328266806,-0.004272424165828311,0.0022857082281374144,-0.10551524979797071,-0.3454439541389472,-1.2104981921213724,-0.3969629704091867,-0.05891459644919949,-0.07241751463630028,-0.30322094310601727,-0.008010197649901307,-1.2979071974269256,-0.18189627352407897
0.05809073406332016,0.04836657894412082,-0.04669188979257523,0.010838868113394701,-0.004512871599826469,-0.003742784020030997,-0.021002103760690456,0.15578156580393485,0.005671413719381764,0.009206241634796941,-0.029275590325855923,-0.06927143555176996,0.04805776673821461,-0.050229169743749864,0.018970329187168455,-0.014610064930055748,-0.016378499959252044,0.07626442176024663,-0.0776676249981286,-0.005423561892979649,-0.056620458841886906,-0.038351650930651286,-0.06800916715094425,-2.177646477186304,1.9508051897416303,0.1326031285348543,0.028427783339008923,0.36441698826940333,0.18758891149349874,0.41162845900174083,0.3248930263960078,-1.0400442401679766,-0.7088816227906586,0.027110451813921785,-0.0022831341987340527,-0.045718554351432995,-0.0036973179667210924,-0.04534717657090946,-0.25075476104802885,-0.005580290936765773,0.0024870194061269303,-0.16325568167590243,-0.24502416423429826,-1.0080557452923484,0.46869719999339093,-0.06431856510025305,-0.28141981029801716,-0.338830027426953,-0.008071961029975979,-1.0655362564152857,-0.0009290832240627239
-0.015964108625316283,0.04106402537494431,-0.024568245361334815,0.008063621145711092,-0.001912151096175865,-0.004652620056262192,-0.011142933106640997,0.0912539856730364,0.004992379446328573,-0.00048184658619182503,-0.018841437499805398,-0.047295800438042844,0.03347919166195981,-0.03722326885357221,0.003145365733459934,-0.009221658548493212,-0.005127145845676184,0.09934966466311958,-0.02677747938114436,-0.002146017570343507,-0.053780564504583614,-0.026717211855316825,-0.052499719676209526,-5.352871252946214,-3.6870385551442713,-0.16434282901434277,-1.1040688426150982,-0.5929685061192062,-0.3882066131631142,0.10867788357087939,0.10352141367257921,-0.10512543532722216,-0.8019729398546087,0.02023836682204729,-0.003159491401706426,-0.026324916641667858,-0.006397208222605622,-0.016678179906785155,-0.36053589974704736,-0.0028257570836211815,0.0029434353081028695,-0.18633129989581507,-0.5405255548697088,-2.0539801879924346,0.5415006327217018,-0.06498054138841691,-0.22430670115295923,-0.3495957336479706,-0.024485493829552042,-1.2649830809898053,0.03149555186061969
0.02529573675292141,0.048599160321453734,-0.027320987592682616,0.010387658772241987,-0.0020813198186975337,-0.0034773471919144453,-0.012475260129974807,0.14142199028194405,0.0059917307209046075,0.005340401786338795,-0.01754876890815144,-0.06216200038367124,0.02851803682595303,-0.04489678753823596,0.005751284651123573,-0.017420621736162944,0.004953043815414435,0.06907743516189589,-0.04748346246664739,-0.00044906754282137464,-0.13759257308471617,-0.029854391032508254,-0.06134473241168713,-3.001429726687841,-0.08433186727174677,-0.7232949116706552,0.0027971879053805535,0.27994032474778013,0.4974752730528757,0.45079227156553886,0.21800428205921024,-3.525047577679247,-0.2715890338002082,0.02201388657565214,-0.005309517745171025,-0.02787064832329066,-0.003106377593428078,-0.037534616804285645,-0.2556642101025962,-0.003339277881622648,0.002458526145654612,-0.13124390716141734,-0.29093495040628364,-1.1950082466681835,0.6258278725443386,-0.06151786739511077,-0.2787812304669678,-0.275643261331879,-0.010370653530091586,0.0500817152705281,0.025327860387938918
0.05673062153154309,0.06212574822934163,-0.026640274168080045,0.009509268071394359,-0.003844352054645826,-0.006090367965383289,-0.012688171953750512,-0.05751056598701507,0.009206733963814114,0.011299294654174208,-0.019473285071864473,-0.06014881111266254,0.1257083350481806,-0.043804748550680596,0.00046599726731424686,-0.006718781778560059,-0.008182921734817435,0.05779128619113191,-0.07715665259907986,0.0020467558398820835,0.2647223120293619,-0.033155164590507054,-0.06709549928838278,-1.5029956415655443,1.4555896458891655,0.22038967805958792,0.26380988701469293,-0.2121024257668969,-0.2757428558838731,0.48057014201296316,0.3601415543886893,0.21529804808034983,-0.22607737593203892,0.02699373515858717,-0.004198678966777519,-0.031622772918585375,-0.005207339486765738,-0.045291168806984264,0.02584489698380701,-0.0038203590829829345,0.006547218314822338,0.0038089514583408207,0.007373517617683931,0.3204202385157022,-0.09157702630725671,-0.10138501020631562,-0.03123090087065706,0.4376535369461035,-0.007816988981469578,0.04331387780757419,0.04789566450978127
0.05168054996765982,0.062298068823756686,-0.02634398389293611,0.009500184866704309,-0.003844437758320225,-0.006168278850867503,-0.016108194866560198,-0.06390314505104291,0.007381672803121599,0.010832457628883919,-0.016723139909932617,-0.04512744622191874,0.12095890647862698,-0.050823986046265646,0.0015631926675944042,-0.006785161255733774,-0.009830351870408057,0.06604130954720772,-0.08064984961643587,0.0025381346179639544,0.17789122565510607,-0.03947203582540842,-0.0664095095239702,-1.3789092074075695,1.2868351439655115,0.17933524313866864,0.2147436036704891,0.3463198014403771,0.3271732865032824,0.33242329337858617,0.4013688590613304,0.22679226968444435,0.06410189119165113,0.0255941652977436,-0.005674299152657055,-0.03795660933684477,-0.0036206303334656545,-0.035294995146441216,0.025157464148669432,-0.002265151376955474,0.006098830060764286,0.00498740193443993,0.005035692810382325,0.2488038565924001,0.08674379448295241,-0.07858269047827238,-0.02408497928377224,0.46357617793131106,-0.006691353701966823,0.06329896574224943,0.03924767726100705
0.030868939437184183,0.041662185105697774,-0.020908064134979223,0.007570822895204279,-0.0022476375395100927,-0.004192682436565943,-0.020834212182143916,-0.038670555560320924,0.0056075927933807845,0.006138982035740006,-0.019405472182031706,-0.033190686218758286,0.05286212511886322,-0.037940875769200244,-0.005716923514557132,-0.007724889580835932,-0.009102528770622944,0.039371535865178005,-0.05065539242151476,0.0012406282184913228,-0.02908614938808039,-0.021996037268507258,-0.0619340352113772,-0.6249671888942298,0.7191795160775449,-0.0016135159959952275,0.07103433674946491,0.03969141733362989,-0.32355458064536907,0.40511109813962004,-2.7369704729496043,0.1314333572562714,0.06490872728152973,0.01991122905745338,-0.0027679345596372073,-0.027126929378834347,-0.004351443931003646,-0.027259626948878502,0.024629439591749926,-0.0033228533252334714,0.0026418511665860893,0.002537442327851797,0.005993530083386874,0.2680637601283448,-0.28690590536320487,-0.06561314937465196,0.21544741437473888,0.1352639876849214,-0.004891198194796022,0.06863332742419762,-0.12014649281107598
0.06632617235015768,0.034703961027542835,-0.03580333734310613,0.00842330563457023,-0.005354877849388158,-0.006861477518891993,-0.018615943568990503,-0.09573151784591993,0.003936722417879743,0.006056066544730152,-0.03103292422634165,-0.01717664467733991,0.04155291729441557,-0.04544317360472552,-0.0052595167969181735,-0.013979362023356773,-0.0031870007731718284,0.026012507141110502,-0.039857803150805254,-0.007683126573121091,0.03206125745250973,-0.025448618792447395,-0.08267777465926168,0.32412646773927173,0.9572965839751642,0.08023703896533849,0.06025594565858372,-0.06482714570853992,-0.20680337754967704,0.2810513313471367,-3.8368993217680303,-0.005794620100325899,-0.11261294508542923,0.02679243553317277,-0.002101450396399561,-0.03371608702504624,-0.00583563716098152,-0.019954728193985742,0.024494201535623802,-0.005190783014916084,0.0018324600120129214,0.0016492439095068497,0.001553683523805745,0.182370608031477,-1.4011860374125997,-0.13388916376311585,0.11571638140868573,0.20374796681068197,-0.005922121303069625,0.07538102905308872,-0.16055559459730845
0.0570389590479804,0.04162081752983659,-0.020479333254612986,0.007075505201634,-0.0030797293237353183,-0.00442560701880801,-0.01966672264997875,0.07631420119053639,0.0049601887672624,0.0033121390808030934,-0.01878782627949394,-0.03081785008763146,0.05182658567823938,-0.041254640494374266,-0.006287551090610108,-0.007716804660346774,-0.012474312877850051,0.03877947806041405,-0.03686932457077815,-0.0003221588817791415,-0.13717655874644002,-0.022829685180178864,-0.0624311791269315,-0.9198131735402565,0.25136483990971487,0.01608863074095671,0.2983998053382737,0.057509076827255666,0.04852790262808435,-0.2946375938168443,-3.829409689011445,-0.3356709147662607,-0.29568851790288453,0.016562361550705708,-0.002510923847012261,-0.0235035401227804,-0.007559505782801471,-0.020381951051008252,0.019716522747666408,-0.003829777697413926,0.003339058218697622,0.0029678514772482744,0.0056730236838910975,0.17183290411106744,-0.5848930532620906,-0.06029669295721342,-0.0281911683165418,0.345573219120209,-0.005729879251234032,0.0813190591420289,-0.17113443395819025
0.11469767258261362,0.06751940386949702,-0.02026160664115386,0.010252968119863771,-0.0026524820081204616,-0.005060935767300177,-0.012819646326329162,0.2127135131450812,0.007385155899021301,0.00824762045448112,-0.013951392748943105,-0.049580239104559255,0.0854794685229548,-0.0389635839532146,-0.0006535924676108242,-0.008759789511274058,-0.016955059574902568,0.07799722090367663,-0.05502068589965305,0.006795238039687921,0.24027710231111477,-0.036494542716281206,-0.05793595113813703,-0.21905023030406864,0.8126433891655956,0.716746522387384,0.4787467846407396,0.4717881263598287,1.0659209629275708,0.3958874823471362,0.5098701262768629,0.3140722752163327,0.17048154514100097,0.01943750231309343,-0.007163516594210122,-0.027988200057286607,-0.0019494642225049094,-0.022376355771253693,0.018276482031920546,-0.003349664158302354,0.010022262285985777,0.005106700598136803,0.004806069863799279,0.39001893133038307,-0.1000575324978259,-0.03792731688790619,0.0034695757407461596,0.2670502859180551,-0.007075936699592817,0.09106918116224214,0.05144026727516049
0.13077136553410526,0.05176922706045727,-0.04787846368211041,0.00975794752633079,-0.005327678866601121,-0.00806739641335581,-0.016103473233977175,0.13537038413540695,0.007929917981221443,0.02051213550390256,-0.027314505062243036,-0.020502661643684562,0.08186245305988456,-0.08009280478352301,-0.0006736094151637349,-0.008761049534309211,0.014656472299448794,0.05078422573579533,-0.06571135806268186,0.01062622831259861,0.05256424627784703,-0.03136294466861672,-0.08520332081264555,1.5883509203029094,1.726924502441839,0.0872630451367499,0.5831668225413378,0.40848936479379927,0.5739404445299671,0.5104239123135851,0.5249252551435524,0.5807876943089579,0.3436049303795682,0.043643885888193484,-0.0045482358103554,-0.042759060103818136,-0.008020449030362396,-0.023766327165478444,0.034164025922033485,-0.002877007607277887,0.0072663034190724495,0.002068885102875173,0.00623470109864509,0.344985780788813,0.21068857981742137,-0.01638155557304182,0.284037247864093,1.0458241458771567,-0.008812202749901871,0.05036674940369814,0.06453019944614019
0.11878452680609936,0.0516504091622358,-0.02987118163996882,0.010813158870450656,-0.003990440769211674,-0.006579579126342926,-0.01331495935791792,0.13537411521442272,0.010385890623794096,0.011999318526731846,-0.02799473151253922,-0.052730003906527455,0.12422494226940979,-0.053559125303774255,0.0005644464116699379,-0.006617797213509079,-0.004123511721096231,0.06201766356705212,-0.07255629210609511,0.01170864114065514,0.047922099395325365,-0.038189408043613156,-0.06513041011580649,-1.1914464693739448,1.3544143162476185,-0.19403774561624626,0.5500519220849278,0.3149719719886758,0.4228094366700103,0.21977515954246493,0.3658237802256236,0.3448415327103486,-0.16091880781256881,0.024444667294052622,-0.003445739846583503,-0.030738609660400037,-0.004262567169589488,-0.03859441506636055,0.026242535139903756,-0.006228444662216119,0.00878452585501597,0.005478654789853565,0.007480492693673839,0.25472250932522705,-0.10241484503582737,-0.05131672331275478,0.07646699047064047,0.8165704437260786,-0.006652835976370812,0.06369390671488057,0.03473772352448513
0.09728140685038333,0.055962149682504334,-0.027212958895915247,0.009501796873225778,-0.003470121016996874,-0.0069388270233404535,-0.011641061420997795,0.14056764709503058,0.011648449942287054,0.01132748399183206,-0.028093342364939412,-0.05127777382983742,0.11663881034075597,-0.0518743263723064,-0.006529694703152926,-0.007180149521849496,-0.014789974133841739,0.060076212787371644,-0.060937228661294,0.004427691907574471,0.009500776057373258,-0.03737877207452705,-0.06615124615507044,-1.6392410134196735,1.077943507917711,0.09937901455363077,0.40183789517002216,-0.23923731001087206,0.07539084424708584,-0.14490073643455184,0.34832819886090655,0.2563809793267538,-0.34316863059770475,0.022844650861663592,-0.00401494839801238,-0.029212551068313036,-0.005561594230765705,-0.03041078405717232,0.02348726768064441,-0.004070048070902738,0.010240499775407851,0.003161990865130414,0.004834366881932042,0.26515261823346187,-0.19880767462021612,-0.07449302813149737,0.008630887405929818,0.5626574171938223,-0.007273969056310694,0.05940396382240658,0.02586009247471375
0.13358934969454692,0.06322437515744365,-0.02587785975487305,0.013419956016355332,-0.0034321559721471454,-0.004687214807525268,-0.014207773445675437,0.19279900794668425,0.007231505393467673,0.009360684630458105,-0.017177820819666727,-0.03700391335827472,0.13475407104577208,-0.05246053915029041,0.02318283650741673,-0.0056996249216594375,-0.0029020003888083506,0.11278306089110163,-0.06619868116557137,0.001804706944215088,0.00226600184045121,-0.04401608834359761,-0.06330550762554403,-1.6925352194125691,1.8623674064606577,0.2265595218709192,0.37116208788142824,0.6551958668907819,0.4296613295699462,0.568217750058439,0.41675576514361135,0.24699329676963697,-0.0213131002701818,0.02359256303476729,-0.003890475481437065,-0.03078078261282536,-0.0031930549318264032,-0.041614990894608635,0.02939325626986074,-0.0057464862178994896,0.004908047974776062,0.008378420797385119,0.008352602356204901,-0.30913480314296077,-0.7688845941166984,-0.044596839657485274,0.2283824390826032,0.5105893263991867,-0.009530859415669385,0.08065216040286921,0.05539755286429418
0.11047591501545241,0.052987971934038536,-0.023692794741899222,0.010325101441408142,-0.002579734610298973,-0.006953028813771763,-0.01556299590611267,0.1389776900616996,0.006394427518497052,0.009512807973463424,-0.023117113297801146,-0.054214390814010104,0.08565358007870488,-0.04722131100969614,0.01911490355820639,-0.008566008932552851,-0.012933192504850897,0.0750565319733248,-0.0538499634598332,0.0023126388626681935,-0.032213023051808225,-0.03253604484370175,-0.06130354563930291,-0.3537343953886025,1.0818406864056573,0.15491283600243902,0.4051989365705103,0.35543597018044626,0.52167488603432,0.3325868773130306,0.5555099162814517,0.150107214175319,-0.22467544866091765,0.020216872796890918,-0.006249605438130799,-0.026867847024711428,-0.003497106429549092,-0.037433997839632326,0.017064522367771732,-0.002939892859385958,0.007918302760007323,0.009608985175055706,0.005643753698406976,-0.2480174952561777,0.05442374277133902,-0.032821745757252475,0.18824180037980995,0.5497560949530802,-0.007277513279322755,0.08260852687260861,0.04982806371333723
-0.032157161091578436,0.024190937851403062,-0.062181758591232456,0.01966761837936279,-0.0035748769296086937,-0.003789494190278135,-0.012864635588444372,0.06905653216634737,0.003984116236925205,0.005870915350158354,-0.01307850070119964,-0.013592781005983781,0.026749572565709836,-0.04336154328083308,0.033766231340866926,9.205338331100385e-05,0.00915044612745827,0.045799740590403176,-0.030600853100364308,-0.0036356942192243315,0.0307806873241732,-0.01606358522166569,-0.07843154360933124,0.8393263882826689,0.27824845182599445,0.3030083073481192,-1.710560346002866,-0.6954603735506188,-0.43545321315419294,-0.037963975249287636,0.15328055185755132,0.5209568557169292,0.02610520326885477,0.034168736119011625,-0.0023077671636547413,-0.04642577888955081,-0.004885640266028828,-0.018530217954237815,0.011477289637028043,-0.005760211376213471,0.0017106297563639066,-0.00023509511647527427,0.005356793873423711,-2.5082174146633944,-0.5596094995647694,-0.07971685127129378,0.09800167422764244,-5.720546838902612,0.3428596792083726,0.04292179120483603,0.017190535854048474
-0.02637402672501486,0.025808404822711493,-0.04409481228103692,0.015915573278104122,-0.0026303980396518486,-0.004997758471264882,-0.011863334824406484,0.0517034967706812,0.004150183752443206,0.008009469935325463,-0.015815620025256275,-0.01531508882583137,0.03457442495861589,-0.04376780458433813,0.04035540914280136,-0.007859343404126959,0.009048114716315078,0.04605144000081192,-0.041789486978272845,-0.004988807624726365,-0.0016253877342614898,-0.01757990163919642,-0.0719450647100191,-0.10725843142031974,0.11766015253427643,0.05279006478662024,-2.32867532230437,-1.2626587473121453,-0.23125561299526765,-0.1687195110281595,0.11426599386603295,0.3221798104369261,-0.10669731075247234,0.03578709635469585,-0.0025924988338761157,-0.02936429223849442,-0.0034575241324887817,-0.0197027379336154,0.012001339169961111,-0.0031197980494370135,0.001373686121471555,-0.0033208265869289237,0.004081706497671856,-4.045642683136539,-0.8396728454768135,-0.10057093780472304,-0.13834893907512877,-7.75795505279436,-0.30836376451844044,0.040960982107429995,0.025235963476621465
-0.045893048903120924,0.055062806697721324,-0.034790711948957685,0.01404271526233376,-0.0021911809738600005,-0.006099775982068644,-0.014156734675834576,0.058582148532809755,0.0030046524567916163,0.003986341717382305,-0.014497529135615302,-0.013105110061000496,0.018927112664233393,-0.02607263143105858,0.022865693495417467,0.0011739183108675521,0.0036305520267928258,0.047488105936040845,-0.026948978032193482,-0.003008692634067917,-0.0864231237182767,-0.014654561586742512,-0.05950040194506927,0.2449239768676931,-0.871724650798508,0.23378188382781218,-2.0150553089553394,-0.561113341911026,-0.5030778013211703,0.3981550368192792,-1.9010106722275752,-0.043146584597151226,-0.06821002239109489,0.02021843490936304,-0.0017055048404165621,-0.022509725026169238,-0.006339697878439013,-0.014115350834324001,0.011744987747100134,-0.002511755102828062,0.0010429553887604784,5.195441968277636e-05,0.0036846550833084324,-2.7346840223946147,0.052165456719753776,-0.05782815714790288,-0.05966822671381365,-3.886462311088413,0.19726085023400025,0.06664748734403156,-0.10652009506581511
-0.010372412395761213,0.03338362495678881,-0.017791010516943265,0.01298830206071222,-0.001965538395977478,-0.007405939587417144,-0.007375150617773096,0.12348731205622752,0.016292270046156822,0.008939987291999713,-0.013176598213237602,-0.027971462411210235,0.083950693849371,-0.026966154844627326,0.0036403293876575748,-0.003464799273116957,-0.007619486585785699,0.04356186691265015,-0.022743862082722492,-0.004287901771693155,0.050216379213170965,-0.023905696495234587,-0.03705848740491902,-0.07900145477389946,-4.252339997458607,0.5143759874609145,0.5727587043508745,-0.06857842544464089,0.46477415132447025,0.22794709872375699,0.29750069226279746,0.8030850444943028,0.6556545351838909,0.013520649280725269,-0.0020734723066195048,-0.018703373025168963,-0.002199616318301477,-0.021417452526625646,0.05754856967559268,-0.002679341061188765,0.009282796249309902,0.002939615271440319,0.02079274254087956,0.4662119270688882,1.5980156558381744,-0.050352021773639385,0.16172491243820142,0.34068494200331034,-0.004536327291363851,0.02350783970442494,0.042167712321808735
-0.0318552243132103,0.026728726770250257,-0.019247149241735206,0.016958744460224544,-0.0021269219564891005,-0.011345380765664406,-0.007030027746100074,0.5006171806140691,0.022716192404710026,0.010908904518509281,-0.014589965981095767,-0.024194235744061744,0.08256544894223485,-0.030189107176105148,0.003038967254086619,-0.005004727855990869,0.027454533012440892,0.05137925956823962,-0.0359117546411483,-0.0026524315057561997,-0.08808770897025958,-0.0058998591668642615,-0.04028433906034722,-0.4804267779057431,-6.290208864823677,0.5378361037585051,0.7279610117458558,-0.26684817289852475,-0.027640899091589143,-0.4967292140757656,0.15924713308618638,1.8385888800687562,-0.5549154107355919,0.017672259604102545,-0.0021835101898129055,-0.024711931921357837,-0.005196599566965215,-0.021586659687202046,0.06130594484326259,-0.006155243638124954,0.014532244877196435,0.003234605291182867,0.02363011291031748,0.5466317686752601,-1.5405271875661588,-0.07126200056482654,0.08454192685208496,0.5889195636796947,-0.0048984145429623645,0.034313951424603556,0.018868684245362363
-0.01361149252576392,0.02926581508226127,-0.018742045974611172,0.015196432458613835,-0.0020511057079657395,0.0011522085545651317,-0.007888063088164044,0.5137366316905048,0.02759585060954982,0.0077838647618526605,-0.014302882748715983,-0.020164955291288124,0.061590948083212055,-0.027892404897899046,0.0031092319698332684,-0.005337628223050044,0.00577226753531522,0.05400374325771667,-0.03638647021073782,-0.0030911550650361973,-0.07335957092852058,-0.008510935478088849,-0.04047076461078118,0.20127701525161423,-4.623391022821862,0.16593140387706679,0.941705051202231,0.4032652948351448,0.5095821579123929,0.44419570351253657,0.17212093996137093,2.3884866152198097,-0.03266070753193326,0.019061246696369053,-0.0015486640828593103,-0.023449882329888323,-0.0026271869343235527,-0.015131219698431899,0.06456431475298068,-0.003452463076614797,0.01414934085137006,0.0018787379051282656,0.02647063644990246,0.718925144970215,-0.48698934562030444,-0.07419247950093606,0.22824911892564048,1.346094549561659,-0.0047410548793019236,0.017281758756272483,0.029807900990963775
-0.036708383442238444,-0.02107859051389587,-0.01918120544933766,0.004253944499917753,-0.0018697181763874856,-0.0041199500472818605,-0.007669992877549883,0.12225861435895956,0.0031120093328889467,0.007814148734931059,-0.010854952336040585,-0.01834770720790867,0.02087898179017471,-0.026295539296918753,0.0032802039744788468,-0.005591153064002601,-0.012643776391548091,0.03174110710702357,-0.04791831764703893,-0.0009131647726549183,-0.096690379086784,-0.010792171088884276,-0.035889679885703324,-6.52266917960138,-13.820122867308024,-1.9005186834088774,0.015869097237570465,-0.8563024219320964,-0.40263902721308054,-1.5274026499365738,0.14188451702841662,0.5063770648278829,-0.28086821729474476,0.01822368802804382,-0.0018961853919929733,-0.020576469501239255,-0.0028490540262064465,-0.023178226694557793,0.0503340396135687,-0.002447699124587587,0.009202940424003337,0.004920531583753694,0.009691575501785904,0.34425207710420463,-5.686111378958434,-0.043459505021925283,-9.229702182143342,-0.13059236019921971,-0.004640762102289507,0.023342749454128526,0.024447858942916015
-0.07007971555091816,0.026769860573344188,-0.016033478777314782,0.010735384732497922,-0.0019107266394349561,-0.0045146738787616245,-0.007759917050626882,0.19671435845065466,0.012460458309274548,0.009222425512091762,-0.0154886447546048,-0.03017553674320937,0.08918905749407266,-0.025435027870439317,-0.0006246729907296066,-0.004844294074837178,-0.0017735269358073356,0.051990902879215574,-0.031271883292079264,-0.004836519219903809,0.008726165870347451,-0.020718364012246908,-0.03513533156334935,-1.3355975962376634,-6.049474941867285,0.07311136136659652,0.23906388889497773,-0.3974827587019715,0.6325576522710129,-0.2903844881412863,0.2244924789646159,0.6266912483479546,-1.0453515399431856,0.015842697844837002,-0.004775733472239605,-0.017756093934381257,-0.0019338373253646377,-0.022360355185101873,0.060115527909542936,-0.0023607465403796624,0.012967162197643716,0.0031218454179322143,0.019826666473851385,0.38433248715560425,1.7537599727003366,-0.03412070083945665,-1.4160533324372457,0.15839569729429126,-0.004996578718849859,0.013439979867014382,0.03652777912388734
0.08129551658202455,0.06792162978402061,-0.04177831797901145,0.009054080573202112,-0.0034282229326201784,0.1410024484653695,-0.017237903668776203,0.040269909022547956,0.0038756348678091884,0.011645442938116984,-0.04151263661052343,-0.03226951419400122,0.05785901221435873,-0.05153063013227167,0.007478959355866096,-0.03174079504934155,0.055645979438358,0.035696495931744565,-0.05977543861168361,-0.006681684314116728,-0.11397712476187805,-0.038348493124100644,-0.07141969571392141,-1.187861641074902,1.763274179623279,-0.17733638376036695,-0.7962718995650904,-0.4162682331278706,-0.5542594631475618,0.34522254209110487,0.3741739436257073,-0.17816899877209064,-0.3235258056924632,0.029113823028586457,-0.002747220712773632,-0.04704080658420542,-0.008240226614556397,-0.032253334319382196,0.013123178601831,-0.005282551673277921,0.00020719124511672042,0.003909866507054315,0.005193729101196798,-0.2505675805426402,0.09961009907802716,-0.16828285242497992,0.11872467380651217,0.3718765031196926,-0.00679674396778236,-0.0894427792941896,0.04925230564149779
-0.02545666048612555,0.0468954778998411,-0.05656783286104746,0.008099393296361853,-0.010416584692864246,0.14308979440070005,-0.027619180536580162,0.06436995628335013,0.004438599133799428,0.009517977741666132,-0.03350605544018373,-0.019814029014758146,0.05600458395997912,-0.09129423088995776,0.003950313648641938,-0.00968616569585777,-0.06454777999279943,0.04725004673450381,-0.06941440324075293,-0.016894450562717996,-0.08079624191425192,-0.04706115157152982,-0.09756246886599788,-0.1276985246330902,0.9605402169629794,-0.11759087336727246,-0.9913842313128237,-0.9537084610760567,-0.35851648013557524,-0.23597376758309485,0.30210400018783884,-0.24174555474863238,-0.6208745903016215,0.03901350014227067,-0.006309714457147522,-0.05093655342871465,-0.011036037812494348,-0.023602925299303187,0.017455835513972985,-0.009150597174969792,0.002711697299518002,0.0018730253293668556,0.005042101319912896,-0.1706506907466292,-0.5964723337179706,-0.2722334921400902,-0.1014317577357446,-0.42620172717343213,-0.00550164724750645,-0.29507254273081773,-0.19214659108077956
0.10046150668580485,0.05721526877782231,-0.04279619722408511,0.008881913464913831,-0.004990661844979139,0.3481606625110812,-0.026246125410913625,0.07122690493002601,0.0039360448193369695,0.011711334522184437,-0.031437704556762314,-0.01196074260175925,0.06945645219801597,-0.07171728873513057,0.0011753465657609239,0.038978194286073985,-0.045614341583210795,0.05964277298083549,-0.048832098989829854,-0.01001084889652161,0.0812687941381874,-0.028852617096295156,-0.0805757140758052,1.6457795217540045,3.646469492692336,0.0751443995000323,0.043319643453761936,-0.05774152809123734,2.8725026533403573,1.1752124769591652,0.5314245209253157,0.1375676930898148,-0.002348683450095452,0.05359426099955428,-0.0030592956766845782,-0.05981092197659836,-0.009977079067945985,-0.013823668034247904,0.012205065534444606,-0.005461776482262672,0.0016669602246184672,0.0011623868449494724,0.004053205143028796,0.07626299860907532,0.3347137792968023,0.01939653369330656,0.3538585551097883,1.0193796084448772,-0.006193334789540969,0.0752758991676262,-0.04634707205451246
0.04152078553594549,0.029798846148137926,-0.06636575320908758,0.006440348430008427,-0.008736183690600264,0.3322395496220035,-0.028407908340419258,0.02596806576865196,0.003148612447027804,0.008079039983528517,-0.03812511132305979,-0.01748229760598437,0.028422712596144362,-0.05605920113108886,0.006624190027345419,0.07524604861291954,0.006934493437580426,0.03305104170532334,-0.05910280438932166,-0.011373872107523919,0.04983497603551942,-0.01967300968476891,-0.09952152955762243,3.860079324810609,3.4372926145673715,0.11299782700193134,0.07169576511526773,-0.11436239314015971,3.8812318147834572,0.9613255747091535,0.567434611528051,0.32178054040977094,0.03965289287713897,0.06993724937097848,-0.003452535078428528,-0.058650887051889096,-0.0033355863813059406,-0.012145967955013133,0.01361004454222028,-0.00580071434468246,0.001334684999368807,0.002334915870010804,0.005389133208269733,0.12396213723227671,-0.04261370981745899,-0.016489147607206576,0.3107381019797198,0.9058419595925075,-0.006212151308791424,0.07818545843672045,-0.042343626412864294
-0.05041803119332442,0.05130931844573335,-0.020512943449407774,0.008685535756161824,-0.001966508827610593,-0.008855820093027725,-0.012726356604900532,0.15306673517948835,0.010786072599528714,0.010323247163018424,-0.015379468437653,-0.0555389658059246,0.0641409726754145,-0.03419959458924707,0.004905621317463373,-0.008544759748080387,-0.011870495000285395,0.05281894335919506,-0.0355069758961519,-0.010304379570228311,0.13672005615738905,-0.034465784939321883,-0.04875228179123584,-1.9841854771005323,-1.6150766173567974,0.12949933446594172,0.10500582771478578,0.18309957935812582,0.11880046089678378,-0.30247882359109024,0.2893014397891417,-0.09816617051394215,-0.07212429916687108,0.018524367707757384,-0.007314516147680262,-0.023253320143400407,-0.0025814435869604482,-0.018358844298195436,0.017065403977218337,-0.0024804934353922395,0.009915768052590023,0.011968611913879728,0.009564998221210905,0.35152209014410685,0.946454478177017,-0.05717199859829222,0.12773771765387942,-0.13831078656832632,-0.005912822144180624,0.03447332393180058,0.026835740226466228
-0.07704530005118829,0.05184602881211975,-0.03430253119221799,0.010621437020200469,-0.0033928060040294005,-0.019073756089559846,-0.011666698944831532,0.08121502612929801,0.0071825869972615775,0.00909590489078007,-0.026110295287331848,-0.0668767479837388,0.10451271861038695,-0.056376153937151924,0.0049735408146439454,-0.011421246888659397,-0.010997801065013623,0.05451714481896092,-0.0878231253693521,-0.0052430906457528155,-0.0881995645903924,-0.040289454495649746,-0.07811280732536297,-1.6963748572628248,1.1137240362852316,-0.09755731136654144,-0.21449347715244818,-0.6826400057424027,-0.46767617485168084,-0.8760072345851667,0.2794968548425533,0.11102709689628006,-0.36182498654788775,0.030717186763700114,-0.0043661879312127975,-0.038531643436714585,-0.007488705346833192,-0.05388601723483145,0.018217969996271368,-0.00468890132327176,-0.001688522385510823,0.00434697253081482,0.008040783031355931,0.24464694918429158,-1.239537968469276,-0.22138603815151614,-0.03752575040529947,-0.05051112689894432,-0.0052521319219529265,0.02242539716291672,0.00396552216615254
-0.08842512207361401,0.03078617088316996,-0.050404752677964314,0.012895169795285382,-0.006886662308442053,-0.00739476172293369,-0.02482223778228218,0.0566187658819157,0.0033905212634824577,0.007691717526059031,-0.05304529749612038,-0.02955643546325652,0.03579979686534854,-0.058333408296945624,-0.005551410492270899,-0.016662457140325312,-0.01039138225468732,0.03549662282609471,-0.06615695432114015,-0.014613068884754795,-0.22006981903396675,-0.0224251071128361,-0.08242576470072162,-0.17947981540161095,0.8765818257495045,-0.4615299400588643,-0.09807329052566549,0.012778506920496313,-0.9558151812849176,-0.21745850363528235,-1.6067819888640178,0.16563052838157902,0.06705248960239492,0.03422972922818522,-0.003862922144988388,-0.05637805134658054,-0.004911841189820926,-0.039648646048878286,0.015355335625662892,-0.006928981147987141,0.0009536765492252021,0.0014334572411398333,0.007214543607223603,0.10006719645527509,-1.7113551680475412,-0.16333187730654225,-0.2012159721869925,0.09177098821724995,-0.00293784682517357,0.01980204094863414,-0.058779311652406005
-0.0463255329803682,0.025276411218492143,-0.07594647998259953,0.010013096555038936,-0.007418113439650509,-0.00555407337360701,-0.019024308099021642,0.099470985288315,0.006150293518763659,0.013566341415140763,-0.021462263199312298,-0.018358630842762173,0.048726006482340364,-0.06718369295476205,0.0006988444000962837,-0.007792794953537273,0.0033973795435740914,0.043029989358929016,-0.06047543353215718,-0.03190038812553746,0.4123388513321361,-0.012737107462797175,-0.11661772087167412,3.6182645950665506,2.26754664567197,0.11119020822436759,0.538544266439659,0.3316261303362259,0.03589274519727013,0.0037004897654694755,0.4115461347244852,0.7193803469164831,1.2515135955795789,0.08871961097719724,-0.0028635253021613515,-0.07908665545889516,-0.010050502945454702,-0.020994511996420717,0.019936209589563478,-0.010793095212273904,0.001971001087749747,0.00029223523281351755,0.013610253722944497,0.28240284255583864,0.3006488689279535,0.703010567087363,0.1599430110954252,0.8568582194445871,-0.005767918908679323,0.0036756069761482227,0.027637690510616715
-0.04454995471019642,0.04112519058254928,-0.036011594774208525,0.010306260298254455,-0.006642004301793485,-0.007022191983965776,-0.015293492912166478,0.11549532578043084,0.008272369872423926,0.011440052235809479,-0.026465773993288998,-0.020860622915758808,0.06728577379051374,-0.07423004152651098,0.001098061001382613,-0.008043125837026068,0.0006768234752304149,0.05624754269284884,-0.06068322337297228,-0.02189943993336373,0.30081705382961493,-0.015513772146127256,-0.08944818805672303,1.412902358371296,1.4398365480160298,0.12096623246317365,0.4774987406784931,0.18331434457668064,-0.042999698479112815,0.020045150660253388,0.46845908895509863,0.31338072880206924,0.9953627243275031,0.055312857261628,-0.011186831072068365,-0.0516884780040869,-0.006560087138115239,-0.025678749563921216,0.019479795597414598,-0.006274535796000676,0.00265166531122397,0.0012578601971512966,0.008374339793742783,0.3762274456680147,0.2880126032838851,0.5822729423049404,0.06019090197973518,0.4687360016587543,-0.009019359901845806,0.029055336825005777,0.05573401164815508
-0.030646328459525033,0.039030591988166254,-0.02479945756905742,0.008054491104659016,-0.0029107001035927477,-0.005509050445833731,-0.01921367588402832,0.059355905686107456,0.0048579958338186005,0.004236964461250594,-0.02058020584881116,-0.042092428227997,0.0444726229179109,-0.035153065308042734,-0.006473979217950771,-0.008451326301666664,-0.0044752815593845485,0.03862415178118667,-0.042910345728503316,-0.011375490054125683,-0.0319238137760929,-0.016450536887438246,-0.06223580902443514,-0.9647569878034403,0.15390171000389194,0.06455018464862805,0.2259247876590224,-0.1250299582634795,-0.741145782701139,0.19159198012646353,-3.8275358179755674,0.11770373037529439,0.38655153673345966,0.01941523668901285,-0.003462804610503823,-0.023708177860681592,-0.004057484359339256,-0.03465527487481065,0.019551511456162747,-0.0030512867012430075,0.0026336516235616406,0.0018037236011605373,0.004813379631768114,0.25790161188814575,-0.6344355822681049,0.23070387719094843,-0.16539830868790412,0.14877144607117518,-0.0056743921633035255,0.07197684822213685,-0.17629615592949274
-0.018453518564147463,0.03285470768599272,-0.0862693124752455,0.039908159696464836,-0.005193563897404602,-0.0033117303445473604,-0.046836679145182386,0.08122765999715797,0.005932590065607491,0.008126559748677466,-0.01638424801842925,-0.02002753144733347,0.033467285026400784,-0.06813729797954994,0.0022779432723542617,-0.023983577554784676,-0.0013494565796223013,0.039321921931642884,-0.05185872727162566,-0.019789880895329154,-0.18727980652799991,-0.023380375290493582,-0.1077640379701854,1.6940268595096204,0.7756916426979142,-0.008369479812018897,-1.3534143850366387,0.01015527303634062,-0.7654438743366865,0.11378912714877555,0.2925161557832955,-0.17570376546925645,0.05106137846868426,0.10067038051554829,-0.006278527617167069,-0.06472196403476993,-0.01589234481523777,-0.01650501254763349,0.01581189969169599,-0.007711924598751173,0.0008050955615283498,0.0012946277256887238,0.005899594057958846,0.1432378854418394,-0.2864942101984087,-0.12112636043390843,-0.29633477099094624,-1.5464721335115825,-0.018599090254585587,-0.009716964600868927,0.0248270201856981
-0.018078911178912988,0.03353093981462779,-0.0782986289589787,0.04253452359565303,-0.003462858097154078,-0.003999908168609171,-0.03600103777715206,0.10287260399430162,0.008194526530672616,0.013489821291851486,-0.015672941534270096,-0.02101151356176272,0.028891517913050137,-0.06799042953908468,0.0026254009816800497,-0.016510500944731808,0.0025944233063573885,0.03512307748304344,-0.049539144801342076,-0.01989580520647352,-0.10191535633623355,-0.017802288305603566,-0.09870054037690275,3.190651501267691,1.157850752304966,0.05306690362338985,-1.1741514207586279,0.3900402764625511,-0.2633066910117978,0.7276437871371869,0.36059847848988613,0.9837368096553685,0.24822021178984824,0.1498304462001114,-0.006511350033566188,-0.06548201415505754,-0.017175975824570446,-0.015099505940172108,0.016556405790742617,-0.004870906734365443,0.0029737259874910078,0.0013188840879165271,0.00843322323282953,0.18663768005063205,0.04852191312298082,-0.08246320545667214,0.0578173786775255,-0.6504684628332589,-0.011936880330612519,0.012131392145148504,0.02545133536320251
-0.045610612024434616,0.028834516010139505,-0.09975893455361552,0.07459783693054348,-0.003738738930837814,-0.002919558872776115,-0.03916252467560874,0.03275371597349155,0.017254146469321923,0.006512829198244694,-0.01444684837779808,-0.020482661879196486,0.026636326485208518,-0.058872619660772306,0.005110562741328699,-0.015046145529665635,-0.000563343042430592,0.036667187706388944,-0.0643705751748815,-0.015462588451701054,-0.10694478608737848,-0.023350887005139525,-0.09342410443689059,1.0736408971055673,0.3038592873237915,-0.31287383803497343,-1.6212394384525872,0.38067604273429756,0.06502058902354114,0.15876285960906866,0.21885935179557217,0.11306042851870463,0.10523041700023864,-1.510007489331618,-0.003871999567699133,-0.04202487461310393,-0.009014535475815244,-0.012578167290624491,0.01486638882318755,-0.004887857150097453,0.0012188486487986656,0.0011061959699578993,0.0050912604349464445,0.05312066915140226,-0.7493919121351884,-0.06050298613080928,0.19449908630235332,-4.650781832560818,-0.04570610810864582,0.019668670469956274,0.02985093049769068
-0.014897460187878343,0.04353378829115169,-0.06740259153264752,0.009455552389472053,-0.010690201540521235,-0.008242586163046581,-0.029282087404097677,0.04745641740625418,0.0063672416541051035,0.012641899567501882,-0.03917965712609901,-0.03549731965726419,0.053757689961965296,-0.09994906007787685,0.001063127012894097,-0.012540376207298386,0.0034209573777031713,0.03752113294864458,-0.07404936339687218,-0.018790278453960616,-0.09509671949279411,-0.05775947943322662,-0.0984178959568901,-0.32393864397604516,0.5494059749129975,-0.6692354185538512,-0.04366469624425794,-0.45725134053000455,-0.24350512587917172,0.09854108890394328,0.2983010388249505,0.006849238873347555,-0.04749258334144169,0.037491203328895516,-0.004255964642572677,-0.06149182515868646,-0.006451224473176889,-0.03165256009079528,0.01753375997078783,-0.008646508286210941,0.0023410896313261725,0.0015090399956164805,0.004921618743857576,0.10168175454682706,-0.35690801888305795,-0.2693257000088852,-0.5569706050999497,0.08556874423511528,-0.008583844614922691,0.0038114276324179275,0.019776807106894924
0.03176466597031067,0.03961523573437498,-0.055955723152345545,0.010395532586519578,-0.011404037217926419,-0.008822215609755145,-0.01598886254179752,0.05697275384404053,0.008375739078344277,0.010770869329083055,-0.02855157431791291,-0.024726540828551094,0.05626923900464991,-0.07064325673916512,0.0003677717538017135,0.0008634414576973537,0.0047666180554575355,0.05178519100801218,-0.04381188577175832,-0.010711650312761169,0.3205997258128,-0.02947061489153496,-0.0923056145160728,0.845489263776816,1.3403829531323947,0.10224782043259208,0.14622555531439818,-0.19848854530114962,0.902065273119197,-0.27177548286057696,0.4571388864157807,0.26766638361897294,0.9113575680224161,0.04303509524865521,-0.005540096345332182,-0.04376990174818654,-0.00506752781915295,-0.022771754818622668,0.016403446145197752,-0.014143408909097651,0.00784950873526214,0.0028979081684102643,0.008004662917818784,0.23872660250589084,-0.03577284872523186,0.6606674453006418,0.27680288815232534,0.47151050214314083,-0.00878745724242632,0.03349946987821202,0.041829681790387235
0.04031601691557438,0.030833750735250513,-0.02996763907247148,0.00999711613707357,-0.003862884415177472,-0.0051119732136746575,-0.028365568392051167,0.06389232639399403,0.0006155609783483096,0.005313472128200919,-0.03354850140202212,-0.020891401728214274,0.02270326710590051,-0.04826684470269914,-0.0015287234502278913,-0.012797967396728829,0.006582861275648839,0.0292912201448739,-0.03806939960372431,-0.0033955425492144657,-0.18669052006199166,-0.020932628478504238,-0.07311731193934853,0.08649302063951554,0.5329993580136156,0.07954404573190309,0.08165012311820756,0.050753019087780536,-0.32955506601947127,0.3943375860484606,-2.963590973911929,-1.4901117497247065,-0.07483376847097428,0.025338052953434987,-0.002086049404905998,-0.03307110602067862,-0.005658366022873051,-0.021047956530419878,0.030684381704043123,-0.0028470008691397607,0.0018049991803100302,0.0028136826903501994,0.004195334615221066,0.12286068241197189,-1.067824286836429,-0.08076920386331339,-0.056675445035237956,-0.13628523714990304,-0.005035800358478368,0.05991862635069829,-0.10935639564387722
0.09256557447299127,0.04046984020083885,-0.06416663583991478,0.009626647803190464,-0.007347884245948432,-0.006525982977666879,-0.03225394029450212,0.08466310545152321,0.005295447523070444,0.018106028461417595,-0.048558141332510664,-0.025607354590852203,0.0592811676953255,-0.08119408976976641,0.0020590681182794646,-0.015327664116401846,0.006814225765304244,0.05054918211261162,-0.06979369122987776,0.001221081540435356,0.23324895435949367,-0.037228843421679036,-0.08794421017927123,0.5199339219989887,1.6922842609585,-0.11337608925236,0.17937758998397244,0.5503222240815981,0.3666998952841026,-0.16666249294071825,0.3794761015610182,0.34748542016289174,-0.42812367868054335,0.045782176103631875,-0.004007799822565631,-0.0659520971088791,-0.0038254612899408184,-0.03645997338178974,0.01934410356299594,-0.0028074946386724945,0.009290615046003594,0.006901908383476447,0.004634738667535303,0.21862379737057694,0.23331604651881072,-0.12227420711492931,0.4286653678900861,0.2401102118324753,-0.004836713373512983,0.0348279711773658,0.038882168190007976
0.08280326766909417,0.022641542688178022,-0.0954074425680983,0.026164154680766882,-0.012490593665183614,-0.004429074195786813,-0.0329636906919438,0.0695667987864351,0.007582782442556577,0.015094173029744648,-0.029638918782922366,-0.016603614741769124,0.035513589494294714,-0.056844857864586915,0.0008351397714114544,-0.012894700023118726,0.001369928720559773,0.04885955672634211,-0.06438395236205341,-0.027064581747819116,0.26107798776321445,-0.013087507904646974,-0.12339453002348115,3.2741006517219176,2.1656586235589885,0.058680419633037315,-0.08199932881059288,0.2523630889349282,-0.14280789966514762,0.01269511962657517,0.3887687355095435,0.32319281416328105,0.6763230252945202,0.09395173074784838,-0.005219734443971835,-0.0843438149162864,-0.010303577882298699,-0.01938809630519821,0.018375815540769547,-0.014007641518282639,0.008115808944684014,0.0001797164449314191,0.009527686359157968,0.21139191752663566,-0.0878203440548261,0.45744480537732335,0.19042397865864832,0.4735259385376525,-0.006502226541827298,0.02571757012789115,0.02370033759695645
0.08432270044843547,0.04279303250478863,-0.0343836252035976,0.014328611479471853,-0.0032372033713213315,-0.006243690325636641,-0.016392907112817223,0.08877920802721165,0.004474126224339924,0.008851616363421038,-0.034520599159774394,-0.01973207955098591,0.05060067412426143,-0.05269645768234778,-0.0021508059254036235,-0.010281503278284719,0.00011511494030651864,0.051734887107538687,-0.03236904468819007,-0.0084829591639008,-0.07219871199772687,-0.015057028389615609,-0.0775868726719823,1.372914796616856,1.2955762523698682,0.44521515328457695,0.2606291458897824,0.21842542818829724,0.09116386638738853,0.6675109125032179,0.09494762311973436,0.46301062129378473,1.0084543313769712,0.03726510742119514,-0.0041122487004261335,-0.029311140638865522,-0.007481275537066499,-0.02690674231934176,0.021520806574240593,-0.0035135920386122816,0.0030688338200382135,0.0016261587378647473,0.0023064384747019506,0.31655588146553276,0.2953274394017508,-0.025164161596876535,0.6738962111076044,0.6946283340181372,-0.007749904183941584,0.059333359603119404,0.059543064148458814
0.0887018991639311,0.02236968818909458,-0.09982451600709331,0.022710234366344846,-0.007486538691835899,-0.001714499955514574,-0.04653302626727965,0.08639811516419471,0.007958838580803622,0.017167398046121666,-0.03340981291764413,-0.017691314344927548,0.03757558394785066,-0.07613496713621723,0.0018345287568487347,-0.02678682074139207,-0.0015429038060845452,0.037870285913982,-0.08056775816315796,-0.026365945527951122,0.025893068607749994,-0.016487104628203925,-0.12585453484052525,3.1427155604942225,2.0505746146505848,-0.2964344967799554,0.062554699791561,0.7009168116603557,-0.4441343791820293,-0.07155418959749148,0.3815009955205368,0.3281268904223457,0.4437810364377314,0.08928624269707838,-0.006046086680352993,-0.09293498963063235,-0.011893260955772629,-0.018864704286870915,0.02011311446421615,-0.014899046392334418,0.008698792034578478,-0.0011707547200855452,0.012259601559650439,0.1625568325430407,-0.16441158755170351,-0.11224422349776805,0.06916400461315307,0.5611809226402193,-0.0036591827812064498,0.009768161866881963,0.01985665691686199
0.009004480806454605,0.024196169709663866,-0.04763778210092763,0.01093898074879398,-0.0038006489260185494,-0.0043371287520882346,-0.01703482808763924,0.09199301306335224,0.0075914802804996715,0.008954707984409487,-0.03231065667272388,-0.03724294582717648,0.020887068177574575,-0.08476477315176734,0.002882768115838687,-0.029369894212639625,0.010962882272926723,0.04376058013219515,-0.07188694714764671,-0.02190477027453067,-0.08841976652168543,-0.035391696025604574,-0.10032381378935097,-0.6304508099493049,0.9149766422154183,-2.4982150118112574,-0.8184408062139209,-0.07260136006819275,-0.6948305209368352,-0.871855106215884,0.03867384116807509,-6.797081765039756,-0.6215917904240461,0.02721050933229372,-0.0050831164156224075,-0.048824169227331154,-0.008388644394398041,-0.027350514489492023,0.016314999837583867,-0.005456085514757959,0.002295944428479472,-0.0002583435226507003,-0.0015885637786593406,0.14537483843314405,-1.2246120686922373,-0.2804807502671456,-0.6138258544162329,-0.37716198060772965,-0.0090152381928375,-0.0008048912640422371,0.013521343619135264
-0.0025222236831808848,0.029081842604125108,-0.0775090420633668,0.008026526488838812,-0.008221338969282987,-0.0026427343972141052,-0.027748303236649757,0.09294104120423573,0.009915132033499401,0.009920308142991476,-0.015172025364989286,-0.016977032017216016,0.046770084473568375,-0.061119194730339804,0.0015051261260405526,-0.0076795514128552254,0.0006966831521234786,0.05386758322544147,-0.05662620947972954,-0.022453878326040254,0.013605104015628902,-0.01732956916438801,-0.10923235182770845,3.963576778147801,1.6010748206804097,0.18024223956478463,0.5982113864538725,0.330122360202169,0.569366716896987,0.6761620998050687,0.4719403724115884,-0.09400873249217843,0.22546282264929093,0.05294371893939451,-0.0040234908088458395,-0.057494583244648956,-0.0029832266067568044,-0.01914245638324772,0.017970206920484903,-0.007068002821898511,0.002156175228602351,0.00020896631825902473,0.007436670324903835,0.3893008688453298,0.2456456679476304,0.30687422601285125,1.6838502677021292,0.3767639898336607,-0.007464731924743657,0.049149274191183374,0.04398456958616535
-0.005293341553214951,0.029180654254476832,-0.07728368898821547,0.010455145674395924,-0.008674668581001122,-0.0013665262979709906,-0.0287726108791532,0.10414117301784372,0.007743362689310862,0.015134324302033726,-0.01693845875701564,-0.023061529501322574,0.04391550953559103,-0.06128640705500146,0.002034898675054075,-0.021334190512703948,0.013637743933938023,0.035241633541585,-0.06147762512775212,-0.02138238877954651,-0.002667758144844336,-0.014318367333649976,-0.10857659452170537,4.324060125922054,2.336383104685478,0.2532260367656889,0.6777109010051028,0.2376819342032409,-0.07203871808359927,0.9130285114393634,0.5244945578985071,0.4938983017178273,0.4658325861468172,0.09550974875338776,-0.0022603306081320574,-0.0814693389112347,-0.015489173727703896,-0.019000617227901376,0.017426960367621844,-0.011296199364410058,0.0031715225486661515,0.0009993184265338663,0.008604700017062435,0.30949875602750476,0.27336408644639193,-0.018511691161732468,2.368963385047715,0.6851599167559475,-0.007766580304308468,0.016015383559337622,0.06796729637450237
0.042261662404616,0.02470876774161305,-0.06708326718104216,0.006991395691869407,-0.01233815026830624,-0.005472011003129554,-0.014799383247486324,0.04723142904311066,0.008137350201868784,0.009922183776104987,-0.01910314706136903,-0.01963580696051523,0.04283107489983459,-0.06444836715623799,0.0012589625076526519,-0.006828777442299467,-0.00286092872368705,0.06246941130578019,-0.0631718656227271,-0.023058873182005484,0.006863268941080639,-0.014217282761158691,-0.11889731118621172,3.5456024236496035,1.4915428744964883,0.16541079289710875,0.39003731813107617,-0.04436974919015365,1.4786782472857323,-0.5118104715536208,0.4788953652138798,0.08319507003759855,0.5553997825115655,0.05673154965888686,-0.009176555928939721,-0.04813979309379614,-0.0041706374623647815,-0.01915672424267668,0.01665231412639481,-0.008417246284386629,0.0025471038599424608,-0.0022359064544859976,0.008119059928035743,0.26050106623540537,-0.17915876007665985,0.15578576093309954,0.16119416826938623,0.584404517219856,-0.008111692376634914,0.050383481985837614,0.03698353200986674
0.009493721664469861,0.032763562131484555,-0.019132143997389196,0.01823042150668765,-0.0022293500284779,-0.011718132229750393,-0.0074058386324263184,-0.8676862935516384,0.013493817527153456,0.008675623087767233,-0.012664184687653261,-0.024733879277551062,0.08958041928816127,-0.028997415155174757,0.007646728695360432,-0.005357636965120787,0.011070442189157443,0.042147006863563,-0.050456472394322535,0.001705257834270421,-0.060451167335597,-0.020954818185721584,-0.03958336214894206,0.2480737778920192,-8.521154908033834,0.578221596651326,-0.016123335855656236,-0.4086362335517563,0.11276689420462803,-0.024508777873724234,0.16824555014716444,1.918392248519784,0.11404672561749978,0.01879701438082444,-0.0019747283087835498,-0.021031654443789276,-0.0037069073473734106,-0.021332177536807412,0.07754569167157845,-0.0030585981321813705,0.015220429076685554,0.00310165289914168,0.02117606282520183,0.6068310644437104,-2.4921356970196764,-0.06058631893259901,0.23570759803759564,-0.29329354936025426,-0.005104572924884262,0.026145540209719407,0.029450208965197254
-0.032049072378907424,0.05835441818431159,-0.02200987398940401,0.008680247505536856,-0.0022253091608799274,-0.007529509806010529,-0.009408275296440134,-0.359054327508972,0.006958376485465064,0.01166763586489935,-0.02432627381163926,-0.03981314050341847,0.0810263294108578,-0.04127960546590606,0.0006123876047562065,-0.0058816965882330305,-0.03275998234403716,0.05974414507362768,-0.040357279786229376,0.012550406188518359,0.048288066323806215,-0.03746696606038199,-0.05978114122843285,-0.20900863257590385,0.466032388568273,0.13709232926298648,0.4836739240463893,-0.027153402705655087,-0.04955415218365416,0.13101966375756116,0.3640438098051758,0.0728205506272173,-0.23581467119876995,0.021356822396276266,-0.0028806136996564727,-0.021709205611673908,-0.0036655747505600694,-0.01974678950213032,0.017091341428819986,-0.0044653243797592975,0.006104664574717134,0.003538037151033702,0.007018088613831931,0.4691529223944187,0.5813290419495992,-0.07148436147019997,0.1572176707081054,0.3826010378777616,-0.006846792470403495,0.05486550811685459,0.04525795303376319
-0.03717682441702816,0.02823221437429624,-0.01960066383220844,0.010885071711346013,-0.0020463312841193897,-0.006949206905847454,-0.007162932133796304,-1.2664587313381603,0.00788592591258556,0.0023686145051289064,-0.014830901327535596,-0.025850864424416312,0.037485596786346526,-0.027576903684598156,0.022294293805867355,-0.006527535032757092,0.0066721672561852186,0.017598069710453353,-0.03862453526215974,-0.0012458994093741957,-0.13610429182704048,-0.03091443095395545,-0.04059262655091674,-0.925653731702771,-16.122457249582066,-0.051393912755566304,-0.0687883978769498,-0.8588518881230925,-0.4922484189523279,-1.3853278402723537,0.11167096019248199,-7.395155908238009,-0.8010667625477185,0.01770661096242374,-0.001858423599016495,-0.01937002561066957,-0.00443206673744225,-0.015950107929256337,0.03534609592591278,-0.003196267329188371,0.0038930776001834047,-0.0009811113884886072,0.006550040201232507,0.32810073853773136,-5.243814405326983,-0.06488071865327408,-0.6535301689382699,-0.8441794948416818,-0.004493167362374277,-0.0021167813391029006,0.019643834834213066
-0.0241711073656804,0.0241509953479967,-0.019286526783090577,0.010219307223893517,-0.002092659961161313,-0.00652906228116819,-0.007812691600964995,-1.207014658103725,0.019172284181067742,0.00041133611568940553,-0.014871045701712386,-0.02525145509860452,0.03530596467564757,-0.02769853763965566,0.011627329613381046,-0.0049260222116323275,-0.004202679895037231,0.017347746727946266,-0.03315346594202534,-0.0019875592306940423,-0.10826196316754458,-0.03740025777409905,-0.04071223567278572,-1.402986970613981,-15.88858792963089,0.3885047783094268,-0.17282400331484465,-1.4798579423042182,-0.2222764972657048,-1.3663989807341768,0.12706487252753196,-5.6826118847948,-0.5460728914418846,0.01807360747129188,-0.001584831582877772,-0.019789052319019614,-0.004031488538446482,-0.015192174576914191,0.029440601994177074,-0.003224921039384607,0.007358784570557982,-0.0014373857238382617,0.007469528703998219,0.3108016086976212,-5.244165930806109,-0.057487094804055686,-0.6202064309920043,-0.9390679924861818,-0.00451210167796607,0.008927880244391565,0.015532317120333027
0.06226038277952476,0.030845222602469358,-0.020247350148837235,0.019097333746946766,-0.0021284443481553446,-0.006611721699068486,-0.006631096057947125,-0.5131195302025752,0.014117484021770875,0.007789007332188253,-0.011888202692942542,-0.02558320906691816,0.11306614339436265,-0.028366964517539443,0.0013453567933348841,-0.0056206188256852484,-0.00392302328024619,0.048502518114561945,-0.036005655200837,0.007416921624659768,-0.0467585655636522,-0.026099720141350844,-0.0376544846793213,-0.5992610940597279,-4.622153969547599,-0.03462415079360173,0.34279063304852125,0.9351261833424389,0.23326216857300316,-0.026240593149260503,0.23462800553498697,0.622190176725407,0.21507549841118556,0.017721556282091953,-0.002815274710384387,-0.019839420686918706,-0.0032647251486666593,-0.014299287073259288,0.06637558670467346,-0.0024937101381531973,0.011192660903966097,0.003961633115333973,0.02168641098506337,0.4905570898450454,1.400670975666167,-0.04619462149092766,0.4447289307561893,0.8754858034389071,-0.005485366200276572,0.030708838888354604,0.03082183217010346
0.0794747908822427,0.033844648511639305,-0.019422043385246904,0.021124005994300553,-0.001987706875972194,-0.006103585511090767,-0.007861835797743005,-0.34085409758570445,0.012327180029698287,0.013800614746041025,-0.010739764573928477,-0.032092736993962166,0.10956916895869988,-0.025582520605742065,0.0074617096928221134,-0.002352082181653683,0.0031679582552367864,0.04649657692816663,-0.026156127183313588,0.0013753673204052216,0.055877346823583016,-0.02495608899853942,-0.03379338408160331,-1.0214870755786127,-4.023804226829234,-0.015236752188119353,0.39286026810846714,0.806388842079661,0.981272515083956,0.46798493412052733,0.26079957513967655,0.6686682523339561,0.4463722451748237,0.01723298710788776,-0.004112929002579149,-0.01927916229820556,-0.0019127468793241446,-0.010523086790354054,0.055829111031476586,-0.0022486566130410714,0.015175332803670876,0.011042549934643766,0.022988920760991544,0.5423179191587743,2.540564379528918,-0.028359245916710244,0.5484715093867122,0.8551665915624355,-0.004508903976197323,0.02598175430349491,0.03151951950555
-0.016607120677139396,0.05654717092482377,-0.02460963835175416,0.013521821958679193,-0.0044139416884134385,-0.0042912204184465536,-0.010996354385381012,-0.3559647786399911,0.00925563492471033,0.008580709398308524,-0.015029756547128832,-0.043634950855318884,-1.0710642964345078,-0.041327331416696575,0.00027383350841740043,-0.009019854384956942,-0.01144487365439525,0.07366961501095845,-0.051909904558756666,0.000213749991889068,0.4161221412713207,-0.03888244794731289,-0.06435602767446519,-1.6306536335347046,1.809272717912648,0.7123803528676538,0.4433802008595167,0.4208925378148446,-0.06068679430106338,0.505093114342227,0.3464738881625933,0.7555716550678453,0.5190039604279217,0.03390233015750765,-0.0014637525831096413,-0.03018514397865326,-0.0045087152305098455,-0.0185637155512484,0.015489469537246146,-0.004527385936878461,0.0026823492308565137,0.0023796262002885667,0.009210669916191886,0.4194130715876352,-0.3905414234422965,0.6502009130651323,0.11509855521566587,0.3615668964707945,-0.008110733531832046,0.06293136497823477,0.03894212171807935
-0.0550699293734195,0.044848364639879935,-0.04633060859278309,0.010674730819618164,-0.011043773262234604,-0.007722788314158909,-0.020023661404179823,-0.44800459882446686,0.00752786509490526,0.013475069401624658,-0.026931013014080706,-0.03102038067367227,-0.9376366897003231,-0.06411888335356837,0.0015049578890990929,-0.01517315397782009,0.014427455965153914,0.04233175921370846,-0.05636701054935617,-0.0052406312513621975,0.15398957491402485,-0.03808840128527595,-0.08940705377141679,0.9193863078847202,1.988434451711854,-0.19327564074013448,0.26992883083413155,0.14962186785628315,-0.4150517051747502,0.36437119480256636,0.3137715663361574,-0.7639294635925569,-0.2248957892529653,0.049850067508584096,-0.004956536354879748,-0.057447511060271475,-0.012906688216854532,-0.02860406094199998,0.019576238546579337,-0.006788497193338515,0.0023734116858396656,0.0033600056188318552,0.004125918104762147,0.26034552752293283,-0.3605296059675991,0.4975518279610218,-0.1103910544117076,0.49333173508250006,-0.00950650286301745,0.021390156646498036,0.042050418141183855
-0.04985244312161572,0.026043366123334605,-0.09828864555986548,0.005575897294768092,-0.01886752133317253,-0.004746313973083252,-0.04388665613128425,-0.12835228282388117,0.005331695646633321,0.01724923321972567,-0.02282261392123491,-0.02053667963288595,-0.4534008265242104,-0.06505411599700814,0.001216417096327527,-0.02668081914748924,0.0004265737889607008,0.049420776516626255,-0.08909627113090267,-0.025455083223670513,0.19474126316023502,-0.020739372990541637,-0.11656557843808842,3.671800497161312,3.8656308330696603,-0.1642958522279687,0.08502807892608952,0.2806381979375556,0.67302595722214,0.489093407779601,0.38212213972422965,0.5233842500222506,0.14613722949676314,0.08506535259121227,-0.0019541269986504107,-0.09636842048551729,-0.010447622135779076,-0.018518206111300096,0.02056150896665726,-0.012070488474629736,0.002884358858982479,-0.00033138751882428355,0.009143850039523328,0.17617868981434023,-0.32358405052782174,0.34264583881226646,0.00907595086314466,0.7254565305467672,-0.005607415457233269,0.018467803975514393,0.02755092786039401
-0.05379090299776237,0.04975475382665021,-0.02048439688840978,0.008180422426832364,-0.002904948674236305,-0.005493919206410563,-0.01575033522506371,-0.6713281636675177,0.004796486520099289,0.0042690286643091695,-0.021536947836135654,-0.057708611320059895,-0.9638942708500914,-0.03801687165326342,-0.003982792923700924,-0.011123903935824131,-0.003948169394316935,0.04008234380151486,-0.04663843430458536,-0.0003975931191699324,-0.08203628605578231,-0.029171164477153323,-0.06059724737325404,-1.6689313835866502,0.17939985291584737,-0.10935713923535974,0.07728334187340735,0.09906065108452383,-0.45754175214008114,0.01725666937684883,-0.9323960337601346,0.11368174343169443,-0.33213290441249677,0.020885623125874456,-0.003397388609449339,-0.02902062961143801,-0.004324907090695748,-0.017141029607458197,0.016000624759913974,-0.004364694681477707,0.0023523905415429214,0.0036478348273276152,0.005573284808554092,0.25840114044133244,-0.4515991350706583,0.17931582221245324,-0.24461404675858345,-0.013478686934956071,-0.007353184180273268,0.06908593077150837,-0.24431490355066166
-0.003290535824485804,0.0392469156206736,-0.022622382580388244,0.007352935800953231,-0.0018874609382676791,-0.006182288826341437,-0.01308694075959701,-0.6303987014080942,0.004612587574930952,0.0063411322227759385,-0.017310256201225328,-0.04683423405238826,-0.7270230947742405,-0.037098380443548865,0.0008929789872012965,-0.0076810835636721125,-0.026616257882360595,0.04245834180257866,-0.034182841293998616,-0.004409389806873861,-0.13547106269628278,-0.04095755449399395,-0.0506305474775169,-3.5923903379293183,-1.8683962255417936,-0.5275942197879029,0.08813578310021178,0.23807085597986782,0.15872371419038137,0.24246542261772105,0.24618362013924874,0.41788353384321264,-2.461055120516949,0.019041428341240695,-0.004470554893823044,-0.024659536026146574,-0.0029030076356172615,-0.012908625906608188,0.00793217772648974,-0.002106928230004097,0.007809715165293611,0.007076540239308094,0.006267024391145264,0.2451522098376133,0.6848091056808702,-0.05248243019888645,-0.31977575720248536,-0.009763740687776395,-0.006456856063636605,0.030971115442315657,0.01244247395341416
-0.02782574233706381,0.03339464944173984,-0.026614653519628724,0.0063418056051017125,-0.0024833156665122224,-0.004658050757481216,-0.012211206175728604,-0.8084536149167065,0.004737585296429179,0.006826408904624934,-0.02367474730946342,-0.0839454947034253,-1.3066086251224207,-0.04330205760171298,0.00044009548540364604,-0.006854793159901736,-0.034010102160297526,0.04431592315709651,-0.030688907042929866,-0.004845636895366665,0.017110488713013367,-0.047416474805029106,-0.06052129014885527,-3.540119584408339,-0.2805108799056938,-0.39479980985549123,-0.11155474328010281,-0.181108130367885,0.5568713625444616,0.15952852641360102,0.13984376702064388,-0.18734003515064565,-3.356550178305226,0.018429545730799548,-0.005973954430407895,-0.02660310415095503,-0.002834100504067818,-0.025381834799271284,0.007614370257018492,-0.002794765984885248,0.007435870203418092,0.007655522269001475,0.006143521333151747,0.16894471047189707,-0.021149731775740387,-0.07100004143101779,-0.4967189268019622,-0.38485488982029115,-0.007779499689197691,0.030912306340596024,0.023892132943011037
-0.03102111697669463,0.020889328069727937,-0.018695844760277112,0.00710882968194942,-0.002236001268025494,-0.004537467122928801,-0.00930450707122561,-0.39736533810606445,0.007287095822526761,0.010267224923874012,-0.016351142687798113,-0.025969460494186827,-1.0905024697536978,-0.027847613576927423,0.003900386296919669,-0.006248292651814733,-0.005856177529825974,0.034073331820332044,-0.029764414981000433,-0.005322326644868533,-0.06320259391127735,-0.02546733278409426,-0.0370247316486285,-4.746350969553877,-7.588142221898363,0.21613716640572603,0.08345312167306321,-0.24927314723176228,0.1868840675484403,0.2549464121321084,0.18484338731995956,0.4520144851486411,-2.415407723240907,0.013759624723065448,-0.001833767477709922,-0.019898169945317883,-0.003049146288289751,-0.012820520612318963,0.02011010245806357,-0.0019573222588241492,0.0013006492435309398,0.009472714200360177,0.015595581115504391,0.13136281600825564,0.8125914132074921,-0.04321933006008411,-0.13737664792169305,-0.6332394081133448,-0.005223643535361771,0.008666305731314968,0.01668207132534426
-0.08627236915379788,0.03470284219849088,-0.03025971271695087,0.011163698045500246,-0.0057261695082955946,-0.005823162669696938,-0.018309730762941876,-0.7012721635730453,0.00807696445325077,0.007746583640181025,-0.028606742288577416,-0.08641056777211553,-1.147705729898663,-0.0420903532029299,0.00033463257358152897,-0.010551679833343083,-0.03188798390159361,0.06137435091043064,-0.04679308427257742,-0.008202263893380723,-0.0026954468575706735,-0.04743553949838623,-0.06764623467146252,-1.9549760187504521,0.7571245640754312,-0.25714800842985913,-0.07979615242569907,-0.4312963654381827,0.8613322712177013,0.08493120390983341,0.29765768497942763,0.1724545955613293,-0.1424286732236374,0.02403773958521503,-0.008241307161783775,-0.03411835433723393,-0.0028479660665572874,-0.03328305974916978,0.011260268263091469,-0.003983188186590361,0.008932899835682712,0.004078696919501717,0.006207453068959832,0.18368453748940056,0.12642117534480446,-0.09520858281220825,-0.13001023390816543,-0.10634690347844641,-0.004965502014960967,0.04176942973932503,0.008141615560360143
-0.05810032406836584,0.04952311579553676,-0.05299448600150186,0.031157525097448027,-0.0031814823416194985,-0.005655862097255994,-0.024082320795415054,-0.3647561175203404,0.0052181030740135045,0.013733261094937364,-0.03224496192739766,-0.028969960846565505,0.10645292262537627,-0.04737494475680206,0.00038606355716079164,-0.01260712294554852,-0.015121745874238469,0.07451690510898339,2.225398639004972,0.0003359525512796783,-0.0721829082067907,-0.03555585831788923,-0.06170746910390041,-1.5500050171768394,3.0685480028672587,-0.06064633138390528,-0.7705272102119521,-0.5161752946722225,0.372564929845492,-0.32986807974003834,0.39074395404831447,0.4030399233077668,0.09074294532543772,0.05887909019607661,-0.007939506996750941,-0.04513366735471668,-0.005203566760940386,-0.034912919037336794,0.017851085999315012,-0.005707043956058444,0.0033647375216042043,0.0030825365873146317,0.007723985953679833,0.24780030667853098,-0.6811397098982553,-0.07035959475823697,0.2397603127539361,-0.49684987641661754,-0.009141289482507921,0.04405560740427012,0.01737174897265748
-0.04184776208636227,0.033212692319716346,-0.09419009185880724,0.06428037006024602,-0.003735850440462604,-0.007432526421050253,-0.04320516053300662,-0.2761948659813672,0.015394682845439421,0.006331631584425945,-0.01419646506232485,-0.016996019266799098,0.0374515574790496,-0.04777358099199544,0.004617284199240842,-0.012092588184997427,0.0008575633670220299,0.02661410228370041,2.596780735978015,-0.008522241519756092,-0.10345178694066708,-0.018875433200903298,-0.08781567441103381,2.0788658238259856,0.6556552490866052,-0.07879656697688331,-2.559127195013472,-0.2933691323319094,0.6344581274901879,-0.014681992931515918,0.2569513545636947,0.019225065592732477,-0.03174600303652053,-1.32608405825761,-0.00534862919106706,-0.03830311819869549,-0.006848632999087176,-0.013737030908760085,0.013726755455469844,-0.007115634506632541,0.0010592183265657037,0.0012220555068196764,0.004478208395766214,0.11922190492976417,-0.46244171106529736,-0.08317377135338792,0.2098633727284551,-5.734958460805137,-0.03695650867055973,0.030578241790856175,0.03644630406281983
0.06779706726745548,0.057341549933441996,-0.023242813518661185,0.013208077636039922,-0.001991832416025197,-0.005507005757690676,-0.011293798023717752,-0.3346490579655706,0.00676779196507662,0.009919518929540207,-0.022326135595194446,-0.0566456210078888,0.11011559533049253,-0.04438156133531524,-0.0019152320315115334,-0.007944211642839098,-0.03946688873187388,0.06709280433640674,-0.03037703058978599,-0.0003629471071641865,0.02884900675399608,-0.05466495382934477,-0.058690576061634386,-0.8375908040202995,0.43672619224197157,-0.09352073900422667,0.12042930495945049,0.4089601062892,0.23307851292545864,0.2353821785210039,0.45894967825447025,0.1257680625316168,-0.1797659472811067,0.020750093059811577,-0.00650651445180386,-0.028501613094907098,-0.0018643554772139522,-0.02761840436106218,0.011899746591952297,-0.0026721821796190487,0.006367589451442348,0.0021383413203573823,0.008553694841097251,0.2105084812154747,-0.031598764913720774,-0.046180785497968196,0.7651835668953328,0.2110134120918359,-0.007269301905150624,0.059896609031470566,0.04162853321265378
0.07301363181025408,0.0420862221124624,-0.0472969098308419,0.01143869462771425,-0.004759503108844227,-0.006259243334428644,-0.020722639759333625,-0.25034867761195706,0.008691647525587539,0.012239584626666793,-0.03183478206206778,-0.035130609765128565,0.07104761416483157,-0.07577084322547262,-0.0012081041823019385,-0.013729057731611158,0.0035094178783563437,0.045026513016795555,-0.06496607742291136,-0.005054376147243986,0.21944779995969216,-0.045450298656673924,-0.0818289980493649,0.667523904935691,0.6423043611754587,-0.42288820406413624,0.02987922514419299,0.2885812901630173,0.16721355976123106,0.09432942968493237,0.38651817099058106,0.3812670908077451,-0.2465472117933055,0.03906420426642397,-0.006120194642867956,-0.04722807629934574,-0.006163808022947209,-0.033083241622823785,0.024481940590879346,-0.0023786284039931122,0.008286829775398349,0.0022101163968559494,0.005480113138446303,0.1645624430242251,-0.2765774220972788,-0.11718116756854047,0.33522184496602603,-0.15429374509126584,-0.009161976817447173,0.014162373152047015,0.043817168392367094
0.08915542669445845,0.04474676726991811,-0.021387173141907682,0.0099962842162276,-0.002188342973295906,-0.00478030256406781,-0.01782879253522433,-0.26944753391817566,0.007271346102747802,0.006395342571821753,-0.020197158390786035,-0.05078108360832518,0.08474068412006402,-0.04141551922570651,-0.005671654397960769,-0.01026968434480616,-0.026095368537421133,0.04984625923738806,-0.04475837058015685,-0.0023969148844720026,-0.03371538164376667,-0.03279015292001383,-0.061540176058869196,-0.931993269191897,0.2812855302042236,-0.3618302247501403,0.01639372914217116,0.09775716778954878,-0.38492766722774185,0.1174109607674237,-1.0989267769281013,0.0894775807184926,-0.1810310493471436,0.018227776332643535,-0.005941991109041681,-0.02875271386677885,-0.004642889179493523,-0.04607133701835521,0.013471237873326828,-0.0034865786259245333,0.0014140637617742985,0.0028182888864612173,0.008428731398482454,0.19582393779820534,-0.36553811985487716,-0.07418637562084276,0.5528274114557703,-0.29496365799551266,-0.006613764927519219,0.05219674750371523,-0.14413448468302278
-0.04261843987504489,0.016035998968378224,-0.020726650350859646,-0.371262837209368,-0.002121496223147618,-0.0033940454549965327,-0.008238604987151748,-1.3995334741506744,-0.0009298465324522813,0.004238420840072228,-0.013671038709527867,-0.0172893441714619,0.0366783105553148,-0.02789481790155939,0.03917918217167391,-0.006284883695236483,0.04385441233000158,0.015800526321028442,-0.03463482058639204,-0.003226059658243585,-0.20837431574330603,-0.014506846439980157,-0.03779713548304072,-6.007968618361732,-17.1969600559178,-0.31480274091671306,0.0996508385816885,-0.9656625713277261,-0.4207161731517022,-1.4243159226659043,0.10765333906383195,-7.961956835270896,-0.6951632787516435,0.017897939254703808,-0.0017397218431965476,-0.021495036966256903,-0.003925141152107789,-0.014723752175103636,0.03678114101973253,-0.002664588470888003,-0.004806767662909159,0.0022090184178662196,0.011217227685296299,0.24006235050417424,-5.8511377273406895,-0.05393478583611594,-0.10269892584755277,0.3156926812321543,-0.00455564300524495,-0.003666386323054183,0.016188291139962743
-0.013963013419625891,0.02224589729378162,-0.018390131795498588,-0.4456147719395114,-0.0021187849435232043,-0.006883038403135354,-0.008184214245810423,-0.6704201779708332,0.008453947615418487,0.00824452599544638,-0.010660200858333633,-0.022298262000472593,0.09316196376125303,-0.02593011881926692,0.007145785070522746,-0.006731055348873286,6.78941077260927e-05,0.042534174777516934,-0.03271464857512495,-0.005582390035735178,0.10052913233067222,-0.01729729170556909,-0.03416221834257165,-2.9065111969979442,-6.597254899959953,-0.13008970498666864,0.3287558822560231,-0.34150233671089286,0.5597192874370674,-0.1412456578920693,0.21039445205970417,0.6158550549700135,0.4309517043874967,0.01750195828425522,-0.0027872567584459984,-0.01740274232879376,-0.0023179553108274276,-0.020492351673715225,0.04525005774106118,-0.002584779688386572,0.006666108491441798,0.010799621169216378,0.023036347138505806,0.37300155141517466,2.9239539118658606,-0.03869551202064988,-0.11497658177744924,0.10506110919344482,-0.0052059355941760435,0.02870605635560789,0.02238331970597603
-0.04464801443453579,0.020037947715604718,-0.019179234279522873,-0.0028982559762847737,-0.0018847632137485876,-0.003988609064910242,-0.008302601974769947,-1.2096228325770455,-0.0017263244911568123,0.0038407812676922383,-0.013144594812423102,-0.012698423052059194,0.030763794893449947,-0.028905478373582417,-0.18357749424759126,-0.006993386840788884,-0.35207044448821834,0.024321297401894704,-0.03560182465421424,-0.004167739107163486,-0.17321882702765434,-0.016455366352702613,-0.03852679344943675,-5.996472493592353,-20.843596996043036,-0.9302046395563658,0.11586077811167521,-0.5011500611582577,-0.32639630262452524,-1.530606054928872,0.11296396506095376,-6.893321245041623,-0.8686230999622621,0.016562983371101195,-0.0017212253714462857,-0.022407701469646164,-0.00397831498620454,-0.014648740644370398,0.030154084987769215,-0.002622323715197979,-0.00832328854172417,-0.0010822769992210022,0.009159058957822302,0.20783263414066366,-5.5050756932813645,-0.05051751640467772,0.054907798858115385,-1.0212933390017975,-0.004596571122299169,-0.01293851608010899,0.014552866327134869
-0.034825325162858266,0.04849048758020434,-0.027682092570930832,0.011065987055228084,-0.002046486261024908,-0.005425887986627666,-0.014280714993555871,-0.3728785848599125,0.008188449953461985,0.008101288768261031,-0.0283897180994388,-0.04145317129349656,0.10329891874013421,-0.04325555059954294,0.02152132741605269,-0.008951330365575594,0.4145441234738005,0.07257264062216671,-0.025154855886486298,0.008873047279508807,0.0738127660729994,-0.04212334955395111,-0.058528086016616306,-0.17449811033986298,0.8289537780601175,-0.14076215071220913,0.3089786204178156,0.046020441310073656,0.5328170192649488,0.1391936767993624,0.41432698609500174,0.017398011899755473,-0.16938144375650072,0.01943216138061353,-0.00653350384543468,-0.026657506940733478,-0.00013089219015983107,-0.02520776422780999,0.008950136210089502,-0.002968553072670292,0.01971288221814126,0.002708403426845068,0.006685528080538145,0.3540438899393634,0.25182762243918333,-0.057118176872203344,0.970081206040046,0.42215283134610104,-0.007730164365375507,0.05749060523600144,0.07738186288885511
-0.03140231056297841,0.024964503200557556,-0.08108042403456814,0.04906785513215797,-0.00833033888172642,0.0033049257737232042,-0.01787107743155007,-0.0025521617854039566,0.0077626129705360095,0.016339776085993137,-0.021042697433930866,0.3998116594758941,0.029119560292421028,-0.0507932055840462,0.004757041753017099,-0.017234345439145003,0.001316412969565185,0.033554110097196825,-0.06102019197668333,-0.017085411030790507,0.196382395961501,-0.01352052903627449,-0.09136734314402796,4.120796649307095,3.7904197192113576,0.13919637820610042,-0.8839326246800701,-0.025317184564351055,2.460439115304928,0.41313138046669295,0.40368051466380317,0.6958942008956835,0.2805221301525488,0.1669528598322095,0.19480688671159194,-0.05930450454474006,-0.008067510850666726,-0.015043785061261635,0.013685673641363241,-0.009246930073577138,0.0024240082417951846,0.002399874439808276,0.00495411772761891,0.25205606736063046,-0.7005051044789642,0.5920796085235059,0.4731975343641418,-0.4463533949985998,-0.009788011386183584,0.02931260943149211,0.021458784255938834
-0.037041832532230645,0.02452962198812471,-0.10000191778082482,0.05937338149232022,-0.0051317764303404675,-0.003497627860844251,-0.022629699181924465,-0.06136780882511639,0.01059815640917249,0.014962147204539701,-0.020470956397555355,0.3319489631240794,0.03392589039875055,-0.05456489999914363,0.0067819135144614314,-0.019609969485833306,0.004022417012082107,0.029876250051693188,-0.053732890343509455,-0.012530343896927594,0.2535959898635784,-0.012409147655710336,-0.10377170904765404,3.3838930558391205,3.4189197359528753,0.13266683175290084,-0.8287441663441214,0.21119886364812154,-0.06283985509781662,0.16012833639290058,0.36669714163418843,0.14269391529217876,0.00979776569425035,0.15312592912138795,0.1412067543687992,-0.08302011329369621,-0.008821718399308207,-0.014732122971871108,0.018265726910793662,-0.010300323926836014,0.0008263029163544485,0.0005798768827446264,0.004869330473847783,0.2688014298356854,-0.1173854494343442,0.6412572964099419,0.21109339198088348,-0.3915222685111709,-0.009540099672190012,0.0076359396437187645,0.024329717880462447
-0.02417209849895952,0.02865429487681026,-0.12281372347799654,0.0919266817557646,-0.008675449758770236,-0.0048223990654576105,-0.03748174381738907,-0.21481979878008234,0.01990441416318335,0.008809562766237868,-0.017057315978415293,0.2798271353723221,0.03287747673651782,-0.058637227413230235,0.008861332917153573,-0.013916717032021826,-0.0010261256228365429,0.027133334184042172,-0.049370739543013145,-0.014721113613724588,-0.003036385925866067,-0.01829993414905137,-0.10163559600405828,0.4968879279746404,0.9794539330270907,-0.04815931666801858,-1.4607919775515323,0.011816358754698485,-0.03307753599577833,0.18722653770703035,0.23672880675392824,0.21195699286257363,-0.03369033063709938,-1.3480348028913807,0.07804731442558065,-0.048470540938742944,-0.006508147505592301,-0.012643298980713839,0.010727591182584038,-0.007042970391034151,0.0013066560350592773,0.0004418070232770579,0.005479068354106238,0.11698930801991872,-0.6295503908011612,0.2151175628351675,-0.02135079751504137,-4.422050717519533,-0.05295132057967257,0.02404657691778324,0.0286366268376995
-0.02467514144926869,0.04814130912395259,-0.025054355135626483,0.018233751201450987,-0.0029377762232603087,-0.007671998230041392,-0.010223519564156697,-0.20152523778033474,0.00721007965575726,0.009307543423553461,-0.027667630408929698,-0.0431500293145842,0.10740437717571717,-0.05462683269842465,0.00057800447927418,-0.00909198985922322,-0.01793962942754525,0.08022610611371755,-0.066192635216999,-0.0007390330756901047,0.02707044257257117,-0.041073672557334406,-0.0642598584375715,-1.343952920872584,1.255388819432281,0.39470801779786246,0.3114392044051506,-0.40434119439305827,0.11172663524131433,-0.09573942140532214,0.3836834211180861,0.41840383249497487,-0.901131559229299,0.024018466080442516,-0.004407441249849523,-0.028677626381029483,-0.0032327171574357168,-0.03233900056554651,0.011402817551349236,-0.002991779786535035,0.007817341353675651,0.01004166766925063,0.0017870399532329243,0.38212780347691583,-0.1939659667986147,-0.07340256672663514,0.6412369579191806,0.3003887116218932,-0.006868580975106518,0.7537063286655701,0.03339742963080451
0.034255432488339344,0.0523896767581317,-0.02641641719417793,0.015944779427515498,-0.0029502478994058944,-0.007894726426595796,-0.010368790764816848,-0.6192756926052423,0.009824389441262923,0.007467316215688838,-0.029198334381560793,-0.05410853499500878,0.07378902089489639,-0.050913178243390034,0.00013023549254687327,-0.008864580979055464,-0.02768882896713197,0.07142332066526293,-0.05515783538156765,0.00042344138112748714,-0.007472140793064903,-0.04570162847387552,-0.0636728100878254,-2.2702873786813775,0.4476867004983974,0.036422382723062356,0.08135799863546975,-0.4234081286799825,0.8016349407852404,-0.6929168078647556,0.30756810614512875,0.20580413183013577,-1.1972124471101455,0.023725395135083694,-0.005839492865197629,-0.029305170631258703,-0.004220267532423328,-0.030002435110116007,0.013459446535737649,-0.003190179102155532,0.0070102177253359346,0.00534539478068434,0.004466797184873915,0.33336544957363495,-0.6442597701704874,-0.05415327690789662,0.42581187222643213,0.04915916948285388,-0.007197966016243818,0.048702007267120116,0.026093602245347906
-0.07128338062767575,0.04858776211574618,-0.028400074190083373,0.008601207769847923,-0.0035076426877586656,-0.008320259736243318,-0.009775007248530117,-0.6051458799010467,0.006483851479789596,0.009707406374892388,-0.02330896122334395,-0.06346714015421562,0.05490038559409896,-0.061361620989184976,1.0271294501399816e-05,-0.008466599755003797,-0.0218712547833665,0.05540281332951473,-0.058150179165164205,0.0054360051695681606,-0.039601693295911324,-0.05674025097677186,-0.07055971552732362,-2.081040069975766,0.5343411777777208,-0.5462471325683449,0.08281651865062996,-0.9251073817324604,-0.2553363565632096,-0.8630772632098517,0.3239381763814686,0.13962965361391488,-1.0330859920426894,0.024793691933128956,-0.003828856095552346,-0.03417859439363789,-0.0054841127092946,-0.03358613446309718,0.014832081153878914,-0.0030200330131423514,0.003713534513548604,0.004566431233926623,0.00526820778674554,0.2573573556938654,-0.0194899822762847,-0.13277776782531966,0.2552886189255993,-0.022821789835196504,-0.007352030776988007,0.42437492663185367,0.03469444640460403
0.001909632509251431,0.04426641045284767,-0.023275384651675418,0.018954384573240873,-0.00254493801242737,-0.013686406630066037,-0.009563224053061436,-0.5935998750536017,0.0066264506013942875,0.0077901551494950335,-0.021278240077637837,-0.04294612579127727,0.059559038479571495,-0.04344955431782564,-0.00045603996606427175,-0.006073548998693499,-0.0012471167437520833,0.06016755041416332,-0.045042872582496646,-0.0020004883488606053,0.013032875351656648,-0.0481171724873075,-0.05716549731039335,-0.9526539508149511,-2.703372541916758,-0.2648378050050756,-0.1280892599773621,-0.5700612575826021,0.15525975026705643,-0.3924712541382579,0.27069255272779746,0.6932495153372525,-2.5678583167345903,0.018713664457456314,-0.004004400706324717,-0.026742666786630093,-0.0030340093756053713,-0.01253563003475224,0.017825137744749867,-0.002691512933658908,0.010312205359235709,0.008424415652069198,0.004901220370183211,0.2953636033572497,-1.4635068408290193,-0.07066997610942115,0.4153857128562092,0.2776516100163312,-0.006090292254481784,0.29893600332839904,0.03252031879744916
0.01296209766591254,0.03983781905384167,-0.018354991259462328,0.007349678017885586,-0.001936091068295904,-0.005640423250326466,-0.015917646133756604,-0.5766658075567265,0.005556178604997957,0.0034813023463876667,-0.01956209482391223,-0.031928181608675874,0.03278808347292768,-0.03518520387485982,-0.00378538293952357,-0.010101118621868995,-0.011737552971925753,0.04958658487274939,-0.03081869010697515,-0.004081960483057291,-0.09497477408873352,-0.028483641296278454,-0.05536698011189164,-1.815151281120607,-1.2188907817088799,-0.1609105485819662,-0.3217604440821316,-0.4014423340397122,-0.31200643396617816,-0.15622465243865089,-4.502039449810046,0.22390386013693156,-0.4540026397392654,0.01694328187552811,-0.0024523625979498143,-0.023320007521820754,-0.007369437794659637,-0.006321888739312443,0.014568905408763672,-0.002984837658740017,0.006082921305942112,0.0042967228017597265,0.009287624532237608,0.3059682997812936,-0.06647785113246688,-0.04585032596132502,-0.3007003070529677,-0.021578385067089766,-0.005469649251873641,-0.01799217863523605,-0.21762161749477346
-0.028259905823398795,0.027129208797470418,-0.07736580373039063,0.0067529020992384585,-0.019749828178146103,-0.004570466055506305,-0.035281673134737075,-0.16275088230404014,0.006773955574956368,0.014093396432908792,-0.019777028423932752,-0.019221625443852162,0.03822409332673398,-0.08477639747676079,0.0005606176431939897,-0.029543607037426856,0.004348849612310977,0.048492696794381195,-0.0810536896234183,-0.04185468686031967,-0.10090185558865282,-0.022795826383266785,-0.12221097816831497,2.758152477673101,1.493300914650386,0.07727389434823052,0.2861363329587573,-0.16013946229292267,0.09321133541416825,0.07869881967198324,0.37712587537445086,0.2354432001495536,0.5474616658805546,0.0627828562493945,-0.011847299896680739,-0.07205771176085161,-0.016728136607127672,-0.012644914010416307,0.02039486502765901,-0.017255189749946696,0.0025842014852356025,-0.001250090221051829,0.017103797430983753,0.223232810758152,-0.25609092555239454,0.26731376094532044,-0.24102964338116908,0.5887375879623568,-0.008010489017836915,0.012575825817002116,0.0322883734301695
-0.04919618169405834,0.023344581951614266,-0.08160820570900848,0.013451262357136654,-0.008284264292354918,-0.005475820325878307,-0.03795744027208819,-0.22579797612556254,0.0067281529360372835,0.011177452906331894,-0.021690315151288556,-0.020229959769686747,0.04061024646214605,-0.08440068293229122,0.0022864643897745713,-0.037007950443520066,0.004547778455286306,0.03934990605250201,-0.07122675156656647,-0.038493928097921175,-0.21874830057634162,-0.019871368794301677,-0.13361420169670807,3.074929030736521,2.3180591158422046,-0.11201502648830952,0.23408990263829227,-0.14959770017993107,-0.5065303456439811,-0.1464601795614126,0.3407161223043874,-0.767517038598456,0.8933953777146728,0.08352301668366838,-0.006258777577471701,-0.08883812295709077,-0.02903706166133185,-0.016782361101087235,0.016943368434324847,-0.021696611515722636,0.0024629602611113814,0.0008354263456964913,0.01440130489140575,0.20892088410901677,-0.502701934153479,-0.1984532991310545,-0.17221496453257054,0.4968339188104939,-0.005639737894228018,-0.006236709834595457,0.02263889803476564
0.05681038356858561,0.03204808604674967,-0.0767163421224332,0.014893186057311993,-0.0049435749427231826,-0.0038772582022932847,-0.028760810413746337,0.0878618290563257,0.007405884311911769,0.010908486258904055,-0.023229910172200007,-0.019422943125969122,0.05672895466805499,-0.07319541635303195,0.0009931938891648356,-0.027063656509367158,0.023869312282122395,0.04918028511148994,-0.05648823685989546,-0.014998394065037328,0.0716512689056192,-0.016809955047836046,-0.11716284056782425,2.7621887768973794,1.0460989461247991,0.06753700387593937,0.22140885362667037,0.34113214232170025,-0.2903107856457667,-0.4748909434577799,0.4147520971256549,-0.38381777674965517,-0.1047611887124896,0.06532877902956961,-0.0038636613800488526,-0.060619681034458764,-0.009126368318045183,-0.01883007810953564,0.03254373430732319,-0.008212511383357178,0.007689138441206358,0.001893907689793426,0.010685861745776362,0.1627303664632613,0.2882661706647324,-0.07974742896701256,0.0014594636832161193,0.2882907748959008,-0.010434774433658122,0.007974958045178695,-0.06872306959261745
0.033765155686007055,0.0455965730760997,-0.014265304703093928,0.011886029255456539,-0.0017339964904478425,-0.0058033960532229666,-0.012159909535141603,0.10732441095659549,0.00460024953541005,0.0014032839843569744,-0.017080718570991544,-0.02120919719898643,0.02762709231957691,-0.03122265226632018,0.001754970158444382,-0.009058486992333924,0.06313262246895453,0.03584152965460291,-0.0429962884130259,-0.0032350305620241103,-0.14054425204868132,-0.019599030147662278,-0.05204845049358064,-0.6885453622021963,-1.3327312143891368,-0.30159505471305315,-0.23163602670343766,0.2249504374701832,-0.6563456018281718,-0.28168903636494586,-3.547689135754839,-0.07693329334792795,-0.3444708664616813,0.015753360439886878,-0.0024696179035927344,-0.021214008312360387,-0.003935635051778635,-0.015972131867067734,0.025536969370616707,-0.0036736995442816452,0.006021294621996165,0.002072147631310764,0.005691656311728639,0.23547945629921446,-0.3861578179127084,-0.05090696025519398,-0.14658916631642901,-0.0232863204494245,-0.012950254702479128,0.06473914904877544,-0.1213467031143378
0.07156676243645735,0.04293485225552154,-0.05159957108360018,0.015045751362746053,-0.004909078243324384,-0.00784682439186911,-0.015463331464088256,0.061679340052067926,0.0075084414332099066,0.011475371292172909,-0.03583086729203134,-0.02802093049115929,0.04731751769819782,-0.07755548852015198,-5.741788791273854e-06,-0.01155740914529553,-0.07347653844859815,0.0383060742690732,-0.054536087750992085,-0.006297105400155061,0.003798853164178789,-0.04032387688901035,-0.08859615979113371,0.12179311797922869,0.5085122246905202,-0.43406209578360194,0.15797646563184814,-0.11641733867397488,-0.7917137584400838,-0.7476972921872527,0.34014668516687124,-0.3731811448332011,-0.3360199027680625,0.03857558703145109,-0.005453024969951934,-0.04718868712902931,-0.0078005631724815715,-0.02962475420581045,0.017909685559470673,-0.0021569790540661,0.0035939219640296082,0.002085013072402627,0.004810844119683903,0.2264251584665969,0.0807516409065344,-0.17505201519987793,-0.17696729093635083,-0.0783682459228226,-0.007811691831948911,0.010718677793205076,-0.12143724032716781
0.040397422464413926,0.04051398836960633,-0.045232075806453616,0.019693426419307148,-0.002875118023038514,-0.00883752344873528,-0.01902774085422248,0.05645097237145944,0.0059584713484260214,0.010246065039246001,-0.04256009309463145,-0.030528279727731793,0.05025908813793141,-0.0782741171794889,-0.0007230367391679348,-0.014102611107384696,-0.0006757474583610685,0.03983944178114479,-0.056786352325439854,-0.004205467060630728,-0.01570572652937097,-0.04564793416861278,-0.0878512777526558,-0.3104292600223991,0.6426698590862071,-0.5682029927903687,0.019852185125579815,-0.09400340330459267,-1.4976336769437937,-0.1464061364564458,0.3056051841094102,-0.30154744505014536,-0.14942572432152837,0.038156974186129636,-0.005045215645868919,-0.04291444809894214,-0.00723101448486439,-0.04897463650172956,0.014422273247307889,-0.005438169484188475,-0.0001592682757729637,0.0019449995513271968,0.001662950258322474,0.13457756644424734,-0.5627631559500467,-0.1511559999111338,-0.17066900894257184,-0.33010416618923594,-0.0075430340801842044,0.006729750426632531,0.008172617878942141
0.0786577356132145,0.03092619620274231,-0.07778143378125951,0.01852004549637897,-0.004903002169350394,-0.0030762151643942567,-0.03340232478029173,0.09120013876731492,0.005712497744381112,0.012108514245945933,-0.022585717259717888,-0.018758596661593914,0.04180704012862088,-0.07117310883656952,0.0005438790155537212,-0.027957885105481754,0.008157588115591594,0.04582297829955573,-0.050883229793772675,-0.013080284269924433,0.10040253725350366,-0.017255159642696,-0.11474904227572794,3.4086678371127714,1.5978402428696308,0.04153660294887526,0.3508452509706956,0.6379829975573329,-0.15611981948891548,0.11596315959565663,0.445660917219839,-0.2794336134170348,0.15773013597429536,0.06216502194849084,-0.004408745301400488,-0.06229658916920639,-0.008783610334223516,-0.020435811525120248,0.023325176168032216,-0.008763044253640042,0.008450734481434375,0.0015352879924735842,0.01199642816682182,0.14448029068358723,0.5274992291855096,-0.04463099996299417,0.15733388014446606,0.35468252729392247,-0.008261967827437216,0.01535571795916895,0.00015647986499580944
0.047031759600705575,0.05436224600827779,-0.03911788622293204,0.025648896915073396,-0.0028208284118680952,-0.008219106172309545,-0.0193310666900052,0.10100405973111411,0.005163954418022746,0.0134550191394489,-0.021059619894954393,-0.032861088248426464,0.045486167997428,-0.0545049427403152,0.00011876710563036745,-0.009911614392208555,0.11568066777654513,0.042839676373929915,-0.05594573507970728,-0.0035502398322696557,0.31721514846477844,-0.033200455152246226,-0.07382779297460712,0.3660038755992009,0.7652643579091192,0.223089633266715,0.17139583336106787,-0.019180174272999135,-0.3186213047857765,0.288966726946505,0.44750821206091873,0.5347795092409581,-0.04188862936946423,0.04837189983655986,-0.003976159974986568,-0.036381069104631986,-0.005063602983968944,-0.029781263081135666,0.012094564081243646,-0.0022850052663490857,0.0026020166710495666,0.0023407718944306235,0.0062061073734709276,0.31891742716538374,-0.81879849738819,-0.08542238463877418,0.18772873532660533,0.6924308843027693,-0.008377205945390181,0.03271454495304038,-0.0764585261485895
-0.04889820640956371,0.031889636380279446,-0.03357585743932689,0.011053703435048702,-0.0019130835362984914,-0.004940165749632692,-0.015420654128637998,0.05892838239913881,0.0028564161968626313,0.0028164035849531873,-0.015881925176464,-0.02019003108195964,0.022951403394432954,-0.02489879599427424,-0.16115325776670109,-0.008621649417187096,0.0007152434879924753,0.04515918278138147,-0.03330688897341826,-0.003971937861062272,0.04042896883623473,-0.013046159569928127,-0.05900440330142164,-0.988650703160394,0.2537555973418241,-0.0053433519488497744,-1.4032495104623897,0.33186600454668697,-0.6472356411598357,0.4596345292041294,-2.459560628367075,-0.06415377929414762,-0.04057350071386659,0.038135377336810425,-0.0038400211650744106,-0.021426758496789943,-0.002814207478259443,-0.01805198536199112,0.010022201935744065,-0.0032060289099743746,0.0007764038183816743,0.008009003108234571,0.003500732566521368,-2.7522793109625616,-0.11100162000501404,-0.06776583190555259,0.022733526776524307,-4.890543712974525,0.12771374258745288,0.06212094066188129,0.012254100292452573
-0.06284937377605299,0.05797244186442355,-0.028760810795029776,0.017264027830029238,-0.0015633524535591254,-0.0077442344211732005,-0.00917071532853173,0.10854176437780491,0.0038759827498338678,0.004097508674437707,-0.012827861633277851,-0.034478232754550246,0.02977877663395181,-0.024180503615575652,-0.05418862736635492,-0.0075829886798701165,0.00443165231350096,0.10722590373992293,-0.019207079764708396,7.358999801773726e-05,0.0126262564334755,-0.022970575126466986,-0.04698579581536206,-1.2574896265790834,-1.0811555231077459,0.2575598557688692,-1.8331779267125432,0.5808699830016576,-0.4427069787266596,0.35836195056777514,0.45983343772899155,0.5384356942606252,0.036412101871053856,0.02638346941435022,-0.0027174713171100842,-0.02189328010914534,-0.002411143473437321,-0.010218817463800958,0.010618212792841721,-0.0027009664458846967,0.0026717400128948195,-0.007661226278360839,0.004157639837218472,-3.062209606261025,0.19420045550331452,-0.05583867466295387,0.22345270617184332,-1.8467857171086566,0.14136488108687564,0.04715581783829102,0.049800579502852174
-0.05843270041764899,0.027325939694088273,-0.07128763611221499,0.022367321992312447,-0.0026454622860215046,-0.006904298859659325,-0.01964463906982963,0.04634840558876831,0.0036022350904152374,0.007110265169649755,-0.030903584825273372,-0.01692445379511732,0.02850656086819231,-0.03858380126435299,-0.19136424708518845,-0.017386761343451483,0.008674004060079864,0.04077342572598105,-0.048531638583883804,-0.006436168204054603,0.1338759601872107,-0.015169813210928331,-0.07277725190192759,0.020991259791992123,1.4519363097486304,0.08843016151989636,-1.6540087311434957,-0.2566989467673574,-0.4872952187549811,-0.6670542894812174,0.15821200144182257,-0.055687007644167924,-0.024747669828049625,0.04680862729723538,-0.004122965593347451,-0.04611287684473039,-0.0038778003173030357,-0.028081001268760827,0.010448677781833499,-0.0034181258133602066,-0.0016593266591039242,0.002913857151792828,0.0038793240400464436,-3.478262421561076,0.21351990878546326,-0.0787786121296453,-0.029741136334916925,-7.391642560338852,-0.145276158395136,0.023774377531401467,0.015609283640574269
0.06072935803780436,0.031339821813717084,-0.01834382271792715,0.019341753222621254,-0.001236861696091019,-0.004506713760243808,-0.009168712869928933,0.16419779812557364,0.012786265167224881,0.012201049487209752,-0.01748479121475472,-0.03371869927632465,0.07305302884557399,-0.023834896549451465,0.008243358701161165,-0.006263967897689265,0.0025921380419677053,0.07239268064864453,-0.03158934462806363,-0.01406615885885239,-0.0757009051214121,-0.023753540405680545,-0.03524872461571281,-0.8728628530809243,-5.806501592450526,-0.21700966685103115,0.3106691273832969,0.9053279071167483,0.37513289690391144,0.4620036766435923,0.3464744337983926,-0.14731275289925883,0.5588375686212518,0.017495320018776336,-0.0026625034504844437,-0.018985118779854634,-0.0028438316899917107,0.2758197483888775,0.030849269913333918,-0.002407757517831703,0.008208013189608758,0.00633442558811226,0.020253512668250352,-0.7325776838262119,2.0424078706813575,-0.03565429700263715,-0.05206411496966665,0.3359707539252651,-0.005243792219351321,-0.41387254274404617,0.04918064255880647
0.08388254419884322,0.024174084752465807,-0.07080239484478314,0.009743683535628066,-0.011034291323946439,0.005827530954471382,-0.0223806010136887,0.08052326746650423,0.00481469781393717,0.010980004137167236,-0.01849778833890292,-0.020098218274468886,0.03272362332562321,-0.06220564547344776,0.0041857089870054745,-0.013224007217713357,0.0013497660259842502,0.08932879624976076,-0.05276063915609747,-0.029072091159696653,0.02381835419882859,-0.02167362303362125,-0.08530216633506557,4.7913051858748155,3.8268392166008938,0.280625258097098,0.8668175161147937,0.6018139807737146,2.5568904880509193,0.3575908142512629,0.470986203159255,1.2866431893152468,0.737719188840432,0.05747428169958591,-0.002273638276893826,-0.09760436117734084,-0.0034357803653471577,1.122105175761263,0.016190507153807543,-0.004356304605281089,0.0035231701417286388,0.001327118475507002,0.011736685998876353,0.35474127799571104,0.7657367384585159,0.05181440824379,0.2920547326936131,0.8806310243399657,-0.007129388342268187,0.07188653590942538,0.05867323854824081
-0.018895809112803523,0.03283621892642215,-0.09136852568697441,0.03591745138296748,-0.005744651005574637,-0.0039843308350015795,-0.03056000012184774,0.0780550011386223,0.0067096949770433165,0.01321698107477764,-0.015207312870640768,-0.01832698338736168,0.03757843996156209,-0.059668860443952365,0.0066095083730359746,-0.0020681926815409417,0.008705615358868168,0.032683282842517675,-0.04976619647439821,-0.01978494677881421,0.0051813514026322356,-0.023630983342593004,-0.0969916028769576,2.3756532503344787,0.7030322280126577,-0.021809640818499454,-1.2976681549021805,0.28381621226622356,0.061446134510695034,0.6727763615932211,0.2918599189330312,-0.10046466059596279,-0.07300609679615361,0.11108503599573565,-0.00673959580497373,-0.04752812916427157,-0.007575088678814097,-0.013248398937113682,0.016257604302197998,-0.01016050743360512,0.0012767039199659655,0.000964848037488683,0.005279793356872056,0.10841228239503858,-0.3963044225313687,0.2932618291494856,-0.004463928230507446,-2.6622877182990345,-0.03254696705343014,0.007661468937294567,0.030693253388887145
-0.0852788343196485,0.05448811526827958,-0.03944325293988488,0.02375788045408109,-0.00246989062089425,-0.006332752578396007,-0.01669859920549118,0.09528495957320746,0.006449831993401772,0.006666086876978965,-0.01951962082741901,-0.05109792664886012,0.04522152818042808,-0.040539040455293524,0.0032129730314991406,-0.006900852486258473,-0.007870413160062562,0.04245389269808515,-0.0384136298294698,0.0036185336286995765,-0.18158784088563007,-0.03500857312617863,-0.06126102760506651,-1.164510876693358,0.6617012968000436,-0.21711544638803884,-1.3352827635198,0.11853968070718444,-0.5199793614568473,-0.1617598588952252,0.3035771198932351,0.3617505232107149,0.14556902943979874,0.04646173266558454,-0.007060403521347165,-0.02636773945329638,-0.003914171564262592,-0.03292710286708504,0.010171992390970882,-0.002871366424149063,0.0021242636170599556,0.0023378637473381553,0.008684612996235406,0.23954936084126513,0.056977559635823204,-0.08734123682256023,0.2520337228206673,-1.579416967920216,-0.017245798950364176,0.024704620720367994,0.011144209011935325
-0.0970072180633612,0.04537523597469674,-0.025334173949136594,0.0094569658759257,-0.0023854499130627994,-0.006258913299189324,-0.017481079106347962,0.11327942111915548,0.007903847080568757,0.006044315176562748,-0.02497419051578062,-0.05989457950653808,0.06250545241502914,-0.04720232685350469,0.019425862478937416,-0.009730212215759594,-0.01816388440964699,0.06951582156948866,-0.04615890896791248,-0.007116810219961288,-0.08525146837121166,-0.05164109600118096,-0.06429888411949077,-1.255829527240076,0.42134182034612916,-0.29201716849948806,0.1881681665434833,-0.38225336331433446,-0.026757755051346033,0.3514964005974324,0.5230480557121856,-0.12403984917300868,-0.32422007231607725,0.02017429089339418,-0.0044724592534042765,-0.029100105351804337,-0.004807798962541671,-0.034005216345300696,0.018786578265924878,-0.003655207513907909,0.008447839173897543,0.0028618167440845176,0.00911006116919985,-0.5032443807703687,-0.17365868705248003,-0.0862445204876353,0.07231439519960794,0.1973397680972504,-0.008792798833730487,0.05931358305714271,0.0513224224642938
0.03480420679720257,0.03353353730400335,-0.019303279502196596,0.017071102325960173,-0.0016979197119530987,-0.00327039814897937,-0.00809406414399987,-0.0028619902711499593,0.010512283269724514,0.010187481262524731,-0.014551358765076678,-0.02538457689058725,0.09419153107323217,-0.026465351213945762,0.003935295836660406,-0.005991076934881844,0.0009098743814533582,0.08228385597180808,-0.028251913913891813,-0.007471274068225003,-0.007550342171151937,-0.02744216181476225,-0.03581161128726703,-1.531533798939365,-2.884204275435594,0.24524569989859907,0.4313432708090556,1.115397725144011,0.5266472068613195,0.7305414029015188,0.46640698460497554,0.7571961318558611,-0.5194978715045216,0.015420706977751008,-0.002201207921228083,-0.018008054667418477,-0.002434835255091088,-0.005435422511673982,0.030445994344694766,-0.0021358895749061203,0.008905567477791811,-0.10073141368205317,0.019807825114137624,-0.45586921322462853,1.9006870271894933,-0.03446124019545314,0.21219255687690702,0.41823735699254116,-0.007851956583362423,-0.39055818407486215,0.05450690696964132
0.0671806135676964,0.020871468865443162,-0.02036482939833362,0.012130904973343019,-0.0019475071511742183,-0.003693387137021979,-0.008627224548361127,-0.04610606382101114,0.00896191072561586,0.004219989773133117,-0.013429659386196965,-0.02960975924962883,0.09168185261859227,-0.028225158275316475,0.008350829401269647,-0.005235083176022181,-0.0018297659512672602,0.07429988605856028,-0.050560155504882354,0.00449756617721812,-0.013844740187295573,-0.02012475726513346,-0.03544484880549883,-2.496258656867252,-9.844557157798072,-0.19473962934106,0.11004921770276253,1.000756609938806,0.2077019223222806,0.9871469535645956,0.10307519066885752,-0.5773150241401225,-0.8737831866596498,0.019031176952723272,-0.00479313773188378,-0.020804608035780648,-0.0026002378830163385,-0.01102243466181482,0.034927109899488745,-0.002206831449513729,0.007084089511831305,-0.10408918822420983,0.022170155245183145,-1.1789160007238992,-1.6031117265971189,-0.03287123470533963,-0.19526324832103586,0.3813900056885959,-0.007620396180228193,0.0002766954663204387,0.027461355186991655
-0.07752817463695359,0.034119132818895705,-0.05202906765472793,0.011874244451201263,-0.004769828726067272,-0.008733950462641986,-0.026419723973969647,0.039795460860335564,0.003322002399937025,0.011093535281729858,-0.056816295710435526,-0.022819038274128674,0.03708461295700788,-0.0643068593799901,4.5038872842086915e-05,-0.014828391031843743,-0.001404905013312623,0.028518037018722252,-0.0629752598118753,-0.0035773375563106576,-0.1521157346880718,-0.02297398789804404,-0.07877740895690086,-0.14300244972907347,1.9134053726879374,-0.05723181339855254,0.16504367721843044,-0.01142901300362011,-0.7169804345218163,0.10246122058219145,-0.4935925994551922,0.567599114090364,-1.5034728878232506,0.031970115404010076,-0.0020846428412955487,-0.06072996041249159,-0.00521008457354184,-0.04363869824932073,0.016923445878344275,-0.006637789187009347,0.0017831404785666417,0.002417565473971991,0.00425954362185968,0.18381197487544312,-0.5567807878560715,-0.10448933123206373,0.31662226843339564,0.7528542575053822,-0.004455196528559113,0.03323794370791926,-0.057324503342493144
-0.055762735648407315,0.04425106569635197,-0.02425679349601428,0.006963485206507976,-0.0027937038470393716,-0.006579224583350349,-0.011671527110724967,0.09743022837225122,0.00555717326839656,0.007779343924716298,-0.020020094620916317,-0.056100418588764925,0.08147410154193926,-0.045470980771156466,-0.0023879508712094694,-0.00867283686689627,-0.017435222007557025,0.06698547477870741,-0.03734258543692071,0.002522575230926869,0.2706575296468847,-0.03260759394116797,-0.06086387294641175,-1.8111447739783226,0.7727216267774126,-0.1805044777843337,0.24148438930368205,-0.3326646910197448,0.5174570639928116,-0.4666452267267776,0.41555846102913563,0.29860862250121906,-0.056399968696443044,0.021012782312701407,-0.008732306816590214,-0.028061362406953803,-0.009386559586231583,-0.024660839505460268,0.015636892652162608,-0.0035259084774407166,0.018712782594690187,0.009413378271300591,0.006353663533119005,0.354446180379624,0.27974304860498705,-0.0918064703626753,0.24671610806688044,0.2812751975015967,-0.006471351147352169,0.061156905753668965,0.020193990880399727
-0.06096782564322892,0.041641964687498235,-0.05723175424090683,0.012207843946079353,-0.005683808319886858,-0.009650870435410696,-0.02265852555940256,0.08628634465824044,0.004981770411474257,0.013593216581778299,-0.045444880073206385,-0.020731759002490798,0.06990150668378631,-0.08521589710473498,0.002016052179827027,-0.01682771449401354,0.0031187064650770794,0.048921132776036456,-0.08224902404574826,-0.015759595977554882,-0.07544116654325327,-0.03280147096988926,-0.09314771586715449,0.8816227937256544,1.6334734868265828,0.2148262605345254,0.09380052590162596,-0.0944509852932048,-0.22066854347452192,-0.47684654456757514,0.3423183048709241,0.3612262191644602,-0.06848650593211386,0.05536369025983048,-0.0030933353755015756,-0.07378550282384773,-0.01067017403258223,-0.03612344847062103,0.017825024643675483,-0.011839386681518342,0.002591189674573753,0.0024582014424917907,0.006748644792064837,0.22805570877644138,-0.3181800743869269,-0.23728512767559398,0.20232062333480896,0.580144858523855,-0.005382754897942282,0.021146367332005235,0.03289141442769893
-0.039853077058316824,0.04534328847193467,-0.018000350504920562,0.015526711670266376,-0.0024609654490738223,-0.005836094202293666,-0.009289778392611085,0.15351082699311697,0.016129457425975303,0.01167558580868676,-0.019720384657106755,-0.0416741533339764,0.07299178117654641,-0.02894599393029347,0.0006893061756464695,-0.006354378825050263,-0.0018147226131576641,0.04748765687450879,-0.03684068972761322,-0.0021307173228699836,-0.08543110545121077,-0.034093359085509825,-0.04379667621200891,-0.5114562304088911,-3.2747616434048727,0.1995880686333893,0.31569387964062695,0.3655196109665846,-0.648018386049535,0.2585274387370151,0.27930584822166654,0.5278072321011094,-0.23553866903621687,0.019681181603664926,-0.003914134658753136,-0.022910747321831192,-0.0034320232488124327,-0.021349835473066965,0.04381572750055114,-0.0024305536959094926,0.010697744359798263,0.006395874754884898,0.020141693022939118,0.33538757173090833,0.5450200491391909,-0.03895148031231972,0.05489338869468565,0.4543002440051777,-0.004764445624658121,0.04570917856474741,-0.20799510884858255
-0.018074912257168965,0.05840060024010797,-0.040601660324347234,0.018958600930336255,-0.0033715754080231846,-0.005640616960615225,-0.019910549445422535,0.14511882571882928,0.007737237089257268,0.01633624012507765,-0.03782401836686354,-0.025468608407279485,0.06541255112372774,-0.07217503366370151,0.001920314210277283,-0.010242336094354973,0.010100983769716269,0.04578475988901202,-0.07688153122147581,-0.0011826007064886736,0.04578751694928857,-0.04943404452448873,-0.08392719350356541,1.4348340956818133,0.8892609355982066,0.32282901225799226,0.2102238013555207,-0.1284250770420996,-0.2971992227837912,0.5797492279862637,0.3653223286441495,0.13364374063877865,-0.9968431740880345,0.04316277153601524,-0.005168063240330345,-0.051306239371542245,-0.008685000337054324,-0.03702314046610622,0.019936168514315535,-0.0033753041855240752,0.0031746030480221525,0.0019650104587304504,0.0033116279700588364,0.22986833334381723,-0.32395891819824574,-0.12005452167134466,0.14456170898290582,0.34166507128363605,-0.009382139580073105,0.018884826471538923,0.056809539203095276
0.053890671713926135,0.06129963660164686,-0.02114717087531883,0.01022094550006998,-0.0023125724783485146,-0.004940547826634621,-0.015680807998370228,0.11990210502320248,0.00679569536537358,0.006523619907283981,-0.01562694823341916,-0.063295538184759,0.05589918899861089,-0.042141152683106774,0.0017279453755856167,-0.0032458755635775137,-0.011739187845378533,-0.3243840239463676,-0.03248847180692204,-0.011835469742358244,-0.05776454823722969,-0.035643015591417,-0.059212757769647566,-0.9401391439155049,-0.6295968639981826,-0.09099854772062792,0.29577459019403435,0.13739930196717048,0.4291943597640395,0.13540037246259415,0.6217038074719433,0.22155523444542036,0.46800021290579613,0.018240798434252293,-0.0068572700112485546,-0.026199340293150925,-0.0034736399391195184,-0.018824794888712394,0.010907109462775438,-0.0025417243140680806,0.008243372405858575,0.0016653358594553671,0.005628488645715212,-0.3275624926753881,0.2856434504654989,-0.0504956308990158,-0.06130067231105252,0.1515600877356767,-0.006197238123199243,-0.3834963559076555,0.06482627989305156
0.07273093679569698,0.024358952125135166,-0.08878376234198294,-0.0007448202454979148,-0.01701072653105915,-0.005309975802276664,-0.037031827962205076,0.06411333797632762,0.0031123450424599608,0.013231909348649545,-0.0223295843639136,-0.01620884594444434,0.03775442602053382,-0.0827990163542251,0.002897650993719245,-0.014427121160227428,0.001081848409491199,-0.22747012835976949,-0.08973126345883461,-0.038250798780274695,-0.06796668070180861,-0.017985926757549668,-0.1345399078320747,3.0710755677210346,2.5837186702832122,-0.43269167751513316,0.09872553454862625,-0.04682337851274953,1.3170574436365714,-0.6500060026685596,0.38844081537563546,0.14028120206088207,0.5187494819003573,0.057603503162916125,-0.0040038545252969815,-0.07869479735739854,-0.009501943287289542,-0.019467292026873473,0.018612800094407578,-0.010427075485510348,0.0022781479565105777,-0.004326235595870292,0.008305777321907916,0.011107655452977972,-0.6474329569370353,-0.08271416214054132,0.1892819123613162,0.4178687914598323,-0.004929365572245053,0.043759424308534245,0.02197201578415157
-0.06505984765430912,0.032149533920482365,-0.015549588834179536,0.01501143761221267,-0.0021161266073929474,-0.009545977779562871,-0.007955938643777853,0.1261822452655395,0.014106236946064171,0.009901694077227073,-0.017810066010885132,-0.034535672149394375,0.10495092104359874,-0.02691071724395372,0.005359240472844757,-0.0032111178638929787,0.0030137355173123865,0.04091264069708093,-0.03428925493927297,-0.004029064619732743,0.01522985481393798,-0.024015520397567956,-0.036387947299293684,-0.913785397976956,-6.341151594561297,-0.2864920958039652,0.4539836396134761,-0.24893213855772237,0.5952450558958075,0.027778532833441033,0.2487160582657209,0.796135899150396,0.512313421376943,0.01494632778677549,-0.005008266517558537,-0.016097811978709145,-0.002125264980553382,-0.025911224037160705,0.04148761047343395,-0.0023814707745309824,-0.16198448543365926,0.0032045078831588612,0.020738278797009776,0.4494932665767,1.4912320093503009,-0.030816638721985527,0.17548998358531637,-0.05046447358517538,-0.00468625242670188,0.02219118577904097,0.027103872783793313
-0.08032871816998481,0.04568162390452095,-0.024169613767103613,0.012271438874481764,-0.0030723454964784766,-0.007487700024103531,-0.014618810441962206,0.06913907684567708,0.009122133527057694,0.00727826815617277,-0.021253164925873716,-0.058215536924414585,0.06407924728501357,-0.04904328807842329,0.00027370414322437886,-0.0023109375800491228,-0.014976265359415682,0.051679223535534065,-0.05126843351977267,-0.01983544861936743,-0.26170887232230233,-0.035037472196225355,-0.07245965545515103,-1.685027091951509,0.7118812015673063,-0.5507129617383745,0.24152695749101366,-0.02569371881073691,-0.6261759816166985,-0.4724711299744113,0.3658330364408051,0.08057533954914069,0.8245782301721869,0.025651273839494587,-0.008980280499140418,-0.031245058126517906,-0.004947294778325646,-0.04475833215865198,0.0175718302080603,-0.003911826756233271,-0.04685576404705629,0.0036423280721022138,0.006810403565177406,0.2240342255706789,0.32408315729228937,-0.10197546106557176,0.008591543845432443,0.24329960082426746,-0.005136704858807925,0.028830071234258285,0.009827513476855168
-0.010857557994353912,0.06632012404429342,-0.01756514981789411,0.013774550606030977,-0.0029966804114273243,-0.011209810430442259,-0.009229818778537516,0.04305798753845315,0.008783696477876345,0.010196194375799885,-0.014041263021201962,-0.027726388086784116,0.07925070124751642,-0.03330809339740614,0.0010908587784202036,-0.0051093269932046955,0.3973504900463151,0.06737805791645435,-0.026508987984045426,-0.007839211754600972,0.0930112740429103,-0.030464460930903277,-0.04973723451695527,0.017674617949655514,-0.5828595387424989,0.3831296211317335,0.5553241670969604,0.05340920592950832,1.1905509385728132,0.23451628252275458,0.45860794170222563,0.6783661468307643,0.31097235356151065,0.0170465253617541,-0.005982623124104737,-0.022813214995892603,-0.0012615174834255697,-0.015772435352403268,0.02624147358292737,-0.0027054047423648356,-0.06947329776499936,0.006591541983155285,0.006679264396646259,0.5227137567275042,1.1839088064211267,-0.032251157993106044,0.11847129267054557,0.4081525796568604,-0.006207345805327607,0.04686608821671266,0.09694242139436787
-0.06121046634580251,0.020733094402464812,-0.019157672371090898,0.014719043145156095,-0.0023745611498799213,-0.0065514631170156745,-0.006259069447651592,-0.5314487013786012,0.009631233966369014,0.006625439677776838,-0.011100045371098122,-0.02027634472883433,0.05975068092947954,-0.028800646966439056,0.02131759318542466,-0.005623810689926339,-0.27121572666492233,0.019059454022635487,-0.03022535689762958,-0.0061082587654699245,-0.12716043882606495,-0.01674852002624495,-0.03799712492317951,-5.838934325736512,-16.77120643845378,0.3325459054233602,0.27025432390820847,-0.8880309158472562,-0.2983249831312979,-0.8953599486557192,0.15730071037374502,-5.873705176623109,-0.04674767505229721,0.01853332359275847,-0.002156130889575821,-0.022532800358373253,-0.004577920457523377,-0.019440137157325794,0.0359236965210386,-0.0046410208662586334,-0.11119154657825923,-0.006103246780770691,0.0163820033704331,0.3450874745784586,-7.884480855168476,-0.06366797565681596,-0.23014131687389913,-1.5061217537381995,-0.004652803331422104,-0.016016703601129882,0.01912594944226529
0.05433232658496515,0.027146540335658883,-0.07945409090072049,0.009488818056271985,0.35965526538190895,-0.006949659155967223,-0.034948663730895675,0.06694525763867042,0.005096723587871116,0.015152662140245507,-0.02335041789662061,-0.017740580517490383,0.03824036730100491,-0.05337230300642023,0.0006492915521459266,-0.01879128346482354,0.00224273373878707,0.044664403334417034,-0.07517001102722469,-0.0184712928193244,0.22066406056486693,-0.015517668619974473,-0.10643039666117365,3.7070306702457545,2.8784178537698186,0.09545353156007312,0.1936870255599299,0.1451935149026648,1.8355135123719386,0.789639573764916,0.4266875218670688,0.29734240513114796,0.27943554720880265,0.07327463939508211,-0.0033504166827134267,-0.06884970041840249,-0.006452777090435762,-0.01698816579682209,0.016934549705658476,0.25338686531031096,0.0032351410297060683,-0.0006319106181372336,0.009584012853651474,0.2706631126044911,-0.2615064977636289,0.4998743291297186,-0.011816951030849203,1.0989823971734347,-0.005817458603260237,0.04814690650884292,0.027254066881468864
0.042433898640566216,0.027391720993997018,-0.055112712338905696,0.009984202770814892,0.09812849848319485,-0.0054655962994688174,-0.03459545003856855,0.0481650135323604,0.003239511857159421,0.00853033895229894,-0.018091709416084897,-0.01692513820554222,0.03369514678994278,-0.048510940781783495,-0.002093202435246783,-0.018370053117101562,-0.0014210982656150195,0.025502351567293188,-0.04523253159300972,-0.006933885864471424,-0.15976182409007467,-0.015515421001283988,-0.1069766833142559,1.6162557922778287,0.9678271409312534,-0.09965576865272575,0.1805471954232268,-0.09394568861953884,-0.19635892266383353,0.4021779082174586,-0.8144625326581807,0.11581825575775906,0.20593736271641783,0.04274096560202553,-0.004144152414645563,-0.05246040256084753,-0.013212462163336658,-0.012293861603853842,0.016020179691085715,0.15829573936855507,0.0020743236768730666,0.0014109877876046786,0.006536175950035506,0.24002943529447848,-1.5614780358895517,-0.06271578596383813,0.002831183719853024,0.7359685434793727,-0.006688528660106215,0.055290586444209595,-0.07865179795882467
0.05873432712138488,0.028077431241532308,-0.08450366210576875,0.009539430821645059,0.3363961349072919,-0.004324431240221899,-0.03855476605249107,0.08085138613156885,0.007372423413529393,0.019025524740250477,-0.0220416634304665,-0.015921079620264934,0.03898668674068159,-0.05497625132029064,0.0012378404451600271,-0.0124183087670553,0.0037253589292685556,0.04371642691718206,-0.07220066449545648,-0.02271608605370232,0.2868040435391824,-0.016830826037092784,-0.118016013558273,3.9356103233320727,2.4930061182996783,0.05970631356301965,0.1901524392035362,0.23311531657163304,0.3697954658633803,0.7924743959955062,0.42025134137146136,0.3774590710989613,0.05461630340576584,0.06730756699714475,-0.002314050305717717,-0.0705317118018164,-0.00926945438566799,-0.018527963031973658,0.017357969893532,0.30228723699102833,0.002561468232265096,0.00043613823939121294,0.009482393598212412,0.33435598012225487,-0.07809312404928069,0.7582312564465354,0.06861184626256042,1.1541011782946566,-0.0054651494941360046,0.03517902477405212,0.021076211390535823
0.035843597134802535,0.029636078224428264,-0.07589654288324409,0.0071581530480525945,0.10744581310615031,-0.005537823962448652,-0.03832104427639375,0.07063356107881767,0.005713865681778906,0.01753158450595374,-0.02462670840184404,-0.01990271165827614,0.043690597705762294,-0.08046536568277067,0.0019201828856377611,-0.02003204844634807,0.006555564767950125,0.04449056572103803,-0.06459043165913742,-0.017465843298804396,-0.021007739696177006,-0.01683630265754966,-0.11745713388081841,3.1314681062203173,1.4019092456195181,0.15587384413175764,0.1615596764789209,-0.10003762314827233,0.01234095732427638,0.24644888230022458,0.3720205015873061,0.25877457153776645,-0.16492881395484887,0.0649956421491352,-0.004266703892054131,-0.07379106669625848,-0.013159325156288516,-0.015229189830322051,0.025517121112073885,0.17581046533244796,0.0037695922150814756,0.0007584915429627106,0.01276795749426302,0.2944383070770121,-0.2427555193987124,-0.14559122436017,-0.11720653909459744,0.836970744199747,-0.008125681142452996,0.01746781179494169,0.02641591355993977
-0.012929623171431037,0.06476575533308122,-0.022766584634996236,0.010882788166625123,-0.0022922240929398345,-0.00660343898087839,-0.014430659768985747,0.11125803502403349,0.007882205924616047,0.006220927791591534,-0.01675487524643605,-0.0374391706006057,0.07066921052065064,-0.042213190771497634,-0.0016335769755325006,-0.0035770962807403473,-0.015319485096511825,0.07387999484992892,-0.048730504828147704,-0.012033484751000502,-0.18662125932900367,-0.032244839656645694,-0.06350686025988574,-0.29895199832804115,0.7723436312199633,0.1184673954356231,0.37344273708883835,-0.10326612858251528,0.7885142034780034,0.25082081626796504,0.5852760536140036,0.2938779445302132,1.3007683295776382,0.01844500225005856,-0.01458363311298302,-0.02440215325167533,-0.004030021548531998,-0.027512171643116038,0.013732529131211568,-0.003130771579190187,0.006248492967526689,0.004390595096140162,0.004926300864983151,0.34910245976182164,0.003525325163779773,-0.05770052584570291,0.28257287209188,0.4661360076427503,-0.006288260488574379,0.04606418181188435,0.040507614082183716
-0.02011040100006,0.02576052400545394,-0.07206315614466394,0.009728089071884343,-0.013336550556065195,-0.005533865787923465,-0.027380221184279616,0.029712026786371245,0.005015412817026179,0.008175529188596441,-0.023902017400036387,-0.017962134466618308,0.04607932497892893,-0.05612321933283,0.0009568246809365686,-0.020871128719118844,-0.0008976203953335113,0.05018202883816011,-0.07153844249465585,-0.027432913736783898,0.21387342811097346,-0.01831083731904454,-0.11120868139326133,4.5020380507305005,2.8465476339181617,0.017094728403039657,0.37930831508042145,-0.18402657695071853,2.426640553827855,1.2641303399628767,0.45386854868959425,0.12196962733664869,-0.0074686910516026045,0.06650559267883022,-0.0038819224557835965,-0.08215875001612254,-0.007040078408549034,-0.017680373996944082,0.01740942982460953,-0.012865497145853692,0.0031302176646284623,0.0007053237364604404,0.005588067838069806,0.18268228204956902,-0.046070221187342185,0.3433506695849385,0.37213007131549924,1.0789764915974809,-0.005595814786622517,0.03022330733758927,0.017630097411819035
-0.03718320152401342,0.023896966200218982,-0.07803351096518099,0.00645223485004813,-0.028374753958441433,-0.0063304040796159575,-0.02121304881705424,0.029632562681502977,0.006083813041947929,0.008244859435632143,-0.024947983269675327,-0.01858598781667466,0.04252539560976818,-0.07067118476682831,0.0011601852142932617,-0.01621922947089551,-0.0009318988708204683,0.05268107317477135,-0.07653835312702141,-0.032631911644816596,0.2320611982960522,-0.014635003016259463,-0.12565644519029281,3.401663148271247,2.4416905708997403,-0.0010874805098684706,0.27159013132865867,-0.0026654848618265295,1.646551868634534,-0.5475159722414362,0.4338634892267906,-0.017227841285006932,0.48864099927283106,0.06579762340215992,-0.005669579571631273,-0.06881713651595948,-0.007134930991430266,-0.02015976118755012,0.015186952722824163,-0.012726530256926888,0.0028555940528299595,0.0010051725599716519,0.00851098019461935,0.17847717589480303,-0.16342510950538594,0.34718873427662594,0.20307908522916776,0.7738411624853958,-0.00542599400721755,0.024000288903230176,0.017139210526788722
0.04304768432110274,0.02882172422430296,-0.08599260858892242,0.01645833397296125,-0.009942019888645721,-0.006173853814125334,-0.03734891183596357,-0.042509066485953685,0.009251455988183832,0.011976970679690805,-0.027092982559645293,-0.018076809146037584,0.05353639869186138,-0.07498748066242569,0.001286369331574428,-0.04233632495342426,0.0024982235360328136,0.036619475688999335,-0.05586331751222268,-0.011347913027773176,0.04266131953524265,-0.021551930697058252,-0.13826335589688427,3.1623306019737125,1.757052210034969,-0.14298744822206555,0.21659114857288503,-0.003228992573857963,-0.5631671240243955,-0.16840714649893732,0.4023202763104712,0.02239244786351881,-0.11162792987879044,0.06542329125217251,-0.002341072143198391,-0.06759121252098099,-0.009388713451054156,-0.018709395336773436,0.029679271694270967,-0.013998545551839265,0.0019605635417050135,0.0011840111000374336,0.009783888055299209,0.162429675072617,-0.4834771425578302,-0.1852678522724993,0.06763076568063996,0.4830573924421568,-0.005597206682752166,0.01095364294719336,0.02887070942259575
0.05551138581257241,0.03887188952921188,-0.03264024012911071,0.019600580466343533,-0.004373642342762239,-0.007955749505524795,-0.018411303479034972,-0.23337948383345145,0.006504128162621805,0.010895140435257392,-0.042035399244195755,-0.037744753516752244,0.057480751845782864,-0.06777910362025902,0.0006619017763667735,-0.013654707030736497,-0.009355576161298205,0.04407407718057366,-0.04985777866987685,-0.005676814169222961,0.09237082560247292,-0.04035233785258096,-0.08408964772546097,-0.21864230550844144,0.4293713354481096,-0.12398910622350273,-0.09632520803704,-0.19257798843126422,-1.3450302610649576,-0.04780687031851699,0.14246780539836296,-0.07994324421801985,-1.1725901290842455,0.03212766288451945,-0.00512201827999959,-0.03908179625769837,-0.006257665148062879,-0.05791567387957946,0.013529364109776156,-0.004345750510931783,0.0030775701046131024,0.0016240034151869228,0.004464857994497672,0.15519822300033118,-1.3792716206407116,-0.15229169153329128,-0.11989747514130938,-0.3329750592240276,-0.00865751721596894,0.015901309690688648,0.0012837800250165253
0.06950293622015614,0.032249579538301446,-0.0292752037679097,0.015051963007301643,-0.003934673787512582,-0.006183667692540169,-0.01962713281012775,-0.08434222527513424,0.00300288603831474,0.004017969134196407,-0.027422157567148015,-0.016834581778708276,0.03683133656265091,-0.04888056471948795,-0.00489611384118445,-0.01169502191667436,-0.0038362742615162364,0.024639171307929184,-0.03920461437859197,-0.0036269395927311485,-0.14532159221833468,-0.021231660276379738,-0.07881666488894744,0.07560307283243142,0.5068105288062835,-0.21092726049813112,0.031083377948054786,-0.19223527390043954,-0.723727721315683,-0.24028407799206444,-4.110841744401003,-0.034678791441313535,-0.1886955331900473,0.025093440546838982,-0.0024819257773087684,-0.031009712913638895,-0.006245257738277206,-0.034722009883004286,0.01905083318292921,-0.004773540434078157,-0.0008862529421055861,0.0016660348632867087,0.003264354605892375,0.12105993865783685,-1.260275243805436,-0.09531430812957851,-0.12832491681584293,0.129226717966965,-0.005277561068556927,0.06388071585260366,-0.13751567436155096
0.06461868905205055,0.03407442465574506,-0.05509420305011562,0.011405165824830133,-0.0059208225561449045,-0.007211464148088284,-0.01652827881247017,-0.02575027608458725,0.008634864490393317,0.01485099754529241,-0.04173767654622296,-0.023987755544922874,0.058827861029404356,-0.08868654711550186,0.0010568735182560792,-0.023782782306245344,5.131973391296187e-05,0.04062540492472254,-0.05385256085734149,-0.0050291059832358815,0.027179912876217596,-0.040717586116199106,-0.10239697721884661,0.7605789056028555,1.361240401308523,-0.018619393333386018,0.16121791505399816,-0.341055032025327,-0.6970516422567239,-0.540665539422292,0.3186210856677119,0.14075210692563397,-1.532546941596069,0.039014897282289886,-0.0033940202372318134,-0.04550813774875039,-0.008717966024936992,-0.02792898934905542,0.02309754543139614,-0.0068171605851668066,0.0026732781959439146,0.0030012726156288037,0.006426658997247503,0.18654461315636697,-0.47489793581034045,-0.25697222763403377,0.14103632020561305,0.345291724570627,-0.008937903191668232,0.014409668240542272,0.01719141054756638
-0.014691974529978231,0.05635737355856166,-0.023383899464702946,0.012219199184312472,-0.002597951525235985,-0.003489273528074797,-0.015596029542447662,0.10622656306455809,0.005146026728862065,0.008217310553071698,-0.024400651372147194,-0.033234705992721214,0.07364832135433506,-0.035140342944961774,-0.004580155814261633,-0.006422903527544951,-0.009468694096900663,0.04038375611256326,-0.035257587211012124,0.004849751405875809,-0.09685673760679478,-0.027147544830324596,-0.05993156933555535,-0.1811072547505221,1.1382512242236562,0.22016350500501372,0.18570449018505053,0.12822211916507803,-0.06695316316467728,0.5121483245778767,-0.9182088471951441,0.09780061625926112,0.23891344298653275,0.021500228901535204,-0.0028991174599553473,-0.02280968858690892,0.15749723872006083,-0.02463553004118538,0.018818196458170823,-0.003263721463547288,0.0010040077319097454,0.0036820439191393175,0.005244660872597648,0.354410866476182,-0.15711041625883174,-0.03888304187946679,0.2641068190552936,0.5785387375514952,-0.007016376191161706,0.11843181293903993,-0.08409947882057112
-0.019723366159120757,0.05383510285468662,-0.03087375619670522,0.014929387810062774,-0.0023820583373181403,-0.00679430687339809,-0.00950946209419172,0.14342129910581486,0.009741947218874893,0.014270659247706718,-0.03326126640329899,-0.05324336791913663,0.084307170608779,-0.04753730172830814,0.0003951194690521344,-0.00786370419024658,-0.011859756120059862,0.04790704055811639,-0.0468765486753175,0.006775109584679723,0.024146072501086333,-0.03957952191394512,-0.06566870361041016,-0.5014872203340902,0.9556912312543652,-0.3599468155488213,0.2626696741184493,-0.05161413610489174,-0.3245004651315532,-0.06848850182850916,0.36785277147604845,0.1951326379198761,-0.20037945134475227,0.027435149794209846,-0.003959311878215914,-0.026279196121553494,0.12304240952604024,-0.039531906013234995,0.016430435912983796,-0.003481404906019978,0.005225768141398773,0.004311482592479959,0.006134217705449789,0.31848969143558253,-0.060130881755378035,-0.08614371715401678,0.05799595818182953,0.46797306680170814,-0.007456414937737601,0.054092873445738814,0.02533068181615854
0.009762863462711184,0.05189646660934966,-0.04444788857917685,0.022266033260227535,-0.004783766816639827,-0.004625052070123878,-0.01610580984314162,0.14006631912497544,0.011048976576880835,0.01951929869626353,-0.030927586433003758,-0.02826328463899933,0.06551326830993358,-0.06445100298780752,0.0009119360049982883,-0.004698204253167728,0.0050847169114814,0.04146660181364565,-0.0605221202546231,0.0028560950608273656,0.04579505474898109,-0.036121476395920275,-0.08361998277870372,0.9372379977192764,1.4335902849526607,0.25977677332498433,0.210341346163625,-0.3761424815404495,0.028287062145667174,0.13329241438801842,0.4211394262543267,0.2584485737819813,-0.33583126197891927,0.04613414931758327,-0.004532494183757507,-0.03809040299040796,0.15486007630529314,-0.03045096968930885,0.01930230722252836,-0.0036356702738852605,0.0037275350874073827,0.002501649344522216,0.006306233862830958,0.30792129993433887,0.3839817225462463,-0.05674765865996066,0.024295809934814137,0.4865118898117689,-0.009638461103001206,0.030880851552547956,-0.20585938808417092
-0.018619508277026426,0.055995635162998665,-0.021689103611778077,0.014690872052385399,-0.0025055111557956045,-0.008003282684985846,-0.00952304764958321,0.2239332344098117,0.026885061700559484,0.005935847704087662,-0.016850731512810923,-0.05405909840350752,0.07411675698218888,-0.03566139784810718,0.003778833971123129,-0.00528855994568936,-0.009426142495904474,0.04598029667114639,-0.04559727239675427,0.006193809834804418,0.011447389492755266,-0.053077721906931864,-0.05368261359182539,-1.2767910976071428,-2.499301829407377,0.1594911073096044,-0.3936741215710054,-0.8822579325954064,-0.41077052162584976,-0.23734190344603834,0.26498346564167047,0.4595953947559747,-0.21760978765608366,0.02120356847754363,-0.0036938342796686043,-0.022404033906724668,0.06775543552106317,-0.02980983880149407,0.034749407665208634,-0.0027950431298391573,0.013679560966479808,0.0041452275945560915,0.012250242301996008,0.5048699729099192,0.5012067490739773,-0.053965190648338636,-0.24141323661014177,0.31234434624739177,-0.00656740817632959,0.05064284906752835,-0.17521120859970526
-0.05117310551355504,0.0337010952401117,-0.034107906120011196,0.011340942334648099,-0.0017928052510770185,-0.004971564049345717,-0.010486293570312943,0.08398376715849003,0.001345168811643791,0.00403064352912962,-0.01246331308312632,-0.019720432351273343,0.0383912286974831,-0.027691123855653116,0.02572225927867361,-0.007755152555702728,0.015833600268868004,0.05887365033915995,-0.031565010978564005,-0.0007716971575502475,-0.04614027970070415,-0.016161602601488027,-0.0575275331727699,-1.7151320706160098,0.04506754349226831,-0.43337477371604566,-2.2815683559102897,-0.37833855798588795,-0.24677311306307836,-0.19598092826480362,0.12182119396427066,-1.4004230108437865,-0.5288895210363921,0.028617380447938455,-0.002551265266031623,-0.026858643515190305,-0.0029954101682770364,-0.019554457015734317,0.007267716847825854,-0.0030678676587509485,0.001496742884669928,0.004561312450685135,0.006233865989504761,-4.590304392380271,-1.6936618677041182,-0.05643250660754154,0.16379216485018247,-6.57432725793126,-0.2592752862984578,0.07088450857073655,0.011210661063377758
-0.06073642936619228,0.06347280731998498,-0.023218878519462298,0.015307201023973382,-0.0015398305263674284,-0.006651831852258874,-0.007934489230301644,0.09657400714408909,0.007518571336822314,-0.0014706439711068484,-0.011176322388878947,-0.01244399004756018,0.06109581650185763,-0.017811724169232903,0.007811871617905387,-0.007562294399466924,0.004436205729598092,0.05061693674600947,-0.03749130809792095,-0.002532959062690182,-0.08707036035806799,-0.0177089705961171,-0.03888972600717712,-2.0700278074312166,-3.0727367789114046,0.03488337149021371,-1.7825244882972926,0.41363616201625075,-0.3813821761038041,-0.03974688576137522,0.13930481539162584,0.600845796962602,0.12534955332187125,0.021427417637062244,-0.002143502672408043,-0.019138501415245472,-0.003997952493215091,-0.011977905518788344,0.03147816431560639,-0.0019839827671807564,0.0018687425548132447,0.008745981976954038,0.0144853324089982,-2.713596597094747,1.1235688676750482,-0.034982768473179694,0.37500869594551867,-2.2735774184596904,0.12946482822980807,0.03986511601490867,0.034430226144550845
-0.044623602118053676,0.03619471104766227,-0.0436026501055796,0.02473060473077463,-0.0025138071638558545,-0.008923143012348,-0.01384792912284564,0.06286900645446453,0.002116734040078174,0.012838144691585358,-0.018843331021302555,-0.01852652154716534,0.026578940279198146,-0.03946583584401615,0.05192114434474347,-0.006526393713725377,0.005710081567946629,0.0529335747890502,-0.031625798120705644,-0.005238529714888249,0.05827890715689384,-0.016811269020226588,-0.06665824936063129,0.5572427691894282,1.3995461397534423,-0.008169992511941846,-0.7884602813939312,1.1426296047504378,-0.07009514407890154,0.961025950737314,0.278413516815337,0.48077734653637194,0.3754541963049829,0.06825117351576407,-0.003105225938311121,-0.03508371647545211,-0.0035371923143099108,-0.0212351654365221,0.009900115283719813,-0.0026577588774250377,0.001436450333815899,-0.00013705739488555362,0.002763697290814084,-1.7360616322085896,0.13996048300956832,-0.07338936131947305,0.173025136071488,-3.8827557982500958,0.2894187709614827,0.052468955779080194,0.025555768805675044
0.02122736821467319,0.062298272607749984,-0.026373357492091448,0.006525700621051668,-0.003083912389620227,-0.007688196991727903,-0.016195605994129014,-0.5960258651857995,0.010003749883759945,0.008113145927621095,-0.021415181939530584,-0.06570973469568757,0.08048547263176781,-0.05158755440594965,-0.0016557215980033345,-0.008665891223163134,-0.022564188420934404,0.05362114880227041,-0.07546877346381127,-0.0018647042336934403,-0.09867935496108739,-0.05818383177643616,-0.06462292176047814,-2.285715136198463,0.657905410433189,-0.11560628129948669,0.1394504099122821,0.2257408901796526,-0.03120223433340619,0.28980909175486436,0.35541282246774336,0.2832152458941886,-0.5055576744921494,0.024308495424306444,-0.004262516446038438,-0.03190250165054612,-0.005741195611433802,-0.02877475836896622,0.015211311752210152,-0.0031396830026353467,0.005006146406786227,0.0029492808285791015,0.007166345362730029,0.187664476027748,-0.13471585926298346,-0.07327881477049213,0.11877849850329808,0.38446663651595137,-0.006957393521246112,0.045351921221814265,0.031843021259077245
0.0923716831439055,0.0556955350033547,-0.023682287880153845,0.01072692138018597,-0.002836872723567096,-0.004935130366264376,-0.014754718359277854,-0.31111703250841705,0.006719411277908377,0.009763319822685098,-0.023022362069241006,-0.07664413493380498,0.08722351688218104,-0.04420064013979003,-0.0016814704491500607,-0.011280528649981456,-0.02592236115748672,0.051829627036724814,-0.04032888272955848,0.0018802326326395615,-0.09907621859439349,-0.053181569886981306,-0.06418413485975025,-1.0941867646215873,0.8246214249522296,-0.23779123314966147,0.24306363798876474,0.36323808477195824,-0.366392203053037,0.44531760292772354,0.3678514617014788,0.3662710377762444,-0.03409746233943605,0.02552833747986192,-0.004547150798739611,-0.0362719852296988,-0.005499081596322154,-0.023576215172277672,0.017851975061502368,-0.003849928301887739,0.0027523098758982234,0.00257285880402763,0.006370914485368998,0.27927036041454856,0.2869833239510646,-0.07388818656478578,0.3215435271763755,0.5102030728301514,-0.0069625578985304075,0.05170433917968254,0.03964900084169427
0.051576103798453475,0.06505466084769913,-0.021659118278911677,0.008635556893090993,-0.001837891355185801,-0.008094244269825251,-0.013597531501767294,-0.5429679899340032,0.00764768144482561,0.006282864079343808,-0.02681327814550046,-0.07441705164275593,0.09506677473293965,-0.049568293051357175,0.0016084985614948767,-0.008389172067504825,-0.035123527883159915,0.0545516159471226,-0.04443547769935663,-0.0011102043181890997,0.012919511570042275,-0.06018386287100267,-0.06013699963703508,-1.3612983818837747,-0.14391644444984908,-0.08748558291560626,0.10249693900603211,0.070904435980831,0.04226236293289944,0.1522402959264428,0.2656537630407231,-0.3094145458677261,-0.9859244492496055,0.01819168949324495,-0.005024931349906764,-0.028803143025110167,-0.004019761821857824,-0.027915686813214907,0.009033707942202296,-0.002251257026222678,0.009392924518899504,0.0024021599248086507,0.005029976650112086,0.20266977410291817,-0.5351683615586414,-0.06424603735779927,0.20721289656653935,-0.19194868885133806,-0.007766671058743659,0.041150935576095386,0.04293465513997317
-0.04190568882989598,0.026626814349352216,-0.018817203613004655,0.009395297876867756,-0.001682045094577363,-0.005450664556380701,-0.008967812677413792,-0.37072128947024074,-0.5080682524015322,0.008900680164430136,-0.015016798024295947,-0.03873844366071825,0.06554072671579836,-0.026288446731487426,0.006133091058496236,-0.007791273536672349,-0.00524575111168466,0.038434694780289214,-0.03414624553935691,-0.006989069060498311,-0.03077374756068986,-0.026858371657526456,-0.03789959458671764,-1.0122508070909284,-6.860225013794127,-0.15798977800134942,0.10888816947619193,-0.2715549199047909,-0.4554425704353211,0.4672495741367741,0.15467996108448645,0.38536558251221137,-1.1727444927800992,0.017692953927554805,-0.0020698989125782483,-0.022671378189461855,-0.0035994261440981906,-0.01679587256849223,-0.46062208327153187,-0.002862857300510417,-0.058995614347802816,0.004497917009622393,0.018133189097892972,0.25380280005175,1.5313756230652176,-0.04058612835778076,-0.33514643349350487,0.10240198529060476,-0.005268365988566337,0.013359040933570862,0.03525761950373993
-0.03053674522496855,0.026908032551938684,-0.020594185905869606,0.015029440167204325,-0.002282919838740346,-0.0049440767781208875,-0.0064611917482845106,-1.0979162631715782,-0.9359850365016654,0.01061762166179833,-0.015815315519769554,-0.025930644857921705,0.06348595621951267,-0.03133582262288741,0.012026683444109896,-0.005949288480438974,0.00886822623902011,0.04156577941142355,-0.050696337995989896,-0.005274839268585407,0.05780697111066725,-0.021922778387735608,-0.04050890453358598,-1.3808010670172384,-10.518569282566082,-0.7991727472290251,-0.013385248805437627,-0.892564572778771,-0.2348897083840695,-0.7322368644246975,0.1509106961815944,0.6417132828756085,-1.1584352340964632,0.01700993714521477,-0.00202786259883804,-0.024119573316519875,-0.0026942641955225825,-0.019674034073342214,-0.6101297864043957,-0.002740338391804479,-0.16267045000335079,0.0013848955184720545,0.016601989516877046,0.3239300112008081,-4.622134892094431,-0.06134158702109923,-0.3856830233974682,0.13532798819311329,-0.0053325352054544774,-0.006733853103007191,0.02139580937095011
0.026930290291715106,0.05085064040795043,-0.02262472928880747,0.008756293604365044,-0.002422137578228766,-0.006413814277483271,-0.01946120669970292,0.04293377281435361,0.0036144440828284902,0.005702981922622239,-0.024400440044350012,-0.04477844233748617,0.04259256860247937,-0.04472593498112021,-0.004858277213650784,-0.004939711878418583,-0.005894627571635297,0.042165984986156604,-0.05669020428412169,-0.002111213594696839,-0.15175305689699126,-0.029561875005285555,-0.06084416146007543,-1.0400200816698855,0.6343789362202567,0.02400667887440954,0.043086479364704,-0.2400710684178899,-0.3349355426219089,0.3690808442118748,-1.1953873242803548,-0.22125383987927097,-0.1295588818339891,0.019052508761731556,-0.0045899115239260825,-0.028762736938029148,-0.005318986813424184,-0.0322703606414501,0.017149633522722415,-0.0036062914216927586,0.0015918434696310807,0.0036175997912925766,0.003387773147789123,0.26047866067759223,-0.613811919784898,-0.08342153762507885,-0.12880460005728903,0.09096436344007178,-0.006899159607827425,0.07162423595405669,-0.2362183834192969
0.1080782301654846,0.05684962655423512,-0.021580183960506174,0.011348047983321504,-0.0030944026493126583,-0.00892276378663102,-0.012277828818351147,0.15481402940977165,0.012003482722076651,0.009111122525639594,-0.016627906401513036,-0.06743028834691016,0.07953073429739814,-0.042287963304115196,0.0011123527675096444,-0.008153284983860082,-0.008203000901245202,0.07103941950033016,-0.041387276967908136,-0.0004888897683140292,0.22818494357436478,-0.02466000916191823,-0.059309339705934105,-0.4326039053425248,1.2944395069218053,-0.0366214168002105,0.4730600355491655,0.011153044038628903,1.443532047870549,0.238175207015861,0.5672634728301782,0.5859567759529787,0.7559572635370518,0.02350954600073629,-0.00674484761761362,-0.02718392654790533,-0.003393348783893088,-0.026323487296892344,0.015817232499544396,-0.003980231623039106,0.01694765801885265,0.006943911430253421,0.008253502957670699,0.33499642584635675,0.10922802315040407,-0.04243065369265273,0.3115765728892098,0.206640294293094,-0.007186670542686876,0.05751612489166533,0.04051518485098674
0.07486190006542505,0.055875892410437986,-0.03752528500198957,0.009524018333185624,-0.004037066738425523,-0.004810419339636661,-0.016384431870407935,0.11284927602714387,0.0070775048902553105,0.012367938181974812,-0.030872006619568817,-0.0259942769665879,0.07091932557413433,-0.06933771371532564,0.0010808956623454284,-0.012533887530390954,0.014256244211131173,0.05932071940945981,-0.059134740358479126,-0.013967152602948745,0.03477198786674546,-0.032106980793505074,-0.08221978126630652,2.0552366439960323,2.066382359901688,0.5882272270617686,0.5440886003112689,0.2535988436945489,0.6501136651465361,0.5716718047743548,0.5925712157674219,1.033976426278155,2.2896069594641895,0.05149827950738254,-0.012273608331416995,-0.036539528384506866,-0.005987298592346345,-0.015656770796841354,0.024035559989204064,-0.004507187851130974,0.002392071981070829,0.0039043870437883567,0.0053070884517728645,0.4119876325713525,0.8619347666717025,-0.06432686992830532,0.882450078269188,0.733799265584544,-0.006045950686245423,0.04447259245480669,0.05424608498556164
0.006502487401650954,0.054959053082749225,-0.026084896879425504,0.008473782116805757,-0.0035541167076324235,-0.008522357356923705,-0.010586088105373386,0.112791298361916,0.008738959997417356,0.006917132414046413,-0.02475213994759734,-0.06283737051760913,0.07934667656061344,-0.05604531397859234,0.0003463365646131085,-0.00863124218822616,-0.029895642642654763,0.05875953283716985,-0.0674810098386868,-0.0013881624489866518,-0.07976730896793445,-0.03876909930203221,-0.06729287477148752,-2.1192437414792904,0.7222722353270256,-0.08544656440953807,-0.035909155062687215,-0.7552847351614439,-0.15525504967427675,-0.7962661023771662,0.3289845530751943,-0.3580910302145883,-0.35822316370478324,0.02238907120366164,-0.005496011270206822,-0.026480194833765243,-0.007240003308820863,-0.0434478550238238,0.018838782968407318,-0.0031783839680444123,0.0034231741866449237,0.005280717224868342,0.006164373313358514,0.23033262205772115,0.027272282181151547,-0.10384752410569761,-0.019549172031839958,0.03316639925439541,-0.0051706481845312565,0.03885757588193004,0.03811018867220407
-0.017465113555252584,0.0565163818863652,-0.02426108113096436,0.010033246320573704,-0.0024916590723785413,-0.004737460062147233,-0.01567342430150062,0.14963777799085248,0.009023785329368619,0.0067540372618543985,-0.016204834733328212,-0.0787190513257642,0.07742162531116108,-0.043838512587494605,0.0007798575443096772,-0.00861156902887265,-0.018206665144455753,0.06662976704454761,-0.04499154593207767,-0.00420504702207596,-0.05019351953843763,-0.033847612440490706,-0.060835189156411985,-0.3118565515766032,0.8684048997100721,0.3852577626202882,0.22813253438436465,0.392789744753263,0.5428078765632698,0.18046674516998026,0.746711318402977,0.6489049454319151,0.6756100384663887,0.022281612936651568,-0.006092354456265483,-0.028673357031743063,-0.0051224152195781004,-0.03322058599044518,0.016793589438774605,-0.0028302891776829666,-0.08223653717403873,0.0051500110270849145,0.007728727987846644,0.23304728852244863,-0.08908612216024701,-0.04595434538240318,-0.07747118900909147,0.25559528428168277,-0.0060135334338063725,0.059095364864951816,0.043526483821119816
-0.1029399903399126,0.04404006079500843,-0.021927799007208967,0.003082038783460117,-0.002960329874166204,-0.006593757693070722,-0.0125516043494682,0.10329889568157426,0.008253283954629934,0.007647300030075922,-0.025498301231064602,-0.08036448965740903,0.08507430803916126,-0.04247101038600231,-8.95958626857793e-05,-0.008795630714906404,-0.01573279198757469,0.05502508928483083,-0.036212719605458445,-0.005685079745973135,0.08562171657942241,-0.038607214550894504,-0.06073323928946297,-2.738569545171804,0.5068023544302173,-0.3174549555424802,0.01580199280267936,-0.03480331859410661,0.8580066712978462,0.26405533857453534,0.31367875812703255,-0.041033447016697706,-0.12856941116916845,0.020022058826850278,-0.009809694648082255,-0.028400192476588988,-0.004210427010041293,-0.02788305435876975,0.012862523467254597,-0.00313751406360097,-0.1536519204716952,0.005878291938876754,0.007861069169421494,0.2716234809806092,-0.04364339903071502,-0.056646432205520264,-0.23000347884858727,0.023286414168525105,-0.006254252369468035,0.04940408022632317,0.026672401588981775
0.008374620065353644,0.031322668855477395,-0.07172893541981024,0.016661616090078712,-0.010022371578967269,-0.008675554249758652,-0.013930096632943543,0.08879903249415402,0.007651623848945758,0.00591594324328347,-0.027925419766017413,-0.020590282870465833,0.03137426432938408,-0.07218697290760309,0.0014381677452051612,-0.02643723089293598,0.0030091227004457794,0.03950051123798152,-0.07158934343459548,-0.012931657435666552,0.06454188947602632,-0.012939899444404023,-0.11822669830276969,-0.20655857752689244,0.8149857687303687,-0.9298679739700383,-0.042770190644944174,-1.0716536960858276,-2.4481113519681186,-0.8694937950109024,0.20231995118454438,0.3702380463259706,0.27431870600005603,0.04323273625542871,-0.00731515551860129,-0.04575882995137031,-0.00965372678580606,-0.02052629955452513,0.015008490711505838,-0.008697198802164383,0.002321584158604864,0.0011971164969791744,-0.402468452927992,0.052029029271950356,-0.9602304133451239,0.3524144847979239,-0.3483551567984074,0.4483097098213537,-0.008983132515183212,-0.0019881657211102298,0.009668015271525951
0.019159283839635537,0.023523479161005802,-0.04661158681717966,0.015538085106472484,-0.007408843538304736,-0.004760308775065663,-0.022971390480079328,0.039863950857828234,0.004414220642641903,0.0031707681439103164,-0.020324061093840936,-0.015301536857557366,0.025786627383139707,-0.04720692750643593,-0.006274726875122099,-0.015389407624038086,-0.0011694648678846405,0.023257107869890225,-0.04611429427140944,-0.010236116801856801,0.0055518961061246834,-0.01478945401757773,-0.11062540929177313,1.5266410280666225,0.5876772859039,-0.038169599509339736,0.19103453545591825,-0.25893600579820325,-1.1780273479713679,0.006027738684862135,-2.8456544664349397,-0.22610047886312018,0.23140232369686783,0.037156957557386204,-0.003538900229578024,-0.03220201449077465,-0.005125746323286048,-0.01707750447019732,0.014189809351145678,-0.008971520256675665,0.0018306254298272612,0.0007317269828356826,-0.21581138667404567,0.08008993975869563,-1.5881068045453879,-0.06852740791798499,0.0032853797707992636,0.33344151711465436,-0.004387339402913629,0.058181276005336055,-0.08611719958890487
0.04012941309269143,0.02169368784227695,-0.047969983744664095,0.016032483232899956,-0.007847247592746897,-0.004225829553740009,-0.023675248225831006,0.05430335630135311,0.0021924036479282457,0.004921542499144269,-0.020072512600893874,-0.01372574780950274,0.025215000635784194,-0.04462320674901139,-0.004120468066308708,-0.005769546556980974,-0.0008514024821000578,0.024668745064653566,-0.051770609436449185,-0.007110482839272301,-0.007527485766420459,-0.01692711852110666,-0.1027790446606883,1.6963384376762118,0.5854873459238918,0.029104219275264468,0.2302895292024643,-0.17831887039079267,-1.1088983420079646,-0.004797541417408648,-3.535104878221264,0.1567153187169559,0.024733671416961193,0.038698358253265154,-0.0022396352780700516,-0.029293967034165015,-0.006136631906762225,-0.013674589164140199,0.013027770395685402,-0.006458354990192284,0.0014954909924792979,0.0009349182534884749,-0.17851962606205443,0.17409619969440002,-1.568444231715433,-0.06649735633300502,0.08542358619916528,0.31913406245185266,-0.005563838350602754,0.05743898094157715,-0.08225533806897525
0.013575777379335529,0.03641283298577335,-0.053959686409751316,0.015404906355381536,-0.008697720912773026,-0.010090418950456965,-0.020129819959074223,0.08904636783959682,0.009047026756492743,0.007211364363167899,-0.03136314805800325,-0.026274297835539164,0.05982807168196565,-0.07788161789890193,0.002195128611032967,-0.03719271182893926,0.0027464031095643655,0.04786339695672798,-0.06781580537848116,-0.012168956799709871,0.09410825587484156,-0.021333937781574414,-0.10925266505042056,0.4454605186277107,1.1017286164641429,0.15170294955455724,0.007566829850457345,-0.731908335280106,-1.9623602186843085,-0.5010603823886636,0.27230144229327213,0.20730172831052743,0.5507549851947651,0.03699736554303315,-0.004705567349184081,-0.04486679397583246,-0.006972665294532653,-0.03887308905102748,0.018389441953443927,-0.00641569834110509,0.0033434674294723515,0.0015857146657124324,-0.34352445310941104,0.06546043122869091,-0.7734493669851442,-0.19970603065383946,-0.24845334162415592,0.34404643262693785,-0.008693201923580004,0.006954594652937493,0.00487893468356947
0.06270349735835992,0.027572440464678338,-0.08705149648592436,0.019070766473797296,-0.013524115765057038,-0.007029074875886997,-0.032952084615269564,0.06528686681285281,0.008684738681979753,0.009981075711561933,-0.026932067436002433,-0.0204769815890379,0.03804378024346036,-0.0598428986437119,0.0023139748097992714,-0.008539848581966351,0.002744460961343265,0.03380952430781955,-0.07413942685563073,-0.021523243867910886,0.3143563154954747,-0.01758160962518401,-0.13263036220770544,2.40458670159391,1.9742453153340074,-0.05168292056567566,0.10169363853729312,-0.01841341615401587,-1.0607509074337165,0.3948919033665811,0.3713523469402597,0.29251328035266927,0.4516880055548919,0.08284608265407063,-0.0023141415630203274,-0.06587160931931747,-0.01611997109469959,-0.015966911250969596,0.014906083867047186,-0.018291949167434613,0.0027858872446124296,0.0009637035262056758,-0.2959418558314204,0.05327934399330098,-0.5412335017116026,0.44732055602226867,-0.07207102723449396,0.6815850502529739,-0.0051983699199509735,0.00455851639149403,0.006055761733886497
0.07075060623285351,0.04835010305007443,-0.02458885370481953,0.01688517446884794,-0.004314126967473459,-0.008380110313907504,-0.010400411339037272,0.09788176318595643,0.014923205818108866,0.009846169414150395,-0.0269766154731129,-0.052168398044475144,0.11250511842719488,-0.04386543135054621,0.0005036708043865085,-0.008521374978385636,-0.0004225892631418155,0.06671421047202639,-0.050220470189844324,-0.014994049153501441,-0.016763284527380268,-0.03558999073882984,-0.0696699979384906,-1.5151270613315213,1.5222113164555409,-0.2818829309355322,0.3062040881299579,-0.05711047727485689,-0.7485255832409026,0.09381935835120075,0.45289576418386973,-0.10790416226871209,0.9575066074890356,0.024840381675548667,0.2093838358847199,-0.028580204266114982,-0.003162352933917598,-0.02966209304135274,0.013646444446783135,-0.004220791536453983,0.00368474127529388,0.003958816400697716,0.006258582557955868,-0.050906810260563484,-0.4835324003050046,0.37409393148550796,0.056772073228369024,0.3750773935544635,-0.007884128059751269,-0.08536008813984725,0.02470943625541459
0.08547413351425137,0.048331361434003225,-0.03548006276055784,0.012370392724698356,-0.009818368145203822,-0.007391733871541498,-0.01432069973228088,0.10523268938097774,0.008021354169927258,0.013874417677589354,-0.02288755455417788,-0.01920861491869813,0.07185940238153804,-0.07595677832684848,0.0012451346398184267,-0.00717277676760443,0.014068875040875799,0.0506176775159246,-0.044770755631339816,-0.024550973917451684,0.35155681686558043,-0.022753477882052783,-0.08923211198420347,1.3735051247131063,1.7536526528905774,0.0007107003062779741,0.5535240931900606,0.08583521791727092,0.0277213403626928,0.1483299299735941,0.5087339754970759,0.20768259113350243,1.2263896672703183,0.05268581354295506,0.1667615140000093,-0.05245599439788657,-0.005530939054848845,-0.02438179282141753,0.016655881673034133,-0.006217845320916621,0.0017487596090898028,0.0011492990684609488,0.008804286340241371,-0.058239062981479364,-0.045637274116170544,0.6166487258616595,0.23434510715954623,0.7492374857522979,-0.009602451729383477,-0.06363602970700744,0.058833834888145586
0.09964118584609556,0.025286048497392178,-0.07293397619005382,0.018092299634962793,-0.007759430894783935,-0.00424616234308388,-0.025531516113332226,0.06660890239502233,0.006600013629752373,0.010142529469853619,-0.018145219553637914,-0.015584898427362225,0.046000987656227135,-0.07711311145754982,0.0012267372230764307,-0.012342937364118243,0.0030088348277068837,0.03501961500507968,-0.07089655341578346,-0.03882793692323059,-0.08017945933893782,-0.01470134379570489,-0.11930810782665054,2.809930315238648,4.4811266941829535,0.03201555424225968,0.8305938720269005,-0.10758195480304818,-0.30425244980032423,0.36904335562629376,0.421286848626186,0.33947815380443946,0.677465090268954,0.0926378863488777,0.07029364572992297,-0.08887102702191152,-0.015416787695249144,-0.01600573773447601,0.016350754181170764,-0.011661031910813217,0.0013180999703390935,0.00014003518978221942,0.008230579570933694,-0.11947053443970056,0.19480395108079776,0.3776255374000257,0.027867782697083114,1.0835308265148498,-0.00576543586545521,0.023521843219183797,0.01843901802014798
-0.08843683489177266,0.023978417570513937,-0.08772391209686341,0.008261117880945544,0.2694527015886624,-0.005481112525919991,-0.026955366574389447,-0.0803157916392853,0.004720280002848757,0.012804418378373964,-0.026288473160923097,-0.016288683548465587,0.04432167009081598,-0.05971932703400552,7.615116444424342e-05,-0.011005834783936323,0.004433493242177526,0.06633834043512345,-0.07555226592915724,-0.03083578634479219,0.3266261161136562,-0.017924246503810266,-0.12027691132149766,4.181973680893039,2.6539036103587756,-0.01444046219686085,0.45296708814274567,0.03971592739885611,0.3960353771614119,-0.45542365935218304,0.3956231576022698,0.10606279825420499,0.20669026584095002,0.061419878349118384,-0.0034767081755313245,-0.07302691755661556,-0.005857229135624866,-0.01856983080220578,0.019202445468011232,-0.011364156352871291,0.0030222355886963207,4.777479627403373e-06,0.011510829060323214,0.24453444724820153,-0.10579121788151498,0.9278714168787107,0.1654247511387567,0.9396189372092894,-0.005433319335325984,0.0301025558839361,0.019145466581252966
-0.06238225292479474,0.02574467597496285,-0.0832252871046798,0.0074471266620390756,0.21546168962081425,-0.007681006977029908,-0.03367575169556528,0.002335021004079537,0.004895716340130661,0.013563044216887338,-0.025837967286022504,-0.02425970822666243,0.04295411347822914,-0.05311026024257975,-0.00011489687696248548,-0.02012952451719791,0.00032907138671785143,0.05114089364143751,-0.07998308878626277,-0.023571882498986386,0.2067745050307878,-0.01544261595152992,-0.11372412891303689,4.790006456491393,2.952429986103383,-0.09243763419513393,0.29926498314014405,-0.12443975528725555,1.8244160368244062,-0.24107397759347315,0.41903882840778484,0.4706315096316296,0.17621088811946262,0.06859100463009447,-0.003961955816084128,-0.07086834758000726,-0.004471425999205468,-0.01952327882005928,0.018312166295826916,-0.013892850176811416,0.002798990602243259,0.0005411160160556747,0.010963717686012373,0.09164296594865985,-0.38847304317353715,0.5464183341211767,0.0668556648971672,0.6942132523061942,-0.005493217985807892,0.046036383627232974,0.017738177159108595
-0.08604257746166762,0.04906009699897224,-0.020419896807708525,0.008058590622951826,0.02858830758883607,-0.007398112926021626,-0.015929309165514927,-0.12086097988132856,0.005257169469489824,0.009369356396208355,-0.021574122321774754,-0.06385904169671314,0.0856775987771234,-0.04539062333429943,-0.0024924627977192435,-0.007064054985058428,-0.02766165285356926,0.05204298156002646,-0.04477065459858617,0.0021473673771446617,-0.09448043898630303,-0.05226590129217559,-0.063549346566168,-1.4802372156145824,0.361852295090377,-0.27969546903826603,0.0635881131726453,0.019940960772530786,0.18045721477908747,0.2053424074209469,0.4212691206072296,0.16918499054998304,-0.007840139187598903,0.019133859180464678,-0.004761852148201566,-0.028659524021505643,-0.004815445487205078,-0.029405893730510592,0.014076438986841671,-0.002766663477625842,0.005995720997034654,0.002658049831955056,0.0067719178841082915,0.20691120422007683,-0.20855374891099204,-0.07281051886048837,-0.16303860915167145,0.2399034416510232,-0.006063466027598396,0.03996574514093336,0.037664121132597025
0.11999817358819952,0.05589720827247911,-0.02288529678077404,0.0100536939499128,-0.003086998960953803,-0.0069683951387381204,-0.014779902840232641,0.1370852013207918,0.006001271317585736,0.010326318362911063,-0.02243887042374427,-0.0555415241272965,0.07751579197617489,-0.04783811549899811,0.0008548294706799,-0.0072037098075668875,-0.016046143381574642,0.05486546904169818,-0.04485970077239059,0.003312060448848648,-0.13010760577659267,-0.04173008842135837,-0.064768942572764,-1.0579726367939128,0.8708057709006295,-0.19452464220422666,0.2026656913015282,0.23498377233279444,-0.2784300553535669,0.5007431899342922,0.4099305916998086,0.2641060234264407,0.034106382116055066,0.023550718004241727,-0.0031614474382214365,-0.03512958186576453,-0.005601643685288095,-0.037803164310235705,0.019067228466031535,-0.004355250983725662,0.005523260304852906,0.003766960373191048,0.006383643036315591,0.2424686206329981,0.19137174000681806,-0.08030139569141036,0.2756719305712855,0.6721107993296116,-0.00643912377318898,0.05426311971086689,0.046276281420842676
0.05368484972941303,0.032533146630857455,-0.06156208877134196,0.007537769819934476,-0.009647100460769232,-0.0010306546693021612,-0.04075184574947548,0.07613106640324571,0.005755592082130992,0.007732772749918568,-0.01887282702677479,-0.016326649045146753,0.04925849997454535,-0.07763790972647397,0.0012760657895888087,-0.031133260061803926,0.011441168845148448,0.051892631623872906,-0.0758138313869922,-0.014279530513699925,-0.0087575068354924,-0.029894803050475052,-0.11905210018316216,3.863077110073095,1.0894624912666677,0.2772652997292757,0.334215330281906,0.4638517159905595,0.8844228031658701,0.7923563306378943,0.4788882971352958,-0.06648292587424665,0.18687286812668374,0.057448943910115215,-0.0048809556397657675,-0.0595480723085103,-0.008344239819277146,-0.017326505607129356,0.0249767318946433,-0.007320573495132577,0.0026331664198419326,0.0012784529482418288,0.006324222303110722,0.10506214362422381,-0.29382325490138655,-0.05860675551266281,0.22675892609103207,0.5910101592006661,-0.005562346075550084,0.040665871003447575,0.04672279007088841
-0.07536427133233857,0.05658193765507336,-0.028160684287029888,0.013972604136849549,-0.0026141173209349713,-0.008349048714359429,-0.015921241625282447,0.11151054955963065,0.0077039772511629,0.008503426903882108,-0.018702626428960586,-0.040650608834125544,0.081192936629608,-0.044498859839424636,-0.0001760280633939846,-0.008669273999544808,-0.013526379176461496,0.07211207265658641,-0.07839862395123416,0.006016718266107812,-0.20359489777438144,-0.044478942144403615,-0.06537870556068985,-1.5831608775296004,0.7684370402159878,0.08231221463203947,0.21839358726382135,-0.05166520523892471,-0.4563177573103554,0.1313646766389494,0.31355690616371207,0.3147748089902839,-0.5326118129418893,0.02654821885675552,-0.004469846834717314,-0.03345719067056679,-0.004524886431866663,-0.03562828870266331,0.01577932842697236,-0.003507435348792747,0.0019466459857573988,0.0024063670667404456,0.009425715576408547,0.3783428478221489,-0.6224996539989043,-0.07846026488792712,0.1594377006048784,-0.23676427034329642,-0.007042287412638148,0.05157700153096937,0.01293380570972605
-0.06978278276638321,0.0484822184849322,-0.024736113811379672,0.011320551207760385,-0.0020075293725214803,-0.008044099198842018,-0.013283876107003045,0.10184801093834016,0.005164511091917538,0.008731464017591244,-0.03482659620918357,-0.0819678767150996,0.053484056930072646,-0.0473635277581248,-0.0003976752225662146,-0.009806199290541034,-0.019458137443164693,0.0609541954976586,-0.05283048626784402,0.007737873766872761,0.008818991997705724,-0.045577401153437724,-0.06237886548619731,-1.258564800375653,0.48680963542343386,-0.2465811428704842,0.14784261086885306,0.02519879927821321,-0.5452277800705538,0.16448121457309578,0.22206854583326419,0.18796414131673939,-0.7860296495479433,0.02510010680327365,-0.0040945086694751335,-0.03188567497648989,-0.0042343175504478215,-0.04005731895795415,0.014938550662149042,-0.003068647906188379,0.006929263256142054,0.003462649144267135,0.007331744577771292,0.23367855650002492,-0.42805913276882757,-0.07489084491576434,0.3088554073173723,-0.3800081899864735,-0.006541841407200102,0.036610780353634007,0.009309663664282278
-0.03341925832620365,0.028910649333077496,-0.020139173366902397,0.013681254936170246,-0.0020358625861666385,-0.006078002981429362,-0.00506967286576254,0.6668219576416092,0.010791415943463289,0.016019690835077056,-0.012903452525429022,-0.02118938770507546,0.04102299758045244,-0.02733965214835507,0.016419305951804287,-0.014223820497156045,0.07614270224433438,0.02188358580376518,-0.041721215017034706,-0.0012474055199038492,-0.1294446793587075,-0.01754299657224887,-0.03936581521976398,-0.5845147824615616,-8.173541838329228,-0.17740259010419665,0.1493685609295485,0.2743615060960544,0.12673994236794014,1.9058456487865933,0.15266153869059038,-4.992424250509165,0.026135724108510446,0.017844350766887347,-0.0021975838373853008,-0.02327552174238364,-0.003478575744643647,-0.021930770540582734,0.041578798417173664,-0.002602589568284265,0.008744565295015147,0.003095213877509289,0.011404427750069886,0.38625259208835666,-1.948129838228764,-0.05228547025486632,0.7386890198091041,0.675287964939301,-0.004303859676795258,0.0015143106323136383,0.01991577482690403
-0.058679770798088074,0.05142668566629319,-0.02248398855986121,0.009839501816076424,-0.002067581196360021,-0.007165028282021318,-0.011428243696131647,-0.20647036727782353,0.005601211735505765,0.005276061435624678,-0.02185445415748306,-0.0971497504144631,-1.2385400358658316,-0.040367603623957374,-0.0008672281012100138,-0.01097097588000911,-0.031029185684779532,0.05157942357517304,-0.049956048581731916,-0.007238865405371148,0.0941749486361491,-0.033049078629044264,-0.06429610617630281,-1.5313903225708148,0.40687411826687175,-0.08894041634031521,-0.021769744149797328,0.09501512811348427,-0.8459621784314526,0.12673791068014065,0.24998409782681816,0.14526354619782914,0.23391594987560949,0.025008214296612402,-0.006675629466516655,-0.02876413532841337,-0.0047220796978030615,-0.03491493292345251,0.013247193170188569,-0.003351662325879074,0.004172452914378209,0.0029151829642544078,0.00489624230050976,0.2293350849602658,-0.41200230658152776,-0.1199713791709675,-0.21558688789337932,0.16219383971476917,-0.006644338521570251,0.032360194876602126,0.011248383486121467
-0.01778890339468058,0.04760435749657425,-0.020717444620065594,0.007120901231810605,-0.0018837225074527049,-0.0059748527486661275,-0.008465519886570136,-0.02028107061672425,0.006813895232058438,0.002933918216572486,-0.017340488855594197,-0.046660387453907194,-0.643951820008578,-0.03729158731402674,0.0010559658643580834,-0.009985400984523279,-0.015363554804507667,0.04660621893010565,-0.02920417879042372,-0.00885875601013698,0.04003130095672276,-0.02713755566615144,-0.05371480158611845,-3.417779395980178,-1.402651993906609,-0.0261875464547601,0.3148661473915022,0.3665624785086643,-0.5470410210087898,0.4383258446541247,0.22805560090319674,0.5588419355122168,0.6495511972622511,0.019425088211646395,-0.006856388403987775,-0.025542933911889446,-0.003380643884644337,-0.020768560469905193,0.022182308817099324,-0.0031771298634241307,0.0015012193019508704,0.005824180130398761,0.009228303868763959,0.3981621378629058,0.9973329663728835,-0.0633651853017682,0.007394766894478586,-0.05599103090298889,-0.006346099410704424,0.03236274169900617,0.018013556710996435
-0.04414218430266166,0.04769035773668966,-0.02381602551390733,0.009393191650720403,-0.0021528479611838307,-0.004547204371579369,-0.018206033071254547,-0.10572779263433459,0.007043465927112562,0.0050489373728951886,-0.0184004219768479,-0.05145223883481787,-0.6212787616105666,-0.0373278189191233,-0.005670221086219494,-0.01153094968166914,-0.011578950984009356,0.04240769161221098,-0.046059421352043904,-0.0027834100833656434,3.1153063900356365e-05,-0.021427949655379933,-0.06158289859953958,-0.7976096651143081,0.6706343353312693,0.05521206821017161,0.15122316058846877,0.28808838557254185,-0.5183015815796276,0.3688241014531921,-0.7224709091106493,0.5072425800773491,0.09477826592499376,0.021488270149875862,-0.0053204783904412245,-0.0266478394935678,-0.006424574418546408,-0.037501404103049564,0.01710290238635411,-0.003955882659851834,0.002268327768490511,0.0036280677791792715,0.0044542384784190025,0.2546919512530417,0.030628760643142197,-0.06312619814957038,0.02574164023759524,0.3231747278003792,-0.005927239819467732,0.09803174832767693,-0.1294056773717457
-0.017357451021492554,0.03078091399820485,-0.02245891771585395,0.004555595337359508,-0.0036902431761259716,-0.0032928629748304877,-0.010776993812509192,-0.2688469572695955,0.004742684743371982,0.005269326641539462,-0.014598915934284879,-0.049079231909731895,-0.814323350598081,-0.037199190288042285,0.005640489522962278,-0.007588302999144632,0.044236428786445306,0.03375969109603988,-0.0411563186544953,-0.011570089692477279,-0.06214796404178329,-0.02527463894833484,-0.05540244817052962,-5.987783348877061,-4.117232019865738,0.07668565752082862,0.2619177934769299,0.47770416636416235,-0.6233547217739902,1.0427874022302221,0.0946317351674951,-3.6868057462484978,0.08276601957766402,0.018775051108006778,-0.00396918265971736,-0.025358239669142444,-0.003521641558048033,-0.017505273990265392,0.014664989272352522,-0.0027387250646646825,-0.0043705336696839734,0.0005979638935255864,0.005962658583456546,0.2334244336796293,-1.2748922168355366,-0.08432772066176862,-0.21215363033647305,-0.3118308671331245,-0.005611479348868726,0.012417454131475771,0.0026546530652463113
0.010858933076524784,0.0403697574529975,-0.06546041140132422,0.014061352317338837,-0.011834449923801076,-0.008398016074712591,-0.01879584550594038,0.08552289908689943,0.006059230666581332,0.020074115098940908,-0.048679620512041936,-0.020619251047364447,0.059641894886287475,-0.06873028051348073,0.0019011347060078046,-0.016216477597451026,0.007777956622734623,0.04068650751997324,-0.0627542466859141,-0.0062612568079371145,0.3247573339685061,-0.02374691744367122,-0.09170093646339161,1.0577002604881929,2.159784528555772,-0.014420142310966666,0.16462599145360235,-0.3825684195044565,-0.07917246057210872,-0.4345112477336997,0.317162235191046,0.34336564364896655,-0.29884274481528417,0.05937128519028265,-0.002610129861590706,-0.06287170303420703,-0.008408673635063887,-0.024799049145921816,0.017514234232287835,-0.011038140276528448,0.0034955872559543273,0.0033087525314607585,0.009335553885235146,0.2539342306959189,-0.4170304419144279,0.7903259153274402,0.30673217991824053,0.5508954138946022,-0.006162002486144744,0.010446428307730385,0.017005874422004776
-0.04755327609132659,0.04751715818478521,-0.041618085833131306,0.008952027900846128,-0.004180720381819412,-0.008487139233486539,-0.017584003288485247,0.024658985161420493,0.0019243872219713068,0.009615047929932194,-0.04896215797900054,-0.023051614797504085,0.03912610910188183,-0.06588068790337663,0.0012771984111092838,-0.008909634831417716,0.0015830708506856333,0.038678858711781845,-0.04034446147738861,-0.00594677131201182,-0.16446981636652144,-0.024058714375703286,-0.08425935196785737,0.06528571862398233,1.3370879451723843,0.22559729159945846,0.16975626425948562,-0.5937405515467844,-0.1956044156135349,-0.5237387081007047,-0.11479505131211504,0.21574620099664227,-0.10576860711840474,0.03610030763264938,-0.0038196978804072475,-0.03852068549495027,-0.00822885061015704,-0.02643082754137718,0.01954839266651726,-0.006442861799522033,0.004240399908617759,0.002092670591574478,0.00466315685835656,0.28595770925514574,-0.1527978371385602,-0.14270725039823068,0.4723516572667764,0.4151534851481946,-0.003841751513068144,0.037138102704354095,0.019129510929493627
-0.031238399575754645,0.04026293435109633,-0.06020815421263413,0.008763230819158597,-0.004797114315335867,-0.006722017165830071,-0.024089359754903054,0.09123867723983073,0.004961713630144736,0.013905126894222453,-0.05661345043393237,-0.026381619178221037,0.04690673597433267,-0.09016368662410681,0.0025488366793771852,-0.04437162693688478,0.011120989933529408,0.038351583674907284,-0.07954337375588459,-0.007421609563346938,-0.11750952678529152,-0.039697360703775206,-0.0964248203166191,0.11525085729288001,2.2623072964185136,0.2966167565046927,0.050211433057109435,-1.034761441206143,-0.6962162329014868,-0.28816208371369006,0.15432344616865493,-3.0211401502371986,-0.8889936272846848,0.03945305848687651,-0.0028528716318899187,-0.06279048291287952,-0.007654094037543967,-0.030944485132354742,0.01515758873405527,-0.0072224416106983005,0.002335511816277508,0.00200475103424911,-0.001232606284999988,0.20165528117177425,-0.8222262478939872,-0.2752444419060258,0.1177661211655978,-0.016782212161465995,-0.005816876145949221,-0.009254188737979962,0.0101744463846948
-0.04832435019009729,0.047090703953691665,-0.03609991166835774,0.00829432675318119,-0.004773825470778264,-0.009095486028956596,-0.01908011873536818,0.09897320146607165,0.004426781668458158,0.015868909682328822,-0.048496041410956515,-0.057168880758492996,0.06216675356298152,-0.05341678899982043,0.0015942911310799488,-0.01609216511979866,-0.01712357925209425,0.057067017606850116,-0.07354222608214281,0.0009613817469446541,0.20904011305311263,-0.04114425114737282,-0.06779818088250342,-0.7953494497216084,1.3009682600998753,0.01749792145724634,0.15694515376155965,-0.42080445675175704,0.16157969260092217,-0.026164876072355348,0.3023677179914598,0.2664889223002504,-0.8486200027217214,0.029336915219460597,-0.0031498585283526318,-0.03885719869405889,-0.00596292341528962,-0.04056886170984048,0.014287200583269464,-0.00480651138602874,0.008485241337515215,0.005016876185288539,0.004191199704470418,0.24723267800132206,-0.3265868721227365,-0.13061559256528438,0.4655494648171136,0.40140705548427585,-0.005175806526261591,0.03860556672940643,0.008419112784109877
0.04390310705742717,0.036267210718272186,-0.0183551955866124,0.017423773106218822,-0.0016078358967329927,-0.007120593190074738,-0.00898199361872321,0.13528340040991427,0.01355637560407846,0.010461836059292252,-0.009482154739729461,-0.03482043646456693,0.11961833451409877,-0.02478617553275352,0.007708591966035528,-0.0030756414715549644,0.005623429382019256,0.04770149102447323,1.1319482946789063,-0.011322274373098877,0.1399417070896977,-0.019274751616997324,-0.033396461098570446,-0.6822278321900657,-5.496714208942837,0.24580644569358537,0.539602160733157,0.8051032256823365,0.7008770230855488,0.405363487701007,0.2912455768990044,0.6624488744383257,0.488137862009659,0.017267630633223546,-0.0037963450233291117,-0.01743747459359823,-0.0021483915615480163,-0.019066106847480495,0.04331820506553673,-0.002457570040888215,0.014269387371732035,0.0045268527688101,0.022231538466817007,0.4971524391546715,1.2089175019796499,-0.027871032091480872,0.22538357058349506,0.46314514737498996,-0.004229052752412351,0.038945742439383126,0.02988664708620862
-0.005434781496510091,0.026876024218189368,-0.07232665383588968,0.011379661579090853,-0.00744180988599755,-0.0060441814848213775,-0.02796272220208432,0.08005990040550243,0.008099004307028252,0.007863415905995225,-0.020277862636654747,-0.01800744709765681,0.035655292496025545,-0.08142128945945135,0.0007420342212227572,-0.013260491351501438,-0.0022744487557778766,0.035230578776754666,2.2820500596059223,-0.015328262302077213,-0.2405552963981905,-0.0243997694326341,-0.1017831422980547,-0.7460555007602657,-0.11058383830701744,-0.4742104743140106,-0.23832864230685702,-0.5641374147488575,-1.4416872346845166,-0.9780075203646348,0.23856333115422268,-1.0272440324172898,-0.08175223352938013,0.030728138313801945,-0.0036726473526453984,-0.0833923830278951,-0.010884607777485405,-0.027581351995579925,0.012072590583446782,-0.007306115786140287,0.0032060958243593633,0.0013185950173596726,0.005897423990713676,0.042384383789118386,-0.5450652804048496,-0.20529740606468844,-0.2979695394583567,-0.5783158398590882,-0.010481614038994128,0.007424136724057162,0.008166578989529948
0.09336092477255821,0.03157225523864969,-0.018302316545414202,0.024265400567231178,-0.0020940248290259,-0.006840633556508355,-0.010777194025919293,0.2838664457899154,0.015707272923343663,0.005666675227734814,-0.011046685536158765,-0.02364449849973179,0.12992819623391638,-0.02854781156509214,0.0028391791517501405,-0.004450396577113826,0.011390329632168824,0.04402295363356538,1.4372356781624316,-0.009800279590875361,-0.07564239139510473,-0.026287565400677528,-0.03660966912000312,-1.227998312890608,-6.416157002562275,0.5286588172993741,0.4683541918295234,0.8323028827806794,0.31015467689795473,0.231946899623068,0.24227493657219823,1.051697748147472,0.62043450326844,0.015640277980380514,-0.0024780770072640778,-0.019327964742504,-0.003216012694516266,-0.023948888968100015,0.0900824280128141,-0.002266281424668931,0.023640572305369187,0.003928396300209351,0.022373739163977554,0.6357101120635805,-0.32809768612534357,-0.04477866381560333,0.306096647696914,0.3185245713007287,-0.004239647687333189,0.028903421725772593,0.030755239216711788
-0.029947094309369184,0.0603563483151254,-0.020940749396511638,0.0002816329537477651,-0.002313058675983104,-0.009371877938902666,-0.015371227615653769,0.11935144780918037,0.007557210513121195,0.0065107836086253585,-0.016291206457939866,-0.050282148076515994,0.07200521518435231,-0.0396495630155512,-0.003042809494574663,-0.008486986671916037,-0.017030190207431333,0.04459860261462634,-0.037667805225067255,-0.005781901514279415,-0.1180550162628575,-0.03523110549722031,-0.05580791140666574,-2.6078559396412784,-0.5044417328970009,0.06469366095228483,0.332195215851547,0.022499077789842992,-0.034498204849313326,0.20326380318033027,0.3556243588352856,0.41862489623658355,-0.1199376646467207,0.019835329355056913,-0.006268686240024117,-0.02615458406516489,-0.003030177496744038,-0.026456931728055747,0.015662851010977454,-0.0036446649646984,0.017921819949806978,0.0057112387791113245,0.009910645964857976,0.31570257744351105,0.3453818821967925,-0.05111595020697908,-0.14211388400528605,0.1748553298443368,-0.005996663287321139,0.02974160359766829,0.03240164159519137
-0.08860018963362927,0.06681260742505682,-0.02201550852292315,0.006802523728555522,-0.0028585965907309413,-0.006712091957374195,-0.013013883122372234,0.1326976690285863,0.007101765794104775,0.007634605183597117,-0.02464056263445785,-0.09073064603930073,0.09376636896550772,-0.04076336000405894,-0.00042006869311707974,-0.007416361815607702,-0.022821267143602258,0.05753817240333716,-0.043733214820406756,-0.006472957189689934,0.07275887521540834,-0.03984933673427687,-0.06052445685946817,-1.4333607095549465,0.1659289314452894,0.16910838789439284,0.11079574123926492,-0.11221449037805624,1.1147076888851486,0.34622762776648974,0.4092601488873812,-0.21604043016620655,-0.10785739121997805,0.019491987813630093,-0.009900003992595025,-0.02595889409787313,-0.0016620847296800727,-0.030259569985807606,0.01227283953531289,-0.003244889625879728,0.016999167043333985,0.0035545578119548374,0.005202398729201136,0.2835963072562982,-0.275684246350656,-0.054399714132205984,-0.13048771203232362,-0.0518492139725913,-0.006939504542948118,0.06469553104292051,0.03722114746496336
0.04676699282037149,0.06514239760827727,-0.020754278315902545,0.0078643457923887,-0.0024268745440267016,-0.0035493582200882834,-0.011801465823833204,0.010285191427961771,0.009216295760515757,0.008468263122769824,-0.02199825911129336,-0.028911526349517803,0.07701272395156084,-0.038432889630203124,-2.0832228409945505e-05,-0.006484883542584842,0.7075295331476378,0.06783083751728054,-0.022691482901653404,0.00019138765381789758,0.08320409992976477,-0.029913326634606326,-0.056968625182020366,0.09892183068131155,1.2249445751550154,0.44883362131610144,0.5390380749297712,0.36033214917645817,0.5427589011632445,0.47685007879612296,0.4838561129647937,0.4230727071285393,-0.5374959898338246,0.018073500473268368,-0.0038892157535127324,-0.02430928890978251,-0.0021531884640776156,-0.014014057876331528,0.011304281405116644,-0.003237956169034165,0.016062291047872795,0.004244912151968546,0.00639550197916728,0.5189966660295146,1.2769048979998745,-0.03870090965654811,0.07120039811822844,0.4286828820148978,-0.00618553687017071,0.07437267745370128,0.09005651035204415
-0.0477363308862512,0.019767166891138967,-0.019779713139906712,0.006922389828726121,-0.002123152140046947,-0.003865400685997286,-0.0077610143032207386,-0.44324293794382214,-0.0005258085848944511,0.004327035807076606,-0.01388001569503263,-0.01384055484748704,0.03279247160543827,-0.02847518060818753,0.031903611234501875,-0.006831279091052393,-0.25893585391404206,0.02371794385547883,-0.029804471044137203,-0.002830262313224899,-0.21855401114053036,-0.012871851883827596,-0.03845082724727782,-5.025523288982257,-17.596677529563475,-0.26384245555906793,-0.02656726967991876,-0.9526566453506425,-0.4656728744506042,-1.3975843595738708,0.12567343898100639,-7.807472871697119,-0.5524114864252848,0.017364935825668584,-0.0018210006298477206,-0.020653213331974375,-0.0036038072326649156,-0.01529362377265545,0.028600337389020843,-0.003169872949621241,-0.006404874779599564,-5.219554932392706e-05,0.008607113531300305,0.2612647361989014,-6.714626661354717,-0.05532925939026043,-0.15319640673677387,-1.1603577663629066,-0.004632813292035756,-0.009094469333691488,0.018468711131155474
-0.0312641661705649,0.024088346136896963,-0.01967828257132843,0.009397579827075593,-0.0020253962355678027,-0.005399239056216771,-0.01165419703624063,-0.2566534050219817,0.011677317659931392,0.008719971494927984,-0.015268752121176524,-0.023100774235156264,0.04873656691793512,-0.033586325334834494,0.0063400054542804805,-0.006338103969074744,-0.10297134876408988,0.042193790169020674,-0.03089192955079084,-0.0019017040126206588,-0.07942092357164267,-0.018001498425414066,-0.0405011517605134,-1.5166679353412473,-9.824657783821666,0.913621251573535,-0.12099767453698945,-0.4242702860828402,-0.24288827572780686,-0.9235311466576894,0.15542376098556157,0.8027435561875282,-0.6939346331567713,0.01820592625862161,-0.0017627140244644737,-0.022262839848900675,-0.00420711758882198,-0.01839770374467407,0.060130291763670456,-0.008349948788428613,0.003835873282521306,-0.00047989491480825207,0.020142572130804563,0.4021131132448723,-3.566716176262857,-0.06736763088702186,-0.08301764041525313,-0.9277429320017779,-0.0051147555153716355,0.022803250700068375,0.02550613624418119
-0.02648179391727651,0.024124021259068006,-0.019624657612192314,0.00831901153339644,-0.0020552806383338346,-0.004037439130325879,-0.006827906825161806,-0.5277361646547422,0.007250341315762591,0.00929884032071212,-0.014344885343126737,-0.01639818347145556,0.04291885796752259,-0.02889528570834853,0.0042320090498790845,-0.005964362601274405,-0.12658883877366556,0.03213253082065536,-0.04300226267185353,-0.0032570158577491792,-0.08911129132426385,-0.03587905232401144,-0.038925498030227976,-3.730234455891209,-12.943788635769806,-0.01345528028502265,-0.29952614046787607,-1.6066947007238892,-0.3294103165500493,-1.839911836692143,0.14636947701257863,0.9709212276978401,-1.5059604025107212,0.01762260643655997,-0.0016868919569835096,-0.020192901531557197,-0.003947403337633158,-0.016611004368510898,0.06017014731578666,-0.0033976671189771754,0.011782990557498936,0.002897001124516177,0.01873496990981655,0.3886200225224815,-5.809789708557374,-0.06219463099075785,-0.3033776670710422,-1.0434127189982922,-0.005123637441500403,0.011141102746373317,0.020951802597663313
-0.03812897079358844,0.05546098530555905,-0.019176343698182177,0.013535844084667705,-0.0023896982689235314,-0.005923876830359159,-0.009868430972914378,0.1916311962852083,0.012486734878072697,0.010929471406115042,-0.02244783239457909,-0.04738260257187169,0.056872974496813666,-0.03515977576912486,0.0008289069728850402,-0.008419019531615515,-0.010356020677498197,0.07422213069701845,-0.037255838370651856,-0.0009476682652738143,0.06447943883727433,-0.030424118398469095,-0.04850384735904349,-0.31979585487159606,-1.1496059541644534,-0.029996364529271246,0.5399600947386822,-0.030253267067877444,1.0470158265346907,0.18643198523306384,0.35952236448027103,0.39853288588773994,-0.8358236825636796,0.019783513292772052,-0.0063153258046068465,-0.02426452256403741,-0.0025392413765135207,-0.015527089506565634,0.01645222868499452,-0.0031114344053650204,0.011723640925691831,0.012325271532802436,-0.40113301235781945,0.4847694062167847,1.2072978620339363,-0.04605591531749586,0.42223770696628177,0.0775765687782658,-0.006380943529305072,0.07234487115358294,0.028134153556680672
-0.04254316720778889,0.025029424715674722,-0.01885386246766608,0.008715187103841476,-0.00198044132520759,-0.006717830464800938,-0.007311019818194049,0.1509096150661255,-0.005953793708891241,0.007247349848828952,-0.010751368746459988,-0.01711687624651757,0.020645855047795855,-0.027600307144892484,0.002230999105214597,-0.0064180701597001495,0.004367317733992877,0.021668253458280013,-0.05595618681785308,-0.003707643585177881,-0.11679526267894999,-0.012850563571540833,-0.038030266293374526,-7.325761797829816,-16.561405065151394,-1.8824872704153897,0.1769866810391143,-0.9735228380800877,-0.40452593391058017,-1.8479225825961259,0.17127219076778272,-2.624614656048064,-0.4066721799402726,0.017977277749574833,-0.0019301720067416341,-0.022343901910143592,-0.004015150378182155,-0.01572517522952002,0.0372217490324716,-0.0029231856109632097,-0.015554399301416784,-0.00045881556385805015,-1.5159769766056224,0.28421601508814315,-6.9851575320094765,-0.05670554896873281,0.0489972604351732,-1.2359005083429089,-0.004764841682768565,-0.009182909727164311,0.00871903810237012
-0.06205724000829188,0.03302195806991033,-0.020406323278457067,0.013938047973004226,-0.0022816098441322008,-0.013868990969528622,-0.009460092160136928,0.10654464681306151,0.012053948979623268,0.008986217227839715,-0.01407274446700515,-0.019308088045423787,0.07262885306387004,-0.03748898018921981,0.0027510209573083735,-0.007326271829675026,0.005995247810384299,0.030652281239869024,-0.03923424540588819,-0.01187310364275732,0.03249586101207335,-0.02669353164769359,-0.048052265454619686,0.23442775712271402,-5.634542304847975,0.12011319389373143,0.287332883413726,-0.13514461121300336,-0.5391084635590276,0.08991139017888133,0.24339780026510496,0.46007322710853554,0.5915369656704106,0.019973061460042036,-0.0027400321263739294,-0.02669286908905879,-0.0028079036909218367,-0.027814120004510196,0.05844570491551573,-0.0030999613247831037,0.009786737701208328,0.003563658973178473,0.019015920895314734,0.3600729612966154,0.30917978289706016,-0.06702693634706608,0.13466100565877884,0.20591610408562916,-0.005302759342648596,-0.0020365609318680022,0.036361145429876576
-0.07741371883989501,0.02090470981993572,-0.10490898183766911,0.02564834292154104,-0.0074012469987677,-0.00895186924247735,-0.0411426092393121,0.07462985813815258,0.007616230516616825,0.013319728082289565,-0.0305873068966312,-0.018634238596368823,0.038703860633173895,-0.08892341434503678,0.002194848291414565,-0.0295951047605809,0.0016352452715776068,0.03499462189296456,-0.09259695630974701,-0.030649589241235026,-0.13054747165164826,-0.018997077512510698,-0.1347351872781859,1.8690076763572454,1.8325678363807874,-0.13837155270176899,0.07247791466424676,-0.18971266202127346,-0.7262043143546064,-0.5798054749620238,0.321500800890533,0.21223098579366886,0.1429140068553239,0.0882494423097022,-0.002890846738907325,-0.10890235890740894,-0.01866335665971313,-0.02209141021274171,0.01928946883199185,-0.019278476797811733,0.002557235985441508,0.0008303091934849122,0.011329951363876906,0.1419935516804696,-0.5041308752233148,-0.22376830617534801,-0.11906701734514213,0.4845636643115971,-0.0052692574611631505,-0.012379302962226836,0.02298266729441765
-0.047099156998406264,0.04976982132931649,-0.042370090504528744,0.008692105374372655,-0.004803335954437161,-0.012366756868476908,-0.02308745013213387,0.11549679165558346,0.007953598791747321,0.01691230989107076,-0.02877288355897161,-0.03552164641889224,0.07145544767847344,-0.07830916771020416,0.0008201507552988192,-0.012288090628769658,0.007916503020180342,0.05363314454694373,-0.06519142936531233,-0.01798401664250486,-0.15283511838608352,-0.03284969655707665,-0.08960616144497927,1.2193250399730415,1.0023657231700664,0.04425704016144009,0.24687103127446325,-0.09650089692585613,-0.28540730319142527,0.10938334903101521,0.37715107512666,0.39995406703743847,0.24966993795846995,0.046185464648157315,-0.00447756005689744,-0.053948011840164574,-0.010463284799001217,-0.029772787862377966,0.021646260051190778,-0.008768739430430203,0.0019541899913303085,0.0019469799924210296,0.007893572206229086,0.3401197467829901,-0.14021379645350734,-0.1977133892068234,0.006933745067149508,0.48826276855823714,-0.00868809395927425,0.009620687645604096,0.04244274809569977
-0.0644270495087368,0.0207533412287573,-0.11115670922512558,0.016716138127483696,-0.010940347064878375,-0.006843681872717898,-0.04553601151833659,0.07348019733301936,-0.00019064647099378097,0.010375520320588331,-0.03623122829642657,-0.018372521465844328,0.03622328605714944,-0.08905285857359602,0.0029332784666539144,-0.0398958827556722,-0.00020225183749784223,0.03242744458428209,-0.09494172710191666,-0.03628570931590524,-0.2233416115270269,-0.023289136905164064,-0.14300244162262238,1.2064759879302982,1.5553318847664024,-0.47928785072254426,-0.0922774898569776,-0.7889277183492165,-1.5129446526041026,-1.0438130400127905,0.2673517273954207,-1.1313364812475628,-0.1946452132546241,0.0661769675272232,-0.0031131430443375055,-0.12402394478751379,-0.02019290042208179,-0.024060856134344628,0.01870864766560936,-0.022502297754600203,0.0022470927042628013,0.0010746136341284202,0.008221728644196723,0.08395269326729062,-0.9792603821784649,-0.2734114531818957,-0.34576002960410895,0.06369343972143653,-0.0050287981337616755,-0.026186681272208207,0.010682476150296433
0.003429190004223211,0.06528608994394099,-0.02843686009223984,0.01686923351259877,-0.002804948777591019,-0.01473155010339748,-0.010570856030559602,0.2082531825382836,0.01168024940648623,0.011583540998295573,-0.0187037665587419,-0.034669566096422466,0.1272429375895182,-0.0450017566175831,0.0013383400256673362,-0.008726149475116792,-0.004974890315268963,0.07178002023355655,-0.05596145084965785,0.008512751774506689,0.3821471212944437,-0.02498691603692622,-0.06409029102151348,-0.6147892987608153,1.6264256610674295,0.2829716868643511,0.3315525125586689,-0.05533172098642073,0.0013524340802103338,0.016930129572600292,0.4330356125125245,0.44890523294496487,-0.09277383515343772,0.03146014145010668,-0.006082600306852612,-0.02719833763608493,-0.00021950019919291967,-0.03472784084517259,0.021148374898164204,-0.0031601169204293397,0.00519045323601148,0.006122860789803322,0.009659265292618091,0.40950395945311596,-0.1778731810789503,-0.06577178470065675,0.24975958331763687,0.7532864900717725,-0.0072358620636014375,0.045624622173292474,0.038599346550147046
-0.031971572436263626,0.04098180750031323,-0.022178576915286907,0.011403291559086337,-0.0028693446114326643,-0.004347490286661714,-0.019588190361957337,0.09052409872860973,0.008833364449734175,0.00332388466678938,-0.025423088936519917,-0.0321688648707424,0.04815470031883219,-0.03619927948738213,-0.0041686733115041145,-0.007629599687448924,-0.011460155034702308,0.03806960093485003,-0.03648389850973198,0.0023932500827513873,0.022029766657481114,-0.023577473614678015,-0.06204740918450276,-0.7675012188639212,0.556328845636442,-0.17201899513334906,0.09366811063275342,-0.05319084907341277,-0.20046275230365126,-0.40743405850247766,-2.797478242418674,0.04283721029982569,-0.21503395844674106,0.020576360451479685,-0.0023724542880764967,-0.021658634352397475,-0.003044016026123041,-0.024188830476042165,0.025272484071047804,-0.0036437922111639304,0.0037872910728764405,0.0030510723263998765,0.006759396323326665,0.25874632788068475,-0.4391905282683803,-0.06223334300003836,0.09151396312938673,0.3224159015786055,-0.00561331481608667,0.09321400781142482,-0.1217051470043041
3.689247948353919e-05,0.05832240708044207,-0.020737696570971,0.016803972661555543,-0.002722838581684743,-0.0044420616711719745,-0.01076717200192089,0.20959679646124135,0.015590061032463604,0.009279613522141034,-0.01819071863259607,-0.041940154783332566,0.13600990701101054,-0.04026728831826785,0.010305266571253788,-0.005411462053026621,-0.008984459961409452,0.0754715184082594,-0.035304920919840915,-0.008136549874350155,0.4422508758947617,-0.024933403917821603,-0.0667282282434239,-0.77433234663772,1.6724780943206305,0.141901451260457,0.3038802016109034,0.08939217027932304,0.08795354758349723,-0.09651683300066641,0.474772596427976,0.4999085182241785,1.3103332721610284,0.030540401706510286,-0.006075400294725848,-0.02436434568807167,0.0011586761007736073,-0.02585413559525947,0.017920271428247578,-0.0029963534302436257,0.00583861875677888,0.0031768597406522598,0.011256347362790258,0.5008910867409238,-0.13574514339750074,-0.06772154889311664,0.37228051811394086,0.7049146127922731,-0.007632545697938149,0.041248072367792876,0.023573719958193923
-0.04614438037303687,0.04519056028582565,-0.02302694047833495,0.011785227112243469,-0.002792101282781768,-0.004557616163649334,-0.011861331363097298,0.10475358214837736,0.007425969083970514,0.005999010535253033,-0.02996349242927022,-0.04966576287961598,0.05300215827459099,-0.0371312301149548,-0.003682702884863072,-0.008618855967067504,-0.008345867382299733,0.04615604428970796,-0.03333172505209427,0.0009412745770621587,-0.023571455183484455,-0.02737915172565155,-0.05988058196604351,-1.0081720705237676,0.6746558016411891,-0.024239068459509613,0.06669837143765381,-0.23414011405491392,-0.28393179144086816,-0.5407887337324595,-1.0789252677137853,0.3718354250667163,-0.46583335669670145,0.02464466343111901,-0.003413602979561981,-0.022880891492946906,-0.004238742357783744,-0.021028407469224252,0.01765318216605526,-0.003579197429280395,0.0034486338646380456,0.0029646235403193236,0.005009017267952876,0.34477942671740053,-0.41737463497527505,-0.05727381579632386,-0.058669834670817524,0.09346625333131629,-0.006931893990444002,0.07895598181086974,-0.10456501018287975
-0.041996951851968056,0.04068237851961797,-0.03915083164946358,0.009053636894348557,-0.006079234326465966,-0.008448935430717052,-0.012486627762618626,0.1022966426368724,0.008322614601765978,0.013557118673491901,-0.028184538735545824,-0.029279462860382154,0.06928280365428985,-0.07695493711836751,0.0009462062880149684,-0.0037641349420551957,0.006786769146892092,0.056905970283404564,-0.07221702419970477,-0.021067334491584332,-0.020622391463299097,-0.025566338545669746,-0.09071748310276116,1.1598952674345286,1.123099584517776,0.3011208758303273,0.530597598109274,-0.21534053250207785,-0.14043823072559275,-0.3576636448333509,0.4421900616279099,0.4943608491259405,0.6131652858628206,0.04746346471952967,-0.009103881677143422,-0.04608126790484634,-0.008012593555634129,-0.02219111367516188,0.019992451594918918,-0.007697027630872689,0.001942544718716893,0.001572158809219784,0.007633277077183402,0.16974412235619013,-0.09243535379994927,-0.15146297630112376,0.17544449943034818,0.48484304823952673,-0.009607015190206212,-0.04736795798307777,0.05301902129232973
-0.013215235496513588,0.03188993097438472,-0.022853239930545003,0.016180970256496455,-0.006189075355993916,-0.008989728382573003,-0.005029507819503702,0.2767228490455092,0.016071473452684622,0.009695129685339796,-0.015110352045684467,-0.015128237598665478,0.0797264714615494,-0.04796936975804682,0.0032610333637809238,-0.0029684620334663944,0.032437773130996904,0.04617830249560908,-0.04289331281783288,-0.010576006850101061,-0.007311500978556879,-0.046085663201213684,-0.054277281222344785,1.8697112393717445,-8.39191066503317,0.434038802746586,0.9166371836593958,-0.5280296178287943,0.16636259418462193,-0.3420661340060551,0.25187610633530694,1.7601091763053043,0.9685336110460083,0.02351570558657576,-0.004029706296670639,-0.03252836761136488,-0.003410247904926551,-0.01804379138798088,0.056426519835485724,-0.004954787191900866,0.008312360243743672,0.001339397536993121,0.01776185585486668,-0.0899288603966295,-1.3021248900044993,-0.09120114566127151,0.5492645497317005,0.8047737166995705,-0.011301357699245498,0.015543749344246908,0.03154717880643858
-0.03361452775184285,0.04448078377021716,-0.018301142623557125,0.009581042399694333,-0.0023305705937984988,-0.011196262869144881,-0.011491445482907191,0.10251714178237643,0.006824392422182156,0.00736008774807185,-0.013730211569357253,-0.03210527207306843,0.03910500463333878,-0.03074524717688024,-0.0012872571953035478,-0.0051891834656574735,0.005773778772929422,0.03736976669764808,-0.03374223511716741,-0.002609114388611282,-0.1694029733019463,-0.027428448203269628,-0.053107212515410535,-0.9225306632356962,-2.2859848618193026,-0.2671313293833121,0.45350381448328086,-0.17849232598489703,-0.5037023784434194,-0.3305984884645333,-1.3535606492164758,0.4608378894721708,0.2610370824938409,0.014706658872690594,-0.004416292836890016,-0.020798398575049393,-0.004151011114631003,-0.011391557923993406,0.022217031821869057,-0.00279016333756297,0.005539437243623047,0.0024394215240174373,0.005900542497414221,0.07938509688084587,-0.21801215168065716,-0.06890844241456116,0.10233346371304851,-0.1067986828982676,-0.005219796107784949,-0.04079442432558901,-0.18280618843957025
0.06876838932927976,0.04531140408335945,-0.05256035833230449,0.011024858137107353,-0.005203399919647907,-0.00414523329751231,-0.0247009316077024,0.09736844030391145,0.008184603663236834,0.01594758886100586,-0.029278226112605183,-0.024506760490733158,0.0607247225205789,-0.08858449779780181,0.01855914092316948,-0.010764350742572716,0.014377394072847553,0.08505685340988037,-0.07616296179744633,-0.008811502926017156,-0.023252838930350146,-0.03780167426189514,-0.08623419529773069,1.3270316551486616,1.334463522358681,-0.1318989338233064,0.2091457727431685,0.34336696007492845,0.3934789138645638,0.5557380094734873,0.46188677509451476,0.2373024176162134,-0.22397375020292298,0.037441776106685434,-0.0044061814304155724,-0.05053054093826662,-0.008785120696637113,-0.026188843307417116,0.028519350805189803,-0.0027050704088323095,0.0043476204338398685,0.0057934124170676005,0.005522259400731149,-0.4075205691802535,-0.2853676233846581,-0.0702391221638785,0.14491260028450245,0.11425215530501863,-0.010502640695520317,-0.9563374733099494,0.07195164815101723
0.04572620450040105,0.04708013825513248,-0.02139636655318869,0.010349603615625869,-0.0029691172355464147,-0.0029467467904459098,-0.01970941826161408,0.04912698111901523,0.003585320709375357,0.005067033020459181,-0.0214025721285529,-0.04361909234626028,0.04065700821824111,-0.042513039402420676,0.006694607242085655,-0.008314819121998147,-0.004855956923565883,0.06651799750185215,-0.0464430977408352,-0.0006743674839634212,-0.11194797432568086,-0.031734969004430374,-0.06191659687035959,-1.4936920614933293,0.2835217681684221,-0.25589631868317647,0.07524502814569521,0.09749670072158913,-0.3997940669575303,0.25850222260412814,-1.8620633606261612,-0.193796431739808,-0.45323451506806567,0.017087244189405083,-0.0024489492435410946,-0.028906307454187843,-0.005149797657899267,-0.03364209575988107,0.012895017703540356,-0.0037830938835249186,0.0020274585979256454,0.003007203815404892,0.010805409890919746,-0.814958209026963,-0.7182512799677065,-0.07029118743831973,-0.03489934785234439,-0.39711646319975213,-0.008174477790651424,-1.143198925942606,-0.29177032373103007
0.09557977113824995,0.05787660575740721,-0.023458242933400503,0.01629451527031665,-0.002688283200089984,-0.007306555360215371,-0.012487866648049267,0.19031288247530462,0.011535684481583762,0.009154275412455283,-0.018147499336011272,-0.05540593222516667,0.08941905084812647,-0.050253283968065436,0.025925827922822175,-0.007864771508845226,0.0035479262504429817,0.10666766959379471,-0.055218461155200356,0.006435882679151428,0.037475239777449834,-0.036604670315002155,-0.06154266375906717,-1.8842995193136312,1.5305844016571255,-0.06005152594347048,0.5293969858061196,0.7508657915696849,1.0937681254751301,0.5743074385227986,0.40635928203940896,0.4685270875885102,-0.17036488827181093,0.024455960968908664,-0.005328487407159814,-0.03030305452096535,-0.0030895692105750495,-0.04320301999996617,0.019225484474054092,-0.0041906972747428805,0.012491743046681499,0.003923400362583467,0.012207111047619651,-0.4026600508224314,-0.30801342494160205,-0.030282335245331606,0.4242356842238582,0.15859820898201177,-0.008410730662432078,0.08161423062491452,0.05157918374288417
-0.10579125705119405,0.03856342087958101,-0.024544842666822726,0.011726524790302745,-0.0022380021186334613,-0.005321959509441501,-0.018199363116817996,-0.2276873551645975,0.007651569030631108,0.0056004795513391594,-0.028349386389516753,-0.062435049914734954,0.06277185962403305,-0.04508628301453645,-0.00799592486849076,-0.01275602619121884,-0.027017617167647445,0.036952913982292356,-0.04905652789513113,-0.001594687372112536,-0.2011566119708383,-0.0350015361967295,-0.06372263418585936,-1.6899555117689729,0.03181919881867589,-0.5121885415880847,-0.0555835656838625,-0.4922183458890352,-0.6701607121164865,-0.3482494611027643,-0.9979131349632455,-0.4190989534501127,-0.41932551005590574,0.02099532317664633,-0.0071688721133877685,-0.030547179780289164,-0.006501327627003983,-0.041369546839444785,0.015463235908953288,-0.004413313297158922,0.0031491090336938717,0.002713985408159854,0.005788162529979428,0.15136729646488906,-0.5828878226011901,-0.09844712122363955,-0.21553042684083945,-0.49983019567274717,-0.006848287776559803,0.03435941106456941,-0.1435801888371368
-0.061359920246110256,0.03983274856606031,-0.05146897084939965,0.013452548583617854,-0.006502357796344352,-0.005629043402606007,-0.019551834575249966,-0.2267365901508167,0.010787543393628465,0.014569229836988851,-0.036273828728810235,-0.029000706471183517,0.07958561081634044,-0.08210142743415061,0.0009585857698106994,-0.01304368106840965,0.004128182306056517,0.0458704793954804,-0.054338007517971444,-0.01023551710127708,-0.04928687319027973,-0.04538464486351899,-0.09118215820163673,0.7323985883233554,0.8423341703313426,-0.5401398032931704,0.08543001322768254,-0.301701242018255,-0.4092654242055325,-0.48737746896653644,0.2988121189393783,0.2477010657694009,-0.251036051315941,0.04418002512990216,-0.004161076323392098,-0.053367837410384006,-0.008093310635073648,-0.02996457116719868,0.017460670939278767,-0.009532372700098466,0.0033440977018705017,0.0012874029241276312,0.006633437540263553,0.170921644267524,-0.43803859522104416,-0.2807018564450606,-0.05208687394659127,-0.10433150549773715,-0.009247625619904233,0.02137701422399594,0.047038263127333356
-0.06693565666500999,0.04283089576538562,-0.06747745019798272,0.012309411191624533,-0.010668190935774204,-0.006363174896916705,-0.026152374325397847,0.057044563587545664,-0.004528512423749352,0.018336252380711758,-0.043997547028716645,-0.026836477948622373,0.05019500057325566,-0.06647212213900974,-0.0009913997976326186,-0.02240989781660859,0.002919019641968924,0.035804836387015114,-0.06971934021307771,-0.017294084863018977,0.12229333681296177,-0.02452968089120912,-0.09681897101901403,0.3376033228391794,1.4128691196696073,-0.536937779416651,0.020349658398072852,-0.09363836448763661,-0.5317834643041646,0.29060710722222627,0.35594130563125187,0.17759836394834397,0.5589504858944291,0.05174810405879305,-0.004007548987762376,-0.0739338711002485,-0.009293147261578736,-0.04000523866205995,0.01840506122622844,-0.010043957012218233,0.002593419205992267,0.0017205532602709878,0.0062443740964349915,0.15746360998170425,0.2472785629369519,0.32284162351903,-0.09927401369662604,0.27271856443726544,-0.00509569609929821,-0.002072799494460538,0.041002262485994
-0.05186814096345708,0.04119380415478441,-0.0627504777815991,0.01177278487543197,-0.005873975650070919,-0.002680382781371781,-0.024485404380548952,0.06413548763423127,-0.004411570013474632,0.017628613540293048,-0.042743056839759486,-0.03317258505051543,0.054748015853527184,-0.07575835839915683,0.0005517536644663021,-0.022392871930660505,0.009001451091903402,0.04804800199918044,-0.07164636478716561,-0.008201358544268483,0.1179455289515589,-0.023756613381613934,-0.08961016770977989,0.8593454087975817,1.9522979744825752,-0.18620556420916326,0.3394399851480904,0.05701178184744686,-0.4286546478239108,0.19858604282626496,0.40925042734386236,0.47460461149117444,0.5311775602953995,0.06344994665542061,-0.003933016548986585,-0.06073190698478994,-0.007675892542209013,-0.03856505365217247,0.016741657127823245,-0.005563023361409131,0.001992572759396146,0.004472229758956839,0.006081298053484673,0.24576471377109207,0.6477780405596918,-0.09096295034250466,0.26230734056510097,0.5085450680990378,-0.00529768602363363,0.03771560856094829,0.03710111688892266
-0.07740755382241678,0.04225616226668143,-0.044200398142566384,0.012012957251554105,-0.004036026970385378,-0.005012806825466764,-0.023378977962219556,0.06342614559933409,0.002577469187869377,0.007069385975004185,-0.03372267472127343,-0.050586224381941346,0.04976674832917019,-0.04322726437558053,0.0004628481160169333,-0.016837852827243576,-0.008018726682134833,0.03493917342916036,-0.06350931789834083,-0.004726741215816278,-0.16427217290638646,-0.02082319288707989,-0.06515758498800309,-0.571159062051527,1.8511096344174458,-0.21621529920622481,0.2450066646907552,0.04242273294114563,-0.987040864771368,0.24155842587013057,-0.5425508299185469,-0.7755533308478024,0.21024007685675733,0.028789902226796886,-0.0028532077830243177,-0.04041544481184984,-0.005384010469932259,-0.0318156848336306,0.019531054103358376,-0.004967358582769659,0.0017859140380321068,0.004432883011205553,0.0057904261866029315,0.13698246194131802,-0.34871582045352545,-0.0942058997363922,0.03095553106949776,0.20972204111452047,-0.0033140332505525354,0.0689623507273832,-0.0809416423475078
-0.03498250563020165,0.038468051925309374,-0.057558259327090654,0.014341687280179673,-0.004380027658746292,-0.0073608691005815205,-0.022795451863895512,0.05545278357650617,0.0037795542613695953,0.014310015604314847,-0.04889961189607284,-0.037942599223957325,0.041880808807854504,-0.06379369640845804,0.000690708090402137,-0.03331602157773501,-0.007843702223143626,0.040158948196716206,-0.06271473257187901,-0.013807931045993996,0.22821682717721575,-0.02763126756729406,-0.08278252930560911,-0.008235392959867319,1.205052262398966,-0.17275724877971593,0.14743121612863747,0.2917515137936118,-0.6819348603497425,0.24576614063044844,0.36708238906311763,0.45173652397371983,0.49175342537565814,0.05135293850143663,-0.00491880093759372,-0.06981878019785487,-0.0071641010952180895,-0.04514407089072675,0.014749873764752043,-0.006388455274747096,0.0019282495315371619,0.0021164252776304706,0.005548897163178668,0.16692632330532794,-1.49300027471349,-0.11014673965098873,0.04161886914627094,0.01378125171968407,-0.004491838319583712,0.021597520765188824,0.0360303813943421
-0.01752078159517372,0.05784048507157671,-0.026890174400259006,0.015266219562915758,-0.0023443013003827274,0.356783620120932,-0.017063194643829542,0.23988277069725406,0.012424308359274203,0.01129724923826616,-0.018211187760991208,-0.016071224639775717,0.06503628326036212,-0.05640397382559367,0.0034783618451313587,-0.02352393330978314,0.037457527984176994,0.053216894702335045,-0.050345692762188636,-0.010977954959773304,0.022149980854485714,1.0685691380126487,-0.06524371185154618,2.420732126219044,-1.5486114305518353,0.3783651625585029,0.7024643625977604,0.7969040119151919,0.03852574773711592,1.0828047954368998,0.42760091694863334,0.896224222972152,0.34613053955274525,0.03712512453727051,-0.004908015246352049,-0.050551783857089055,-0.002193121441972207,-0.01330115370549521,0.05371703510561666,-0.003835485916427272,0.01447064931859887,0.0014143967945943684,0.0056681973083480474,0.5573209638249453,0.3638518423489889,-0.05768501192703817,0.48909130971154435,0.8145530747635952,-0.006447362854302942,0.9167581036232114,0.07579317865809551
-0.03274433773123152,0.027750255655233723,-0.018690195398116977,0.012128349315681446,-0.0022672361830911665,0.1900233702068693,-0.012135285860360362,0.09760697339714745,0.01087179113512225,0.0066719299173706465,-0.01408679573796884,-0.011975374409504268,0.07840350413874607,-0.02999597638988035,2.6982442964689197e-05,-0.0071644502539630565,0.005189785409213396,0.022581753489760645,-0.03264171577321882,-0.005828632174258849,-0.07575065593787933,0.36047472298005256,-0.04507370850577491,0.3082481566042913,-4.432075309558117,0.15182317299639883,0.309766043584439,0.6640472361053332,-0.43379729339091244,0.1333060342782878,-1.4728753803125423,0.2728504926047825,0.10327096048442952,0.017703816329906624,-0.0026068460811193572,-0.023802783185885804,-0.003897743202278934,-0.012989032277857616,0.06262818213348775,-0.0030776623456634775,0.008949698145910248,0.003917253754976183,0.01894289501632578,0.2606392924843494,-0.1620339001830296,-0.03424487799895814,0.26942724564069104,0.2520352612643261,-0.004414673273636911,0.4056169602596957,-0.22902417146076134
-0.022542248746917497,0.032651837429793246,-0.01703696872025876,0.024334469813145188,-0.0016373453664920525,0.2405314988161367,-0.0070996175880314915,0.5616151820417326,0.02173389328314059,0.010145887387341717,-0.011128430186466197,-0.021700960527743066,0.10396400087467687,-0.032074998783926056,0.0033447870038640017,-0.006187951738975479,0.023070720187933318,0.04648611246996399,-0.03476542370021672,-0.005082263560980225,0.04032383927062667,0.45164327629923934,-0.03827732239096668,-0.5732646220525521,-5.199341970930744,0.566671963907451,0.48298949000555136,1.132728552065561,-0.10973017504102187,0.4749386100624569,0.2164911374735865,1.7288852526930818,0.6457448823631357,0.019254805250702528,-0.003395062686898394,-0.025679681554385606,-0.0026766284345505387,-0.017971340124047087,0.07328373222857065,-0.004991263587051336,0.0150879523727677,0.004113484360389173,0.026506215962137723,0.5959310101206915,-0.9209050630591405,-0.04811091642000608,0.38361077209314814,0.5609534999149871,-0.004686592903290038,0.4512314568590294,0.02962670324591567
-0.026239286193120617,0.052830316416577386,-0.03615550683409116,0.00863709336891206,-0.003990874062137052,0.18565486694154582,-0.02229508549902204,0.13514177806071517,0.007776631007134985,0.012431081838282338,-0.02558312926414902,-0.026053560316630826,0.09638717335717095,-0.08572041037719914,0.001872326515084051,-0.011361200551701,0.007798274249047431,0.058901896081567685,-0.09134763293720234,-0.016406868163246255,0.060661259895315775,-0.052359525344217124,-0.0810669874384248,1.602333507745332,1.116847597317519,0.3661943680933265,0.4138350966337675,0.6057651982590897,0.310926749410811,0.37206757356130826,0.45477558273299823,0.36188723602872863,0.21749835779114327,0.04203831448990457,-0.009350077807284939,-0.057783831668052225,-0.00571649333469301,-0.02266018484401415,0.022929142730439445,-0.0038189667317550715,0.004213836783933452,0.0010741879708677524,0.0028849324958740916,0.3270311642476866,0.13420616699605212,-0.07061509572019366,0.15042327610568343,0.6386461388681938,-0.008192360143871846,0.052966514618027496,0.058767561788052744
-0.023885270433846698,0.050783852809271855,-0.018654157688780766,0.011896515708499438,-0.001767463052250799,-0.008050079695527885,-0.011510977053025563,0.14682055346821185,0.008434596792272505,0.0069748973642846995,0.6974230122778411,-0.026175732248436043,0.06284766606676519,-0.030163645366553415,0.03441901677505603,-0.005147057676510441,-0.004121337203371173,0.04036216022199162,-0.022002292746886098,-0.0012334425678388735,0.392897049457824,-0.027021406284416162,-0.048900610639324445,-2.6535827113335513,-1.7422229217549254,-0.00547775342498295,0.2921297590756132,0.5650466782888646,-0.23732711216656846,0.5575663874347108,0.4552403111693744,0.39962743306280096,0.1918575476535884,0.020264834773735564,-0.004738870374148506,-0.022324616030273237,-0.0002866802683512728,-0.02809881585904498,0.03193501052980972,-0.0023126101766012095,0.008395227658463138,0.010434316174075012,0.01356740545084314,0.41688497028304106,0.7016532637349328,-0.051205268824830834,0.23841156495708102,0.3651257533189204,-0.005946812681203463,0.027012797241803978,0.0426417453743361
-0.05777254336863403,0.05227063846026576,-0.02058202549234129,0.012371777252722956,-0.0018735110917031128,-0.005072769760120506,-0.013906492410760548,0.12081366375386562,0.007206369969107502,0.0054455080341331025,0.7190581123335077,-0.053192670554236314,0.04543210202689789,-0.037467087899921994,0.03666476303354495,-0.010375938061632181,-0.014924955108551912,0.04877193068191942,-0.05437885750819288,0.0042370073916166194,0.34822991054088825,-0.022126089881416133,-0.05878747364993736,-0.9428411495134857,0.3361281145276069,-0.09418606535135811,0.2621135858533545,0.2768832921798283,-0.7011859704670311,0.1939133095341533,-1.150960387037777,0.47340330518742607,-0.13109814721575366,0.025825148654906163,-0.0046695231157940515,-0.02776777129647425,-0.0038536279802889764,-0.06830965992757117,0.022167969366251962,-0.003766109575503201,0.004120637178965432,0.007002089032662871,0.008505344032321184,0.29390715524509936,-0.29146015064933517,-0.04990622490089701,0.057493603022233435,0.030231680165967497,-0.006063517929466784,0.08223689441471016,-0.17642787001569193
-0.08015495838641006,0.05868311128544722,-0.03828817050044521,0.013713472465908684,-0.00410861200761664,-0.0047350337993622375,-0.01575968191584267,0.15860746104186593,0.011284515023591428,0.007633510971792236,1.3051022750966241,-0.0564282047609433,0.10270480930908792,-0.04074103911659436,-0.012402130212676827,-0.013549965575478017,-0.010739548320534115,0.056528042648349146,-0.06572891642387345,-0.0005041207401547268,0.3707674749700903,-0.027693382729496282,-0.06558931739583822,-1.3146402452504986,2.25742789630786,0.25974562347479424,0.4497661368909858,0.061681904609308114,-0.29174871201537517,0.26561344218918786,0.4382519259375292,0.5493778305790021,-0.0929984084989707,0.03694238770635941,-0.0033857074682068946,-0.03967040367206878,-0.004211648467777429,-0.09682883395581449,0.01406022496027389,-0.0018858510598148946,0.005493975403394718,0.007664797596543604,0.0071537424018635306,0.336798196196957,-0.008000765889742445,-0.06192252938384125,0.18652029281341695,0.3471001189983241,-0.00504225122478919,0.05785067086907385,0.015604774870216685
-0.03307536895413559,0.049699336978094893,-0.022962136345316016,0.012987981383524529,-0.0024980188697183332,-0.005072885564224193,-0.016396991417032686,0.07806317166201449,0.008636372991485536,0.0068709741434792694,0.8430597619125478,-0.04887292146038545,0.06020445265475578,-0.035767439036861026,0.08176959956282956,-0.010221218036294706,-0.009862204452173375,0.05309981834688724,-0.04138158964991112,0.009843023983409133,0.4027316305270011,-0.02154437924803245,-0.05968759799101725,-0.34742309987331843,0.8437846152050343,0.00697229669826688,0.3532113945959374,0.48095600581530407,-0.453381288676433,0.5319757574395145,0.03162902400485179,0.4718611904209055,0.022044714179964776,0.02707521706117043,-0.0036911044018140063,-0.02849705208425773,-0.0029233505466336033,-0.058861773008210806,0.022016476018657815,-0.003484091602547011,0.004913585633910925,0.0036393564860767546,0.012673467922930602,0.2965561028873033,-0.09409179173911102,-0.037314143534498294,0.3295205805489055,0.21522189917260443,-0.004585650476022156,0.08297143330256332,-0.02355528230881831
-0.01152330204704306,0.06191593442316283,-0.029454846612132136,0.009108052851791294,-0.003022472601753005,-0.016085233884902926,-0.011208175869158113,0.1195399593683155,0.00843252714570814,0.00893669802647753,-0.020680426203448968,-0.03833365162630067,0.06425414600467322,-0.04923542824503014,0.02328338570071447,-0.007362568796559619,0.005955119364587706,0.08027001966739787,-0.05755267557098383,-0.0046511351940706925,-0.041472547937439305,-0.0359692146867749,-0.06791961657209139,-1.428144264831916,1.6136397165106555,0.29541128853066384,-0.5603633660334865,-0.6285322752996425,-0.0144305027596476,-0.5169203415699518,0.29187257488826696,0.18578790551543414,-0.19194783299366514,0.029162029196946843,-0.003508491780629704,-0.029616273965114383,-0.0064988993787616495,-0.027609312375044742,0.014078947760124867,-0.003975696453448421,0.0021313757791316906,0.007173143422705865,0.006074438575238809,-1.884071997871158,-0.7005145664490819,-0.08884740194258153,0.30287543064505434,0.4393432017868908,-0.009521541179461433,0.06945567154367963,0.03243946718783323
-0.027779322024680423,0.05093014097548783,-0.022346673533748033,0.00718625099318553,-0.0027587471662463355,-0.0055552360801789545,-0.014502133963521882,0.07429754455707731,0.003706415159233255,0.014162517871806099,-0.021856219152527293,-0.03328353851655286,0.03738780525979446,-0.03637423199034129,0.02715812824315433,-0.010652564603720922,-0.002688695346014568,0.07491822526582746,-0.037450336305268325,0.0005156113724578926,-0.06138563626132248,-0.025044626615165422,-0.05858436869165208,-0.9891836587205699,0.7306842267000889,-0.14073989301706366,-0.7057505232551057,-0.3306296425012181,-0.09320844064264501,-0.4440899050573717,-0.22157547465000635,0.47308555719748396,-0.37754025664059954,0.023349053421241737,-0.003148783329000242,-0.024917399502914477,-0.004423892046206695,-0.02228116923666222,0.0140639969065848,-0.003480063605492868,0.004331124516789244,0.0055395288064627535,0.003533218221406104,-1.588540820532629,-0.2272532649340109,-0.05178297623889296,0.0750143008776972,0.359619699927896,-0.013301677877039956,0.11583941114608966,-0.08917300227531058
-0.04080930327335008,0.024783007598389483,-0.09896512620812832,0.003394721064529695,-0.010403763559612825,-0.007447899987819805,-0.03813900284721679,0.07964989194795594,0.004271249173915645,0.01609407003498381,-0.0287816182654908,-0.014920307255222509,0.020233891082070063,-0.08872255814159893,0.005685271342751181,-0.048252999289431095,0.00023899439456830606,0.051738474439361685,-0.0872353936855499,-0.03400389349846142,-0.09539817195361154,-0.015923515375885277,-0.13052090687728682,3.72094006656744,4.106591094504708,-0.21187458954769223,-0.4046898241761707,-1.3468023663733666,0.4439139946412235,-0.15639341912380425,0.3488480408504007,-1.627794135186335,0.7015249359429243,0.06746031284359738,-0.003354798289811033,-0.06494040162168255,-0.013907506159662492,-0.02115560518703862,0.016893803340095534,-0.00915462830305834,0.0025234135522396004,-0.003921456246285592,0.005645760411591034,-1.0718779084172392,-0.5801233866165572,-0.1674396539144828,-0.08688022234279412,0.24192135827642852,-0.0077422150847485435,-0.27730950735857535,0.013618128840418214
-0.03729703657205186,0.043678794812600064,-0.02716431982711815,0.008012632241714774,-0.0033627573632696185,-0.005731940834682184,-0.010585940205264882,0.09346166457417028,0.004686056850577875,0.0069476027398596525,-0.020993811827284967,-0.052819138804245,0.03450438497123185,-0.04447617240215764,0.007481377532923468,-0.008851330312503613,0.000866546803224253,0.12326275317552304,-0.052203193252960044,-0.0018678649803697909,-0.06491678234056841,-0.03724719693405351,-0.06675982781028376,-3.4130836009942587,0.805456894623527,-0.8906063238087228,-1.653794091175646,-1.2698448137408114,-0.08475764012910647,-1.3027757608483508,0.1463790387443192,-2.2654122006893807,-0.31288604526721525,0.022630183342128466,-0.0027053013176013252,-0.023762273371210434,-0.004957558112085694,-0.027410348868930033,0.009041307667434608,-0.003996046240634489,0.0027514967562663876,0.005793055710713553,-0.005341326360767832,-3.031580085455333,-1.3726458363329617,-0.08321602673786306,-0.04002013817040145,0.09863167959623792,-0.01398023361949669,-0.07229004083376095,0.022485694031090353
-0.06127595781233024,0.031273261613095994,-0.02814892540823826,0.022871184124481046,-0.002451177066206808,-0.006273331967491468,-0.012089970363061692,0.12467702097689055,0.01391313523399957,0.005851865446932378,-0.014437616044307915,-0.017552540332311094,0.08421415729609585,-0.044620966812710126,0.0041940381497316374,-0.0018417345251879147,-0.0006335625079190684,0.04675221506942408,-0.04986520158389549,-0.00610028463213712,-0.05081293261609598,0.3909473357058304,-0.04692041017841454,-0.008708536664871501,-10.467146606923375,-0.13087756262694344,0.08709645549611304,-1.450309232807166,-0.4560137373939128,0.45332108035464097,0.17646048781470552,0.32760573752128624,-0.07043539081403992,0.025943205879345378,-0.0023428859858169596,-0.029397987983286317,-0.003221884826375221,-0.015695747379873105,0.038332019980024334,-0.002638254478366556,0.007391159440685799,0.004323399565312931,0.014867106882254089,-1.1085725041007946,-0.46332269289884503,-0.0486437019286403,-0.32075073979152097,-0.48392213675116263,-0.011147277744843349,-0.03313078395880821,0.02853524394169875
0.02659363395408611,0.05437620395765491,-0.04060942482491285,0.03651070101652305,-0.0035006320027197863,-0.00600455748862626,-0.02237699857392293,0.10396608567254051,0.009892250401314218,0.01317772412347506,-0.0245419805655365,-0.021050165578034786,0.06176214597342753,-0.06329275263835324,0.0002628128795711713,-0.007736194108937693,0.012742565036553442,0.04889843814806884,-0.05077767629906781,-0.007541216035134554,-0.04084756459560163,0.8462557620826074,-0.07648870140965779,1.6341861978707186,1.7062305555823007,0.41435324414903973,0.35630967410367836,0.12858952626255304,0.4707971947206119,0.8254989328390548,0.5542675214211071,0.2691062922663215,0.20426707191945742,0.04428826807682349,-0.004378015851347521,-0.03935692374378684,-0.006337827426204915,-0.02590381994327238,0.015352817812789053,-0.0035399358445035475,0.002351286196178666,0.00220775980633927,0.00425971323505527,0.18929459680450225,0.6785316464767049,-0.06131319361384037,-0.027983179740237528,0.47230576206187785,-0.009813633463072317,0.051756221071953074,0.07555140916478781
-0.004335887511750922,0.031964937057438594,-0.08169733522199292,0.040724343851855145,-0.004456372286917487,-0.004760842685575692,-0.03845155785289905,0.11406073701666053,0.009681501133918113,0.012247326984710302,-0.016651347040737133,-0.023493661879831713,0.03732993188412434,-0.06471855629778717,0.0008593908689032687,-0.009920457882378168,0.002175117138828296,0.04434997409834055,-0.043326998470103406,-0.007603064447256489,-0.007336820236947774,-0.034794827363141004,-0.10139602575742761,2.638488467555833,1.4125372357701609,0.45966466178980603,0.3213462729581302,0.0028733979426033415,0.4467044113506885,0.7856422756063076,0.44114561044504774,-0.03863287849507201,-0.03866599899568223,0.05787152280851769,-0.0047821742785692425,-0.05424586651602847,-0.00767291614713535,-0.017677397826695324,0.016972718670183077,-0.004044034376531147,0.0027539733434204273,0.0017895668260324046,0.005808466522662997,0.29597217632667416,0.5769112002943766,-0.05760747750337027,-0.0017728267620073278,-0.09057001394127898,-0.009416009193855776,0.04494591035360616,0.04175207403541878
0.052142172880999274,0.03184251412917752,-0.01590404127157147,0.013585250274385544,-0.0018193159624439756,-0.008163891400571754,-0.010077594043502298,-0.3140162480817435,0.007454681393410098,0.009396865141362934,-0.01129173526773391,-0.031376400330976294,-1.1617819167820078,-0.0338113670859822,0.004076806856274694,-0.006867112691220441,-0.0015822544521301508,0.03757063789567141,-0.030882612581260797,-0.01490286195966786,-0.03830139296895824,0.4397819707177681,-0.03794339371879597,-0.6454349577501471,-6.9004208263276725,0.2804529637021873,0.381131765399497,0.033057035044137845,0.4552498008909151,0.2763579913068098,0.25890298055529876,0.6519200437343586,0.6939305508106987,0.014295134235551551,-0.0032657338525438145,-0.018266092183871183,-0.002675422519902315,-0.007115283177994792,0.03412967417352416,-0.0027351735814886355,0.010706346026521764,0.0033939751511239745,0.017036861362057034,-0.05777115544248443,1.8335087632819078,-0.04870732916270258,0.2332306455657253,-0.16830304899284632,-0.005545590330320504,0.010213766188420693,0.021555700449063495
0.08870385678487902,0.050645660828064654,-0.030559803205865328,0.00848833826054413,-0.003910269955098366,-0.003433697532576789,-0.020281761411686958,0.14636121795307253,0.0102597656007998,0.009337699195339133,-0.02100734282244533,-0.0165363939569191,-0.7563707233578885,-0.07295045778072452,0.0009147657791361075,0.010908055732405247,0.02088008368900875,0.06763519475080086,-0.0548865821427092,-0.026979865511455932,0.06651264558237288,1.1687132758496777,-0.08071520634899446,2.2456950362960795,2.113850253662175,0.5502697096027359,0.503464122283185,0.3468676012575991,0.6254739819565214,0.7728711796572199,0.5172662839228782,0.2360008780839043,1.7980084912123289,0.04132100988954084,-0.008869296019132103,-0.04581664622289075,-0.002142074443981433,-0.01747084069614467,0.017425688127531352,-0.004199813724653703,0.002658759579484747,0.001006084651035666,0.0020601503140051792,0.21329051426065793,0.20057903839339494,-0.02346619303768358,0.5265365233922487,0.6188846491716333,-0.008770026793410952,0.023437365293093534,0.06996337678635477
0.07465283219142654,0.028178144548264932,-0.017825367936559214,0.011135506166035957,-0.002988536190153038,-0.006274930111983952,-0.006719510085317162,-1.0526411972514074,0.00781886531139072,0.00788165505514472,-0.011405176414981753,-0.023341711345376083,-1.5929598983428048,-0.03355738246655577,0.0026803534090279065,-0.0046455070338016335,0.016414157750927784,0.035330011864778396,-0.06003387179714842,-0.006439373820029196,-0.006941404312265614,-0.06456237337792334,-0.03958034548718134,-2.4069224249695957,-12.925417828814995,-1.4533166842844691,0.20447539888907554,0.02883839663583862,-0.22825851389175475,0.0459285668738971,0.15373165102107395,0.09365372868177309,-0.11216601585669495,0.01724229028546853,-0.0029904160020205067,-0.021788617366240465,-0.002932771315968094,-0.015953966989318374,0.04390103845697742,-0.003686008162720688,0.005008852100650342,-0.002500281325261913,0.017429989971229784,-0.7867623718390625,-5.694991519766412,-0.04856337413277508,0.18488338610621732,-1.7160137147095555,-0.013890741142993383,0.008534854333551804,0.018076013420297913
-0.09299382607297464,0.04418952299285576,-0.04165467932186422,0.015496237907623056,-0.0037051792938475425,-0.00985712992072774,-0.016039548537596395,0.10506948405001654,0.010453447946698502,0.0081262613840751,-0.041922837799129996,-0.044992742603978994,0.12001939867992757,-0.061960906628649226,0.0014620666689891036,-0.02090033873578623,-0.022420251995766968,0.06687660963179179,-0.07655974959233997,-0.012609039420914327,-0.0746394458510687,-0.026925387956547864,-0.07370843137199275,-1.7045390124444582,1.4845506425474695,-0.22289001513960133,-0.024966823031820906,-0.483053754401145,-0.771419336202735,0.27527792775795484,0.22551701019375528,0.2982313812871922,0.6266922854649513,0.02960979828376841,-0.004423194937580749,-0.04837282459066114,-0.011825051794465255,-0.05734158262237835,0.012086734103692593,-0.010823620594714428,0.00154957037044871,0.0016125767812701737,0.008476813689541625,0.08724799020922613,-1.2253327642693643,-0.18630460822061223,-0.09034474297130482,0.13083464983667636,-0.005172045369799641,-0.03352791321507818,0.018649342545833173
-0.07321608976944494,0.03954514312294876,-0.027228139127194833,0.014889248123430976,-0.003110734229142019,-0.008881350226085254,-0.010278718160178505,0.1123516852652882,0.014908505424052684,0.009652538110412796,-0.026821250955019946,-0.0689414385792412,0.12080929541498607,-0.04930935031908877,0.001070054670083843,-0.011644907838362336,-0.015580089487598243,0.05884429440298244,-0.06425082563822368,-0.005236090708297435,-0.02658910807215406,-0.03480387957761324,-0.07034727978227105,-1.3156565004073448,0.9999851816730263,-0.28635767238697524,0.11572212438671606,-0.28469193048405644,-1.07183528195938,-0.019029040513930562,0.27420660032640076,0.3415220149800007,0.5460346094798175,0.02420884904305168,-0.004883705129840343,-0.03010701594651889,-0.005331423898207252,-0.05705244962419063,0.018557482368761518,-0.004940333083860344,0.003452594482683718,0.003391674280217339,0.008305772628471417,0.14573513462457763,-0.511158588794634,-0.1271639888755283,-0.08718550376908092,0.12810205498660523,-0.005675154922321825,-0.027542845417337435,0.0012566223614797055
-0.07236125704631216,0.03174640965698153,-0.034529355494507474,0.013036923417954668,-0.0044642397546072006,-0.00536265880846114,-0.02376849640704619,0.041507362942247876,0.005685385295273489,0.0016089429068473387,-0.04768438282637435,-0.027495142807984298,0.04604974317131878,-0.04031147680437154,-0.002870584778292029,-0.010594529728489663,-0.01004507151855513,0.030744002425368663,-0.05757583377418864,-0.005758952212044646,-0.15023253741306125,-0.022382985134787,-0.06526251048297343,-0.4939033226611438,1.4226274788130424,0.0989079301218555,0.20201756164372428,-0.16710896936875963,-0.6637453053014082,0.2622778675356907,-3.2107718301906054,0.25352729730006224,0.0639738091818611,0.023853841477923604,-0.004772649002882755,-0.035146518408329004,-0.005856417967784081,-0.040099468429647254,0.01714516300898871,-0.007405708470093354,0.0018868056019934547,0.0024207689633636326,0.006592046486698452,0.20560747312269098,-0.42350413107804047,-0.10833103330398516,0.1868272886912805,0.3801224797880073,-0.004175355196026376,0.07442608922417916,-0.07786147419941707
-0.10050965893480508,0.02412465335304284,-0.08798249552219103,0.013773529378196822,-0.010659920858529216,-0.01246489765416669,-0.028328092712458022,0.07103681909670351,0.008039229916732983,0.00796099574577768,-0.039629316697208934,-0.021032365290037883,0.05234211998818666,-0.09731245993212198,0.0013398138878741414,-0.03346207637262235,-0.008797376023743947,0.03948747406440044,-0.09024832825404874,-0.0179284087178638,-0.13797652586131606,-0.04086838320996041,-0.10628059705321383,0.43633246093332173,1.04326560846685,-0.10477042651914772,0.02438659219249645,-0.6380876719663647,-0.9724940402440505,-0.4239609117037075,0.22541352736330195,-0.27920333478572185,-0.29113832112740995,0.046811178249271494,-0.0012635879801153706,-0.11677709618117173,-0.013297345904864267,-0.03811860212452798,0.020008345683907493,-0.026955699266626516,-0.002887022495612165,0.0005823934880547985,0.004964232189475313,-0.09634925217907733,-0.5670153286834546,-0.3439813255907331,-0.24585635777317286,-0.7228106130714934,-0.005987124218669001,0.00033501701349162346,0.007593931760155966
0.041876751645575305,0.05602665689107043,-0.03325391943908816,0.010641696519206073,-0.00382529631827886,-0.009998062397500028,-0.017078588131277116,-0.03009793945255454,0.0072200367173150945,0.009133350248194097,-0.028060276037868096,-0.01572548642793399,0.09768069790325858,5.567674280299249,0.0014735262647463192,-0.006691792829323703,0.012395108474895458,0.055684854539096655,-0.04800723060914126,-0.0026810656547532155,0.12806674893046652,1.31863046256923,-0.07311059222112927,2.511221986078751,1.984685735787016,0.09385905614913131,0.35525903311099133,0.47905370144355636,0.6891123816436721,0.7648286047196327,0.639740300060736,0.18277230261064473,-0.5435922034442537,0.04011965773364924,-0.012779974021649453,-0.034321030398804755,-0.004948575782003662,-0.016182879412320925,0.018890534483492476,-0.0008178665968040693,0.0035316458849546416,0.002361960422030989,0.003803082262786493,0.42620023806750024,-0.02726133753227196,0.04107068233973645,0.6771666113158912,0.6643607061191497,-0.008921453893270825,-0.005831368627413049,0.05351921714295043
0.05848251016972927,0.03751388778423018,-0.015435442950472077,0.013626716931608539,-0.0016323897237880273,-0.005576163574167912,-0.00939587178332511,-0.21325189955913715,0.01181876460405681,0.009527306322013875,-0.011549561031686232,-0.021833341106666324,0.09535080123105638,1.8336421081043373,0.004120212727187801,-0.00571324313835788,-0.004407775810754377,0.046211933117324966,-0.035012656110837675,-0.00835020241295269,-0.051067177114120704,0.48718902103085493,-0.03475893976194054,-0.6035443301327952,-7.237967228757015,0.1929899294155513,0.20378480392701628,0.5578278870882318,0.48080605666988546,0.410879920256059,0.3717448334733528,0.6806887508214751,-0.15158711746833314,0.014798806669756151,-0.003212070466333469,-0.01741137647397457,-0.00269416549978664,-0.0019966404485802936,0.04877953184600376,-0.0020461062815023898,0.007911256969031435,0.010328038405093885,0.018448994136922317,-0.05629822350711057,1.4376209321010471,-0.015670035089141457,0.4981902342091735,0.3844174336269599,0.0026251262740472872,0.017180335693745583,0.045316942118734736
0.04207882963347442,0.030707518155262306,-0.01741293624980412,0.014450808822961523,-0.002127392422631442,-0.008149561023538218,-0.00903002193385585,-0.46061889951266416,0.007622710182941997,0.008223890443731648,-0.013218584284228566,-0.02531237052120439,0.12153965508278457,2.037818460343735,0.0008567236368096345,-0.005131114267092799,0.014556800013247079,0.05911425450406,-0.04894702973222838,-0.0024057160608485463,0.0351006736328273,-0.03534580019764278,-0.03618671777453206,-1.3139384870328576,-10.158528835978377,0.2599030973676833,0.3531841021304577,0.6024654124202111,0.3441070694321257,0.5056584460926853,0.2290440642319568,0.9299074825396679,-0.5720638592194812,0.01614679176286885,-0.004991513306042656,-0.018088801585856743,-0.0024913648889107764,-0.015687514748013148,0.04637990311342619,-0.0020936350734531727,0.009577886858294492,0.020577094628732667,0.01584147588808428,-0.3198490097757215,-1.4365691035679073,-0.013097523658930273,0.7666131395024864,0.38968592665571306,-0.01268661334571526,0.018784073469368254,0.03028558399756504
0.07350871313904661,0.0336362198410013,-0.02306454987610091,0.00937319687365689,0.026073358270206144,-0.004583174107837485,-0.010652798728459117,0.19590857923371888,0.00777933431590119,0.007851257196710329,-0.01579047802187667,-0.06477034677936928,0.07345260625103148,-0.04056045682241794,8.566099882352216e-05,-0.0079539002388495,0.005696416101455008,0.08646942498651916,-0.03866245079946272,0.31860019037770165,0.006454738134957735,-0.02817048082219939,-0.059774756058375116,-1.3087118580176724,1.297681685688889,0.046185184520464447,0.48727231703530777,0.23821177672429403,1.388650690627872,-0.06609789861839416,0.4847019484514878,-1.0881592257093953,0.8582953356902323,0.020026724332358595,-0.007398456313246917,-0.022753502911085906,-0.0023992339933512504,-0.027301516795117074,0.01361097883549112,-0.00270691309394545,0.014293478430879882,0.0031618152432112702,0.0054346536119290086,-0.27356847806081896,0.24107222975382217,-0.016942665415585624,-0.034532592956316444,0.20010633240570386,-0.0063688474139264135,-0.4521420021395881,0.025691649551836015
0.10613177508758542,0.03823418710132784,-0.028242368736733945,0.01634557603010443,0.031744830061898224,-0.0028941173132100697,-0.014461099300884322,0.21931529713541353,0.017675866703640082,0.007467259087114909,-0.017544902618132126,-0.050932041274602435,0.1102975137411858,-0.04543477016261754,0.011332261992258648,-0.002270428500064854,-0.009398323945823855,0.09724512282101715,-0.04861930503822979,0.4028403930794909,-0.05251169585152762,-0.031646033038237716,-0.06414630382977639,-1.8492853761398722,1.5720008615058656,-0.09073021071557062,0.42677875374985336,0.6281982400576245,0.5651743242169521,0.03072522776575786,0.47744944511954873,0.5471033804987975,1.179870655015986,0.02456456203512336,-0.003633533183561474,-0.02805894530570003,-0.004601181344297391,-0.02705215775940183,0.01764788391367145,-0.003456500197432937,0.00914463205919883,0.00843033856388425,0.010398356168900098,-0.06806453159528703,-0.6242045039054883,-0.05775240986240794,0.1632012290511506,0.44887344614059116,-0.0071401722888809645,-0.6838772815781134,0.029763934370223125
0.06464331295412601,0.02108379083407914,-0.09989953232486469,1.88608173054412e-05,0.06268955210204888,-0.00830369008286738,-0.043454598072543746,0.03962438981652688,0.005582225230469136,0.013663066703968574,-0.025518303160161838,-0.018526391421087897,0.03544952400049258,-0.07263879763497476,0.0019633908119946696,-0.022092439332316128,-0.001971183529415959,0.04774003526181315,-0.09111820421961528,0.9003680501061717,0.003846994687259818,-0.017463596482911535,-0.11449554859824247,3.327713248950975,4.036636836004083,-0.14592788353713074,0.10182299207436703,-0.11796772868325944,0.9289448053287687,-0.798638705696982,0.4243202706237166,0.2953181815335957,-0.359093147738233,0.06653134667301602,-0.002395431242966403,-0.08333743967478076,-0.012006477290834991,-0.019393046314163304,0.021497345197428155,-0.013831397742447146,0.0036079897371112165,-0.000374364943441343,0.008963295913728122,-0.16578291197032938,-0.5594014499784669,-0.059066540845716706,-0.24946004478616896,0.3104707949586041,-0.004918251728275658,0.051457627447963186,0.01641653005625492
0.01923851281768965,0.03153025199476663,-0.05509385882398411,0.006824388241343895,-0.013497444373331884,-0.01341546948303037,-0.022067785363067582,-0.1566953651222067,0.0034691287109141003,0.011716644767115737,-0.040633749086462806,-0.023156669791193598,0.042641391695657616,-0.08896597091158591,0.020077989448246986,-0.012159198669867472,0.01596021881085802,-0.44661666206922007,-0.06935474109548594,-0.00951457425006084,-0.07882881158660707,-0.033508184409055425,-0.08916712478595856,0.08188875359338572,2.3351257230145928,-0.00015012371042134526,-0.08285585170790923,0.2707929293391214,0.8992303048807956,-0.4841114716584864,0.2680674937012445,0.12767089126029635,-0.43884390712710797,0.03735061221372713,-0.004460091198346868,-0.06102894881525958,-0.0067248551070970865,-0.03051266069185597,0.012677784456790468,-0.003895361079404585,0.0037755267178087993,-0.00906343409421159,0.005614198892274186,-2.235850899157745,-0.5448263594053359,-0.1367663943786141,0.1696135666383118,0.36394001807923293,-0.01411641389954412,-0.5099161999265417,0.013413264870637348
0.01965572128639827,0.02336542419484934,-0.09175779124782825,0.005035735611132075,-0.010607498022273733,-0.012745298131800514,-0.04822452358589773,-0.008753755731226326,0.003939803560206189,0.00883416628084073,-0.022391007681302793,-0.01722830268369447,0.03075419321320228,-0.08653300005600043,0.011902171587491305,-0.025442845175284057,0.0005243564277213594,-0.17181383429533947,-0.09724513180758716,-0.032415165831413864,-0.16262635428057498,-0.016680828517712302,-0.1165480496986035,3.3611840121016376,2.9453208647159883,-0.08996939997178426,-0.0783255653930074,0.14579675781288298,1.9261927773611234,0.05331919901840715,0.33578737665073966,0.24807892740991752,-0.069136321085703,0.059042471039076685,-0.004131417374617977,-0.0939094852329795,-0.011196447275593227,-0.02310591733352335,0.014524290975700679,-0.013474901506197939,0.002362343510440047,-0.025999006305822383,0.007822710165044712,-1.6910195764280789,-0.4981808933709192,-0.056170115764948673,0.010969278580618313,0.47780284970806125,-0.011129586062681924,-0.47321996193810006,0.018404245538343453
0.02075027293854283,0.028478834405702525,-0.016109652232758533,0.012994659995025378,-0.0018714377886195478,-0.014492371192141166,-0.010117465944922075,-0.07175836538437774,0.009356431071722161,0.008721212842012029,-0.012003776567976911,-0.03158930663258702,0.07928432932858802,-0.030862751968507702,0.009189220275882029,-0.005953644706160918,0.001308976114522989,-0.5561801027285267,-0.036530567978514235,-0.006253609430276978,-0.015721043000764427,-0.03035134685434347,-0.03540742840576529,-1.448298780932214,-5.560518310441432,0.0747137988122097,0.12457077097625725,0.36020439622853434,0.3908204280552976,0.16011105295416003,0.12333171248847744,0.3896625336942001,0.33849460110701673,0.01484949655196771,-0.0034011994121812728,-0.019470914545359475,-0.0026562344651648875,-0.013093154572993494,0.013197854302907269,-0.002366929854326731,0.009105037812976747,0.004445409365127269,0.017054742209619063,-2.6767465788606946,0.9306306121123912,-0.025737287482841986,0.06503660503874573,0.24863552178549195,-0.009877531222139295,-0.2254613010627714,0.032559236094571356
0.05163458604833326,0.06367362688056669,-0.025898602205989243,0.014091319312360573,-0.0029454546203730456,-0.004698016895037613,-0.013069257839838507,0.14724863768876456,0.008391809612697707,0.009509881547958362,-0.01649750022910496,1.1948134149971839,0.0920031980897053,-0.04557830418819952,0.0016288634619477408,-0.00868977311043425,-0.012324710632061722,0.06834692473540818,-0.06296516106770374,0.02223441669645056,0.0518335022703527,-0.024820909577240844,-0.060616653152232865,-0.8741050810346903,1.2400647293544278,0.22656809736999012,0.3946214714215883,0.2025044198329407,0.6755578906158389,0.31173007612632614,0.5235267400533308,-0.008927210704529304,-0.18800601330218786,0.02596216707912668,-0.006048667520517931,-0.0276927240089768,-0.0031530480404897716,-0.048943621224957545,0.02273247372750203,-0.003295482664497899,0.007103579989729035,0.006816172625740094,0.007374240217168073,0.3277218660589079,0.5231681643756267,-0.03680479217981326,0.10010000972903906,0.4317885728474837,-0.006255864499786641,0.025517662114084922,0.057604929352933466
0.04720455144237343,0.04235826587501718,-0.030130469213972496,0.013863178061387054,-0.0059739468300353165,-0.006087394267611762,-0.022307961161689205,0.0587542162773926,0.0025807650083131874,0.005987057473071497,-0.025755855443076632,0.39916496670284746,0.03913458608038673,-0.05028055773167297,-0.00146614529517138,-0.007351640762322008,0.00012960805307650678,0.030825963105805206,-0.036589827267826315,-0.0010725779193817126,-0.09744591804713017,-0.019028615134909957,-0.06984712557424921,0.32597321109738725,0.5951947788557204,0.022820121048133926,0.15868945700736092,-0.05101369813335688,0.23613644597105612,0.42555017340364854,-4.032883547518584,-0.18374256671059255,0.08493440678591326,0.026083217161629813,-0.0031488566230393317,-0.02965723941590842,-0.007260294104926526,-0.023903600078829617,0.015757755567299123,-0.0036589784970480523,0.002846717800325761,0.002265205244446557,0.0038302201480469138,0.19662709506423884,-1.0777986743776464,-0.04894201015849456,0.2335143653179229,0.26181956636263853,-0.006557148484690493,-0.3053178574110185,-0.1793833515360231
0.10134292534964012,0.05040653299514753,-0.025496372583701955,0.02373491205582168,-0.0024341013056825745,-0.00510464135988241,-0.011623998126220128,0.21467443579205034,0.006954442552025256,0.012713219974648388,-0.012943023151862118,1.7294484747557335,0.07188862128543036,-0.03525212339148426,0.0033203713483611046,-0.008007762790107481,0.005811482422326805,0.062008735289217784,-0.0253172561432539,0.010277629404786177,0.4272603190259121,-0.021471342544287085,-0.05600034576346097,0.016428712714853355,1.6279077916892393,0.17916612635450377,0.3447044606840282,0.1726858435707054,1.8065181636080838,0.6247847237513466,0.5887524830351886,-0.039692419915257675,0.17610034169870759,0.023621333886002578,-0.006003749199190553,-0.02434632187270041,-0.003254706340720566,-0.02191657041205656,0.016104005855358174,-0.0031491223815645546,0.005759254799238885,0.003938399506989754,0.007380060656892063,0.4824414415975506,0.38044587141041164,-0.015165968464987382,0.12190301343053582,0.6277081378082275,-0.005998186197335111,0.13876251982447216,0.019003485691863435
0.07131829892415834,0.058144575241403325,-0.02391489963418718,0.013774132452268266,-0.002974418855255281,-0.00414420759846002,-0.010922898620488425,0.18090903910385786,0.010405115525396861,0.009325404463285008,-0.02060410468708434,1.01439341330194,0.09293213164382381,-0.043570456069326906,0.006576863751316092,-0.007698695500141271,-0.00593506925944736,0.07091940812762762,-0.057500825669545626,0.02189763173555599,0.08204553629712102,-0.019789607824246568,-0.059874814317865774,-1.0544499246527501,1.4369255950833502,0.3365649667441956,0.3118327053384598,-0.10160410899215333,1.515037090561555,0.19500961653330315,0.5354138504593662,0.16311319841537109,-0.03261275409220119,0.025758286577216054,-0.006680568293553378,-0.023579033381904497,-0.003090498840294317,-0.04451282939168797,0.023014551566229297,-0.003382813693246223,0.005035811617623963,0.00594589968830446,0.008194490559427552,0.4269830672722951,0.4916237224815072,-0.02774302479920212,0.09024453078076916,0.4470517129433412,-0.00712861494898674,0.07289348029628252,0.04889039434003378
0.05592758869285999,0.04700316803113897,-0.03289845883677658,0.024544499693089306,-0.0021074162353161285,-0.014470705491539814,-0.011575781059378369,0.002718528656052215,0.004899397707164514,0.004895207400180393,-0.013336432089760864,-0.01709186301272393,0.03841936199913365,-0.03852720609819225,-0.11813581049889606,-0.006855762986459205,0.03399920308670533,0.05163234641035964,-0.04253248673470549,-0.004019522170727633,0.030503000451345397,-0.03644948106110458,-0.0549133339697019,1.0459836750553466,-1.968344442709361,0.3059415487673322,-1.8080919993453537,0.8991331137405061,0.4649696869476205,0.7927826628904209,0.1916222250597742,0.4905609642933855,0.2039929102895722,0.056257377617598095,-0.002939498594934886,-0.027950383025930652,-0.003519573013208621,-0.014705862137936287,0.03343204093826553,-0.0019650855728455736,0.00578935566261431,8.191436333789967e-05,0.00563289568869488,-2.6596746258979738,-0.7323096939132254,-0.06873874813122062,0.31612499785691467,-2.4582130359308296,0.1276397931278249,0.07198523552839922,0.03476152952514667
0.058702488913166616,0.025121326436260513,-0.03472148714393069,0.016291789774125973,-0.0021509503311006664,-0.006482683636622132,-0.01595004807889146,-0.002793515203353067,0.0023553111390997314,0.00451294690575206,-0.013813060870187823,-0.012929844734986547,0.020897186337849285,-0.02840751278150474,-0.08184797588767082,-0.007926286957716354,0.006489471753995402,0.04107916323215244,-0.027920648470635107,-0.003996598015595797,-0.09138602924878463,-0.015051843072835204,-0.06198676079538125,0.25332294330957833,-0.2482331239840644,0.0873710581697943,-1.4793064029590444,0.687194048667585,-0.5089596543625208,0.625579987681255,-1.8784487483683536,0.03066904973884533,0.00580570735229524,0.022016420648612152,-0.0020601107716632944,-0.023384814538829728,-0.0034789917635095606,-0.0163100297671123,0.010044984197282836,-0.002405016863415541,0.0007112008769337812,0.0017798780073519011,0.005121440980036582,-2.2722577464221514,-0.027680106763803208,-0.05697388372138935,-0.05687992512400097,-4.442230850847191,0.27657027849608457,0.0045307859654986115,-0.07129639842742021
0.023459169309614936,0.03207980622801303,-0.04452639875844071,0.016172515277393797,-0.0026139143860853314,-0.006065476308408759,-0.01221889196184159,-0.09985211730001292,0.004727825770468628,0.006349545350966535,-0.015375581898537749,-0.016008785099028883,0.03353602603476107,-0.04168412085604282,-0.17276889554992028,-0.008239821157990533,0.010064095331647531,0.046906446581621644,-0.03865560664267151,-0.004442852942250321,0.004240842217941181,-0.018612709494213862,-0.07062917845754142,-0.367170470086778,-0.35388701261891375,-0.3916569199187445,-2.547016181255209,-1.1962739741147859,-0.4954042843173076,-0.23751861053779028,0.11790993656718769,-0.15708713913168124,-0.5919355974048156,0.029315520172984402,-0.00259612361966943,-0.03473837962118396,-0.0037371627891066095,-0.020725312864992528,0.012991170249906904,-0.003322124570130699,0.0006672279829882135,-0.002593621901277132,0.0036989134277839327,-5.073086205916694,-0.9383827033846067,-0.08665556646807923,-0.005088119313648231,-8.273475209472904,-0.34521994845690185,-0.3463801645226165,0.016566562225212265
0.04964134395538747,0.07693815742227694,-0.03435502224217315,0.021975204441311163,-0.0017002096041209794,-0.007266918619206898,-0.011131156407232261,-0.16867995574557698,0.006502218127307495,0.005235579457561654,-0.013505501483830187,-0.029312218797500598,0.04202999349280199,-0.03051891712020319,-0.0756322651130643,-0.008527092758131285,0.014514401696928829,0.04501530669650529,-0.04004933142169893,-0.0019535997451105617,0.02264261295224172,-0.025677076381978144,-0.05645941542258921,-1.340049059241912,-0.4090509093319191,-0.08358676256924126,-1.9053822728976335,-0.22996046595206854,-0.3670186702232236,0.47779077546586834,0.13458727626528016,-0.0002179137995224052,-0.09881934350288768,0.028086947606361507,-0.0023315371993673376,-0.02804940497523529,-0.0036702777848783897,-0.022369611735805116,0.014286038140638726,-0.002775815168851461,0.0008369117567362679,0.0023915978653870846,0.006215474841245009,-3.7893396431061572,-0.6932701327458157,-0.08044709898428305,0.08064633433559143,-3.51076100688417,0.12395093636696718,-0.03985669577904916,0.03252497859930108
-0.031168289214921954,0.025762406497031445,7.0903868338293305,0.07048897755987718,-0.0025025619506446775,-0.0038028594368876836,-0.02572184060456697,0.07743058117374811,0.023206215391315583,0.0063378659944889225,-0.019016383048915654,-0.01726669996980628,0.03134864923091915,-0.03701801213560917,0.008544589834975434,-0.012441717368753795,0.002174362275029673,0.02773176042383272,3.955686222666844,-0.008261972491016782,0.11748934205318133,-0.010360256906826498,-0.07995353320489268,5.000103502625724,3.9839030731065446,0.2036525851981738,-0.0759851397063791,-0.06660933776443642,-0.9112244777824295,-0.27227865553566766,0.4077235863180989,0.4332679225438213,0.7523649272272087,-1.0826367931311014,-0.002175694827749105,-0.04283517332722115,-0.0031147818115749753,-0.017902175880890624,0.01174539446759766,-0.005618701345268278,0.0018766815328964312,0.0008181900047189947,0.015420076426309548,0.2444319891222294,-0.15983659388956353,-0.09220107271086148,0.1677670592297607,-2.2597788721050964,-0.025679624885979697,0.01014230998842902,0.02604623001279816
-0.034929405263919355,0.05265190346068659,2.1989566366856743,0.029415360114214358,-0.001599078998373577,-0.005716205298704669,-0.012007150351827449,0.11349712704041173,0.0074469345063458954,0.00889306464757412,-0.035403505728454444,-0.03952844760253004,0.05143985595294458,-0.04122356311560193,0.002019987504964085,-0.004797873802721445,-0.004810840940183052,0.05068756162757754,1.8579051409965932,-0.008346186804652,0.04042803474331367,-0.019907866941610054,-0.062259584857135605,-3.014223269310062,3.52076987090631,0.09300746165268284,-0.6464130107808089,-0.026809424359463395,-1.4587995150189619,-0.10310612740108589,0.4876098896092469,0.0488043851130935,1.0762265162485123,0.035352250191562865,-0.0033214775197708377,-0.0325253998799714,-0.005312400696646549,-0.0475820512852173,0.012828397479862549,-0.0034752450255855294,0.0025006118628137643,0.0037364925154441593,0.007123311873186275,0.3526462297683341,0.5081222351206203,-0.07725356901147168,0.175201807373808,-0.0902136126301827,-0.008204242817692105,0.03675918886768435,0.015610720159527372
-0.05361014593595803,0.043206568729784574,1.4425564938316062,0.017094120966463264,-0.0018014590056784398,-0.006270658769723278,-0.010281725907145165,0.05219345174134137,0.005402189002505684,0.006455346082827161,-0.02951758221957831,-0.0474026059882681,0.040996703887524626,-0.03484253598843923,-0.0008709911809269746,-0.015813379996669426,-0.008597346650108343,0.03404703745675435,1.0412831871370416,-0.010679589634314753,0.0186538426697994,-0.023268744951678497,-0.06264502204198508,-3.1325881950818206,0.506012352033593,-0.3088315612390323,-1.5628599281716211,-0.37300404567972784,-1.6448796152498666,-0.5749660705862429,-1.724862492027072,-0.08637958487337948,0.18306124510226301,0.024317562921332553,-0.003682509293530962,-0.022287334945856302,-0.0028041878940480865,-0.03523360043868829,0.0114928469153391,-0.003324326379872116,0.0021992870752666023,0.001955280725325701,0.007044623835839938,0.18246047568525478,-0.6672961369925382,-0.061502151166235655,-0.07660683480603071,-0.9539022504601414,-0.00628100836243288,0.04204736435864854,-0.013990250277354201
-0.024900039461919533,0.04196517351447041,1.5381803884875247,0.02020336355511621,-0.001868163006754987,-0.004257717640769435,-0.007937389278803225,0.08741211339040963,0.005786583121353037,0.005234077612707302,-0.028736509774043854,-0.06874531634662981,0.04178521575995009,-0.03598453187488402,0.0020220023798640393,-0.011749376499975773,-0.02005508545908263,0.042007731519455666,1.1122399193527954,-0.006606091959858284,0.11129438389139246,-0.032305690081947516,-0.06749150515505628,-4.283719411478816,0.5700873340469749,-0.5683733853238698,-1.7704087474060264,-0.5310893497877265,-2.4584162598953854,-1.1468784994579913,0.3684844737612523,0.088807244531067,0.43414222513453665,0.02478995707971019,-0.006986556142696385,-0.022569496171865048,-0.0046029775743727346,-0.04470541290862951,0.011912406680485179,-0.0030390676012977988,0.0031067877864251786,0.0023365489152041004,0.008949398993685544,0.2620355844319867,-0.3401444301229673,-0.1061473587063516,0.18422710667934283,-1.3448010959280967,-0.007542780326045499,0.024265771747446967,0.006375868799437859
0.02049052772552478,0.02984597655826038,-0.08147747685191081,0.0177121363761289,-0.004453980593280308,-0.005113712030871119,-0.044766969099931615,0.08768095051765992,0.0063418976096289445,0.01638728088287813,-0.018372021322469078,-0.01975044402678297,0.04221643724748022,-0.061593743746585355,0.0012087959207820124,-0.012486614512081778,-0.001922231444040723,0.03709604351155929,2.4709429248527948,-0.007390349219055706,0.048226371165896426,-0.017015615302411004,-0.10238112543455305,2.556869922088625,0.7423974605955428,0.2877212307986295,0.07002720678979628,-0.11433742569712811,0.021298369860878658,0.3361200068446137,0.44070411968989887,-0.5758812248415739,-0.26280861526862764,0.06342480220658714,-0.002904594762879441,-0.040768274620939564,-0.008311330487798883,-0.01807387721472875,0.019715949999641786,-0.0031925855611561467,0.0017548500631418538,0.0014614912540409464,0.005370148919497169,0.20934235907252197,-0.1095666675766306,-0.10805023771871311,0.16757007386200773,-0.8654292259716053,-0.008943774670929217,0.03654245833617174,0.0331386291745336
-0.046840590605678405,0.03237340544508219,-0.029998945984026023,0.020098712201213238,-0.0034850593247256804,-0.005403916584260175,-0.028591589943245448,0.07500363218867383,0.0036492656057892457,0.0050889585576655095,-0.023904363902265236,-0.019759277922512444,0.0308186846940354,-0.03950978546601787,-0.006258888577198966,-0.0074807428963462805,-0.003398989726779801,0.03299322936210299,1.508842011420395,-0.0007118242622151974,-0.09921987034214012,-0.023079548620560088,-0.06888676760546994,0.30434469008371345,0.4240003640510633,0.12699342835011856,0.10789360215559184,0.11863417377930073,-0.17221612161995983,-0.06811787317419503,-3.366338457281726,0.37194761954104155,-0.07831319263806828,0.02882593739042044,-0.001929899258187946,-0.0290892968822072,-0.007622433976885159,-0.021559600328243077,0.01974776716829431,-0.0019183758392499143,0.0025201693362114004,0.0013104626225127953,0.004724884717106132,0.23839037994384665,-1.0921110891628858,-0.03946673121424033,0.6743727298875036,0.2785424370898549,-0.007440462758426272,0.08511162377442974,-0.1384178970580913
0.02935696474155762,0.0317957948753689,-0.029004596088736657,0.0207342806182004,-0.002449840693502416,-0.0041503740806748315,-0.015868738256479425,0.17757641718874959,0.015752323410541398,0.008342688345869246,-0.013124226930604945,-0.01617318939030251,0.09168503415870521,-0.03499385975160129,0.0005306289869146542,-0.006643475716453707,-0.0013829425499383872,0.03015892347028214,1.3744474571261083,0.009301986923657895,0.07659711128461177,-0.02479281112466833,-0.04698339339313932,0.6198921105848006,-7.024264127694884,0.18807042125379256,-0.37814476878688197,0.97185236175198,0.2578740594481668,0.44328774295890266,0.2452947300733867,0.29175603746602974,-0.18291846932698663,0.027608711548634517,-0.0020021586890735907,-0.02611546284281603,-0.006019350728067047,-0.014804417430449605,0.060713991444650325,-0.0011494078454275614,0.011730136518847226,0.003691215144162371,0.01978938948067214,0.40254244128640043,0.8767115031911372,-0.05347542308735665,0.012375996506837345,0.3330668873721057,-0.006668647258153421,0.01550162352058807,0.039873482428573484
-0.03485740875119156,0.03147194864802184,-0.055805459031927095,0.018683233219400543,-0.004844818389015211,-0.007074440064823267,-0.024443751231187257,0.07888330935990995,0.005987019248789934,0.014710602524447027,-0.04478965036536987,-0.02527789631202463,0.0532505747737571,-0.065751301454114,0.0010778349057907002,-0.010695294540805677,0.007073521384885733,0.03566026860113527,2.0847597149035457,-0.00023492670889746042,-0.014551315092430215,-0.04286197956113158,-0.0903472992075398,-0.09913119495379251,0.4397828051005069,-0.6722547701761672,-0.1722005902796554,-0.607845257324971,-0.14743839359887867,0.0036768529029879734,0.3106524908446043,-0.5320636725999112,-1.569605122206419,0.044650259631393116,-0.0028891483879562624,-0.042923540804800556,-0.008029382737915314,-0.05074675691998969,0.015322922705289357,-0.0044961477734916395,-0.0007991712732549255,0.0020304034792031733,0.004812030528456271,0.13768300078117277,-0.40513643954653267,-0.17645077484729368,-0.03935868395094056,-0.8103640673485343,-0.006528253097480589,0.02411064116287107,0.016765469939945498
-0.04304584096562794,0.05563663785559121,-0.024217779689901096,0.010732509166756304,-0.002830385832739549,-0.004881120775842963,-0.013713028421156534,0.1885840518744085,0.007082635280864629,0.008237223159960477,-0.023571270840662354,-0.0712449960365289,0.04860452708820482,-0.04029340826767757,0.005918478159721559,-0.008459882788181671,0.007044626176218296,0.057249602014592144,-0.03303095405333706,-0.005528291306318088,0.014521278171890238,-0.03398731175040702,-0.05403699560899898,-0.7230749529067763,-0.6063113938881071,-0.013951073086257312,0.4832940890446087,0.09511178465410002,0.09459954886264015,0.09459911968529416,0.3004729975603799,-0.8045804493916895,-0.7929163216979315,0.018866821326326305,-0.0037755316390246105,-0.02507826335109514,-0.00218827845180113,-0.013803029874446173,0.013864142216992913,-0.0030537333462301833,0.012955991151127322,0.005627503027490461,0.00936094044835949,0.33524151757160037,0.399700453637523,-0.05324824832321642,-0.09119175771853481,-0.08566953577514957,-0.006273294401515371,0.05525198607495384,-0.06236899279003002
-0.032110369027007715,0.023692124807410446,-0.1223790333114292,0.013661960767084832,-0.012723164232516264,-0.006424489365191926,-0.048618051883429284,0.06964691937337675,0.0029329632539214436,0.015314421377482892,-0.042221186028135634,-0.02100654688585264,0.03322120803864981,-0.07833282920989189,-0.00011279751229992622,-0.04544762921479355,0.00037447724310019813,0.03561219072220935,-0.08721629864541057,-0.01744001632786657,-0.20333120210405464,-0.01592923717253182,-0.1345383589371111,1.9694446462549153,1.235893264549295,-0.7277804987601364,0.07353085633782677,-0.2011572390885989,-0.8536754630879343,-0.7958346745278179,0.3024065701042609,0.33472879402289535,-0.1742684749937875,0.07301490270894463,-0.004461138250874993,-0.1010509507439862,-0.01552411342703268,-0.022070639248667572,0.026082756744040543,-0.01379261387507129,0.0021165052707537127,0.0009831241042803634,0.009574538232376317,0.12991832368743159,-0.43135537976487165,-0.22321670634325308,-0.12153227108204093,0.20998072625536052,-0.0052101823571076905,0.0021215724152935478,-0.0650198243893537
-0.0862709240559723,0.03827434827672814,-0.07233139181920265,0.015253328717971202,-0.0041045539079809235,-0.010676670637718553,-0.025118665588652195,0.0582645651601498,0.003317266002642325,0.013753127615949217,-0.07423921687109429,-0.030588216752314372,0.038763549423469906,-0.08214208020735296,-7.382797847495159e-05,-0.01924834180731604,-0.003681427701621723,0.03775695061199124,-0.07169791055502027,-0.003778516434625379,-0.16778628701944534,-0.029442632849214476,-0.09120298896161286,0.2075845712726764,1.2171411209260299,-0.6882994456372242,0.12072853900295741,-0.15012482217238865,-0.7877020950019157,-0.40896661222983927,0.3586429455461162,0.3677171635404307,-0.18286153833536595,0.05041052570678,-0.0029423876549339394,-0.07008916347277243,-0.010117016716215064,-0.04905776860434419,0.02142854811094421,-0.00945667726138797,0.0018112466161572373,0.0017992280749594403,0.005267191357907385,0.21509108676440392,-0.30671669403238677,-0.17203615474923373,-0.08744294929584699,0.2880958658095072,-0.0034566695819537433,0.0035495580499846314,0.022454430797399057
-0.06816094508943925,0.05433360143612764,-0.026521869855049878,0.009386593584957519,-0.0030954303652709287,-0.006406614321393658,-0.012514482523559438,0.15103530945619764,0.011980722893177158,0.00873915476444573,-0.021061567420806913,-0.06752503671703537,0.06804866797904881,-0.05151661693014172,0.0009739347888974781,-0.007804611192720205,-0.01188421477018512,0.05855948854308073,-0.065285755848754,0.008797155856414942,0.005341035571725423,-0.03747064358574691,-0.06595332951805725,-1.5606918998817587,1.2070828977171104,-0.20860236156677564,0.45594586585956454,0.4454914166406569,0.187713289191723,-0.2187047698410422,0.3966689867297535,0.6183164825603787,-0.10357672466279952,0.028093547767247623,-0.0033810404770233324,-0.03035447232496936,-0.0033610215112316634,-0.03597490992934466,0.023418485937367246,-0.004675243650131935,0.008044227574949284,0.00961625324731221,0.007768852408634458,0.2703056108233127,0.15578981877691497,-0.06457927929214158,-0.037045088036078415,0.33548075462712096,-0.00506838797790119,0.055343887987882485,-0.01671051040174337
-0.06351021047196163,0.05427287408823251,1.1010342290641504,0.010444012267021912,-0.001724193513948757,-0.0059946218420940415,-0.01024226913275473,-0.1967810347768906,0.006605798789533027,0.006315656235317131,-0.018646848757534515,-0.0631549116938897,0.028007135710446454,-0.03232650738018951,0.005300882711050859,-0.0070423216209843705,-0.025655356211615375,0.04703979557288365,-0.046499956911482475,-0.004111714468763249,-0.10160248501949364,-0.04857240408135042,-0.0506499959706512,-2.5561776898649975,-3.493522342230003,-0.6757500275752487,0.2311173017322712,0.07255585356679413,-0.6306893851263995,0.10854613884245269,0.15250911100292808,0.4001076757337719,-0.6668689076743871,0.01846918811199462,-0.004008075274704148,-0.02401099061196221,-0.003408172560838234,-0.015943437192155043,0.011174410808596534,-0.002194938309405056,0.0063975938768870205,0.0046980524625621425,0.007394370241960026,-0.6621266160557693,-0.3346589079729361,-0.049069090703707595,-0.5577756678915032,-0.018102931340457762,-0.006255622730739503,-0.3126900312270139,-0.24424999212974738
-0.03275191853306017,0.04988556847316166,2.384458118020542,0.00949629552408059,-0.0032384073907161985,-0.009162295526053096,-0.014739249875296623,-0.0896311351419222,0.00783793109013094,0.010641878031219378,-0.022899097145637964,-0.027727647440198087,0.07722869846347478,-0.06705311574504336,0.0017292250449234894,0.0042565720828344695,0.01611076679395315,0.05327528235906963,-0.09565863009543439,-0.007661955248373128,0.055018413951521364,-0.028554513337295192,-0.07958087021632078,0.8814106451722784,1.7081695836466408,0.2065106292296599,0.3715117488922755,0.1462147010561059,-0.064004394833672,0.5242060165310832,0.511049780642902,0.5377668933441172,0.18910975579172426,0.041356616094170844,-0.0044033447791220785,-0.050519527535231604,-0.006621334414754052,-0.021864094352103486,0.02615700481549222,-0.0027370905633624047,0.0020689007093443344,-0.00017667938751292052,0.011338445211954798,0.1083245944971523,-0.0696289812728396,-0.0859447443684376,0.22988765459284913,0.47714591681217056,-0.007849541147375723,-0.118287488189486,0.05158401615175968
0.01740552057948208,0.024588478696606453,6.9324490702716,0.008912090289118133,-0.015006809102475368,-0.002147915779083944,-0.024959502091894067,0.056157431719964714,0.0025665038510115142,0.009280836950014219,-0.01328588602365399,-0.020571693729078116,0.03710344606589703,-0.04600023198178282,0.0012415935707891233,-0.013109039663970356,0.0017125379166830397,0.04606202166141153,-0.08333563727458791,-0.019820671843061136,0.018120894388274158,-0.021796303801248317,-0.08619106112661147,7.618026253390112,4.506042341268366,0.24991499345418247,0.6211070203026668,0.41903389962551546,0.8943481510968632,1.2872961573627835,0.5959677246799878,1.2513797290263986,0.19876815146223456,0.069842137979724,-0.0025391349775848956,-0.07152880014608586,-0.003618023921585727,-0.02333438151447434,0.020850621327653186,-0.010201253721486076,0.0011154838678174056,-0.000810167948016419,0.021962233038496672,0.3130247438542766,0.1476042464579953,-0.025213897497798694,1.7577853889327237,0.8601444190368922,-0.0050838518743325884,0.030744132352527504,0.018521371805982883
-0.05689638585237599,0.028130892395580868,-0.0894349040660339,0.010998288744177642,-0.009399449020063873,-0.01064587050584122,-0.03570810887229595,-0.20730615850191847,0.004943670768610671,0.009151463346849202,-0.03138692479741208,-0.016812647035956585,0.036289867235552706,-0.07854576415684873,0.00046249256581178637,-0.031243611275137993,-0.0032555260790008834,0.0354207364167534,-0.06849209441611236,-0.02221027647648168,-0.24945536638143698,-0.023356116619622364,-0.15233127142395922,2.008566499258655,1.0326108519052615,-0.09637158074838094,-0.2987962516184766,-2.4380201176078673,-1.4949402131815615,-2.2438965494648206,0.2677523284312428,0.05406440460015255,-0.4802410001281228,0.057715302887219204,-0.0025049824745860274,-0.05664083423850288,-0.021727686722444243,-0.012170814031554657,0.022791689251948456,-0.0167049221553163,0.0017785759287234659,0.0009121861976330613,0.006127380257311877,0.14403622989564768,-1.1993113241505404,-0.2641754079582108,-0.08572370550433844,0.08487215360295879,-0.005540484635401856,-0.008482729490754489,0.0190712302705024
-0.021080012592274777,0.03182296123502771,-0.07171199135363181,0.012863770811059766,-0.005005808424967004,-0.006054047369564508,-0.026341509410144705,-0.03724689412744061,0.00547475343825229,0.012767629054294618,-0.024788285664441412,-0.015974351851150235,0.04320875030323391,-0.07109487398436058,-9.884122033829077e-05,-0.00912933367648312,0.004867811630160956,0.042544984407944936,-0.04926789391119147,-0.01648999737938548,-0.09970662590586267,-0.014930634819572032,-0.12090493779009413,3.881257006474372,2.2919737867080103,0.2993410995982037,0.015171933427225979,-0.4351593942679331,-0.20599185064576359,-0.01131648531896589,0.44342427907982157,0.5705198968466895,0.006593499691177989,0.08156496253442148,-0.004921726106522068,-0.048959654626639315,-0.0224609524618037,-0.011854085755936562,0.02584924386380849,-0.011431967811560495,0.0024905652401030335,-0.00044674283230968767,0.015304991818840409,0.3036580272082212,-0.21916385422198817,-0.08336202851438788,0.14859490744316994,0.6780575377688187,-0.007665354614027348,0.0111466558622937,0.03716280681285593
-0.03749459670235815,0.03212583394805142,-0.07254303588079036,0.012057900156824593,-0.006137099175356833,-0.00619844451089382,-0.026294157005560863,-0.12113488769425487,0.007350283470107401,0.012857616602298897,-0.02626129133287531,-0.015471081506914586,0.04923857968349644,-0.07529500637486325,0.0011891215667200416,-0.011477290811344982,0.003704230892815974,0.04030028735928631,-0.05870403845152964,-0.014631406969292044,-0.09971947855066922,-0.01603500269583864,-0.12506898879810108,3.32836304122624,1.8685205216648864,0.1270886906060908,-0.018608433619483944,-0.5454034770894468,-0.2272978662007146,-0.20630558789650558,0.40470936209672176,0.2788684850279487,-0.09731060439792957,0.07190044021951368,-0.005018894345773681,-0.049041372935170864,-0.016580258256128813,-0.012440430898228013,0.02973688004627858,-0.009122383824422353,0.0018098105426716522,0.0010376102139898944,0.012855754315867872,0.2641725904473274,-0.40774703455928163,-0.08571621412445796,0.1718518684128593,0.6323516801554622,-0.007580182332772957,0.010732996554308117,0.03795970737056667
-0.046460651691837204,-1.2869109639754046,-0.014380641654266176,0.009940923950611276,-0.001942949257155526,-0.0035641635717063086,-0.008929420837328578,-0.09310681386059813,0.006362234917353481,0.009397645169024109,-0.0169493590402297,-0.02488843311114998,-0.8046623512705453,-0.02400633673330675,0.0009366022683819107,-0.004941190473349856,-0.009223532595499202,0.031403451753442356,-0.039868788175690416,-0.008412981443604074,-0.06447594882859757,-0.023895324962432886,-0.036530667430645127,-1.4188609831475685,-5.382787389412679,-0.26299868665972265,0.03516854021775448,-0.39840677721729867,-0.47720937100841326,0.22707765525060084,-0.5669544631312721,0.4114808376875873,-0.7545535894600751,0.013793119353536262,-0.001530366997375507,-0.019368447381362786,-0.005235530346446266,-0.013427942738805805,0.04524085093016925,-0.002680953479988372,0.006399846226533461,0.0027707706458630606,0.013366936531977866,0.285627694130041,1.289178605933882,-0.03795589593928638,-1.413298782065109,-0.051653045141611564,-0.003958065095940132,0.009783929194749864,-0.16801341161953778
-0.024221492489535163,-2.8262786538829974,-0.027597753533735742,0.008250838152002008,-0.002912153956884145,-0.0014769952773255322,-0.010762001784035202,-0.3676230839265116,0.00497056954997943,0.006171178104750157,-0.017874368343321158,-0.03510651922049873,-1.431444029908338,-0.050938803244532566,-0.0038364008529433763,-0.00991134334944708,-0.0012779009519915678,0.03405994339328088,-0.04365832783174664,-0.00011789189527554214,-0.022596660928321972,-0.03489947211008226,-0.06930413925924166,-4.9464338642644705,0.1960454777893066,-0.11011406202245663,0.05900798347928942,-0.8720978950147288,-0.3609974704072455,-0.4595017534156675,-0.0279066564499979,0.09874773876789913,-0.8738557951005613,0.02328972540480582,-0.0022695330114035125,-0.029843729853633812,-0.003595499537270838,-0.04532871792523326,0.012136050145157073,-0.003385882605158786,0.003050437149013521,0.0014774954566656338,0.006157764223454248,0.10572365702463177,-1.860728744558382,-0.09181004954839518,-8.002909618494712,-0.16166364754760426,-0.0074538279054528565,-0.04608464626594847,0.017158734468214226
-0.06412559550615936,-2.299536454698813,-0.023853819663931415,0.009442950179842518,-0.0028830015881798543,-0.003641480885542936,-0.01241508480225784,-0.33471020389451167,0.008033760573776192,0.008066894946252914,-0.02630137154530093,-0.05483193985539251,-1.285759844718903,-0.04833475661094089,0.004472010738173477,-0.008774945376021477,-0.01366462373084922,0.04857752514585743,-0.049349495399352544,-0.0014929028834944934,-0.03513582211190252,-0.043197237306464346,-0.06691702706763351,-4.507372752053975,0.3317416118775491,-0.1024616735097514,0.09709367337115801,-0.47311421535384063,-0.28081359759210717,-0.14356023355062908,0.06282114451804034,0.04991830510676786,-0.4701784405813566,0.022219402207422207,-0.00269886628465186,-0.028168008801359796,-0.002553688019349239,-0.04234391219184475,0.015772739563714666,-0.003196718902738171,0.0030784802489946575,0.0009120340467529507,0.006914671396631374,0.18981982262263664,-1.175435312519343,-0.08452276501742621,-2.0840761355390796,-0.11024752468822183,-0.007239709227843477,-0.0510286226527788,0.02246447262519734
0.09857660845300421,0.05362846145233373,-0.049040317485221446,0.026902876925150313,-0.0021844909601811315,-0.007999034458754882,-0.017299139752185045,0.1647917057193279,0.00620940788619458,0.008537389872753468,-0.017318431043960636,-0.0558257248013585,0.08251837234520372,-0.044057644005883974,0.010456999597428384,-0.007625494035687687,-0.014567726588203765,0.05296723417961207,-0.06256051056450938,0.0027380142889985226,0.00438062287604838,-0.033635517435582844,-0.06482418526156061,-1.039335196992586,1.2624111618515095,0.09031932795052303,-1.5018202121234103,0.3897613755281338,0.13278852145856182,0.10632031855401197,0.39749946239063905,0.3433051256965268,0.20438935162826605,0.05632249352295166,-0.005611544095826074,-0.02567295812406751,-0.0031099300414860137,-0.038570397415409026,0.01395033851162992,-0.001852575421092004,0.0026804557481129726,0.0022896542594580747,0.007139971781292649,0.20592975036911315,-0.2605409577035125,-0.06527872347376751,-0.11911636491648947,-1.3033221729727336,-0.016214644094372774,0.04751486375745894,0.033966100708977716
0.037035095543813866,0.02368132122226199,-0.12694718600784063,0.04240000095636611,-0.006406122627854852,-0.005321417194958221,-0.03810853186036193,0.031054616058568695,0.007725587356771161,0.007049886172375825,-0.024475185921981793,-0.016608276349667703,0.028970776753632483,-0.052255020602288337,0.010611530181580724,-0.013991743454124685,0.0019483865746614858,0.03019908058681297,-0.06802219419998311,-0.014472486938966776,0.16873357857163823,-0.023230463981920194,-0.10454056991407498,1.4771170157379665,1.6485416826301504,0.034797808155290155,-1.5484985257092012,0.391237509077388,-0.10205335179187089,0.18125220760426297,0.30586588506665685,-0.1539612632460846,0.08677753055046489,0.08909886538603225,-0.006075461952069501,-0.0561175022147578,-0.0046655741258301,-0.019146638490801483,0.012191895726440877,-0.0072015494000111585,0.0011473614322851074,0.0007733431951210443,0.004959748285693279,0.08678893973271455,-0.37467960825173,0.15749957590155692,-0.16293058009820682,-2.8581323155712486,-0.028575716433542498,0.013385487280132537,0.022121116419150846
0.03577424561947331,0.04018255940470196,-0.034007311871332935,0.014999852485160269,-0.0015206559368819794,-0.0036738026431381247,-0.021238721322984783,0.08416466338979993,0.0034661194819541664,0.004972691502285707,-0.019002067991184573,-0.029594158728106907,0.03133192581491385,-0.030968154519114496,0.007174655946425431,-0.016264077359885276,-0.00776042046177576,0.032229064869444664,-0.04252761860948923,0.0003478748361379952,-0.12792439357307422,-0.022050049586366118,-0.058659497681877074,-1.6081701988329022,0.3820154143707318,-0.1586791295627359,-2.123743765486461,0.0997352972889523,-0.34716855994787243,-0.29884640957742375,-3.5667903244973553,0.11924284309026924,-0.13785532727502092,0.02868267841402991,-0.003150507993759004,-0.023087692819602844,-0.007291554799232212,-0.02521783825566644,0.02138770030268666,-0.003353921055645814,0.0015140286442476888,0.0017017500195798362,0.005797082300188131,0.1859820304120536,-0.5076507258957885,-0.06068630931219021,-0.050830352467865755,-1.673119850663202,-0.022323422386495696,0.056099177584082165,-0.20510190547722915
0.08767239301262728,0.052255296421480565,-0.03604940699465636,0.025878251887054383,-0.0016781487026778807,-0.0073942998389927095,-0.011672866480820039,0.1472724641451633,0.0045336869356034926,0.008709006890819276,-0.018749029674276267,-0.07058806820012414,0.04868081431699011,-0.03778563934418288,0.009210152877531437,-0.008147570344060816,-0.0116922923835419,0.04725919703248736,-0.03730016632341237,0.0054262669234677215,0.04421285898257724,-0.027349234829783586,-0.05780063938244584,-0.8779798643867688,1.1761210236868616,0.10744267477412642,-1.4345692116218232,0.5435238595953386,-0.27105664505321364,0.4240883519715353,0.4824258950907579,0.7834468125586054,0.1731549778953729,0.061244936354267275,-0.004017560093454935,-0.027154086883587395,-0.0028197069653189705,-0.03497518569806689,0.012839439705942958,-0.002942103933769749,0.003272748906219058,0.002205380051264866,0.006840429008848751,0.2743687620870808,0.1700417616133214,-0.06662889649500828,0.05193988526601026,-0.9194189486327793,-0.020121561975734153,0.05093586738375013,0.027892507628838298
-0.08519769244834863,0.06183014847095802,-0.021861460404906437,0.008357781911342692,-0.002890905043532068,-0.006551271896869385,-0.014364530528202291,0.126016714842016,0.005872236403498017,0.008096275181510354,-0.02090761623829544,-0.05452081331349608,0.0517192150968115,-0.038488863838193235,-5.8590470400598146e-05,-0.006797555612264639,-0.02049276763448126,0.05578270448574989,-0.058354476834103074,0.002225992545931466,-0.14017911068307368,-0.03634332675754652,-0.06326188993678429,-0.8870338323292416,0.5370002045801935,0.2860331330978874,0.06114748568851009,-0.0550798715593586,-0.3846073094603408,0.2133394201397465,0.4422637709388516,0.3221359404951452,0.00026638784579105713,0.024544686581263218,-0.003939643463856188,-0.03170114068047655,-0.005495138351416615,-0.024833096160119954,0.011395018840911382,-0.0033753914399865964,0.004377510090397013,0.0027441319102381387,0.007337806852705047,0.34503449382257206,0.13373629306832854,-0.06827158944384927,-0.0870744238207335,0.2946737978742418,-0.006239869057310577,0.043971807300985905,0.04365117815847432
-0.03300844499405692,0.045351858198367435,-0.051229229967010105,0.012039932127162974,-0.010690854155572155,-0.006124256408481637,-0.0225005454135347,0.09535687381388451,0.007731800103533138,0.018399550848247848,-0.03149503690397502,-0.019641874219744282,0.07561106186223672,-0.0697844894443405,9.799820676344195e-05,-0.01675656473738025,0.004398345468030384,0.04050969222817417,-0.05478368444648847,-0.026288483651687594,0.36424574678854277,-0.017533114419119544,-0.09335571414849697,1.5647974305446153,2.299007058139691,-0.08213366404632477,0.3739868809678866,-0.07181993951589613,-0.03427144095796295,0.35290833868476157,0.4175557506629841,0.3898590249486958,0.9510316530616888,0.061757937264600174,-0.006016341927859041,-0.07567569907467422,-0.009783273094997614,-0.025466191603919663,0.01463486462148422,-0.010295984108463573,0.002260175314598458,0.001361051518762134,0.008701468824912026,0.3418370213994303,0.207853473104773,0.8907267689367158,-0.04580380983381478,0.5911455060567805,-0.005702872647326449,0.0326464741334506,0.04589201560463919
-0.19081626683974895,0.02357826188255039,-0.026130572435987886,0.008877268238585652,-0.003107806446804036,-0.008342535480966579,-0.012503094403106858,0.09031401174042732,-0.014303094536911514,0.004347200226823928,-0.02180793696847277,-0.07828901800283102,0.029516707437870226,-0.07556035969060144,0.0002883687031842339,-0.014618876349228743,-0.019036612265045428,0.029113903704683815,-0.0754516489539601,-0.0060278408248765885,-0.2811805715571949,-0.060527954312771345,-0.07805011659671489,-6.776363819628899,-0.7472661143410774,-1.9825445691055732,-0.38894201377826804,-0.3990189301661807,-1.3374921259630637,-1.416588897469596,-0.17542632429047492,-5.973903201267273,-1.0007933941863785,0.031943637654059956,-0.0009852586317093156,-0.051731600558239645,-0.007894291280126005,-0.049225488550940735,0.011824633540627766,-0.004620538448349782,0.002182752697118827,0.0026050648476436834,-0.038758386281042445,-0.014541950944990861,-8.769412826037588,-0.1937563801044974,-0.5515616820141659,-0.7029454127503428,-0.005245540065703641,0.01769104817411703,-0.008798379079110241
-0.0660539618273846,0.017866335218800603,-0.11282535257404093,0.011481993423244366,-0.009308230594100164,-0.003759902901124827,-0.045217964936923954,-0.11727921535826857,0.004990713081024409,0.02063993872765165,-0.02854104388179935,-0.018395470833381774,0.03692706167931033,-0.08063913571612322,0.0029396759618184887,-0.03345100432236127,-0.00442815264053854,0.03944809727197477,-0.09223053626195933,-0.03423684853970254,-0.12591676243562497,-0.016005752413303667,-0.1289463294748588,3.529649549631547,3.4762665257040477,-0.3961868203716569,0.33606014976574683,-0.021366658352326175,-0.6891867032720118,-0.7755885753445569,0.3052880281450512,-1.6209005979128286,-0.28948462611767384,0.07834856971348193,-0.0036137119708277215,-0.11216976749120922,-0.01625038812977406,-0.020111912612390814,0.021703431614123126,-0.015164404378427745,0.00220908038166557,-0.00041253002411709345,0.00823234685696074,0.11208315710036523,-0.3943465896897283,-0.25869445713365885,0.16928256644230905,0.4339220351504081,-0.005098951034995343,-0.004470069647605795,0.015607516421662089
-0.04925486157152409,0.024457480254235737,-0.01750730678666731,0.011277315972983322,-0.002237953968032073,-0.006415963201483735,-0.006437114635981606,-0.02080309324805545,0.00950867991542829,0.00854551906648094,-0.010756287850472038,-0.01753985123928306,0.09927122361307933,-0.024878741765676147,0.007680800477795675,-0.004825518723213209,0.0462235084714043,0.04269339456735644,-0.029429963759823343,-0.007363498238227532,0.12128778869937461,-0.016174691958606737,-0.034550937282009,-1.8908563525745532,-6.634017420123655,-0.43157438731107806,0.49964256618678404,-0.14667024618005098,0.8704256082855222,-0.17202055472071467,0.2382313255066527,0.5410908631574612,0.8470633553319902,0.01506072533444362,-0.004790063765450584,-0.018481890674614823,-0.002080343812493805,-0.013893938675042806,0.04420816913190131,-0.0027078945452928957,0.007305387782967,0.004379938944161496,0.021252371420346507,0.5139889136248433,3.6656876058286016,-0.03524754896069407,0.12231293995229094,0.5755527053910325,-0.004632590846037199,0.0340259906047346,0.03238476139050304
-0.023910205039948264,0.025420377253175273,-0.016204892496172338,0.004757424176302839,-0.0017017729562972372,-0.003402059219917059,-0.008719138376871785,0.12622594575973511,0.012378296014131485,0.008655532548346601,0.5179907689756025,-0.021785325469678613,0.07686491092429165,-0.02288539555310228,0.006226363508713913,-0.0040282423122307495,0.0032022033718563576,0.031341221774076077,-0.027636297765486095,-0.0035717647260918445,-0.12546504243738593,-0.017235602070074862,-0.03391077448288839,-3.5756263572898446,-8.512499732467132,0.2568218008283335,0.31415291294534753,-0.46438643450053213,-0.37103857260296097,0.2980645670534899,0.193943877398476,0.6406808910195505,-0.3733724168705839,0.017665563245716425,-0.002025223753702155,-0.018731567711770265,-0.002635423275542379,0.36402300902722484,0.04726821140171077,-0.0019676623869112316,0.0067284305874962605,0.009098704732403632,0.022788908470969274,0.3337600070344005,1.4823512475199507,-0.03714875137452144,0.6279946010164564,0.39963704526106886,-0.00483134904955298,0.02038031901695388,-0.15124636905846892
-0.03705269960118751,0.04728969046804983,-0.03911799088562416,0.014610268386526824,-0.003921768701828336,-0.004416455927233919,-0.015595848431108065,0.0772307714072173,0.005800949734460888,0.011708356013442896,4.068021889267446,-0.027055594172835394,0.06907203152531116,-0.04216978847881207,0.0004356950097714885,-0.009822608646812505,0.008357742990516571,0.043102817172451235,-0.04391331271083865,-0.003237570341690251,0.026993076528664367,-0.022568932951358974,-0.06473719919557523,4.010383363828982,4.506306172045892,-0.1629332644902816,0.37803526591782716,0.13092017045671855,0.6837310611109699,0.18314097549654898,0.6175863003902455,0.395604372066835,0.7328059125808883,0.060983393080858844,-0.0028226739316267505,-0.04523716424407381,-0.004240292685969024,1.941011484430699,0.014718879951994106,-0.0025895707353153444,0.002228976612887534,0.0015768702561366752,0.004461712363987681,0.3017062129225343,0.9632585027821793,-0.053158333006945724,6.520265765339704,1.2691921451014971,-0.005279917062848258,0.04721098126481277,0.09517178861485105
-0.0027855541894935406,0.03710159949885416,-0.06620435340501106,0.016415013977387396,-0.003404700989966829,-0.004146194023880251,-0.030877153562775768,0.12625987882535572,0.005761732694384051,0.021140923374593126,1.9286354362525053,-0.022585186255720736,0.05706546813878203,-0.06406018337098157,-0.002373704804592394,-0.011180537810170438,0.006677641253838247,0.03655424710212691,-0.056446376258041574,-0.007980133449857601,0.03476435959996674,-0.022013946991311466,-0.0806595472696546,1.959474915693201,3.061963597770315,-0.3000361996666763,0.32637330915198476,-0.4596901908789371,-0.21079804609245106,-0.4874571147054761,0.4738682709134598,0.3656364705240291,-0.4325354755561652,0.05016865128696817,-0.002049164532595169,-0.06473085001539296,-0.006064094191676978,0.9433247049160426,0.012957700537656122,-0.005500861964082388,0.0030971532277455477,0.002184160023764314,0.006300221542916986,0.25467616991112146,0.11483201618103084,-0.10965743810644593,3.9232860936662695,0.24265740304794195,-0.005906097754132173,0.036002694834030194,-0.2765457826622208
-0.03024256042297854,0.06404295019308913,-0.020521834904029815,0.01348732442374472,-0.002281694603836757,-0.005787042784562918,-0.011698031292786853,0.16338732615309012,0.008783153012453917,0.006336236678023084,-0.019192127665548907,-0.06143614054185637,0.07056554125404901,-0.03461954419957772,0.0030246418930246714,-0.005397219285012857,-0.007227867659315514,0.07175698210197404,-0.03999916222723174,-0.006111376377016995,0.14656645103419633,-0.028708393527788034,-0.05087594194126133,-0.5709379354849552,-0.7798396919048285,0.21969006143524872,0.5054582653702644,0.2394034021695454,0.6553508729804945,0.1521350835383365,0.42774586693206645,0.5113070600386385,0.6592243037068287,0.018894238608603748,-0.008664132248928407,-0.02248546229307127,-0.0013608808339039078,-0.016336058745900623,0.019775111781452654,-0.0026919180228277303,0.02129119361610855,0.0038590082460337213,0.00703851297856134,0.49691211846814837,0.3872434494753231,-0.05126875967014138,0.06994175802015984,0.29366030784131164,-0.006055644847892959,0.04023346285386964,0.03431931501211867
-0.0775528360155161,0.037932858729481427,-0.07507230340856173,0.013298493895927173,-0.004702973525519641,-0.00977695571581823,-0.024862349688505533,0.0929490759961079,0.006715180568644232,0.020738348487842347,-0.04674259500333849,-0.028411945711095243,0.06098491088022905,-0.09363476515923613,0.0014397544187406998,-0.015552861741585962,0.0008647683930234355,0.041206232949816596,-0.08569141339625186,-0.0033046859022148804,-0.02121964199438076,-0.03111682711579069,-0.09480053330188153,0.9162159057582573,2.0387782206737706,-0.22176995048129153,0.09972859337406823,-0.19807501292176655,-0.4920392647354236,-0.7001375030249808,0.3136307867619853,0.17166283796423498,-0.3888026245381358,0.05980356853617579,-0.0029318083531854238,-0.09480209838748441,-0.008366165795563082,-0.04404844814709537,0.021994247626556503,-0.008767601055862113,0.004946298822753457,0.0045726315714147495,0.006982735969856381,0.2082896092963661,-0.6899155052644369,-0.21066440469621,-0.05932291961584527,0.2378378229965676,-0.005423368399285414,0.014730788323738715,0.013799528507806476
-0.08263179183031817,0.034215465961780656,-0.05022411144510019,0.01368312739339125,-0.006136495628254493,-0.0072348623509640685,-0.029561519621542312,0.05176746432687341,0.003979487479018659,0.006841969981560475,-0.05771487814487163,-0.033195395799319335,0.030093198457419507,-0.060098197256757,-0.006110390854027479,-0.018935052888094082,-0.006087932748533862,0.03142803846594233,-0.06431357736990781,-0.008604937313761093,-0.27242191685322703,-0.025913549569808316,-0.07968073645647551,-0.6310228440507951,0.7851949497324477,-0.4985873639215703,-0.025126005021734895,0.06937613038398843,-0.9183990259216379,-0.0909846404464503,-1.597072213054238,0.28256991376877966,-0.11538715396896616,0.03505600586984732,-0.0035752313390313116,-0.05549912037382207,-0.003970711528710185,-0.03665734187730029,0.014070754207487657,-0.007143112678263485,0.001531503817730738,0.0019462440180798043,0.007457259308585592,0.10949494452596006,-1.864203626199027,-0.12233366169024099,-0.18253763301717812,-0.09165936835469386,-0.003243560976127752,0.028880165534494583,-0.16887037976924127
0.10463245825810955,0.05497218951557745,-0.023152058455352467,0.013189892858446189,-0.0023860596206360094,-0.0041407282943932405,-0.015454581483660424,0.14269907853187855,0.00851097329185209,0.005618135509748727,-0.030897893949889267,-0.05015087195532972,0.0781139846466505,-0.03679547942768659,0.004265060533337695,-0.00570308129352773,0.15896861604379592,0.0931747424723448,-0.033123188864485946,-0.014791023448117852,-0.06941823038221123,-0.034468916366732535,-0.05949200792392783,-0.7470465616737805,0.3142956212938567,0.25620418769709613,0.42970652438953927,-0.07457429275264843,0.24995642027335924,0.23655330779082898,0.6468827373143751,0.37558745551534545,0.96411248659378,0.019738843944478137,-0.0029431506803663673,-0.02278208369452324,-0.0031741871828302607,0.41304944247800474,0.016361043969931353,-0.002859609934776544,0.007434211215544049,0.0029612920216593648,0.006751288133205487,-0.6576042740818988,0.14592946294840123,-0.05706108442690289,-0.031880176698485994,0.15361505449996757,-0.012847666459126661,-0.8528390210955443,-0.23626649007360867
0.11177322865687386,0.030625554516322283,-0.08721315076357847,0.009990592705722596,-0.005979206980093637,-0.008504358235747694,-0.032518445487406254,0.11749046832243192,0.005703097724619304,0.016496521470089464,-0.048533377599531254,-0.02594272089358844,0.051554916478331436,-0.09105200382322558,0.008640743792118405,-0.026271077290402223,-0.1262354677817288,0.07233899547665068,-0.08653475776919033,-0.021482401496495985,-0.024617249688046173,-0.03476579919948102,-0.09645340848436504,0.5413943263298413,3.073616867063339,0.08429005517916857,0.10203700423795592,-0.17020322412054595,0.23816430821370208,-0.01589107180996667,0.33823273594669245,-1.0091969467688315,-0.22281566903296895,0.0445884916617495,-0.0027625583687837124,-0.0755690347454061,-0.0056669878412198334,0.7168897921832814,0.017499514296290552,-0.007789924472133895,0.0025306360982006166,0.002471526443467054,0.005841769537444464,-0.5386370581637518,-0.679962806031206,-0.15773838248075236,-0.11242953818693208,0.4781565190003519,-0.008414491553627387,0.03500535297340398,-0.1562718524604876
0.11692890064263158,0.034844351673250624,-0.07211478533307425,0.018287218953887796,-0.0029631469257632263,-0.006577789114586184,-0.01836395864914122,0.06796937419357885,0.005372860904334695,0.015260969481255196,-0.07193192536846425,-0.028120464892140803,0.04444105658589625,-0.08463568954549952,0.010019921433481606,-0.015002385546115707,-0.04623049441934437,0.06676254468015023,-0.07069596501596992,-0.019770682244172687,-0.03737336550698401,-0.02669728044359348,-0.08862404753827499,0.5984895517679859,2.3278479407356,-0.44455841822935543,0.14395714973159637,-0.2495877703374565,-0.6030452839650547,-0.23261247055658982,0.39524089458238176,0.2768486416647143,-0.1400483227235108,0.05522336395225093,-0.0027966726504837685,-0.0734389293630729,-0.007360343119289476,0.7236447508283098,0.01585620283724069,-0.008089375056142876,0.0017104717201778066,-0.0005380904579021821,0.0040593191431547385,-0.46775906311690624,0.39633346985986817,-0.16719137783722066,-0.044296726585356855,0.3950722183428681,-0.0065417916140837334,-0.9595609415846411,0.07335593366461479
0.005140336300689665,0.026578341806526497,-0.07977307547928388,0.015145497915560543,-0.0066015152250187056,-0.006108820353060314,-0.022382698289554567,0.06825067885720401,0.006694571151201145,0.012212826238110973,-0.07099428892074487,-0.030887690551884894,0.0372948921016621,-0.0969293312940662,0.01124570485282449,-0.020769479676173607,-0.2071613899728133,0.06265437693294139,-0.07832020006945996,-0.02310437682482807,-0.08671383480912785,-0.04043256159382887,-0.0994954921489253,-0.5181143057510682,1.8246972309472753,-0.6203572752285808,-0.0810881971664081,-1.4801745838562592,-1.1611957529069865,-1.2032078770373433,0.25128116057730676,-0.13561519290253343,-0.7777381387748853,0.04421334659528129,-0.0027783865281314694,-0.08540174518792162,-0.00774860153656494,0.4152884506759439,0.008080461665130795,-0.008399799290811586,0.0033400671117811715,-0.00047741159202632137,0.0056093480471619515,-0.8674473624678228,-1.1338593375061983,-0.28885938149447843,-0.2504315192525414,-0.0318829876372004,-0.008594538642179246,-1.2724322586903365,-0.4469634386446949
0.033272075973146485,0.047716244576612034,-0.029553947259445455,0.010591416171865169,-0.0020799219907886566,-0.004938081473139441,-0.014544944263636506,0.18558286928950896,0.007445424182694362,0.008905443846770441,-0.027706452492136213,-0.0775543491936792,0.06130264785623404,-0.05048947398340197,0.0021467332985933276,-0.009462479835122299,-0.0031965545130605137,0.05344057451246819,-0.05616773125344805,0.004563521885807993,-0.12606222204984788,-0.03222154474557517,-0.06409879921048141,-1.9266570299799752,1.3543887962851073,0.12226349885663407,0.20824258676174884,0.2444223732487564,-0.038896650184489664,0.2120693722404853,0.2496342857445089,-1.8221696964088399,-0.3000069183688368,0.026934546369769614,-0.005151455669640788,-0.03233737190660884,-0.0036350303240085683,-0.04446108276961538,-0.32711387944763803,-0.0030355262903110193,0.003996553150038488,0.00807534247884361,0.010644186374716104,0.1437115310403521,0.18095982001752609,-0.06777884042813574,-0.17063762156604045,-0.24638009284950763,-0.006075925748035027,0.045577731096754094,0.020104350981853165
0.03962837249296399,0.043783995098444994,-0.04921178357128536,0.01305165695686145,-0.005090787315466139,-0.006281931784652994,-0.026561644475750438,0.1275402046679811,0.006982844113419616,0.01674281472494548,-0.030315662419974007,-0.03961614742691912,0.05433374423933134,-0.08089042686697948,0.0007695369139855791,-0.01107030347667376,0.0051701935521036866,0.050791674207918046,-0.06430520282149658,-0.007406403939602098,-0.015600941983019877,-0.04892436193536763,-0.08259946324478805,0.3661072755066786,1.0065680994137742,-0.07281903556538333,0.268787179648202,0.503448053172484,0.14985725242747888,0.5047295248496334,0.41342166730438085,0.39184598859622943,0.3796141195147432,0.041394035592759254,-0.00628038566336407,-0.05235575714617541,-0.006276896998329465,-0.0240277362878014,-0.3731735927002106,-9.977178058492418e-05,0.002964606219745258,0.004026991737555524,0.007288781511449749,0.2385210178067377,0.030716384796438335,-0.13984704505779066,0.12647973218429004,0.09103167046061605,-0.008104906004986163,0.05197429037479415,0.033621562519797844
0.01819291604071487,0.0262717166137695,-0.016323261463502194,0.011383003155485795,-0.0014586903415813258,-0.004626617108057171,-0.011270552887872955,0.09240674408061403,0.00633382512234687,0.00847391612473987,-0.0120155914877757,-0.02036624036503271,0.06655560319286848,-0.030311733285222988,-0.0002554425503634338,-0.005582058409477379,-0.0019979107596988263,0.022417726535126834,-0.044151674206896314,-0.004477459767060245,-0.08975053533971786,-0.025985585369334884,-0.03582070546940401,-0.610819068825298,-5.705872848042799,0.16647334355213977,-1.3098250378871141,0.3027442591959404,-0.4620867193401937,0.06076924117750971,-2.022281450861404,0.42610631154174305,-0.35241705237923543,0.014625764662903879,-0.0018223399215166684,-0.020030100040488576,-0.007752227182497387,-0.012924033088185332,-0.5772946876252466,-0.0025877742049771656,0.0025186956291883356,0.0016706133225304301,0.01900770534202491,0.2729183273732244,0.26755898072916995,-0.03274735602009472,-0.2824166706463185,-0.006292266106322035,-0.009807794972051994,0.044960293967397674,-0.19531312384542976
0.08666110165286868,0.05230412209691692,-0.030180132547865755,0.011694237307206798,-0.004427615841276574,-0.005889988567622297,-0.016786400298909664,0.14752177777552278,0.007618802506276205,0.010765826314982395,-0.020005557941624907,-0.07538015537274709,0.07043912214661674,-0.04798674529838894,-0.002090323669134283,-0.00860901112404698,-0.014385585926225696,0.05532682550602581,-0.06366562038407589,0.003480079012621471,0.09003981751981562,-0.04856214985797231,-0.06624186327810778,-1.7902513492721233,0.972275265451451,-0.5057579327157338,0.20799953846384087,0.059494277305987935,-0.21404294651362762,0.10628326761296494,0.3232178776858292,-0.13803210467011306,-0.3282552245250159,0.02280315472029093,-0.00473111017335446,-0.03302584974352345,-0.003433623723925272,-0.055047872916973085,-0.3397324808602741,-0.0008310303115383425,0.00488496381703523,0.004041973797783811,0.010497147569236958,0.19896666525340156,-0.3305298878237189,-0.08646521810420271,-0.14236919386928942,-0.433919412276078,-0.007053880936674551,0.0516174243795579,0.026167401151159897
0.08683882040788693,0.03366195538509109,-0.0532822938936545,0.008768993960039259,-0.0028961113447721937,-0.007765354218659731,-0.023705057010203857,0.10346743059015027,0.006660484356464664,0.016807482144174542,-0.04251261715654481,-0.02357638877803071,0.058504302020439686,-0.08667445529386779,0.0020144297648810186,-0.01064345453367862,-0.0021949868359417506,0.04374345515782187,-0.06262482059890322,0.28347297038957825,-0.058430419332958006,-0.05057229817857197,-0.095427673644648,0.7899710736222221,0.9921748127914687,-0.14242389076934245,-0.01771245587852461,-0.15673695344252828,0.2566756004608139,0.29091709666070487,0.36022721728753054,0.1794778074647446,-1.9420749801455568,0.035971695817978634,-0.0040626478847230795,-0.04213872709621874,-0.00935723094880964,-0.03266438165422948,0.021592285808779,-0.0025362886838387307,0.0023521373400420998,0.005310384552604102,0.0060962242183619,0.1719092601540692,-0.5260168988915779,-0.20155090004573242,-0.11599238643120281,0.33036812438262647,-0.008359389286310826,0.02082861954878764,0.0388707838567341
0.03480215822483206,0.028346275080480977,-0.052594010223466506,0.009692277747597133,-0.006115168393779244,-0.00909881656764257,-0.016024767315319332,0.10263719103732426,0.007691556028691141,0.014118928605475988,-0.04636202142219841,-0.036521922730301706,0.05070016726459047,-0.09778482841435042,0.001009410820496898,-0.017080096570193385,0.0018284604274997783,0.040557727573329566,-0.06943207965714979,0.12470229847792763,-0.055459274409183974,-0.05250157345393185,-0.09734732288634614,-0.48041850061410035,0.54144957437143,-0.6430948419899334,-0.1294838120409565,-0.6516909474491386,-0.1556682618978313,-1.0117241566062394,0.21005891925269293,0.11492824955875468,-2.434164237191071,0.035967582086171304,-0.0036736126238275874,-0.04678345054012047,-0.008396025568636764,-0.035956653037192074,0.022941597093429144,-0.006809471024814543,0.0034749586728682878,0.002500309279140396,0.0050085561660520505,0.12331289966075808,-0.7934554840588653,-0.2454984302164624,-0.5468530351613167,0.05117926474751877,-0.005930394090151482,0.010051041307899437,0.022308466597092486
0.0387851622790854,0.03413306426867948,-0.016949340476930193,0.012609055402802966,-0.0017673733160754144,-0.006258014104975833,-0.009335205387590428,0.13416775447096757,0.011657080363761693,0.009085939641652037,-0.010685636488114549,-0.03781549033493667,0.083726701404609,-0.02588756707176643,-0.0006419618322064956,-0.005656639856410199,-0.005247645540199859,0.034730460052108676,-0.05216052351003703,0.1819416282459752,0.01717604324589884,-0.031481853914058236,-0.03644715911004428,-0.917793665241479,-6.155788842583534,0.150408120112798,-0.6350650847204681,-0.2535180712747895,0.19820985039772102,0.15314538850154175,0.2462866096275442,0.4920936922703596,-0.49531416317253923,0.01533950227504625,-0.0022650357179245387,-0.01922193418993591,-0.0031229266060317992,-0.01708314823663538,0.05107635241547666,-0.001883156693301858,0.009849061269212062,0.004085122389527396,0.018777006736368815,0.35410229215736555,0.5102508253018251,-0.038033611600163525,-0.20293365936602822,0.0569116893764766,-0.008004544782124421,0.014611672978177843,0.039335931307521554
0.03986956842502738,0.026686792628154717,-0.07640463490497734,0.009046959398425203,-0.015820452513075272,-0.005686026176731321,-0.045394156932485386,0.08517014526379116,0.005196849144206349,0.01905305299278332,-0.02128547408317403,-0.019616619964474172,0.04091450790601931,-0.07135017706799464,0.0021904657225784306,-0.012458750795308421,0.004906160186085686,0.03423826063838602,-0.06684122200414253,0.9754099624228392,-0.01315516928042953,-0.021892495846771984,-0.11936210811213732,3.7071952814849003,1.2684609602042949,-0.0067027932910195005,0.21600261502315302,0.24333597902930187,0.2692615888894619,0.5094712949504272,0.42086324570910466,0.257228823915529,-0.17708599867610755,0.06383239555079484,-0.003654869386609652,-0.06649810044047041,-0.013564411652783692,-0.019750550321219477,0.026187434767197003,-0.007172640374636658,0.0017374480801427574,0.0007968710004218813,0.00803333851475642,0.2143891125962552,-0.3002655532587917,-0.03747592800758755,-0.004564375599835553,0.5872972433635799,-0.005794352625132844,0.03512308601200892,0.015797660256265698
-0.028902044892783998,0.024334491436558425,-0.014814292877610906,0.004502006069792956,-0.0023421890488369394,-0.00530958140983504,-0.007814926684554508,0.13272093768247736,0.010656007189764479,0.005857701687777223,-0.009396898493590712,-0.018705192319999276,0.10153279891853384,-0.02267520125572721,0.002330017661913078,0.004084614852612555,0.0016367194564954292,0.03111694359724057,-0.034628329373666354,-0.005718367656844858,-0.14080395941504728,-0.018718670288720107,-0.03376919731101419,-3.354544801513512,-7.818758991549426,-0.2253388600810585,0.3170903433097341,-0.18030488159753408,0.2389903067246766,0.34614160953785067,0.11298189412957937,0.6280283890921313,0.4871028598902972,0.014393291642306261,-0.0025569608001535645,1.4259541936007172,-0.0025676623950197652,-0.022830226893013204,0.04395990412355664,-0.0016479788300158118,0.010905799473625024,0.009345918828519597,0.021997984947473553,0.35353203791117377,1.2289345569884054,-0.03811218100367065,-0.11469555631550378,0.39879589150828354,-0.00478674500472625,0.018876685506057134,0.03096754356484405
-0.021422139615869272,0.0368322576412003,-0.06009877294523585,0.01020887058179259,-0.005116452591569901,-0.005295760819731142,-0.02012010203416112,0.08918056152479914,0.00502208064120568,0.011022804143019078,-0.010273202556234831,-0.020218002881373376,0.05860480129518804,-0.04932305041020661,0.0016283134725403037,0.11820975603847118,-0.0026077147357464843,0.03842678236814545,-0.047901779317912424,-0.014064533208464562,0.030113727030917237,-0.018215438999531073,-0.07307711122716562,6.5894041107133186,4.911193112981212,0.36584105790837,0.852968722657377,0.4019001845203971,0.4816154138238741,1.7824629359092738,0.5340711772468401,1.0386020679285366,0.18807601145806713,0.08414331218430565,0.0031009519256225363,9.399748284668094,-0.0085345985272922,-0.010870073172602596,0.015345059415381317,-0.00106398953114908,0.002499177118944959,-0.0010491040182375217,0.005389032449055787,0.286702430522056,1.2717064530823847,-0.04470480832440795,0.1559998504432994,1.6237391910955454,-0.005595499352069494,0.02253103696886461,0.016656274615535524
-0.011305648316806591,0.03363027307963322,-0.06886039145182704,0.013353217292353867,-0.0075304735227493405,-0.0013892959131017006,-0.031016591460633784,0.11552619294362837,0.007416621244369586,0.009945220465064974,-0.02462920739278505,-0.014801127567014304,0.050080147598828624,-0.0705194299085117,0.000648721007712226,0.0022045977562275736,0.0015594217787863595,0.04468856553770985,-0.06347474214832173,-0.015916962993794043,-0.0828121910713427,-0.021364732123120216,-0.12329916016060141,3.429269525897792,2.1002034992750946,0.21886889614030275,0.3940507552345239,-0.1687685812704096,-0.392145869949331,0.09218342688736782,0.3823791151301936,0.3613500175264836,0.42303183230076485,0.06738577221400763,-0.0030761120865563127,-0.05010920891924256,-0.013387435067080287,-0.013319792439073467,0.021978445179804428,-0.010590886743540254,0.0008711305918569041,0.0008000891679351422,0.014178390455955321,0.2922402194191862,0.19213616271396625,-0.06448108876718492,-0.021056104831484523,0.7252304279250069,-0.00608459551737501,0.010385826789016934,0.02849431685686379
-0.008932602412155691,0.04122688764003028,-0.051303812178182896,0.01812280604914162,-0.00953152215861542,-0.011610347251420816,-0.018293259147207492,0.11588343622502992,0.009077362926086947,0.011666052637008968,-0.029931137770901485,-0.022627788621615817,0.05958233193507756,-0.07615339794143311,0.0010083732075109317,-0.012046371493503325,0.005650074701818645,0.04144676640875316,-0.05159139297554668,-0.009880560775103013,-0.014298184156535538,-0.03351959878917733,-0.09570869150687165,1.542504831676141,1.3666828397189248,-0.11027107959952187,0.2900763285933419,-0.1908541616534781,-1.1127786130750212,0.41893553372158787,0.3293766083851415,0.1618714528694697,0.06306546676617887,0.04252845184688661,-0.007223074625012528,-0.07075308024875912,-0.00781116362945656,-0.031712300303255114,0.023494350018535438,-0.011745893279027178,0.0030499148027952378,0.0008823818298355421,0.005675505664347821,0.1970939185179068,-0.0886422299172115,0.6111373521011235,-0.09653465153898054,0.555359848537514,-0.00848660936976566,0.013020470186649768,0.02697767833731002
-0.033323994829890694,0.02401528546807663,-0.09526591300426694,0.037800806715583724,-0.008601615583237463,-0.007065553242150621,-0.0383902310951317,0.09683558029034924,0.00859478672885421,0.010143037327387906,-0.04123464846403225,-0.016442733678792575,0.04051882751550032,-0.08324484110938923,0.0018298528777257806,0.009473949618886616,0.0023596382690313825,0.03210069899885322,-0.08735618865363605,-0.01874202009935325,-0.15770352086022943,-0.019446893392742595,-0.13370151512410086,2.1899887126092112,1.9687312999927833,-0.1814652809248151,0.24481196349926926,-0.535864114123351,-1.5051792104700639,-0.21682744302247242,0.321681257835204,0.2676652882823733,0.021888522715627023,0.07300904651192477,-0.003477642036086229,-0.06612508146356269,-0.015810388836419737,-0.019008038706190424,0.0195335513424828,-0.019747811618981287,0.001918839696431559,0.0008430420664663102,0.014325659596334736,0.13366770150062776,-0.2320540197138116,-0.17230148324616096,0.10143366067983578,0.7636985197314214,-0.004973138385433054,-0.0027485876891422513,0.015947392819328006
-0.02255104745603478,0.02943715272293969,-0.07101653917202004,0.0163529710889148,-0.014707427062480983,-0.005463631431394213,-0.02098671363158618,0.11558241676539016,0.008471810765520461,0.009535441599821967,-0.022041370350228823,-0.019174431480991422,0.04179296699719532,-0.05246985276316176,0.0011878089241595749,-0.0131063466479313,0.001937553949732004,0.04190427346922336,-0.05881078769104656,-0.017336409414684957,0.4246267450617633,-0.014551673509769866,-0.1344229247983087,2.2035662255744697,1.1881447290789289,0.09521062803795795,0.35607911729251285,-1.2778767522143597,-0.8804023074745029,-0.47589354989420934,0.3934472412382601,0.2548420732588142,0.45898811041430004,0.07334122128391694,-0.004518016299065032,-0.047236680729690284,-0.01416175081344544,-0.014162786568915616,0.017706932331366155,-0.012884171634787828,0.003183764914950029,0.0007520879037548931,0.012182783794822273,0.2626057368471704,-0.3030446422612077,0.6279285326660595,-0.029115016874384742,0.7072046288113165,-0.007831937239633496,0.010647370544439014,0.027520666672736276
-0.042654541276764255,0.02974282002297352,-0.06661936513260028,0.010724566537770387,-0.014687132679564533,-0.0045281809348299605,-0.01578163637460392,0.09215865602139767,0.00787682671669616,0.010569330588982363,-0.02105591957561634,-0.01869785241868915,0.043276268378305595,-0.061343427250703006,0.0009768725185977261,-0.015516679315806612,0.00028066807646425217,0.04435884494183114,-0.0685522873992786,-0.017434083376493076,-0.0010571446189780987,-0.010643904228977664,-0.13275737340563745,2.2491605629974916,1.3520115218636015,0.2259373916036469,0.36006646629513006,-1.019669614604941,-0.4928338205722397,-0.07092604004240066,0.41749148114777185,0.4081926741135371,0.6195614473379636,0.07720742270440042,-0.0034070387997625186,-0.049759839681459965,-0.011315875426468086,-0.013561897561325774,0.01956263646782265,-0.011823982393587791,0.002910756230576316,0.0005594035244776334,0.015857530215497205,0.3214830821028565,0.1067903703349818,0.3840184558671204,-0.0014555656356511884,0.6755592848079012,-0.007879019012386109,0.005771949140155625,0.033499915794817495
-0.040151891403877746,0.029503814246597867,-0.07182629975917344,0.01213393891461418,-0.015444413066567424,-0.005125036798226903,-0.017951663532287478,0.08602428189627577,0.007479794313411047,0.010314275130119538,-0.0221519597755311,-0.020164003743788385,0.044591803294083354,-0.0693610194021285,0.0009456745163184681,-0.01629586954770044,-0.0012901874255012483,0.040018696908292066,-0.06862153838455097,-0.01911758097813173,-0.08098380806754324,-0.015202517505429641,-0.13827999957513787,1.3131247160821609,0.9064314310089865,-0.0356063516378686,0.20427537413118982,-2.024142748615104,-0.8758707687512236,-0.48095276356226024,0.3510329087688145,0.14296781850798776,0.14000700370171537,0.06317085795778334,-0.004142728502739383,-0.05011893764310695,-0.015614887948055087,-0.013633689174187724,0.01707126799441485,-0.012076419763969844,0.0029376228741319053,0.0006151194873879533,0.011967418524035883,0.2395592145312049,-0.5881678310126821,0.24357629448801685,-0.21993121585904377,0.3652089591330604,-0.007962554303180725,-6.480276225823168e-05,0.02302981387547039
-0.03447535762874121,0.027048021870531642,-0.0726834943756775,0.011858045484640778,-0.016349867655705435,-0.005456112145240692,-0.020307117501162618,0.10548562032093561,0.0064736522990383495,0.006155535553828717,-0.024912913941564422,-0.018056949563595527,0.03660935195907309,-0.06495617438636977,0.001049751442990831,-0.0148989248509422,-0.0018757054178844988,0.04077278554466261,-0.07185528995676328,-0.02106487016782784,-0.0927362939051704,-0.014897873009426889,-0.13948353158556104,1.47999596066378,0.8188705816101136,-0.13171101743240343,0.2736721021272882,-2.018150624698831,-1.5708543860546391,-1.1702630515341808,0.3272501131392291,0.1945375033290496,0.11833796043845234,0.06491692743636747,-0.004295780521623509,-0.04719380487360359,-0.013515154142167723,-0.013492040955976487,0.014460829169190413,-0.013560207416136592,0.002792130684060656,0.0006807160853725958,0.00667976730096077,0.23895903909960042,-0.5363866525066662,0.2866233356439561,-0.0957999050588822,0.41799916888388255,-0.007733754346772579,-0.007401697246035801,0.02173444622217675
0.02635082425946689,0.032563592780718395,-0.06366612972474754,0.013428084952444878,-0.003697369003783545,-0.005828003226626558,-0.040393919202300975,0.0776363186784081,0.0048904923138518635,0.006654373746824755,-0.0179768003674307,-0.02318527017421276,0.035791369588588,-0.06086458075452379,0.001103532890807137,-0.01866409503016818,-0.0017199781624193937,0.04363421944188834,-0.05235601615152616,-0.009006385806576716,-0.02554784936422724,-0.02498140887952127,-0.0940210362461426,1.7086783885765295,0.49215647094615894,-0.005819174912547601,0.006273987587347625,0.2989581386288131,0.8087598058577194,0.22643910577937645,0.3954018218962881,-0.09743982857344835,-0.244362243862037,0.045750421540400384,-0.005865924377944973,-0.04258206030940527,-0.004500602686076266,-0.018805727102399743,0.016678833731878787,-0.009408954436738746,0.0036185319748254573,0.0011670517121063013,0.0062870676801584395,0.09133534676893754,-2.0571777795099617,-0.05805342943839694,0.03245753148221195,-0.3437548031374794,-0.007282509646818022,0.02720930826522091,-0.10327203455961927
0.014383050672026214,0.02802553154504575,-0.09697137202348487,0.008877003565887776,-0.012244028241417721,-0.00943536393560923,-0.0553297958446334,0.06686316025812206,0.0048281392273023405,0.01186053842335365,-0.027558271471553476,-0.016920226941480394,0.03479331502298612,-0.08571735161216071,0.0010350055261488607,-0.03594456428528092,-0.0033073359064348896,0.05143335652168211,-0.09053913738329383,-0.0262641847464797,-0.13305410262496736,-0.028225307483253335,-0.13144431076330068,1.5813813829324121,1.1609920676000565,-0.3852791989771578,-0.04799268277564222,-0.24975720914407856,-0.07965980449446845,0.09520407712369865,0.36214691280608075,-0.14409101786437958,-0.2497078321193045,0.048902885407497355,-0.004428891432374394,-0.08198535790031958,-0.013564958340488265,-0.019037226416756564,0.022422779557776308,-0.019467512437777734,-0.0011103494852147473,0.001302602251453662,0.007307142594031448,0.09905577179750522,0.008312088012055081,-0.14803237533323862,-0.08050037342188752,-0.12008218379928182,-0.004899134462695741,0.004054322763664826,-0.029820729366172284
0.024317568909574688,0.050018857107374574,-0.04635204088229898,0.009755039051567988,-0.003786910387219841,-0.011793867356356355,-0.029317819495890015,0.07905583496591163,0.006514962731487891,0.009639806323132478,-0.02759046876089563,-0.03343777502104586,0.04189985523771369,-0.09322909556083651,0.0008151212815723405,-0.007917019464436334,-0.0008909848125992583,0.04612770409752943,-0.0952345813432523,-0.009882944323275746,-0.08705130329536909,-0.06379078666303568,-0.08638403074823703,-0.42742289577987336,0.7446078323452048,-0.06996000526721781,0.04995080950194589,-0.1666792665047579,-0.02434126468603495,0.20765207742660272,0.37719624890061687,0.39249072976668015,-0.16378998261741673,0.03803429112438648,-0.00614928305229276,-0.05058982794570106,-0.008298534818256513,-0.02410300995268829,0.02025224917976868,-0.001900399790135834,0.004033113999417749,0.003076063362566057,0.003983479460003687,0.19409865540702104,0.05038855669903882,-0.13346976206552963,-0.03261487527108259,0.09671319289516542,-0.0075696982653761765,0.03407485669293219,-0.19684287583872212
0.052914364153553814,0.026571307442363617,-0.09236069417478117,0.013399080880753086,-0.006838165429255247,-0.008319632672969316,-0.05006359711587251,0.03764314942728041,0.005165861400707138,0.01005964936623094,-0.040715354764141044,-0.01795966332281305,0.03229403599222858,-0.07709853745718802,0.0005330528967102121,-0.053959451631888464,2.5333991276312722e-05,0.040512397321706584,-0.07468374934849556,-0.022347981964069823,-0.28325315008429436,-0.030284685224006482,-0.12296811783736203,1.286824300648574,1.159460844767202,-0.26122492182853296,-0.04487538180377011,0.36289557049656207,-1.3709842665898262,0.0864274943054939,0.3092126647849482,-0.1048209563353028,-0.06116605174030831,0.04555002244630757,-0.0038359888019437807,-0.09334068157451178,-0.014482829006257861,-0.023469040429803342,0.01656609294547447,-0.01997731879402862,-0.004595234939156337,0.0009069101838357913,0.005269816973730008,0.08465989449800591,-1.7613885590329257,-0.1247577650050236,-0.014336697974237601,-0.27372016263074983,-0.004718161222516841,-0.008932448434778644,-0.0015399601454497076
0.028085452800737497,0.052688952347944476,-0.044124990251389946,0.00990877285745237,-0.004342547704103899,-0.010922275465490355,-0.029307649140665665,0.055711061510610435,0.006752021821073098,0.01175091173195284,-0.03668232070944771,-0.02949465560162088,0.05694097688314439,-0.08825245356523254,0.0011308654416514548,-0.009826389747048844,0.001009697159798204,0.043665724002025924,-0.08856002651572709,-0.005378695654657947,-0.044762031982510914,-0.04904795464846368,-0.08646311509385624,0.16320726295267238,0.7266609559161656,0.15640172597618407,0.10557728189814958,0.40236898927590536,0.14263849055108477,0.295881270553697,0.3566095741636931,0.17399101885509966,-0.3400392069545645,0.03653445980321715,-0.006238156309975431,-0.05020745563451602,-0.008091460796431226,-0.026902769750173597,0.01975675575139765,-0.0014364141340782,0.0045130244774938474,0.0028352693797431753,0.004575734341514288,0.17080075175691944,0.0023952486250776637,-0.13083536046420605,0.14579826345005512,0.008337229198879118,-0.00852030653927568,0.035676525584492434,-0.21236277052436947
0.12364770662106331,0.053773575523527815,-0.022572178795734425,0.012614447689678955,-0.0015631826721389343,-0.004242976273198441,-0.012940465519780243,0.12725409224197107,0.006367545369452797,0.009571871199000515,-0.01591058728822,-0.06287275591432258,0.08726764586864082,-0.03880531136921921,-0.00015910417495440798,-0.0047602947541886785,-0.010476910237753056,0.07429318321037229,-0.032056543836183955,-0.017661622122258188,0.1894367370686667,-0.033713531678829456,-0.062196369096151644,-0.5095779973286043,0.7014412284916814,0.025002667371086043,0.37919179304725625,0.04808719302721878,1.5213768166685475,0.3929230010890235,0.5201210612746203,0.2691732182804622,1.4909515982314376,0.0198312377896562,-0.013535459180959719,-0.023629434186147817,-0.002953389134134248,-0.028691688187703904,0.012085783207087274,-0.0034718550489878093,0.011397234747836375,0.004112655789237818,0.006563497901297468,0.33659616347942567,0.01798287618786894,-0.05154054591629525,0.1696499181467408,0.4107770404688789,-0.0064537345055825975,0.049680187923394334,0.04102686937208315
0.0419041160297417,0.05770295542753116,-0.02312718323601037,0.013477350171509118,-0.003536162789217673,-0.00593210438022052,-0.011689062136753503,0.16263051389851862,0.00714901743449161,0.009757655311030742,-0.01715548510403069,-0.05509995062083973,0.1188510885305558,-0.04788737979409283,-0.0004564215908077551,-0.003629660275222588,-0.006973849128777988,0.07855204155798003,-0.07340150035221293,-0.017696317387068613,-0.06507533460432005,-0.03661562882459296,-0.06843276593300704,-1.8240925052040275,1.1013849540783505,0.07435326051859785,0.1832960790824611,-0.0649447632554808,0.1507735302304023,0.2894961778502736,0.3353423576569808,0.1228194689859607,1.0203815690124909,0.023131946170472373,-0.005256637860922244,-0.02771392396334764,-0.004238777260194308,-0.042740165823250444,0.015783895857385304,-0.003511521238582328,0.003527638363490831,0.0013930756110682894,0.009353435694175904,0.29595593225230366,-0.42059387566950807,-0.08575970636273841,-0.04329002697600181,0.2878751226819839,-0.006872893496911161,0.02523938580623014,0.03575083804187432
0.05197971169034232,0.0482632293189743,-0.018453794483722936,0.009437331229269789,-0.002307804845558666,-0.004532080741450299,-0.015043948922857733,0.10535064718174224,0.004841854376357318,0.005898293848361019,-0.016969403472415337,-0.06105241020831046,0.0716426982222299,-0.040976199934450744,-0.007587498663460835,-0.008073569889602335,-0.012470771376409104,0.052019309101016535,-0.04509338660722268,-0.005715882846146833,-0.12524118012437566,-0.024125626228346866,-0.06390261485496146,-1.2775110560223712,0.36939123665804485,-0.030219630805538845,0.13944217243564672,0.07668739735910962,-0.45499639962336447,0.07398717641999236,-0.607690189638646,-0.09180559215953565,0.3476872080004257,0.020729309945317704,-0.004717887828967187,-0.027722707953653673,-0.004814876682267312,-0.030798103065677762,0.014093959592706208,-0.003523434161755138,0.0031747896315147853,0.002392463243183517,0.005399874684441976,0.23416532932358639,-0.5786355548287594,-0.09185928766809258,0.02713944296926885,0.18592231918969393,-0.006044671652127704,0.044902784388400355,-0.23913151660849535
-0.04882096089332531,0.027549097135765855,-0.08157917151780104,0.013469748980537382,-0.007802530070181831,-0.003855525403493059,1.127934149100803,0.03867362881503026,0.0050815035677445695,0.012243797440911522,1.2701147864818134,-0.016569828482291684,0.039645742115153385,-0.04720988136264471,0.006407441802596923,-0.016151173811875943,-0.0023924649866071276,0.04945418687391836,-0.07715399748128235,-0.0166969022892793,0.21662307598468367,-0.013842435800104212,-0.09629384353321037,3.9982552988754594,5.3060792739908305,0.26284487965087033,0.4184789745633147,0.15449336263247918,0.8258626525920266,0.12817589119741712,0.49518122607520204,0.9049122133818702,0.12955852750433192,0.0790686109131001,0.000307939830113732,-0.07156665514286187,-0.00438943257887051,-0.03078878331401833,0.018144275581382305,-0.010021155315066105,0.0039902637902884865,0.0010126880698067252,0.010398585450150218,0.22425743482987473,0.5922402282406469,0.5785591684586665,0.810361915775843,0.6049473103138461,-0.0054590131901219845,0.023528591868831404,0.026663219165673848
-0.04833664195301915,0.027325484459157792,-0.08431293526392335,0.008102676914429414,-0.006602164935536589,-0.007155414710055599,0.782453835267511,0.034610330299404815,0.004679033381909622,0.010810904751972661,0.915647985744498,-0.01634506162693983,0.032622089089740285,-0.05270577808788331,-0.007875462713310705,-0.017506970360283914,-0.0034357931569356996,0.021456576233956394,-0.0761426067074844,-0.012953614603023458,0.029962139611704016,-0.011692288965287883,-0.10941841581003715,2.3225106689197084,3.794021793106866,-0.12429295511472693,0.23078278473232117,-0.10973207166793819,1.0689257003445065,-0.6325816719263553,0.47241112843131255,0.11255606469052018,-0.2735536961389042,0.0689966262764224,-0.004832620372433888,-0.06688333139461082,-0.005263753198380288,-0.025870885547878576,0.018730828095155114,-0.006910757772054504,0.004372524955132095,-0.002885055953624065,0.006748268713097813,0.1957932921773854,0.20679559246096862,0.24432900660032641,0.4651523576905616,0.16250194332007828,-0.005439847936219306,0.02361204153221104,0.01953074137334135
-0.0049256273929058824,0.06572323937891086,-0.022524920180512473,0.013836787336741116,-0.0028692468281104806,-0.0056002807240211295,0.6029604288237641,0.0991369822886598,0.008263526303699562,0.0062274080433019135,0.7493686263197674,-0.04945641944260785,0.06973540449559369,-0.04232107023683478,-0.00023667308643075463,-0.008453199193692295,-0.019742554417427106,0.06570261045536774,-0.04711397601877431,0.0003609169980862642,-0.014917779685303799,-0.02834591057841145,-0.05696196440490357,-0.9463232806750732,0.5365137645630459,-0.017789041741146733,0.30350195443967465,0.2648300354114445,0.43964259670327904,0.38883239450907525,0.5643304989387014,-0.03182943535716635,-0.046702150312509745,0.02215349077659428,-0.009250814199538764,-0.023044214316945564,-0.001176720693557595,-0.05228242429005963,0.017259717353713778,-0.002829536085045002,0.009325701797707645,0.007175003104450001,0.006355593797983333,0.35520908237342913,-0.39934050066658394,0.23700307954560787,0.5205180590056795,0.1026785376582822,-0.007203136448910001,0.06655412371992941,0.035505250623943094
-0.01274204477673868,0.05305861567308097,-0.020929786527795063,0.013041470679472783,-0.0031181888752000314,-0.006564339271287766,0.4250398314904465,0.11660394553940615,0.009908024162690376,0.005746228054111784,0.7597521731799328,-0.04052026770595609,0.0821297266117853,-0.04030106492504599,-0.004318375242056184,-0.005279809300587615,-0.015241996348109653,0.0689819323065847,-0.025781501753456282,0.0032203398693317962,0.12697331791464173,-0.019548309488704743,-0.057714712875588714,-0.9610032589033076,0.7892265101852857,0.034758454037377484,0.5036267635434806,-0.017028687612163057,1.2022773810799152,-0.48653872741790893,0.5194642290462468,-0.07096930859701538,0.10473788141835,0.022797100231335726,-0.00767366911904645,-0.024018917589381107,-0.0042645294626825715,-0.04665762368647234,0.012697334586409929,-0.0028536196949311005,0.01479276882320204,0.0035560994131232917,0.006945543015423036,0.3301722699615895,-0.03173030099298606,0.23326479538793315,0.6826079904545126,0.020672676185086607,-0.00716910074815323,0.07275542248922873,0.03545439581191454
-0.0615160661423094,0.04251257965971835,-0.02091044909251108,0.00886384954778002,-0.002944921108451346,-0.010619429280659199,-0.010021575150680756,0.07565763219452774,0.008490567542936277,0.006406508223026296,-0.02433265713411318,-0.09744907097306744,0.06242613684165145,-0.04244673592665503,0.0027211042850463995,-0.006303327675635699,-0.019506595254954472,0.06427271158913558,-0.03653581040856062,-0.012622066703588376,0.021799153784430675,-0.03573572597670167,-0.06464425059102921,-1.5062896143685296,-0.014853052330346015,-0.40095407690917456,0.13663631533187728,-0.31082243173202606,0.6754481618196858,-0.6928845237153708,0.3835251076692384,0.15114653429108627,0.8192497580375183,0.021190204309634378,-0.015585423102173266,-0.02370899819314234,-0.0028276745599328133,-0.028874687417038997,0.012810149037139507,-0.0029468508862215376,0.010498893435592693,0.0021142868399226474,0.005676551148685331,0.2845371078008975,-0.44288613528974297,-0.06381447165363875,-0.4346379608981541,-0.06360228014311176,-0.006462309795273414,0.0333445825288217,0.017307336662503562
-0.02918662440770208,0.055019344610629815,-0.023015785567505435,0.011112525319736832,-0.0024800409338501567,-0.008500966735540664,-0.015975960553646862,0.13344902621831428,0.008862977917643757,0.006752878021970672,-0.015602801777020696,-0.06439721923332022,0.07640602330503402,-0.046250976658058565,0.001416119743220003,-0.005699169512529127,-0.013898890059028977,0.06574942274625047,-0.03982662215441256,-0.020620656901737713,-0.10579039956752928,-0.03570723895837247,-0.06371172962753614,-0.6267108390824674,0.5133023012269347,0.19939863231725077,0.35212566367627335,0.09372264531630663,0.45093608009510083,0.32129355722934827,0.6236148765142309,0.16330062638139536,1.0491450310426258,0.019424497988090827,-0.008658623788008354,-0.026908400005023373,-0.0036442377336066,-0.03469369052962788,0.013914375293898829,-0.002914125484413235,0.006712007203005105,0.00244237445293862,0.0066522644598939855,0.2175056609189489,-0.2580045195907826,-0.052778609753790326,-0.05641163376434915,0.2753408949391779,-0.00572980673903755,0.04232570956908697,0.027440734186921875
-0.08836915270859483,0.03374563340599023,-0.04269913212724938,0.011528589931083575,-0.009394537942408607,-0.007637581695592163,-0.018114851641154228,0.18756019432934934,0.007625409378078447,0.012893309646544601,-0.03973516128419033,-0.07439519837984054,0.06597459537220234,-0.04521183566040044,-0.00034141110191071133,-0.01606913317019671,-0.016613330800197702,0.06446846087481571,-0.0508733217135527,-0.0037796473357387117,0.13413138917966685,-0.031059550227331485,-0.06284526191260315,-1.507244985778777,2.1335300641563975,-0.12696752968779754,0.14757165467214975,-0.4317893832030902,1.2651347244852817,-0.23467707019965975,0.3895229358995406,-0.4947718596506782,-0.1847140388120948,0.025245848469886437,-0.006530475035752093,-0.048163902998309624,-0.0031598249574478414,-0.03780756879810173,0.014078850867650842,-0.004829747997106202,0.012367515172688802,0.0015322712357243619,0.006808346567321511,0.23951126738085746,0.12466653202250982,-0.07185124152649573,-0.11051612381813722,0.06201870575293411,-0.0049155938393814136,0.057368499708144394,0.015182186974267027
-0.0329310795759157,0.04903248131741593,-0.05870340487405965,0.00975378666418588,-0.005133393506409348,-0.0218025774075718,-0.021167098764287403,0.046658625857574174,0.0018630035644624451,0.014944364022033314,-0.0504068966033689,-0.0400446039211098,0.0602103782892857,-0.06206261313018169,-0.0011569105221936199,-0.024374608341387983,-0.001024154581592246,0.044821061967534825,-0.06616419309433831,-0.0013932234335964982,0.18445250329332724,-0.033112197103273885,-0.04986700094370779,0.21814246961146894,1.9605687690940472,0.13538391743706646,0.077211886410786,-0.14441492248235271,1.3452147850618068,0.5974081580095073,0.4693413390560762,0.326805114412377,-0.479998409215227,0.040957771299984694,-0.0032793543000144065,-0.07103292529557456,-0.0056784422782614145,-0.04357855009284574,0.015140225898755062,-0.007797640616021674,0.0064573980600524114,0.004524413304348148,0.0035278768134927242,0.17893278053601955,-0.8052818578220298,-0.06592281563465521,-0.06826525464652705,0.3515435603513586,-0.004752572228193744,0.04514894294945214,0.03053976201856806
-0.09025913131427112,0.04363241010015031,-0.04762692971179838,0.010888143530176475,-0.004106920253812429,-0.006880256296489061,-0.022462078200273607,0.14749260208497517,0.004274455406819193,0.010642425890162621,-0.04196837056349909,-0.07337887531737941,0.054100996216775846,-0.05162040036144818,-0.0005259995908402072,-0.013988673065951852,-0.0193161140527155,0.05373625688876597,-0.06095576654553315,-0.004663722009481329,-0.17955878537787628,-0.03905560627361097,-0.06617164330469401,-1.6515520018244347,1.8083003721178557,-0.34480139075053623,0.06930333024455926,-0.49688406229989496,0.04044456890077399,-0.16366804844845692,0.3175470354055326,-0.834417118415698,-0.3960373161890585,0.024763258573490238,-0.004549073312591709,-0.04547789870994437,-0.004610684884588557,-0.0414335954966227,0.01230087561755415,-0.006224051221756109,0.003087761659110409,0.007704537685279661,0.005634725775444113,0.1651306862853039,0.14346331119129163,-0.11429929689846917,-0.2757658727968861,0.11488419651903879,-0.004499539976703856,0.031191248156151975,0.009644991683638242
-0.04695104953429439,0.02791573839399505,-0.06951682410659844,0.008019516128870124,-0.01647188780727022,-0.009421573189328288,-0.02687998941718507,0.04432338249585974,0.0040630693948416185,0.0055315879767958605,-0.02705422800212348,-0.02027826347823355,0.032362731875322785,-0.054750542317633974,0.0001141471334619783,-0.016231029765200414,-0.004945405684358813,0.04412577207309043,-0.05022642210695034,-0.0231019043338742,0.16148528635422638,-0.020479058169676382,-0.12418501822176786,0.9427468130257837,1.2082545616782687,-0.2590294091797329,0.04656072508846459,-0.226719899497229,1.2494873750776114,-0.5409807544337573,0.5314685792063696,-0.2880242071197246,0.3190847520938035,0.04749701647428642,-0.004197040728025628,-0.04307454174278548,-0.00739983410009494,-0.020756505724942535,0.015312855757018722,-0.019596339569212834,0.003966439131325419,0.00013702919177353457,0.005319273396210336,0.13129403553499064,-1.6460456249671427,0.2744378460478575,-0.0477005700492139,0.31512970192319706,-0.004157133783279831,0.033293834331478214,0.02789944415659359
-0.03051987544600598,0.02636825618594327,-0.08732850093943892,0.010425650971998277,-0.01403038978391251,-0.005697772959508786,-0.03801040075376659,0.056853991431882904,0.005020655540343424,0.01307319324122588,-0.02857157430227656,-0.018288831335356522,0.03411263158769101,-0.06921887583732336,0.002245911213981288,-0.051527854567236756,-0.0010212591194904835,0.03643728454715848,-0.08730215087326326,-0.041239477904274145,0.04726096677138496,-0.022585977604437275,-0.11930521116406914,2.5135584981105477,2.3946088198869835,0.006737266067033375,-0.11486974523465451,0.6993758437948914,0.829296833820937,0.5131467347430577,0.3773164810811866,0.4707881805109692,0.32900870550873296,0.07201183923296144,-0.0061285951266487814,-0.08517659897002859,-0.023737681325464194,-0.014259281904702518,0.012966391033522448,-0.030413840308307898,0.0004014608613124185,-0.0014661077373122207,0.011853700381718141,0.11569023809256788,-0.3345610532574239,0.11950080517212845,-0.24149064411971521,0.573483986720302,-0.005072890322114866,0.011714192292973838,0.014780129379483796
-0.055423883815276485,0.025541790486130714,-0.09696340428020393,0.0070310308217830355,-0.02336944425523652,-0.00755533511412921,-0.029271845982455996,0.03361792827428747,0.004994695463396311,0.013293803454055678,-0.02523173598517733,-0.01577906572461244,0.03429231699021879,-0.07513832866670737,0.0019471293483608253,-0.04693749230351406,0.0010377398198111712,0.04114282138969174,-0.08688095394902302,-0.04278915380658705,0.1997207540836763,-0.011545285473170446,-0.12719408386924289,2.7534975788582052,1.9220016777779663,0.016965960113251983,-0.04747150953217363,-0.20669788918407467,0.27335538656632097,-0.5205901045541896,0.35751812667872884,0.4345901510569112,0.6174105769260606,0.07562324782436901,-0.005166675104689194,-0.0804051109679077,-0.01683031062629575,-0.014991460381403381,0.01869614711727878,-0.021498189527036245,0.003021478988536494,-0.0028607496302271622,0.011724947426925376,0.20836078873304492,-0.40239424026791254,0.44365991233348384,-0.15550254758582288,0.40430442459079,-0.005555409864602081,0.014634826843359318,0.01373490436534807
-0.04341290503330544,0.024337496988059107,-0.08030685583831976,0.007235259753548558,-0.006148624725771765,-0.007109224717568348,-0.022634127740363535,0.05465394956745799,0.003796367754356618,0.01663383992677274,-0.02113747858878173,-0.013949145519970977,0.035597963264381215,-0.06655700519019199,9.76553756056637e-05,-0.03348902449924583,-0.0007747532857049488,0.04195671646550442,-0.08404696613739332,-0.029284093928100156,0.31593997939238266,-0.009350082210622885,-0.1142153648940857,4.043961332054897,3.0243927728670594,0.2924907275521974,0.1741332674729157,0.33397298692795846,1.3563489368234174,0.16862272587251464,0.4242686499109431,0.6827488136767776,0.9627365145832814,0.08341208306359288,-0.0039671851900243155,-0.06951661710535542,-0.013015808825659909,-0.02029767906801806,0.017440253772375618,-0.015176722203145547,0.0033624737873967085,0.0024405651125411687,0.009645578972561533,0.33267158136996156,-0.2711772129198091,0.5988305429065139,0.06601583113122628,0.9576224883786929,-0.005263487011994058,0.04636332501053087,0.022913407585236332
-0.04753930962754708,0.026044483964065057,-0.08297997405459712,0.0075127080987904705,-0.01304136590920668,-0.010372426336187844,-0.02214061378626125,0.010382910404672527,0.0055582661897935915,0.011355711709750046,-0.022442690698712974,-0.01894630811481105,0.03637664026877032,-0.07191400509611261,-0.00012212462892354867,-0.03688114007642303,-0.00250334351518859,0.03917888565346229,-0.08562312462176784,-0.03232378977701131,0.20470144574268878,-0.010028093475485136,-0.12076152898842098,3.3542182420978928,2.2967249644416508,0.14361286968547984,0.0380507181929456,-0.3307065433379609,1.503027400086117,-0.3450229485422877,0.4105457390189348,0.517565263913732,0.5632448494153898,0.08026126394234616,-0.006126394241600748,-0.07798182863452782,-0.019538915233305545,-0.01777212195586063,0.014333704675350322,-0.01657383427508319,0.0032330476968294546,0.0010551166908799032,0.010444543698978582,0.2332275953812499,-0.49921869074936454,0.36012383675575244,-0.014311528827150956,0.3858258342480701,-0.0052179460078744895,0.0327295919496091,0.012245065508122507
-0.05751121190519065,0.025337084651120022,-0.09037486113162628,0.004700000220921833,-0.020665215706064003,-0.006716785144401966,-0.03263900121217344,0.06523841538142308,0.005519561141843923,0.008726400058214522,-0.0317059676619125,-0.015190872850220659,0.03845638675815755,-0.06760556900151872,0.0006941213635232597,-0.02288768616771347,-0.0003654650051998188,0.0519323761335658,-0.07435245927051018,-0.03290287792091472,0.16251729842213228,-0.015225327146619167,-0.1307293410028131,2.422155248974708,2.1761848503383265,-0.5365185173521645,0.010850703579688275,-0.1931361263041161,0.9154327749767305,-0.6768304844564144,0.3652848439687766,-0.39251155917996244,0.3492260985615067,0.0647282330361267,-0.003959854266626223,-0.0633375673735494,-0.010441097012057208,-0.021821723906801264,0.017671082622352084,-0.020957461087786913,0.0026082136115017193,-4.619191784226386e-05,0.008376367279880191,0.1559411503482605,-0.5173620043560092,0.372678132391966,-0.18348151527300818,0.2750399958850324,-0.005581855904119059,0.05197545901020704,0.013711696525508597
0.00549013649891288,0.026635893148423455,-0.017412140977470153,0.009998089958200965,-0.0015108561313158905,-0.007732977804820284,-0.00827994114284254,0.14497291862757875,0.008259054993856131,0.0069191213397031106,-0.011892359005468216,-0.03293308225060656,0.08074247894497762,-0.03191713404359558,0.0018739630574200427,-0.006103772466632128,-0.0057667941815768425,0.03835214296470087,-0.03203838304682076,-0.0016832210227052675,0.06484510626571925,-0.027565124292995288,-0.034199970483661066,-2.1607053213599468,-7.0954243458767055,-0.5381946971416242,0.05727922559533593,-0.3468722477593973,0.10013682002464361,0.1683024585376154,0.16724261830813794,0.01232551470635531,-1.1360549691753588,0.015136233930285743,-0.004099688228528753,-0.01965970245826888,-0.0023745000415339593,-0.012578385593410884,0.04697570263310809,-0.0024139130147307498,0.012496903036943747,0.01137453469575741,0.020400483762524377,0.2570147367903206,0.6624945756373755,-0.040474696110718834,-0.07395669211033307,-0.20774289559300999,-0.004371919009243003,0.010086559242542642,0.020330465201640287
0.08429631516357299,0.03968052403822815,-0.02763038625330661,0.005183505673863992,-0.002499078156582927,-0.006683823390505342,-0.014862542395518052,0.09415371158720554,0.008510179432899787,0.007168795995000074,-0.022552426654741352,-0.04926332570631974,0.07168110038618065,-0.04777842211047311,-0.004809033044689671,-0.011088840819779941,-0.007000241462320467,0.05081011114998862,-0.05030499142170549,-0.0057410937816600996,-0.0012116451690453783,-0.03630363949352762,-0.060825150066578064,-3.091992111414981,0.640781572464798,-0.3125441167757098,0.048700979112668394,0.21257349978875767,0.202477458765532,0.20131530993585542,0.3090314506987387,0.28289539964388183,-0.11465686792140554,0.022766435649233682,-0.006495268581432321,-0.028956931168680266,-0.004686891586601115,-0.03075383047073786,0.01431885305092917,-0.004356777837777139,0.007569369456735395,0.010304069431574683,0.010771437738813205,0.2778982659900225,0.44031048854391075,-0.07743644923885572,0.07486337953703666,-0.2649687362679598,-0.007074874616591604,0.03940339113282715,0.02132991623142862
0.06141916796654288,0.04204443375615539,-0.024936040076675967,0.006128321142123023,-0.0019307178102184437,-0.005218029406831816,-0.014561423188637514,0.061127007651700746,0.0075098736309027955,0.007061844284465634,-0.02547140359254188,-0.046401764736384604,0.07130179819288396,-0.043426744915997746,-0.007647237004646358,-0.008941347662760498,-0.015368480626946072,0.051766215322261125,-0.04117433029306347,-0.004945438865565068,-0.007152421633580272,-0.03671924382790159,-0.06190353915499869,-2.6302857411568974,0.4556897558008973,-0.3251090167166592,0.03274333328417761,0.21274919309618792,-0.5004028719359485,0.2528360277917306,0.24882962711221998,0.1872762211446882,-0.06914593721556006,0.021935621628533554,-0.006501470081754005,-0.03123854009426965,-0.0048016090613698156,-0.026325642122249387,0.011637789287518605,-0.00299891540758716,0.0036418694226495662,0.008445924597467241,0.009911468597656086,0.27965623827684677,0.17719888312630308,-0.09689250746880271,0.14016198224101706,-0.46951477230767763,-0.006914061105531576,0.03555756835892652,0.024452073092106744
0.07783034734206054,0.054020576539598096,-0.024451679224658813,0.011569686581475216,-0.0020706046332773067,-0.0060702690047385165,-0.016488048866607114,0.1326166628335408,0.008757125542109598,0.008808240877548935,-0.021105739468471385,-0.06670487565233821,0.0679725438479689,-0.04619342244023393,-7.562546745794319e-06,-0.007829809831851118,-0.02273332819196093,0.06697722182863479,-0.04343211924600118,-0.003001098982117895,-0.09224579772419862,-0.040542391337104224,-0.05919001533102478,-0.5649810028394967,0.7988804323886787,-0.028629935117764016,0.1371479744919824,0.4460407177330072,0.30807664808545665,0.3728197603302084,0.5130642894165216,0.43568318255638,-0.41009501526040265,0.022162502799751505,-0.005790387385329843,-0.029900437400004636,-0.004835839986302481,-0.02965706978653407,0.014656890204064896,-0.003165113742150189,0.012293582732099463,0.005817547016199681,0.010062687133835072,0.2089543113036441,-0.2803710291153781,-0.05301001271384004,0.6155384305325373,-0.10100022662714425,-0.0062764775999808045,0.060594787435905996,0.01994310689706213
0.07626989655667937,0.031324583585036196,-0.015727105908255868,0.014173837072708686,-0.002196130562921474,-0.006217463820312079,0.33325441619470003,0.1510601022354012,0.01281245245611113,0.010676934787921522,-0.011457017979983239,-0.01888143150562424,0.13040445002205397,-0.023937406500478032,0.004370578998406625,-0.00425001919576341,0.009291262274298587,0.04079668121820741,1.2504636259327087,-0.008249064465520387,0.050587258352568554,-0.017831168448555746,-0.03309702641060504,-2.2569875019011207,-5.772983661458908,0.23125117907137552,0.4029496392835709,0.3252759506907715,0.6109878604304464,0.2874167045661796,0.26731979216679075,0.8703176250929194,0.3779031239357185,0.014050943333640376,-0.004401709675593493,-0.01765918877086756,-0.0019285918849472402,-0.016044207692443708,0.040630283433527446,-0.0022912989060335145,0.019578984570525485,0.008137498706306328,0.023004442213702493,0.49053012855636735,1.8075594935956287,-0.021961165567218326,0.31804734107805877,0.457362767611298,-0.004330081793322307,0.031386536561164524,0.03610965651072504
0.0647539400977453,0.027215748768293795,-0.0641802006814529,0.008777009033678273,-0.006387932499858512,-0.0033057885600565593,2.7494094689424005,0.09187648124802103,0.004761332358948822,0.008304534522880956,-0.019826291929184333,-0.014623242965364271,0.041594372769825944,-0.06050617851019131,0.0020050973243937696,-0.019238573904827173,-0.003503421877191601,0.011918371351349911,7.4022175489553135,-0.013748425354617273,0.36841922770951085,-0.014757090907752983,-0.08662934652805324,6.005597218400998,3.8675469843146644,0.05794602191870368,0.5950792485054266,1.4796805434374922,1.3386915414948026,0.8850621330005071,0.5207941356368238,0.6351619078777577,0.32475922767917836,0.06395205707378404,-0.0036422356444703497,-0.063387301534015,-0.006472790085365079,-0.01605084256286222,0.019713227703772825,-0.011513707139800341,0.0018653463161472168,-0.00200042136397808,0.009007043872741259,0.13605479340348808,0.1396212096019395,0.04215362726587561,0.45547010134328136,1.1042930841664478,-0.0045132311740926565,0.024392674380341733,0.026420279885660907
0.12836210520904306,0.024218434090150176,-0.017816993526931717,0.014320204251135267,-0.001985914759440471,-0.006150679506736703,0.38020734961524677,0.48729635589795117,0.016568525504408238,0.01184628604063914,-0.00964452454653031,-0.016140250464578742,0.10661401436392662,-0.02839793941764672,0.02121895912577243,-0.004737080394591929,0.046130807978169874,0.03863333658596441,1.5395496660649484,-0.0014172842034249496,-0.028594161366294044,-0.008990597657228655,-0.03488542643174917,-4.050087614333271,-8.377261640080096,1.20072224066917,0.28769818975014877,1.7024367941492649,0.1955476979411643,-0.1380467214832979,0.19844971664198716,1.4950074645548561,-0.24318001843869727,0.016752966766393727,-0.001991581799626914,-0.019651313858475655,-0.0026561853390092817,-0.019290547592202983,0.06385213829243404,-0.002256837112091049,0.026554185495377147,0.00807666130238878,0.024215856733457605,0.6192282572658767,-2.6367322182628605,-0.033527742457977835,0.18265712898162034,0.5692246490321082,-0.004633159218978496,0.029037297827171342,0.019911598074377444
-0.14728549421994927,0.03917360953793774,-0.0248404930329379,0.007213127632758193,-0.003082422249297503,-0.006623696380882919,-0.011459057440701192,0.12638930451087516,0.009902133395787854,0.007065184569917473,-0.029784991429394562,-0.08815027205036395,0.06052166015835747,-0.04665880253055902,-0.004485332449253636,-0.008303824970119035,-0.02452259020707162,0.07031383478765654,-0.04913657322177228,-0.00030516168787298397,0.0024933253621851614,-0.037618673254644144,-0.06434331296695082,-2.3432478406588686,0.05499294069621681,-0.589306000274684,-0.07380443372415471,-0.6191526914050189,0.699508068249984,-0.8446432617441322,0.2913489559780422,0.04238262029615304,-1.14571544028877,0.022123314994342114,-0.009566527235144064,-0.027573763200580376,-0.0038919961392812367,-0.03773418664437748,0.012041578343369596,-0.0030604256394406925,-0.21779959527966108,0.002300490552674468,0.005429163384481195,0.25904275624500145,-0.30185441291210763,-0.08239246004104506,-0.318683932279975,-0.22367037899087747,-0.004957571393223153,0.05519102383834654,0.014725538637911489
-0.10682300105233974,0.03179233354370024,-0.026739627847460583,0.0038838735659938273,-0.002549247756605186,-0.005604639671901846,-0.0123745541502788,0.10315677012924794,0.007616678896306754,0.005964003941488891,-0.02864462092768002,-0.04574884667487753,0.05714336452610665,-0.049189873236105436,-0.005873280786539431,-0.009792758237954934,-0.01846427089807159,0.05222381515146445,-0.04175183241235346,0.0016723265938954404,-0.14421252845296909,-0.037424370694506444,-0.06349042629208126,-3.5647237530917466,0.6310142797158544,-0.28796643032728003,0.138229133643096,-0.5150290548079826,0.26318194283152446,-0.7010863909095082,0.3710768542810061,0.23910081042633521,-1.3823084810007082,0.020051125989491575,-0.006317623423621779,-0.02925502365163339,-0.005159398559300199,-0.03418771121379789,0.014105419285592717,-0.00350521448513245,-0.1692855095704217,0.008564379108240582,0.0068087357622439,0.23734844824237555,0.04857498233611475,-0.08258770466585429,-0.24997528910379524,0.1913163914637921,-0.0062913677406310825,0.04792557681361912,0.014759796609256484
-0.06122727263809335,0.03795389494444697,-0.04880700864802655,0.01336214534073442,-0.0030256746357195303,-0.00508133265955291,-0.01607008866578113,0.10424301932109531,0.008594283148906286,0.016996714903777743,-0.04114305362157529,-0.07523674878498375,0.07404186536564712,-0.05146107148885018,-0.0018174064206226376,-0.013279412737259194,-0.022117282933336035,0.05149701821475749,-0.06011578626825341,-0.011955733365155317,-0.07949413521537595,-0.03261271263081287,-0.07023757748535772,-2.0118777782466712,1.785699441663883,-0.5915967706430995,0.18102356578589657,-0.3380848711814431,-0.6150101661112886,-0.22596610450276813,0.3165068716779833,0.21568797567776551,-0.20167785558443455,0.03684983068934718,-0.008277747685481984,-0.06705527282558257,-0.007118948550575411,-0.04947728490674286,0.01567538855477989,-0.005770005258757035,-0.07467149285673526,0.005050293006574062,0.0069787729355786105,0.2928469287377771,0.4097632058079766,-0.12716602353003273,-0.07205249018873403,0.20473748619427876,-0.004669623128809597,0.040194148017773816,0.012130448351710234
0.10209080990543559,0.05693556534829419,-0.020993973180871674,0.010538493261144352,-0.0027311375015695908,-0.005680306214226128,-0.011622004537064707,0.13227728918249315,0.008831660837084022,0.007445862799782418,-0.01772766865053773,-0.07315333021828566,0.0833078003341078,-0.04597583794232726,0.00037860044702279133,-0.009544495266937396,-0.01483828297049259,0.07134772487441186,-0.055269272729032835,0.0017285484002181016,0.046328649261211795,0.6508475283403566,-0.05779485542565302,-0.9520073199178981,0.9343064779439779,0.2223471446971359,0.10643427576432889,-0.004086767046322956,1.3614140506376275,0.08738659581305998,0.5032192758313411,0.4310305773079479,-0.1472972422673145,0.023755169359104437,-0.008774415718238254,-0.027177551337901427,0.11654775852701392,-0.037480767389282146,0.019040110984357,-0.0027708976437166807,0.013449535093154257,0.005222326066641806,0.006515560394658417,0.16741455447906495,-0.11591626521713892,-0.0224736282470669,0.2542727231091785,-0.043731369429458766,-0.005109158262908562,0.02884940791573947,0.03325483054260226
0.07616520753550311,0.046698594949033785,-0.03380255563736383,0.009714257489504358,-0.0051630629176607655,-0.004255161129241565,-0.01538682949220972,0.11671081845193432,0.008797423992584272,0.011144839388877979,-0.03155910722169106,-0.0287586831535815,0.08158803195790643,-0.04724648020468949,0.0015248926714429784,-0.00434293827231275,-0.0024451562157599485,0.07403789868808344,-0.035461388256083796,-0.013570563362164712,-0.07370312901037801,0.7141630914166193,-0.06516657484255589,-0.5806776395933378,2.487257852275159,2.145595388062457,0.3580836064092988,-0.09006324622147324,0.3109715553493052,-0.15124766134745812,0.5375713146313666,0.5766285594269576,0.6691929549457023,0.03199347958921012,-0.004112447246434037,-0.042383769818225295,0.19776553564785904,-0.02304690299211291,0.019130595767128975,-0.005475114268267614,0.00456323326186204,0.007041081226093248,0.00813272922774842,0.12924243938340996,0.5645836223254592,-0.07877988491933993,0.2397215528049276,0.5941723963667244,-0.004808768696480497,0.04239676343049375,0.027763169301132613
0.11211636362788012,0.025382877909169755,-0.10766636737999975,0.007037390633530095,-0.008962801399933867,-0.006830536027278479,-0.04656762980142551,0.0492406743818779,0.005597936010796615,0.008856332951878449,-0.025446476531831467,-0.01752523377718963,0.03891131944999318,-0.08903469618931376,0.0012217954607123185,-0.030814499574090586,-0.0006872749619576586,0.046665157876559844,-0.09073156250678305,-0.028853181662922098,-0.06102988638796437,0.35273505438941943,-0.12346450693636295,2.7036215310101426,2.0622597082453757,-0.08374491352807358,0.0590801957473454,-0.3839232240274076,0.17158481288935837,-0.7860550196481673,0.3518564424723482,0.5600769620041545,-0.25735190736523084,0.05535503666966232,-0.0028581153737862464,-0.09818543479921464,0.3372418398929348,-0.02455547458162205,0.023889603453541065,-0.01402365577478116,0.001659038134216043,0.0009798875961540853,0.008521056930664461,0.09210327216922584,-0.5941233730553278,-0.1519373054273839,-0.12158079905322168,0.4004135353829233,-0.0053086226792949855,0.002183547932320549,0.012939795335782597
0.0784062596442301,0.057868466071120214,-0.02446031381993834,0.013896386765103423,-0.0036488164095022225,-0.0077096726640613275,-0.013241844960188267,0.1705715602584263,0.012367153907849699,0.0084219129737195,-0.018542854263303724,-0.05272607782283336,0.1261357285731187,-0.04956689665472286,-0.008488372157907325,-0.0059061789272939515,-0.010786236473756566,0.08891155773960677,-0.05562377672086232,-0.005117858005888891,-0.06266116579961653,-0.03338151072763053,-0.06442747342087614,-1.6837188417652778,1.9294581612607113,0.18599521953230894,0.32692270096422077,-0.2719946242968247,0.8670460155485455,-0.2958588166184226,0.43577488963546324,0.3985847834214413,0.2317347098383552,0.02361803567593696,-0.008343282809695374,-0.02611081911155027,0.17774461156340343,-0.036283483210090305,0.019407552806026043,-0.004364340862102055,0.007394598522045505,0.0053866790013855055,0.00879100595291273,0.2006227539490915,-0.9259747347337048,-0.04824730744643827,0.28226185817340016,0.1888244834859818,-0.0067848716452702925,0.05704533404473694,0.04431805213784269
-0.05687110783189589,0.04488093049899225,-0.02516320923031119,0.008459516066983266,-0.003640388593150281,-0.006296329515265926,-0.013160357688718208,0.13533776052865285,0.004229766634831579,0.008944325778273957,-0.03197173211164327,-0.07218346962466486,0.07798775755894675,-0.04575936226006358,0.001061733731499405,-0.008209747487239233,-0.0331553914856748,0.05432144252664953,-0.04487473304137935,0.0011367228927386273,0.09877532666571608,-0.04242385048755417,-0.06527762874849966,-1.289688996858556,0.24079739777939396,-0.07356277239347417,0.16179603154509628,-0.48333998111487625,0.27031405074825304,0.03313073808767564,0.3342807942834791,0.1206923315467375,-2.7098908906258568,0.019831819895734775,-0.004336199982428038,-0.02700297805789354,-0.00379675918967372,-0.031333673245428004,0.013761109442053443,-0.0032873087767417027,0.008611760390615607,-0.14029581301555877,0.0037027541031658096,0.21168736627292023,-0.47629604658313274,0.2230501052660546,-0.07602943740957262,0.16125167912921537,-0.007154065726044566,0.048984679008994884,0.020923689142112685
-0.027794395848903745,0.03779824374556647,-0.06540949155040567,0.009731349238831597,-0.01721639019415936,-0.012331389540420278,-0.020748857498400067,0.07499023846391918,0.006203823463084633,0.0167094763104809,-0.05005505668327215,-0.02561365224314278,0.05831548724183972,-0.08049367780876883,-0.00550447593997791,-0.023495111889956344,0.007633110575876607,0.047279818923467505,-0.0679687784659713,-0.00371700627141466,0.06767878644041773,-0.03034161519708933,-0.09225658131877365,0.6004554968647023,1.985444253989445,-0.14413014993118287,0.018979938607796502,-0.6615481594752267,0.29089541641266115,-0.701043932710685,0.3175622236133563,0.2610181622410664,-0.9236346297160829,0.05238136194583447,-0.0031945112382796674,-0.06493599082835728,-0.006968696285340946,-0.04036410684341136,0.006447166475531408,-0.012763647909302027,0.0038700844741669485,-0.07558114298042805,0.006133874073028505,0.18522599561421957,-0.5317811145163034,0.5034753439408324,-0.052592745742550844,0.2936906340063965,-0.005715486599305667,0.04810532427835383,0.02272349110411438
-0.05622085188989822,0.04835549912621545,-0.02795056564691032,0.012008801271133894,-0.004448279009937956,-0.008892386601280817,-0.01333890341276747,0.20126800711666287,0.008269840061324677,0.009777198393529536,-0.030601421210184616,-0.05472716815362394,0.11351396520441218,-0.053269224806193956,-0.0001938614459875911,-0.0115110765763199,-0.009080383592798785,0.08015557156632475,-0.05316506885291955,-0.0014161220821385396,-0.05611444321746588,-0.04345550897919503,-0.06610595127673737,-1.9304583014761607,1.3903325155641406,0.12003173750910395,0.12592196696477734,-0.4995346708328419,-0.06018714974824469,0.07884574295081927,0.2824410545585204,0.2570929402746423,-1.0931972338021636,0.030612711278500293,-0.0047869595872676515,-0.03344947362382502,-0.005970237104659774,-0.03606010619214958,0.016015983397695565,-0.009696275653689152,0.004604944456995991,-0.10875103304636473,0.00859854716841312,0.22925464397391132,-1.1955708495108652,0.2602863045790768,0.06780913427292344,0.17795937973627923,-0.007592743816211639,0.04392822143660276,0.019211281133906275
-0.05948732623556387,-1.424819730496337,-0.021236612242763027,0.014978448341050487,-0.001923193596594501,-0.0034329004784872615,-0.012661647435376077,0.11731484986559595,0.008234345582911234,0.00653733950196357,-0.02323052059081991,-0.047927607393089544,0.04810959705849946,-0.03734088224211758,-0.0057269281413981415,-0.00877542861361953,-0.017231498291170436,-0.11152400110722788,-0.025965888930165226,-0.0030288371680593424,0.28198040480293246,-0.025121773440790703,-0.06296338486957988,-1.0586216975365446,0.19667602986361352,-0.299188278317823,0.2647036210325451,-0.3819482205548959,-0.7345278990621974,-0.28662076014918236,-0.8887721409389626,0.11205125035860702,-0.0620565263085955,0.018933598445374553,-0.008486976706183532,-0.024293424722907478,-0.005810595385032248,-0.05672967384931341,0.012970247173849894,-0.0033290121862018895,0.002589693779882475,0.0027481314589674283,0.005358000240070278,0.28364801063189815,-0.17241505933144327,-0.08958206909306253,-0.10044311319059285,0.30763834511548604,-0.005590911560371001,0.055190831208914416,0.004030985961090448
-0.016537604160291767,-1.7586049614812451,-0.02401457096880689,0.02374361170409734,-0.002325396900992876,-0.003459942548478614,-0.008366790048609008,0.1466886122731693,0.01033942756004284,0.007259327453406654,-0.02038780847047234,-0.04965446784054443,0.07002485275516644,-0.038254015299260966,0.00014422964544916078,-0.0072439704510852245,-0.016887604213224508,-0.13786550267120065,-0.028653854099605535,0.0006484351275660445,0.3231508874554163,-0.03193843995734632,-0.06377176683683444,-1.160610065950766,0.8138442259361334,0.01931934951891502,0.4623965962213666,-0.14871846065495817,-0.3693080637531874,-0.05149119149656306,0.2948468393631926,0.05371837654947573,-0.001575686095600019,0.023271732190031463,-0.006468444180620141,-0.025114953992931847,-0.0050058745866875115,-0.04455884508346839,0.014157906298719406,-0.0033919267527327893,0.002978635190992598,0.003213023447629891,0.007934145980634768,0.3594117503152914,0.4985863548821637,-0.09634346400494001,0.10858918824752939,0.6843430023451407,-0.006797786268472808,0.0504066813987765,0.01938615880957027
-0.07526604940464296,-1.7003317736984438,-0.02486501005304563,0.020543501429629654,-0.0016670232955375117,-0.0042824388012399715,-0.00944199582122276,0.13247700955535477,0.008510675230040109,0.006188917395648415,-0.022094399221283523,-0.08418658902507394,0.05450069947752601,-0.03742564895856114,-0.003742481915734011,-0.010016086796941338,-0.019089789400635528,-0.22561079303913997,-0.03564481278388804,-0.0035947524424172587,0.22732338701063445,-0.030144959388459767,-0.06181442310738383,-1.1078129375491435,0.18442499978684285,-0.26687696527398097,0.2444001014874453,-0.32929501138344436,-0.8345185760443699,-0.32186911365305004,0.2562805323468286,0.21796739124558118,-0.02733211580193691,0.02571977507521625,-0.007675847489523361,-0.024013500058142956,-0.0047435945721676556,-0.05126063888191504,0.009385899061815221,-0.0026725353446442157,0.006658062463573273,0.0035914394344941417,0.006765157854965969,0.2978383805982869,-0.26968676586602247,-0.09760978701129944,-0.04978308226915571,0.26613888243031036,-0.006468575298811763,0.009053743021595879,0.007872008160794579
-0.05781359400601494,0.024505964187958768,-0.09094932657754039,-0.007740884832992546,-0.00656235669460354,-0.004759863865188151,-0.03785254400179745,-0.07000758925133667,0.004313351257247766,0.01498781923818123,-0.02639675701185294,-0.015187801595052158,-0.5652879788985922,-0.09156879683362146,0.0011186726625216127,-0.0024242147327653623,0.0015717457363495675,0.049373487381253585,-0.09195126732152271,-0.03530701641736857,-0.06175527688208454,-0.019023870379188266,-0.12705701172468337,3.1463034110697046,4.568162781213831,-0.3254167068684516,0.15758805296463746,-0.27398710071625604,0.4906886370821106,-0.10852465538350349,0.3972304174344362,0.31796479612858813,0.8063644942124832,0.06890565782364852,-0.00373625324294523,-0.08086840127735116,-0.009305540340244896,-0.021312541564085626,0.020745433142092172,-0.008848276494994246,0.0024576703601827026,-0.00031933661544187827,0.008085553703428542,-0.02938386719705692,-0.3731850106342287,-0.11885965134106412,0.27780297231990464,0.3758678573579518,-0.0051371046816157655,0.012025387156601432,0.02069315954635816
-0.06541864725957788,0.049315481993131065,-0.03980137662360696,0.01019709329640287,-0.0040066673424663905,-0.007627445591598964,-0.02263308671691423,-0.008600584279015139,0.004594312220750516,0.009025103139688401,-0.04185560423984513,-0.03337159902553546,-0.9493752176097667,-0.049507161652950306,-0.0018227703622875982,-0.004225428133511077,-0.009583221015889468,0.05168159202124986,-0.05728787726447312,-0.008763227848761346,0.05020363042004581,-0.03264835873658938,-0.06609860249630357,-0.7698451307334527,1.9136382795621791,-0.19233884202826965,0.08817614410421283,-0.031776077622588564,0.6708704409799979,-0.36605968562660496,0.588170474296423,0.08940676547641942,-0.14365132905626354,0.02412870303195533,-0.004500129163319644,-0.04128741801911372,-0.006738181729141246,-0.033473307689375606,0.010397305968603481,-0.004677957320961735,0.007805138901208386,0.00446978268872024,0.005474250018765103,-0.07809193072892108,0.2363481706446245,-0.07338859137969896,0.6579280521679248,0.15991913526180407,-0.004713745734196595,-0.01815614262271817,0.02124891578012419
0.07491581830227297,0.025532546302775676,-0.03301271157312541,0.01157483016303318,-0.0019618296326271837,-0.00455881798305827,-0.00879383081145909,0.10899424309348385,0.0014132389114512934,0.004762095436672421,-0.011629305623805965,-0.02045764546870001,0.040224571186014135,-0.0313115017169405,0.030138819855872828,-0.008308406058167175,0.013640105714666548,0.06943039399939768,-0.030429864962105944,-0.005504082658258427,-0.034668925651839363,-0.017789595668658984,-0.05659477517870827,-1.6430989262582674,0.4590756075864326,-0.5936737510120446,-2.1787712726052266,-0.6064483542342128,0.23374286589790735,-0.5059409136141801,0.08308595764682995,-2.3711007949948404,-0.11668353892457671,0.026005742292376007,-0.0026936281674490676,-0.027156906222450542,-0.0031333148167811335,-0.019248913875436268,0.009182257836522274,-0.0033472718857028936,0.0013974384497328681,-0.0005127450685326739,0.004009986259046413,-4.072562798018985,-1.6313023060747736,-0.06819198546242979,0.2236299088873373,-5.555722649296118,-0.1686739104998688,0.05060272379007596,0.009594410101493235
0.05524852734804338,0.03289368270788337,-0.02985754131520131,0.009298133475455899,-0.001625450434406763,-0.003985924270163105,-0.011950172618587659,0.03364872225444148,0.0034898371220803267,0.0027780577427243334,-0.013605705207124546,-0.018457379019490627,0.02437979752735812,-0.022856037254927047,0.014722684099480072,-0.010664122096491013,-0.002359579196268992,0.04681917005082038,-0.023594273250452203,-0.0029635757886128117,-0.0571466618080763,-0.012848857049180288,-0.05307007834073862,-1.1520544656297784,-0.44400786160168404,0.008624984445038885,-1.727310018833956,-0.39058435381437384,-0.3016791293958407,-0.38572791467764134,-2.2073945865225135,-0.01785083109172932,-0.014964985567772683,0.024447195230918102,-0.0023795035507262812,-0.01975326842036346,-0.003175780473549107,-0.016697457059060283,0.009455070541349662,-0.0029075295256019177,0.001707296744182854,0.0036795979438666616,0.0038680290556161205,-3.09761984954258,0.18425289902217654,-0.058244223165570395,0.11599992987628266,-4.958825443980854,0.16048408957228807,0.05510422287611323,0.011419479835327982
0.055076458296921586,0.03696173880367752,-0.04752083716303684,0.02871554904877658,-0.0032390603935311436,-0.011607253724245772,-0.013211735433107006,0.05770322257666809,0.003974627049880993,0.006088639575250547,-0.014087004564435299,-0.016918612776452055,0.03594095800007201,-0.04088061288460886,0.02601488170693154,-0.008758457192373014,0.011573423777139156,0.05433039898744786,-0.030397826732525526,-0.005781991667007947,0.1340918498037869,-0.02288269417075679,-0.06414695508444616,1.0582347914583663,1.2795001373214774,0.2510660597401029,-1.091607120417006,0.767264735577168,1.54964629266853,0.813231882458608,0.27314397993387246,0.4236352113453377,0.0892586242915292,0.07631769603635186,-0.004550806319263229,-0.030547656664485764,-0.0031190621704713264,-0.017824107420294204,0.009017357918134062,-0.003625597493634125,0.0017134548824356158,-0.0032426925494077495,0.003965173088140352,-2.088553340171436,-0.48346239552377734,0.2351392810535844,0.17144831958621037,-2.8429931119132994,0.19654551786594568,0.07426990484619629,0.02496630194717413
0.029339708225273483,0.06152144852258641,-0.027011384304710614,0.009296039085662918,-0.003380392052527231,-0.0068534222847563345,-0.014967201972146255,-0.14563717828208872,0.008559173837569479,0.008186118049593613,-0.01974698640090028,-0.07277829920152523,0.12164686927890424,-0.04945534146850012,0.00029301710601007427,-0.008973578263517464,-0.024944546507915954,0.052469817682923865,-0.06997488175971357,0.0017960900368616634,0.21571672718910292,-0.04060819364873718,-0.06562064690445302,-2.1388549419510965,0.5976538463259801,0.014667933391255869,0.14524700180200564,0.19394291281506662,-0.0441161015493565,0.35250237833328435,0.3003469385933276,-0.03060588219041951,-0.12595376154405644,0.02377334549303907,-0.007134032856973997,-0.030067815624693458,-0.00396117546910936,-0.053072746290877215,0.020574109395892142,-0.003871516966944117,0.007436212615457118,0.0038111233982509275,0.006417031411195578,0.18143995248881778,0.12557990034894345,-0.10066122314425109,-0.07390981041843647,0.09164909569561405,-0.007147205145277219,0.04511605289766026,0.03988723282432476
0.041432210279948437,0.05368215959336567,-0.023577116492947563,0.008543355784240836,-0.001758378453918021,-0.006343484017455207,-0.013171924495377395,-0.18501606614844898,0.00538531890295623,0.006259455670254893,-0.02106013318115123,-0.09564785828418199,0.06740869000638754,-0.045480259878125866,0.0013896189254219563,-0.009447193049134259,-0.020021457185883464,0.05721210124842145,-0.06286757071214812,0.00469582892015825,0.003187652171031199,-0.038718704846128646,-0.06344874144103488,-1.7000718994099235,0.48003245251388893,-0.027556720634679097,0.18471382482295173,0.31877201231943797,-0.48590252426498626,0.20118599357110253,0.3049583160039228,0.3132506348361901,-0.37411790387939153,0.026193417557842377,-0.006744706808096153,-0.032870378511559724,-0.00385060850283034,-0.04162493744700002,0.020194132950475664,-0.004661721250238075,0.005232269309774812,0.005221308104940549,0.007348089485828469,0.22285027017175066,-0.6082611759462687,-0.07727798330016356,-0.15079476931529276,-0.0280588421893249,-0.007279869649827511,0.06431267647613359,-0.20415172942142024
0.03890674628543495,0.05041808923278224,-0.02356264324361776,0.011082389515051059,-0.00364798460991642,-0.004996640170619113,-0.014020466079613655,-0.11347427586833032,0.00677087686244339,0.008403389891805684,-0.021544961486888742,-0.07989837733558695,0.08136775537027531,-0.04734618148512966,-0.0032624949384716015,-0.007104519804524254,-0.024881033815373033,0.05473819371762688,-0.04832168282815264,-0.004766187525716603,-0.03379320313407894,-0.049574669789481676,-0.06351409584674506,-1.2337927985021073,0.28513809374298965,-0.4039878426131867,0.14106682626489553,0.2396299111584785,-0.09331844161944512,0.051732784855724204,0.39279757850137015,0.045675769947903594,0.4022405462311123,0.020096647152747203,-0.006780113391255664,-0.030067312698556843,-0.0036984112867620217,-0.029878823721207353,0.01980637711836899,-0.0043609227817435915,0.005204979224294585,0.002832631835307836,0.00665897890076516,0.18553958447704577,-0.3402050616986334,-0.09650253730275345,-0.16263254688245868,0.08698838467603184,-0.006445259989411567,0.03515605614593698,0.029460340002100634
-0.02860590187374026,0.06319160634558714,-0.021327675689290875,0.020327661604928715,-0.002412935501826687,-0.005892347478985253,-0.013422651089354792,0.15000115806116682,0.010855734982076285,0.01142715803532741,-0.014914827440348305,-0.026806658023811603,0.07162224570561843,-0.03290049520175313,0.0008153042381860642,-0.0046098074041901515,-0.006597570258798648,0.05030027247322675,-0.02111819760728492,-0.0028946870136125086,-0.05880462327429261,0.8748928009523492,-0.04902923227667866,-0.03743163144020898,-0.7178056047213982,-0.1021746294344516,0.40998802462717365,-0.04219437268492831,0.6638189344135149,0.3076305247630884,0.5281926538425865,0.4246896394220616,0.31799737024040375,0.0168411561437512,-0.00523216103494259,-0.021461028835714446,-0.0010234156375034313,-0.01111441463606198,0.02779137752312008,-0.002957500607446818,0.005841182386857095,0.00992996146790641,0.009994962158532782,0.35278387917937115,1.2104601839370173,-0.03854687351907225,0.216211310002114,1.075155822904375,-0.006709402627654423,0.17403728343612637,0.060525311156461425
-0.05539987883839511,0.023533402061970222,-0.11851729319949433,0.03427798994138166,-0.009231613582039253,-0.0047381795859226875,-0.04862430539086933,0.0459520908935603,0.008292341385801146,0.021226345760381436,-0.024563309067551848,-0.017553270044622853,0.041788010717478945,-0.07897255985523072,0.00040712212557005375,-0.023699432870357376,0.002443246554698298,0.0384761343427025,-0.07340486232340025,-0.02176614613303247,0.011405333309063589,0.3093009150796148,-0.11740249646923955,2.1184902447665475,2.124440177385524,-0.0073810676555675385,0.1339704386289828,0.16404307282017097,0.5357081703993648,-0.12561213565405852,0.35479989584825955,-0.21744529917712047,-0.1719461845502078,0.061208520437298304,-0.0029710172358094248,-0.08259433788346694,-0.005550907230567448,-0.021254133480931144,0.021629269763856304,-0.008938794078405822,0.0015789509793002945,-0.0012162742578854173,0.006950277556449673,0.12424349281973175,-0.11220270471441522,-0.10344039689339248,-0.008591120813103831,0.010372759822667896,-0.005705049742612708,0.04383545420283387,0.014189126451515639
-0.056105303923395196,0.02445592664751391,-0.11392706069473679,0.031376809375005296,-0.00842744637234703,-0.007115234299232996,-0.0430773388256625,0.023151472203051082,0.00793613601162527,0.016447800077267545,-0.02473813384592319,-0.017860097297715975,0.04274139492978125,-0.07698142270204307,0.0006550902848863805,-0.024189810511152272,-0.0008280046557326275,0.03852592386375902,-0.07841303346667798,-0.015391607692121107,-0.011447939863600716,-0.020090304735874746,-0.11709361771350067,2.0595380454205454,2.046723641814648,-0.08885917355935671,0.034668440800078075,-0.08991608637502763,0.8572758190380616,-0.16070249858466057,0.34885436264949515,-0.49342383730596434,-0.3090080632385697,0.056506592929304614,-0.0032749167776854582,-0.07897178159350926,-0.005735795107450545,-0.017062938730351675,0.017431163460068646,-0.009852626769211954,0.003000570712642675,-0.0006754463860473845,0.005126679386672704,0.03482267969617275,-0.2210749435457367,-0.14184665019591217,-0.15143844849236743,-0.2152622387742656,-0.005699036091779396,0.029707275726551706,0.020778788364719435
0.030803703246610574,0.024567825193770397,-0.05960217302839532,0.010075370761752364,-0.0044487384443064925,-0.006639725080807556,-0.04428310087544242,0.05818823747043928,0.0038440060437212637,0.005775069632578107,-0.016181150575674326,-0.0230072905977181,0.02732539148506225,-0.06480378459006648,0.005373032193197883,-0.021589652091170614,-0.0001298192726183909,0.056622365144606626,-0.060242972481593576,-0.013340001530411563,-0.09238270735266824,0.27915682688217974,-0.10322051057794072,2.0850942389089404,0.46623481817954704,0.06499386486682253,0.02018818265924072,0.441459947027546,0.21173547849315635,0.04772531438497013,0.5333088705496297,0.19865972244628807,0.469512489577487,0.04110491133989864,-0.007690355386394053,-0.048730590051131596,-0.005875409612152625,-0.022220553443225082,0.014801521677981455,-0.01350100753816972,0.0025601291625600995,0.007572435387687786,0.0055755566631615384,-0.6739367276318248,-2.081842657217518,-0.04987327300186861,-0.08901331636109017,0.32367718640050497,-0.011389149634090354,0.6490898533008967,0.03157692525876102
0.027443809857291508,0.022694509949503706,-0.08702162258710576,0.008284661625955534,-0.009251964230792642,-0.009349192966222325,-0.04069126670219005,0.05474861516954458,0.005286158118662671,0.0189348859100492,-0.02005430802265701,-0.018710853767994418,0.03304833167747661,-0.06776342153311253,0.00556974754021131,-0.041196797166469505,0.00020901815960106684,0.07054479194113669,-0.08079597911427536,-0.023649505078851142,-0.03785893657894075,0.4242149723253609,-0.11128981626634295,3.715922505353183,2.706295706633073,0.125648019729466,0.13238437553459223,0.41389553071954055,1.199493260647427,0.7393729720718941,0.41814290821416644,0.7007990504400187,0.31854935720175964,0.06529567551152257,-0.00427931779059544,-0.07079792524129638,-0.014327411204584445,-0.021845460390187442,0.015145164379127668,-0.016423308148821952,0.002274026463020601,0.005317140701654099,0.011827192553974056,-0.6492428974065906,-0.2632878087692274,-0.026898138056054673,-0.08339170378500264,0.6173455941347589,-0.007992405893835396,1.168363361210738,0.025663131850806754
0.0310017441653851,0.021171744444344116,-0.10784599822369004,0.008937928131501703,-0.011406956938250994,-0.00896888043124288,-0.061947165950424134,0.05010399744969517,0.008913394176013553,0.007773667688202986,-0.025172555866733042,-0.0168534418581496,0.03633162537629951,-0.09512118364143966,0.004482858793004642,-0.03130717404942945,0.0020870199821090936,0.054106918983939434,-0.10349100600678376,-0.026816364219106097,-0.054307503220949585,0.33994935149668476,-0.12730705508667825,2.1744116678623344,1.8792827209156937,-0.2332316844678164,-0.13954280789847473,0.026598676625787195,0.1400220560380648,0.3327715241851111,0.3328674376331014,-0.4565579151300826,-0.1621605805831857,0.05747863269479167,-0.0048711211968041745,-0.09525047676138945,-0.006562521260805035,-0.024007473878556746,0.01762713812763161,-0.014225580821965952,-0.0021530638154148626,-0.0012188031414460544,0.004548688532368861,-0.7057818214976013,-0.546608821149869,-0.0841944925993658,-0.25758737374504914,0.2297385763990573,-0.007746994856798714,-0.034259550887430025,0.02352823363907374
0.030581358372545164,0.023875996680281092,-0.1028902636025175,0.024647896381320533,-0.010890510450878906,-0.006010991788463982,-0.05781676381707583,0.05317615119893214,0.00564518798031569,0.009415358888298793,-0.02326812045980164,-0.017341446973403254,0.037714768013238927,-0.096396502703873,0.004344929424213795,-0.027210532987586192,-0.0013504230462897877,0.021251530764369534,-0.10995751615828449,-0.023380568197696176,-0.15797881802539776,-0.032607326729949884,-0.1309021336791801,1.5730408518308419,1.4791051546516707,-0.15199453472149638,-0.26037117257926656,-0.1776888122491851,0.9703942005546422,-0.09671569982706935,0.3303900547387947,-0.6465387598419392,0.0912624909886768,0.04877819491468536,-0.0044194057642165906,-0.08673915002212276,-0.01076928979376878,-0.015505033283247236,0.013931054156674996,-0.013427796400569337,0.0021647477651060934,-0.0010892055100338175,0.004954982316763441,-0.857547836448324,-0.7385143985844438,-0.13509804625511276,-0.48800800119417664,0.021581507491163037,-0.007810432875844286,-1.5584673194849827,0.03335852629467611
0.02275031967525292,0.04670739117175902,-0.035794685041767374,0.00855483445952394,-0.009152908706039811,-0.011036250332971556,-0.009749278430844766,0.12298804085176186,0.01048607119627992,0.012803817026232825,-0.0238201079154275,-0.03563514234438061,0.05957864943162212,-0.0755913218283721,0.00103045820187713,-0.009126392662716002,0.022846391573216784,0.05563588545863736,-0.05254347383972664,-0.017783892849614003,-0.029497328462601162,-0.027383926226051805,-0.0832748010911726,1.225468011005357,-0.8960329993474985,-0.28697083341439034,0.5553479783854449,-0.5282722230501963,0.1620730377912537,-0.4963232039383283,0.364282170268009,0.2977186168278028,0.529025794103346,0.0391141405472018,-0.0043196250922560055,-0.04056063698099101,-0.007613477023303792,-0.01594629332690169,0.023752428575544396,-0.010010963758193533,0.003740489002683556,0.001715071679686257,0.007823313212018628,0.33520885077447266,-0.7186019883816576,-0.19152929752888717,0.10329687954383616,0.37103871496252416,-0.0068864711692904835,0.02752841548068893,0.03915461379733478
-0.026620792267128244,0.02753849394518923,-0.014933534940511327,0.010967447837738805,-0.0018924250023122835,-0.010160803177176126,-0.00831723137547968,0.11992569486842405,0.010515791065523687,0.005454023372187407,-0.012270463711692098,-0.01566789570290889,0.06171835816956218,-0.023739782085426313,0.0014437565018737065,-0.004456536270645418,0.006988000127095815,0.026357794041992864,-0.02879708779091626,-0.005701257761012222,-0.09810587427084766,0.2255045992832581,-0.037854005699779945,-0.010389568647156821,-4.6742213953365,0.17482343306760423,0.5844851102850848,-0.2973707663273095,-0.3938029112030948,-0.3527100384319411,-2.1366162852089956,0.6778991828570454,0.6865594280652872,0.013373760840447665,-0.0020799873635216418,-0.016657487784205872,-0.0022180757707769136,-0.014290741223555723,0.04488720542810888,-0.002699416508620231,0.00507225831169596,0.001969034135035329,0.01923173084043698,0.25211602813627665,0.5004201731251527,-0.043221196338199874,0.24710558387119982,-0.37504656370865325,-0.004536975015598766,0.17185804694491927,-0.11708413550104158
-0.050567086334356186,0.024362848704227082,-0.017887490155505465,0.017680381015411334,-0.0019047274756925773,-0.016417614043655843,-0.008715047334677173,0.48100045462186036,0.014405700200933258,0.006411738115046166,-0.011941479416970309,-0.024268919715229417,0.08511539473647234,-0.029802912319940825,0.006127598377718555,-0.005404093928066758,0.03452915700499291,0.039141276050733795,-0.03591412199419748,-0.006304334131461708,-0.029913720981771932,0.36650041390196364,-0.03900256136717353,-0.2404398007899752,-8.470373764884553,0.4612211089282752,0.5894081876742969,-0.6283605155335108,-0.054677656508633384,-0.14494555807472442,0.18520618137246753,1.5058547889814398,0.39535037157632,0.021037692937396456,-0.00333883360306268,-0.022241620905207656,-0.0029141919307914743,-0.02581010738809142,0.05701855102618625,-0.005206239199897388,0.012962999720690753,0.0011259200743695748,0.023628400336641642,0.4389695646514559,-2.1414186665813646,-0.05724519773729927,0.4711502750500638,0.28941506861029026,-0.00489127493970834,0.2062285549641864,0.019931250829582164
-0.05407123627128488,0.026830006097051776,-0.06678723177416496,0.010685531446716516,-0.0052465989332504065,-0.005865218125153056,-0.019761733003658567,0.08695333241759647,0.008560603761694409,0.011091844570187557,-0.019630738497350038,-0.01740381302445762,0.04918150613364887,-0.06839366354682366,0.0006535351951502318,-0.0196056057980501,0.006936466357781885,0.04775645092088541,-0.05711483665720472,-0.02939803534412051,0.009167498842360794,0.3425270367524302,-0.1262950140329049,3.3746403389222257,1.4234610107645886,-0.15503539319944756,0.31992923697914044,-0.1606341198584877,-0.1405445733858262,-0.2884586766110411,0.4513751973110014,0.36343474598387265,0.9683929672499966,0.06545609855948023,-0.0027271786270851987,-0.053564633137957764,-0.007619645770707659,-0.014141207686135717,0.021175382944822078,-0.008751448041716651,0.0026438499705541026,0.001072592543709146,0.009987786051701161,0.18366131088185123,0.14405719886410331,-0.09451346525373669,0.26036673445187386,0.8157920236596135,-0.0077994326769533035,0.7801521208904942,0.03203153904025475
0.06875639103078918,0.02321894322188077,-0.09240139943524417,0.009071328711302982,-0.01477540410562848,-0.004401541076860026,-0.051928930541923234,0.060727894338375304,0.005454922188077884,0.012819308858449077,-0.028929312790939844,-0.014949323620395473,0.03655949645849384,-0.08487957096204456,0.0009346922952063681,-0.03605942134938466,0.0014722809249633974,0.03991881298227048,-0.079830768592635,-0.03449136312633532,-0.2163685419227664,0.2674012701351024,-0.13226391024595663,2.061914548713113,2.095938312939662,-0.16403399473957841,0.0562222068504291,-0.1753961889984724,0.19150257025718878,-0.385051916749354,0.36797376894625383,0.10295510837431032,0.48372141507538496,0.06510995983309213,-0.004510171797493737,-0.07263182552296386,-0.017133069192664073,-0.018103283878292478,0.016434702661678662,-0.01496488120334146,0.0021352929123279025,-0.00017429457150405564,0.008655745855883476,0.1260778013501019,-0.2411277326000478,-0.23588089573280938,-0.28408452601391015,0.4242718009981815,-0.0049782885077485255,0.7784063630971315,-0.10141859881767253
0.048094605402103585,0.020837413395129886,-0.08752246795812738,0.009184173877197875,-0.013327305264899553,-0.011993566917500455,-0.0393416885410402,0.048138734236470554,0.006110057011907935,0.00992230049750062,-0.026981391356719026,-0.02050542727966921,0.027902727015483013,-0.06572230933110432,0.0010212930472096873,-0.03174409209611943,0.0005764324633560064,0.03552327359941274,-0.052914715071816755,-0.02225818941434509,-0.41025437926707053,0.29656572226392053,-0.14885761888131935,0.841687676608494,0.6051735916141797,-0.7264935459428662,0.020897695602638433,-0.5281622063366795,-0.8905780737671938,-0.9430100164260872,0.3605835496165154,-0.14575105427437116,0.05636968156320076,0.056522534953854654,-0.002825761733936901,-0.058636428587057324,-0.014832589258434538,-0.016923608444259868,0.015262313362889725,-0.013003036684085506,0.0009303075184359241,0.001237539461419129,0.00804157519581301,0.00030186016990588357,-0.7616137095260886,-0.21458746404803988,-0.3677597070616727,-0.12044335623127607,-0.005352311018007461,0.7164182151231867,0.01342463423544193
0.05564813557893506,0.021043978763350374,-0.08774018609838467,0.020987353367403403,-0.014104977080793694,-0.005414785224824843,-0.03552305935847389,0.06415926299480039,0.004958929547224793,0.009887018164840921,-0.024524932964155418,-0.014693014909172325,0.031140096657541028,-0.06382976326975888,0.0010421599922326957,-0.051265003302705954,-0.0005620281372515735,0.04978723023907988,-0.07358923700540962,-0.0327432357231621,0.018906093635669915,0.3464811209162677,-0.12485162117427076,2.4629595976297365,2.245766703621215,0.21141587861093764,0.17927888608112086,0.02923741897842718,0.3503161221031279,0.7610653464994767,0.43428561956038364,0.40409477981881886,0.4752952944619086,0.06680113132591131,-0.004408055586162738,-0.061926794456695904,-0.006121312617902726,-0.014178705633692935,0.016159944253164332,-0.015631111189216246,0.0019298981684535655,-6.426483892227919e-05,0.008578890932040536,0.12556126260448075,-0.15107375830715625,0.35801315097251046,-0.004697462180252788,1.0572734410269105,-0.005423731953368235,0.9750931830711893,-0.10061073184519563
0.05730804042560273,0.023020505414295685,-0.08071319788219843,0.00770074521812844,-0.019279482071325894,-0.007032264574827365,-0.04295429595350616,0.07337137479069042,0.006460115290761508,0.010908148466564705,-0.0242473542142849,-0.015352570621193329,0.04246059418870155,-0.07885311901767988,0.001210356252256887,-0.02748052067224405,0.004754468042010398,0.04487607967834067,-0.060337394147013314,-0.030054793302697638,-0.26638598430945315,0.3397396281662893,-0.14109690004372558,2.134746602424317,1.312386726358886,-0.22282730613509413,0.09898171756196007,-0.6829118824046712,0.04613190884275642,-0.6783124973030479,0.38032140742399856,0.14682790301756507,0.46228907830032867,0.05645408333765811,-0.0028193722179827353,-0.05492616537283788,-0.01712032640573483,-0.012590450913774627,0.01653714827942313,-0.020115275411418578,0.002356612875811125,0.00017138760346803068,0.01008870632559398,0.1099749873756028,-0.072757976171834,-0.21887208035087674,-0.36538234407662923,0.4237350334716913,-0.005112065938535134,0.47770394426889395,-0.06143110652527589
0.03433384328531063,0.023574591619127776,-0.1015540311156683,0.013604028011368915,-0.028816870567817225,-0.014168768766807394,-0.04637166138961373,0.03506897811869773,0.0053472595599846386,0.010304722261342068,-0.03232685710365812,-0.015705562922755517,0.03809799461212632,-0.09346496894729339,0.000641714995110723,-0.030179869858747998,-0.004758099206607171,0.03771315241954067,-0.09200707406753575,-0.030032741582445364,-0.24852437982582043,-0.020476921651138846,-0.14099766605044947,1.0515106060184776,1.411850458775112,-0.287276850438798,-0.08694671805223943,-0.6449483721412645,0.2050905192744307,-0.954059243922481,0.3208292918762035,0.09704488010781481,0.1372215640343529,0.05751710299080938,-0.004673650921530808,-0.07969655119230871,-0.01688844866232797,-0.0176022431660534,0.014854789543810748,-0.023095265595137304,0.004118780838900174,0.0013691821704398203,0.008634564585073693,0.02647520264863802,-0.49782766952901686,-0.22171352814160153,-0.24329060519261303,0.2855644774777873,-0.005005490017553739,0.007777101943725556,-0.11466765227261932
0.0626974574510535,0.060154483301337915,-0.03698831062436992,0.007083797372635337,-0.004958162371175146,-0.009469112451583956,-0.024849300769056327,0.07847094225185429,0.005439184907098397,0.00956842081839797,-0.027466485610628432,-0.02498082704919057,0.06778723123521319,-0.0912947066800698,0.00371855238717264,0.006199883245155853,-0.001025071530426161,0.052828850653203224,-0.06854348602649352,-0.019468877882904252,0.012957183024423691,-0.032482245854174335,-0.08937455510256508,0.9111870684079112,1.3858732785281458,0.08810007061424018,-0.4201544497318705,0.12401310308068272,0.2217783010586274,0.4657869616202879,0.4457700323132439,0.19511483842488006,0.4182928900889396,0.046532205726345435,-0.00839541046715207,-0.05297337430602041,-0.00864152125095543,-0.024250975231098662,0.01636060774849345,-0.006873719483815539,0.004675622637953332,0.0017005077129391638,0.0028765908714589415,0.0865618751580866,-0.1064367144227932,-0.10528910976944554,0.28304519435944137,0.30090051653626476,-0.006158027954734658,0.055368736308318095,0.05673319145627102
0.08128383334218517,0.03168701364304128,-0.06487159321477001,0.009545048767301145,-0.006987788374501275,-0.005539280022673725,-0.035398191954990305,0.06635297224806942,0.0038728306533805075,0.017051180474577227,-0.017800800366075457,-0.01759104275072671,0.036830965253042275,-0.050210389152919,0.002420396990900308,0.12697608337123842,0.002183742025728791,0.03376221246648724,-0.06128793059576506,-0.024920029916512196,0.20425423420228098,-0.019195787037896882,-0.10404080305254723,5.559867824747373,3.104896965274223,0.07863926916952657,-0.0027314191909177756,0.7879244246748865,0.13543340405447815,1.1292802352875584,0.4309331074217124,0.4190041200796277,0.0828431308938117,0.08624683532554855,-0.004346952817840581,-0.05540634290852397,-0.009316656087556552,-0.011055372941741835,0.01609841306913234,-0.021703018928089124,0.0011857608511104012,0.0008158193768272191,0.01282810409276934,0.13310572325828995,-0.12006762149417839,0.3041800526993843,0.2869919065817557,1.3250331584712918,-0.005401450230580381,1.4550876322287487,0.011314415099535527
0.11553075429384319,0.03147424132912028,-0.06234239314622005,0.011216473417600197,-0.0051599349621087275,-0.008450423129338545,-0.025751131555151786,0.061552417956429115,0.003586482078894653,0.012716896528792513,-0.02021676303121629,-0.017647302287875144,0.042907855492830445,-0.04985084721756161,0.002004514437798755,0.18409668241419821,0.0032867311002303568,0.03010065751399779,-0.053294642488462926,-0.019467646633466087,0.0341311744676816,-0.015294099655368223,-0.09650092941972181,6.425377757176618,4.179125402115032,0.28871696147878845,0.3634505048120571,2.6896059377290737,-0.018896991959515084,1.407929637351237,0.46995096577451534,1.2645303792006917,0.3360783339822374,0.11436355652011268,-0.002912630799008167,-0.0743253300478515,-0.009214468137335728,-0.00403024270493387,0.017308776771194103,-0.01119446966189137,0.0010648870747641584,0.0010673425001822066,0.008345994310300232,0.22646080896380993,1.2777523083796571,-0.03684130826009662,0.28956031711267444,1.9328153156228522,-0.005548575811145244,2.94082592182229,0.01103010095742439
0.017605678403962086,0.04699455134906552,-0.019404662399912908,0.006505007790069136,-0.0028712902352516175,-0.004210832669481213,-0.01814269484201098,0.03588344279331388,0.0033756490728752636,0.006227523052468894,-0.019615085911224985,-0.032445366751508393,0.028959656402938527,-0.03505081012938653,-0.0025189441169496335,0.015644545651410463,-0.006924867922788455,0.033840242012171645,-0.03710948703162995,-0.0015441543008327607,-0.12038918473577605,-0.01741566977105576,-0.06112696360656236,-2.0462605602878607,0.2606786853033572,0.061251059042465514,-1.1495531389530624,0.37231979129094334,-0.3017046596461217,-0.03885775224990609,-5.026131844242855,0.40386458257829855,-0.3204789517667472,0.023162644000100176,-0.0024822798143115635,-0.02458951685118576,-0.005583318293424715,-0.019531976090309378,0.02222105268280011,-0.0031823570344419677,0.0018923701870496527,0.003379893914908604,0.004586534215348962,0.03933760485389131,-0.8062284023285561,-0.05243444059349526,-0.10807207955692996,0.3225820994214547,-0.01155858250434143,0.4034174183087999,-0.19408893022566331
0.018481044207969907,0.05449676777107568,-0.04019775382263486,0.0074905464479642515,-0.004695793644897846,-0.011745327708418716,-0.0258109358028515,0.06154659007405985,0.004457105908915623,0.009371174988661602,-0.02752069416404703,-0.026181396636562264,0.0381492969575468,-0.10548600495725191,0.00195687140635097,-0.019439148483275725,-0.007205788394933422,0.044450191617467806,-0.09689281067907295,-0.015733102721743546,-0.09159647619832341,-0.03999959088295791,-0.08720627763495487,0.08912079129333064,1.183977388037867,-0.47387784594934396,-0.8599068259691492,0.04132313752700602,-0.2630027374728399,0.13398143378869476,0.3314470787666957,0.43717395417213734,-0.1507530405754196,0.05147522673640231,-0.0040013261982216435,-0.05671233773952208,-0.008958018371454482,-0.02060119024765035,0.01591883642713805,-0.006627267120013747,0.002295245960330908,-0.0006204469646755551,0.004021901397684621,0.09737716468324178,-0.4661242376515119,-0.18084265240359165,-0.05443491118626733,-0.17622125932788166,-0.008206482343042866,-0.37968535456347574,0.02691011453042922
0.044287282678610304,0.03396655153541794,-0.02042400401514519,0.015359268954429852,-0.0016800151213066173,-0.004129796588782091,-0.009518704670998301,0.11060067922528329,0.011335711786999278,-0.2441380501348679,-0.010523348812438318,-0.03460271382033722,0.09993552633851194,-0.024653463869404542,0.007352172395878689,-0.005046974436711363,0.0028431096117147994,0.04362723045956827,-0.03725059153648368,-0.009083063859728225,-0.06374891093981734,-0.02488734940029097,-0.03416862903078668,-0.962878507184427,-7.260934380166777,0.13176042521239786,0.11625589657276608,0.25511482243227834,0.45873685542433035,0.313173011737998,0.14235377173409078,-0.0016496398950722612,0.19126886013129618,0.01703943504471734,-0.005394389593782851,-0.018067913578142653,-0.0027940742069548197,-0.017964656664925475,0.022142864277647868,-0.0026047726781808925,0.009416006845402525,0.0071391533538956425,0.019487287845476323,-0.8005777026756854,1.8913923100365624,-0.031695885969181624,-0.21968515343231232,0.31348798909583525,-0.004545851386304821,-0.015290581546133003,0.036277605089698836
0.061842911441227215,0.02260522760374949,-0.11187329738388653,0.04452213743987088,-0.00919752847115777,-0.006384793347427056,-0.0367833520549114,0.03493577419487286,0.0065736720217728865,-0.21529231676162738,-0.02934391186947692,-0.02014033337716931,0.031394660305126026,-0.07086781166897085,0.0006502311925533649,-0.022485719869605313,0.00144943364158461,0.042128057801715434,-0.08783362707269896,-0.01308167687512693,0.01486452439432445,-0.016096962310362093,-0.10773423904545172,1.6818764217954691,2.0680224201961357,-0.2396324662826133,0.04157761554896403,-0.19649143945985292,1.675346606013915,-0.3292143225914047,0.4075680595248752,0.20806082433069983,-0.056803315825940164,0.049360265920102085,-0.006371517267680723,-0.06700375726484377,-0.007100794918573508,-0.02540829585959915,0.017219329746646427,-0.010659447165156643,0.0016119706140548936,-0.0026136120097981813,-0.006034521758326446,0.05065056877230012,0.01265871491838575,-0.11364856095736167,-0.10167084573851362,-0.13847672281099507,-0.0036687849149707385,0.030658515284665167,0.023042799848707267
0.001272624621771517,0.025545212567389116,-0.08584117316352945,0.032883985731532756,-0.003679797503517823,-0.008158006426704532,-0.01998378480249138,0.10750288741276025,0.004777906355912942,-0.4115962775486398,-0.05105018711067383,-0.0345975939643532,0.04069673750247745,-0.08337871764896,0.0010236131659954772,-0.021657137474730522,0.003967512028917394,0.03516351325778047,-0.0750944388743707,-0.013870848724153959,-0.04801238573283236,-0.04002343699973617,-0.08324267731538224,-0.36781781461387414,1.8237511736083973,-0.31625007056593335,0.16402781131076946,-0.3658370764932382,-0.05433025097941391,-0.3757688115177276,0.3044901947582508,-1.5409741689090484,-0.12047056740741287,0.04125199297981242,-0.004348887776256535,-0.05810868311235903,-0.004901340413970965,-0.04910857144099967,0.013433781091466281,-0.006897525482586969,0.0031363460599489594,0.002478952573429488,0.004496627795371714,-0.00810861338500581,-0.03278367049872801,-0.18186319799027514,-0.19839505147427597,-0.18826480558496209,-0.005510714349170128,-0.051012832483177555,0.017972665526422998
-0.0933749987717217,0.05458752763689701,-0.023420114898882925,0.01090807674473102,-0.0031111418122741854,-0.007083792170499475,-0.012963349381431125,0.1626204764998388,0.00971061882803393,0.007157701665444241,-0.01854099886772588,-0.0419234004138543,0.13550572956034873,-0.06691948391947007,0.0007242763118731731,-0.011696390883057711,-0.0030554408272075533,0.0943867436077671,-0.055538809979711404,-0.012485486478849063,-0.12898894814242962,-0.026464357678380887,-0.06912086018436145,-1.9076349692465486,1.3716233684668662,0.21283286440950147,0.28175949795869837,-0.1050063018608323,0.6587687394633006,0.04084490436713984,0.34250893165186796,0.5434312813296431,0.8013404180695105,0.02540199747292772,-0.00634542004251643,-0.03222856601516682,-0.007333056174920666,-0.03594304646060496,0.01512922943690181,-0.006170160294633073,0.005396220282604441,0.00025473700232403647,0.008482041971225004,0.060032857568292484,-1.1785859077216685,-0.10037208055560733,-0.037868062123401866,0.5550303030291086,-0.00684139801429459,0.05222767781568373,0.026480846553880916
-0.07837257525049658,0.05167879860283586,-0.02617127513479001,0.010989379913710297,-0.0038115784081878554,-0.0071809459030901055,-0.013935777799470314,0.23930845754830865,0.004483930172245364,0.005210914785864672,-0.016015665772867057,-0.06533369371342079,0.13163173409087775,-0.05916963500275826,-0.00040220923766140054,-0.012588671991453115,-0.0012288455537101581,0.07746193113276884,-0.050431070234615204,-0.009881798891218279,-0.20456355725476721,-0.029134874413166565,-0.06725366347397423,-2.398042146967742,2.0070329854084217,0.40649777609266696,0.47727453169888495,0.06745216034966468,-0.4374183533774739,0.5843857439705268,0.2529197463209319,-1.327449344027568,0.6127614958761478,0.03206680985518496,-0.008483064622309569,-0.037815857101063215,-0.011320986002960188,-0.03440810493778689,0.0164776602207091,-0.009656055757899285,0.002410385787490774,0.0016881060641851051,0.009240787989345826,0.16657879407435328,-2.1156877741359756,-0.08883022702185928,-0.24845290473214582,0.7206891923876512,-0.0071176597393721236,0.023988479926895883,0.019446825786193347
0.05404227521544768,0.038460060551682974,-0.02595391401692267,0.004649159542386679,-0.003144329176919753,-0.003989721709450715,-0.012297613875965157,0.13839454480319854,0.007577251769840067,0.00818679158957876,-0.02764205592050736,-0.04368766310076008,0.10054722060755725,-0.04496309569986855,-0.0061772078448029365,-0.007155644766083802,-0.0024477895946060464,0.054477531119870685,-0.050350744748767405,-0.001250293907268178,0.1300397556928964,-0.03296202846633971,-0.06191747591543943,-3.7573938429478844,1.0016171529567799,-0.003010766561020069,0.263437425836687,0.2560722129940149,0.8140874648011969,0.15468261688516405,0.24900756664319415,0.20400992185406225,-1.0451856766775987,0.021682357505112874,-0.00492805851398437,-0.029476052927815157,-0.003102810177370239,-0.022327917495758725,0.011155417722969704,-0.002964218855971484,0.016540102877193704,0.007479705085453519,0.00896282427988552,-0.18508379230269648,-0.13860656738678645,-0.04194094516725056,-0.05213712839088131,-0.03027433654864743,-0.0078118729199578895,0.06071754847793806,0.03204167489994382
0.11027117735981842,0.05357539114454912,-0.02525252983663386,0.012909593839003697,-0.003078287689697445,-0.005338077276572421,-0.013280419793897588,0.12300954360409326,0.009374862017950856,0.009315805380400636,-0.02039180278940462,-0.06681763921058875,0.07207845274267737,-0.04297539671781744,-0.00046645236576297396,-0.009922903918587833,-0.011640313288764562,0.06447692724213508,-0.03981865346564217,0.0014408256513741067,-0.002470016131768996,-0.035230105495140523,-0.0610070726386806,-1.259670937893359,0.9020664937773487,-0.1492547905547572,0.2569871840751009,0.30087942972348597,0.7518374303813763,0.22853411750976976,0.602909927679675,0.3598782961746635,-0.2081405970303444,0.021823871738963937,-0.00735643374972163,-0.031098991588494208,-0.0034241045877548165,-0.02410611193289217,0.0073126992238918935,-0.0033477255990320676,0.015515236024006087,0.005375622534645745,0.00704946545987846,-0.14468624802666746,0.07002027295728709,-0.03950381763309119,-0.13878798450118326,0.11133540262006761,-0.0077380385203877165,-0.13633428052828123,0.04243945622858895
0.03838346885024724,0.03854303326129583,-0.024216193039037184,0.007459136870585733,-0.001740442124764078,-0.0046198631059698155,-0.011682616819426794,0.10656780122508612,-0.0016207541433523982,0.005955258710919608,-0.023710177759933206,-0.0532265807907253,0.0503525051663584,-0.04050684964799914,0.0012260385293126588,-0.01768396409317319,0.006441849728906074,0.059404037570873945,-0.041275711379025075,-0.0062407206567674555,-0.12141300319811447,-0.029499941971158787,-0.05795381410897808,-3.1741234736919095,0.07651390308697664,-0.7974616900350792,0.22227918023617674,0.16057471131824702,0.5368856402369874,0.14976038440478392,0.32004056514222334,-3.226481109270338,-0.10612634222514675,0.01866229899877535,-0.006240576293660576,-0.0282420682575488,-0.0025364440292055847,-0.017959198961067645,0.011291832272047057,-0.0032589701356251083,0.005789702616309005,0.01141791002686319,0.003912074256951084,-0.3506088733699265,0.28938803044106404,-0.050877330525004275,-0.2546446995070486,-0.41761758038987856,-0.006301146817547769,-0.34441707496610086,0.022074945807320764
0.04541875672414981,0.05873126912092245,-0.02969695099058766,0.02607575611367132,-0.0022865692859955454,-0.003932705050060722,-0.012522151538067721,0.16409507202763496,0.008987247085316848,0.008313587292191171,-0.012804601958898475,-0.043235077222847765,-0.7743224358062852,-0.042922931754195544,0.0014217598812064386,-0.007499472086657793,-0.0043310141457198695,0.061374164218543324,-0.0517156136992899,-0.0007144654098103155,0.03262729367678483,-0.034364319373699465,-0.055137484821845766,-1.1943006406547347,0.38310369486490664,0.3208652127425988,0.39781749412292144,0.5951187869298844,0.30521730174276945,0.16947981017022146,0.436647236092827,0.53246357983164,-0.1801014581650123,0.024700702532348795,-0.005382107638814388,-0.024916791253889268,-0.0004651199132389639,-0.017897768125783954,0.008554042865167324,-0.003096308018231391,0.010277039418632514,0.004921670919489951,0.007672330318970482,0.042271108888678334,0.7699987056082731,-0.044347326414461555,0.29602411129306005,0.42677944349400776,-0.0006820565945633365,0.11958689878280307,0.04911399290630368
0.05282864679037977,0.05244268299163489,-0.02190083643907789,0.01995790787786189,-0.002228339153610572,-0.006003035196780672,-0.013251733635442636,0.1316143676492621,0.007766036733003011,0.006918821279785418,-0.012158980441200578,-0.036797163292657094,-0.7651158327510253,-0.03339106848050616,0.005434915830395615,-0.008387260832302968,0.026874855107872606,0.05114448137342975,-0.0333365218096297,-0.009420164255258845,-0.06656465033517647,-0.028932470625747043,-0.04674346476816316,-1.7551752076711973,-1.6644087597849393,0.05655201191437441,0.3049040249745261,0.360108860069111,0.6399480962990315,0.17897339373303608,0.41490496734697463,-0.35673712361762394,0.03068147799692747,0.019963675376125485,-0.006391976915065925,-0.020312224189609367,-0.0023106658425374564,-0.016974258428519306,0.013335678319845614,-0.0030076647106898496,0.009548670673765042,0.013359616908152423,0.00695789275035965,-0.0730364061947104,1.25401427707768,-0.02894761021214091,0.17247277378456077,0.42415303650925723,0.0008380902698077678,0.059145325702770875,0.027890702242510782
-0.11966344678607167,0.02450994794439434,-0.021503160624485818,0.015263188757894923,-0.002275257925094492,-0.0029864468827391177,-0.007589249498734017,0.0902839247396944,0.006646506984878135,0.00471953916171623,-0.009410067059196251,-0.01762746486306839,-1.5954667774275872,-0.025798176359788358,0.007194760272455621,-0.00442861779656936,0.012461147138171985,0.032529613717380106,-0.03909682922761892,-0.0038100312930434473,0.12117742214157806,-0.01892126559906947,-0.034674605615589445,-5.203830286925925,-12.247092593148407,0.052812642392286335,-0.4496544423132778,-0.3766426602674943,-0.2968754802991367,-0.8468710821674368,0.16865196031212906,0.38812603203313795,-0.3168771764198556,0.018829704126227507,-0.003055061292464619,-0.017770407102711265,-0.002278730385079819,-0.01169545553109462,0.024804238535474213,-0.0022549167638738436,0.012935979237614383,0.00984608219875175,0.014882648679922058,-1.6291634033220588,-1.4501807767800767,-0.026559888925860666,-0.22178512578996928,-0.2977315462822347,-0.009968216304049805,0.0015032781166656275,0.020530947245860704
0.04219543146544023,0.02232662716152742,-0.10267983991422337,0.013799361912405873,-0.009690861112947735,0.01404539620628125,-0.04347475303313094,0.016164769382394088,0.004184858290468026,-0.241651797050198,-0.02454857802555141,-0.015073648866940972,0.028054981729180258,-0.06918632753152658,0.003612141207055533,-0.04083269957669096,0.007552392002351943,0.023742740646720918,-0.06421292472372336,-0.021557196990239377,0.007235856157174392,-0.01643833712427383,-0.11094597475151347,4.232907639252686,3.624352599270037,-0.08516189692850334,0.13002135924916144,-0.048918126199888404,2.283919366061951,-0.10692582396086689,0.3424574509850931,-2.164534811992301,-0.1899005678399327,0.07329143018757242,-0.006212073957318072,-0.0782185410774731,-0.009032180621106252,-0.02251081589686225,0.013832614449668924,-0.0076632406681271985,0.0026149501246527733,-0.0031153248715579686,0.010565334147166075,0.09175503059370242,-0.4453800955808388,0.04974642237418009,-0.15305750325980821,-0.2069459473909659,-0.005547123830978999,0.06884042353327707,0.01754800744465037
0.03746478187090479,0.021567387474389806,-0.11761364034597815,0.020030852658035576,-0.013778357790013998,-0.007537374917573911,-0.03296139236114877,0.0431318022295624,0.010129104272167016,-0.27349245610470035,-0.03012405649956658,-0.017096409026785466,0.032645466331850406,-0.0715088848526384,0.001623515170905975,-0.026726653982368294,0.0011474221021811307,0.031082171198633206,-0.0808859458939833,-0.021099634913038453,0.1690369892466202,-0.015624883853872716,-0.119617730558778,2.262256177805612,2.766090516921684,-0.10683498464491846,-0.03840250369815894,-0.21863492565713133,0.7453917699377887,-0.6757370574236659,0.326347240495354,-0.10385420108138091,-0.4911915355286386,0.07848939076873823,-0.0024834399450707235,-0.09675280162479628,-0.012271711623379034,-0.019004843164947088,0.012849970285877907,-0.017468326234872537,0.0028555970245601556,0.001959402528564274,0.0072262086483050065,-0.15900299487341688,-0.7085020251891412,0.22888484289845515,-0.2496405055818995,-0.1952103450234627,-0.005781532808734882,-0.6972649455743094,0.01890890288519808
0.05147551632235587,0.05578207386548462,-0.023872560444208178,0.012740697069521623,-0.0027258876961492157,-0.0043313463501112705,-0.014135840381123704,0.226764083099676,0.006360654233675634,-0.15884352950503183,-0.015048918142194119,-0.06831167457019119,0.06452054748863442,-0.038931632599192405,0.004103173267983091,-0.009333428706942396,0.0023596784197745923,0.06428067413194173,-0.03689952312631321,0.00042957449768312106,-0.09152683678460209,-0.029250626543664397,-0.05895566127281128,-1.1407169670297301,1.1299405950155323,0.2665600093864821,0.5053219684900246,0.5522341720528009,1.0019196630527638,0.506975598454098,0.599598431711754,-0.4106092358000701,0.19854845995326356,0.02277959153033421,-0.0069542611205704475,-0.024763435773077474,-0.0029728078142215873,-0.025314177372371835,0.0183315310351272,-0.0030793803191875237,0.0041533179298338585,0.005695486581164151,0.006173426761088679,-0.10934176537273173,0.15487068744194496,-0.026259896504891328,-0.055903414203937414,0.22687023812372087,-0.006041612171624848,-0.6341308946209617,0.023995009174978245
0.026409951749639612,0.024105360198971148,-0.11411167922808599,0.013973813190647952,-0.01657930299234346,-0.006699103578587361,-0.03885160214575945,0.045940084524335255,0.00714246446712099,-0.28447604222378536,-0.033878874396884515,-0.016392198820893614,0.03278102225975692,-0.06647440685320463,0.0026562639340884536,-0.027153686164837848,0.0010003069359789851,0.026415589002909117,-0.08127328143623419,-0.021706012415869926,0.0007630881669624999,-0.017558261611157585,-0.11429957191590275,2.468240827982035,2.0843057649540104,-0.14457864873828316,-0.16772002835085761,-0.09918230665737657,0.645483316259607,-0.314357283823585,0.3396876206609366,0.327672058796028,-0.623348899509486,0.07022916188737897,-0.005121359602009314,-0.08442698957752724,-0.009521436577137068,-0.019988476119026113,0.011155319764629584,-0.013786775278245782,0.0022636888546173593,-0.0037881461916153955,0.011441317562129991,-0.1836495902292763,-0.6634658486030558,0.04500169650921074,-0.20235062025646558,-0.5042423988605915,-0.006756100952230212,-0.8758465875263056,0.017674717818549526
-0.10040111122833252,0.05049289187151139,-0.054593421316037866,0.008549962231689648,-0.007364387415519378,-0.013131215712298024,-0.031204509482571995,0.05623082733241327,0.004136205663302068,0.011895831532848641,-0.03259355615663868,-0.02654709682813171,0.06395716963080587,-0.1096875882419061,0.0018975397857775855,-0.028851460710017776,0.010838942192756666,0.04949085045834709,-0.07661687150820864,-0.02774518244414004,-0.06992414883644205,-0.041295647477088096,-0.08806500158789148,0.6878195005487944,2.1891296568636274,0.02656814195635259,0.2107972802476821,-0.06095262411903776,-0.03944121759244021,0.41983862530318067,0.3734627175691282,0.37248512862471556,-0.34067739809006065,0.05193888111107126,-0.003735404786682617,-0.09755333391783258,-0.016353070776090977,-0.03180267191413757,0.014930356518738067,-0.011346702059112083,0.0015488894429728096,0.003126049728013152,0.004190925798888629,-0.0936831015773094,-0.7569625564076095,-0.19823429838897996,0.03152347928191729,0.6595901512616685,-0.005761196830375524,0.0182333786689177,0.035562820005010265
-0.10052920362796125,0.05402720693136061,-0.023064314095613554,0.012533350946993595,-0.0065317297885427155,-0.0095186291426462,-0.014363577493561841,0.02254370876386978,0.009641546015376068,0.009660972922938242,-0.02600096866545758,-0.07238780704978201,0.08955624814689993,-0.0516053858242186,0.0077657955478098095,-0.009746678117253552,-0.014144477481305099,0.06122731226387711,-0.05288408404728518,-0.006631222633155925,-0.23959668966236738,-0.0492151067261428,-0.0681156406850548,-2.3377786731412313,1.16493463594156,-0.49034938425311375,0.008289791404851464,-0.23486513973695725,-0.7385639110552521,0.1531950588798017,0.2854943862093044,0.13443629246047595,-0.4052110992856954,0.027622177781173304,-0.00476333361316973,-0.03998432295832658,-0.005458294406121413,-0.034703139062598476,0.015500500421331307,-0.00470101220399749,0.0033883977235827987,0.0035927306753993104,0.006980645339405356,-0.23411890103971061,-0.7168990380710312,-0.079786366143909,0.23698506412805154,0.2911430243432678,-0.00787379972406347,-0.5368214595413379,0.019550808150337055
0.04881450781827596,0.02603169027921677,-0.08520949226988501,0.010404809711504487,-0.021286225212664402,-0.0005390081519482633,-0.04199697180649462,0.03872263103091682,0.004358695571484988,0.006085324079534511,-0.023017797710492522,-0.018246109744000226,0.030419378296604897,-0.06084458186369127,0.005398452841538774,-0.03605760690702367,-0.011109654535740001,0.019599196844611515,-0.0849778929569867,-0.023380053141143147,0.11067902407322026,-0.017023626662100565,-0.12136435559481198,2.879193037371091,2.768220646251701,0.04001733935585551,-1.1296756028696606,0.25829504702370737,0.7518635495317182,0.07371139177656466,0.3363378847740598,-0.20607710641755964,0.12345476848667193,0.0887300416289901,-0.009643297062266453,-0.058664802335555814,-0.009317291108686902,-0.018270559712534187,0.013748183020140255,-0.0193210054541772,-0.0010435066367785336,-0.00034824856150481726,0.005338183636622674,-0.5619815953674343,-0.5008115058318782,0.23190738732860242,-0.17396841607538524,0.8078310782496309,-0.010806774770129295,-0.03157890148890335,-0.07760572820763222
0.00861220927073801,0.041973471869078405,-0.049628965586316506,0.010179898456988556,-0.007249073164829926,-0.01115545546540981,-0.028466269647057948,0.05796127935993686,0.003640733280275923,0.00889288748472875,-0.024366061396485738,-0.023486162908445376,0.04028128433958757,-0.0902891463317504,0.00973394993768244,-0.01763271891144102,-0.193882796117714,0.06027091265547133,-0.062836673919382,-0.02559095825520978,-0.012271021967413025,-0.042606846729742485,-0.09749783435092836,-0.5861404242249659,1.361771998351947,-0.3735945437660507,-1.5573930282947934,-0.03984505930104401,-0.08911687989613734,0.406339433296252,0.2763704634561359,-0.18286260903029766,0.07654880886469222,0.05122002699412924,-0.007019849387226471,-0.05157099243273314,-0.005764836171035181,-0.02973940194984731,0.012011529736930707,-0.009653482793931537,0.0004417861966689378,0.008544191403538227,0.003616093573391613,-1.1039007168489665,-0.5880929919597233,-0.17645320852527446,-0.3106200563838283,0.03519345616949869,-0.013205042649688857,-0.36645111193769614,-0.2108673942687285
0.04658323030896886,0.02528507732507558,-0.04646282364438558,0.007963729774168343,-0.007905708998044396,-0.005319503240159558,-0.03274227155083454,0.03128045322830677,0.002164735460707358,0.009231056594449687,-0.01484863510880928,-0.013695337434035728,0.021185557081902374,-0.0482341020611556,0.00547638853583019,-0.00921693699699301,0.04168903600303873,0.0366116758502967,-0.04240609067746806,-0.009031919962802174,-0.07984179188424878,-0.01661025425121375,-0.10212826218860664,2.3180558505437054,0.704708522090838,-0.06429331953490049,-0.4411294730204486,0.6103126435410896,-0.004029668843931418,0.26258888798383995,-3.1345146827421004,-0.28835291720413264,0.027469169618558536,0.044866920778796074,-0.0043113965864618855,-0.03855705779249707,-0.0073636954333851255,-0.01336577563081883,0.013284155964386287,-0.006684699469540903,-0.000288391414754352,0.005775620663308838,0.004638168536218076,-0.20170398564172612,-1.6491586293113212,-0.05335889171279778,0.07184670755528931,0.5708952206589536,-0.01044477826104777,0.003054670675734838,-0.013110092952555026
0.02865444082971215,0.03869407862433357,-0.07037829981022016,0.01070061086461534,-0.005771059708879222,-0.01292026246834715,-0.025364875400004566,0.022908134068755616,0.001381504347485285,0.008604852482026743,-0.03841707093286411,-0.023812401217182533,0.028054082724351132,-0.07530927719676427,0.005375086500547085,-0.033508825481261245,-0.09072929738341107,0.05149266027715682,-0.055520401290783346,-0.0245010093041507,-0.028108096515465218,-0.03108087206383861,-0.09649957049030862,-0.46274148572762175,1.4528823549201852,-0.479122186511073,-1.4269732317229875,0.17990057444646523,-0.9467028480152349,0.24523392134396768,0.2728461820015729,-0.19900349284645577,0.018694935528989626,0.048595765696945105,-0.004970603598456423,-0.07315804737702808,-0.008508251392675538,-0.03568109261667521,0.011234465133510648,-0.008581819505872756,-0.003376015228116392,0.007364221948801065,0.0037416952698433063,-1.1229499499493056,-0.6750826639925503,-0.18870378844293997,-0.26490422546627307,0.10021182117096422,-0.012885766039045742,-0.25118317232695864,0.04014927349115004
0.04794052401533346,0.02596363421574597,-0.08915600030779151,0.010879095738129525,-0.013434660171918036,-0.0035583776430777093,-0.05298152246730124,0.03651867587764969,0.005199025720732009,0.007846112626342133,-0.02332229612711868,-0.02111761778102442,0.031318526045166294,-0.07976463861816087,0.0058534532328647386,-0.03615187253546005,-0.043124612125827994,0.04387478260450875,-0.08203148200698243,-0.01920857511742135,-0.011125672086704686,-0.01983039977100998,-0.12015041977942438,3.0968647953439934,2.8530382968001926,-0.0873739482235395,-1.090477027008624,0.7775714331289741,0.06336527823163216,0.5733012547426699,0.34104044923359994,-0.18859755050894955,0.15033401322830256,0.08947701917279294,-0.010609168453388993,-0.07353368446811437,-0.008008927159770857,-0.016659123827694886,0.017051546532580297,-0.015000745442394027,0.0012363294494093916,-0.0006662474738566967,0.005109058330593763,-0.5441156026778184,-0.5865594723227284,-0.08509882538038807,-0.16400250672753558,0.949833119613846,-0.00977915603173988,-0.04977353642674533,-0.06435229734735982
0.07546179880333577,0.027987792396229127,-0.08479896860224054,0.01635206609706478,-0.012433929272713699,-0.0064610574168873156,-0.04761992013860425,0.04261370588057353,0.005161959823822013,0.006756291286531337,-0.018488159328177416,-0.021581254718808212,0.03234382212479311,-0.07910160119186667,0.005871017282498686,-0.021482369408166904,-0.015372053692748845,0.05583353598212763,-0.08996924287894191,-0.01886980925201182,-0.020024937054101678,-0.026280618864759197,-0.11740819339522156,2.259698916883016,4.357994123318292,-0.21649624973065107,-1.0296021489659233,0.5989542118331133,0.6723400282532673,0.38572138670524075,0.3578916707925551,-0.04908070497010851,0.10503905706287234,0.09876045758911181,-0.006741997355889058,-0.07071530231723057,-0.005127393271698229,-0.02363025716974246,0.017207074133232587,-0.01103163483737539,0.0010756268828019941,-0.0010014880682881011,0.004285339474573748,-0.7290919940547962,-0.5948342795543382,-0.09124640674696176,-0.18301931309891778,0.9453836889772279,-0.009735188018652571,0.03835360013912924,-0.08586863436088772
-0.07795602374988574,0.02572583046514399,-0.08507747653625936,0.013212955656690714,-0.010593635359692634,-0.006566893908192048,-0.037179421281388174,0.05495441709230658,0.006188754539967304,0.00792625738183505,-0.03639224587534216,-0.012549574951825411,0.03826571009120892,-0.08623952386981529,0.0015072711572860318,-0.021188399910920523,0.0025814975851522737,0.04683795827829417,-0.07519047870946291,-0.02399851625946722,-0.15335313122536112,-0.01638387276443247,-0.13024934823891923,3.166019907051291,2.0975163647275767,0.17982873345828404,-0.06424350266165144,-0.16785295949210488,-0.65358647003899,-0.2885816976551127,0.3756873684261221,-0.19509040166258979,0.20154653092506927,0.08267982244187258,-0.001969674113312803,-0.08194325538128984,-0.0176948949240148,-0.016006686151166148,0.018556519849040363,-0.020159484473330595,0.001426939491622936,0.000964977304443206,0.01032075769233693,-0.0739712866806038,-0.13723065775601773,-0.20478591532525603,0.09099871328996789,0.6483437550163077,-0.005490240883179836,-0.043115874169296374,-0.0014924912860537199
-0.06796814757590904,0.024512029889165746,-0.09874070886589527,0.0030303618611260074,-0.01000428818011517,-0.005229984531443754,-0.046565099993745224,0.05834448876045451,0.00460282085020463,0.014789734914202454,-0.039676372546173955,-0.01687260675213896,0.038378957489351384,-0.09402440434978139,0.0014884123360095127,-0.028174891098769448,0.00785948351419373,0.04609796962176152,-0.08558424911442772,-0.045396254489148066,0.012751348159832598,-0.01773557015418676,-0.12769182470554713,3.44790033257548,2.582313169641626,-0.14633529731965678,0.07813380790606678,-0.3174700800961222,0.5650092653186611,-0.49212196768151284,0.3682366975313825,0.5011675420261705,0.49079385100520434,0.08446106190640189,-0.004083338698305536,-0.08262215705399746,-0.025705736286574823,-0.0176984781176629,0.02111234326933678,-0.023747205602778088,0.0023452537320722525,0.00034450108870694683,0.01077482188793829,-0.0756999017141495,-0.06522579577217685,-0.1311767952793631,0.2250047721150343,0.6408085276130352,-0.005128422991143394,0.0013667476325208967,0.008030868990840196
-0.07036156459371709,0.02548373715460651,-0.08763171533667793,0.010155445500312518,-0.011484837619343529,-0.005496627723946891,-0.04126810252228786,0.05975771277885747,0.004732217601755204,0.007596237170322027,-0.04027748137278659,-0.015282199554935436,0.034800998584732054,-0.0855168640612262,0.00156914144579703,-0.021384210829728932,0.003213246461824939,0.04303789078219698,-0.07441263586322154,-0.031170760384887964,-0.17876441069130733,-0.01912492399926992,-0.13869867142139636,2.615851376654551,1.6494286528908182,0.02481531372161478,-0.0954743813866876,-0.4060801325879849,-0.8542960951670078,-0.5516615356893524,0.3461606330892669,-0.3646973078509961,0.2116125491453168,0.07799862923304826,-0.002441967731750154,-0.08809369829085618,-0.019060970540049023,-0.01683040198252147,0.01738476537782232,-0.021209980961119534,0.0009225865819287855,0.0007823297658667435,0.009564771939721613,-0.11277434246141074,-0.3482143978935585,-0.2000574059668547,-0.06711521408547486,0.4960625337760252,-0.005339067146826282,-0.07001985851985403,-0.00295140605465948
-0.06418616893065071,0.03705397808441541,-0.022622240612351633,0.008374911836973285,-0.0032166351718046176,-0.010836928622998511,-0.012886191346629756,0.050389712890278916,0.005263274980466377,0.006741371353520161,-0.02762406442116711,-0.03788711528880022,0.045765342185102226,-0.041030695279918594,0.012541279666391215,-0.006590928549430556,-0.00843380353967087,0.08129572004405501,-0.03883452082296376,-0.0015462368303605493,-0.037052493193083534,-0.03180780500121018,-0.06277368726066995,-1.6200725985913398,0.6196837193040741,-0.15934830625164653,0.11097582752883316,-0.9693147584785595,0.39513705337481714,-0.2515374502833522,0.37663997099198604,0.10420731219334013,-0.43583123595528905,0.017691677962894788,-0.005465114676984179,-0.025014260325487772,-0.0031057680525086104,-0.023642436403829587,0.009498353651481163,-0.003303556939069281,0.005356285170889874,0.0035688728479548056,0.004065417574298243,-3.235459317681665,0.03332018465798299,-0.054512668517012,0.2944261854780329,0.4343550696156412,-0.01830223683849342,-0.4425547367555273,0.017459436292214244
-0.05397954123378302,0.022563988926457328,-0.08375690744634269,0.002887844098951438,-0.009686281203257978,-0.008969027957336667,-0.028668462387618932,0.05963289827594207,0.003995738233981788,0.012407770579184827,-0.02914684324625683,-0.013657071177898585,0.03154184762541395,-0.0888212422459947,0.006385628611250671,-0.01964808671218441,0.002272316628282009,0.06090706651970146,-0.07960840654140335,-0.02063520082372611,-0.08840590839682932,-0.019258358352755488,-0.12155005097146959,3.8595869112100685,3.7910729781323984,0.03396568855598603,-0.04028205496780573,-0.9388211617172724,0.37078873636839116,-0.4954921232101549,0.27748385460218944,0.2950989275129194,-0.7425910741812979,0.059057801126020625,-0.003500775943774706,-0.07247514793978795,-0.009559788747357075,-0.008766648054005413,0.014219418821253629,-0.010453156955710722,0.0028783970554257096,-0.006962387495764852,0.009029869895562216,-2.1321744269615013,-0.47066917234219385,-0.11415259243790307,0.2866895621545118,0.7849048663465793,-0.015022503879289897,-0.7632246477338668,0.004044381596181484
-0.06737416252643663,0.03518733955165341,-0.04891390747898807,0.0068713720561907055,-0.0180808760815381,-0.010755483307203334,-0.022975235167399546,0.13065961495774905,0.005096920163740694,0.009173320817411613,-0.0430693364230321,-0.024802961770305495,0.03604172529661029,-0.08533074829302417,0.021519190885158548,-0.01880394892209838,0.0073025797897093665,0.06946101827994833,-0.06095465064015895,-0.013115343210036403,-0.06024969163241539,-0.04026045483172678,-0.08985265834105538,0.5147906115362221,2.626116601036944,0.14570250068176366,-0.01140940516380883,-1.1076671043963322,0.3411026422140955,-0.08820860040135604,0.2242253033646806,-1.214946340320153,-0.32076268404547453,0.035564894375413686,-0.0034338302452226197,-0.05450942370289893,-0.007068428551098283,-0.013977460565442044,0.012951524389876455,-0.0051504136410023,0.0011378497987820048,0.0008113792024161867,0.002672227135156777,-2.9512236492465043,-0.8274717088780243,-0.11149192196398096,0.06458336957860877,0.6076644400959405,-0.017849629095229615,-0.5249168552009359,0.013519794690007135
0.08746530892913411,0.024619722717662697,-0.15054661743571032,0.10489174580210912,-0.004627267804199455,-0.005053177777850413,-0.04343449429617603,0.045663952627126414,0.030801341010196267,0.007393113493834827,-0.024467887224303146,-0.017885452724477835,0.0338344955496886,-0.057967775196371266,0.00977054534403369,-0.01575432521064981,0.0021255593580646083,0.02749608787090613,-0.07712866062269225,-0.013779882186809768,-0.017807140462202806,-0.014318774128287255,-0.10430371404203267,0.4334960611696558,1.2608803148711345,0.02721027437813813,-1.628359604193633,0.38133549355224367,-0.76241108770156,0.3962978060035544,0.2136641780206965,0.04667716067420635,0.024511066653045845,-1.6319508821901147,-0.0019398958122693744,-0.07303880523940963,-0.0060491384072868595,-0.017738026725227105,0.01208764936338669,-0.011883318817324,-0.001290072911244809,0.0005128587944444815,0.005392776232080614,0.12803069606386727,-0.5803393950531256,-0.08745287387044516,0.08308101438075097,-3.7986377776327735,-0.04863701877411808,-0.004256133270840757,0.019471056132130272
0.026193043362941097,0.02461768111312936,-0.10215784097341403,0.048301108793015385,-0.004194719719072844,-0.005370060335307842,-0.04481154384678769,0.048715216529466684,0.015325197476420782,0.01119528085388638,-0.028526853467258893,-0.025644091367413212,0.033451839545331034,-0.06865679922919017,0.006118381801650905,-0.0250070776253039,0.01404463098489927,0.03417509556687381,-0.06359576002914637,-0.019235807881217804,0.009171098886943027,-0.01877871978092574,-0.11134616118455914,2.2335537733823214,2.4259792247290233,-0.05597119936433881,-1.3177401863443472,0.36803118767640175,-0.6299015681978333,0.20306709657613678,0.2943722192943701,-0.08483256911670124,0.1578026147541006,0.12354740041709182,-0.007604071251516293,-0.0846224587403754,-0.006910608748115726,-0.019097351954330637,0.014237635764231257,-0.011877421684738007,0.00032389911873268476,0.0010489431431259665,0.004221499707812311,0.11494188156895613,-0.562823499252928,-0.10901406649133417,-0.03269757392938531,-0.619431472395186,-0.009485601270262562,-0.00021072285029667735,0.015468631249554766
0.027064495284202683,0.025602451835497485,-0.12281531459583322,0.1057153942660581,-0.004495852561129114,-0.0051941356569013275,-0.03919134176581371,0.056542228739598986,0.042731475728853226,0.00820882833210586,-0.033074406187995835,-0.014843819996397991,0.03342727290031968,-0.06459921938844489,0.005195782301116383,-0.01902284332813171,0.0029338070122508528,0.028206966410277656,-0.06937416958829422,-0.0166259273489095,-0.002378215337861819,-0.018460778228595147,-0.11286496048566849,1.0394474701081224,1.3873065309842454,-0.23934952663602663,-1.6037324014790655,0.21467414633562326,-0.7096404522340783,0.10571857694967006,0.25479639234423485,0.03023053970444878,0.14310640120209794,-1.3735877464002926,-0.003428927060553836,-0.07926254576014206,-0.006618209052785982,-0.01563586652180053,0.013457348904814943,-0.010483801752069843,-0.001409923505894045,0.0009373941278159657,0.007458355801854818,0.15631647735777024,-0.681116281115672,-0.058268970314290354,-0.05585403564339376,-0.9445033788399804,-0.009936790499856525,-0.0021330600775685007,0.02615023770651897
0.006074651539657844,0.024550443051482136,-0.11345690386506174,0.042379344506422306,-0.004099292280122232,-0.0056423635953767644,-0.04532747175745909,0.07510080340153104,0.00817334752270094,0.008470038539460411,-0.029496847443724637,-0.019329612024505925,0.034484976985287234,-0.06843857267275394,0.00599096415522687,-0.0348382692508001,0.0013189673973656164,0.03747829174533651,-0.06140478803388452,-0.02729219191625294,-0.028128181065611938,-0.02336052411360545,-0.11930379930262008,0.7733018567420645,1.2371357631070552,-0.13566316482602592,-2.0747169731851223,-0.3406687448865952,-1.0676793950219101,0.14269180206155105,0.27249912017324696,-0.41626747042156675,0.08480107354072418,0.07448482921390072,-0.0037253905073930684,-0.0795653414396098,-0.009906703323372172,-0.014509846199022734,0.012663692580648705,-0.01596486153694715,-0.0007235707244101884,0.000868471587156139,0.00237842130333479,0.0764742090080678,-0.7514041784369215,-0.10697926391649286,-0.2942974605683343,-1.5756733434287709,-0.010038068278342976,-0.011698553669829945,0.020389452310015037
0.050947128405184144,0.022251435998614764,-0.07901262070230752,0.052728480326998534,-0.002269118627774473,-0.004466993104587944,-0.04841046559969645,0.0354893749023409,0.0038354656797100436,0.004955845308646258,-0.0258406794153298,-0.016258153721259362,0.01621592310702173,-0.04603138650736908,-9.090947207201981e-05,-0.019224076594075906,-0.003747875033205798,0.025745511232874607,-0.0626512160286954,-0.00697508487686197,-0.12983193809876883,-0.014765401410764998,-0.09834966892058851,0.9934825890911753,1.6263414319953984,-0.1091654845101348,-1.0688008548320453,0.1578174653668129,-0.6666701288717221,0.1650869313630574,-2.8840546645465173,-0.20530141515057942,0.04778794562255028,0.0673870099382204,-0.005511029903967258,-0.05404653233774345,-0.008196643717604282,-0.015755494347405037,0.011739740548788746,-0.011703524505498077,-0.0011731175888808735,0.0009350486076710301,0.0025844627447308153,0.10797100135687598,-1.055545601896445,-0.0547926262637866,-0.003828453112853902,-0.5055128157171664,-0.008984356762389185,0.0260026112875551,0.035489558285779835
-0.047274044410804565,0.02486586142984927,-0.10292390975527355,0.04147745008371054,-0.003340363639136507,-0.0047986755404871425,-0.04167129799185559,0.04427655778561336,0.011036532953998814,0.013218554670372584,-0.02731531180484125,-0.024744487622837083,0.03227702023761509,-0.07256354013439216,0.005778292747684193,-0.02170145202842334,0.003159233537847387,0.029110296356041763,-0.06651892936744555,-0.017923712203266443,-0.19025543140112425,-0.01552919281149444,-0.10843543130474446,2.3538450063808942,3.970747921700513,-0.3247213159436089,-1.2702850665026064,-0.26179366044697877,-0.5781919958503572,-0.3371702321847228,0.3051969417563609,0.32063136171492335,0.07846577307608837,0.14865869680296978,-0.008929125906887192,-0.07830905655760811,-0.01101342767546079,-0.017333530381112804,0.018965487204313302,-0.011794781931026049,0.0007389603612969738,0.0008373242463383878,0.005577706279691256,0.19726276324187889,-0.23513272236326127,-0.16205091986407089,0.05195358480400354,-0.7416782597407575,-0.009119311605060047,-0.022672195814772575,0.019960465478133377
-0.07361012232688556,0.023961054875152026,-0.1411343212599742,0.07288794149281219,-0.0030655108296661192,-0.00282184511916514,-0.031095704536306966,0.08861843897595795,0.021013049655500077,0.008019752048148643,-0.01875357386863415,-0.015119723050713,0.026064090817925514,-0.06102717795099373,0.0047076920073403535,0.05188734226480429,0.008022898926724715,0.02623038913128288,-0.056944428597624414,-0.016108967705700163,-0.20240182222268138,-0.023227157910825223,-0.1046753096987684,2.415745895311324,1.6485535200001273,-0.014583406342126045,-1.7005460826612093,-0.29533178304888474,-0.7572678150020787,-0.7629134472750853,0.13155218382797743,-2.6268981946220142,-0.14405951575711803,-2.0461373560012563,-0.0023724985070579145,-0.06826094119654556,-0.009428941860187397,-0.012853823325656035,0.012362792861841335,-0.009473572236261923,-0.0004486423903470715,0.001140062900240302,0.0054721478607067725,0.07050860567041535,-1.1822704977300702,-0.11560301080253273,0.10610857461231014,-4.710580175509623,-0.053008291636853805,-0.01357875779564129,0.004352490247845883
-0.06302109695897605,0.03538407900278383,-0.08427066103956485,0.048432300146092025,-0.005262602874917303,-0.006232076495725255,-0.02390152140538452,0.08144878060307555,0.003887819224880669,0.013491746630654763,-0.02746215241121325,-0.01675468442834972,0.03412471133152171,-0.08147055979896069,0.004567198989012485,0.06496204591643753,0.009934199727884558,0.034618356476689,-0.06504958301036946,-0.017320929200408737,-0.03686269842747097,-0.020047849118646217,-0.08106659595935088,1.214992619114257,3.1856060777669355,-0.660024150787177,-0.9461463530671824,-0.0366233454466932,-0.16767872815477136,0.5444529866999716,0.2545781431732483,-2.960501325272542,0.14865298316827055,0.11412504076774223,-0.006395321664529331,-0.06509909699966454,-0.011927578661563559,-0.03141299288871152,0.013044365621218534,-0.009554485793640391,0.0004273489200758369,0.0014588940387561186,0.00878407105400861,0.21780854635522318,-0.5917721872983063,0.5631213397512682,0.23090452723467292,-0.5439718474678505,-0.011919992809534341,0.02425663583727943,0.015681683956288307
-0.041487243331147304,0.03073646609930545,-0.082656404142579,0.005035859208966105,-0.018925309152991156,-0.0016518590849630968,-0.043830357241172284,-0.09959003574827012,0.007797916814643273,0.012268866728990116,-0.021615484556722,-0.019792005856058507,0.05669248906518225,-0.07424609014825982,0.0011992456632697942,-0.024479753349274314,0.00499401760030019,0.04951135759129265,-0.07256989058974792,-0.013687889962230724,-0.0055386868340557005,-0.02080921745764067,-0.12014714767927567,3.3062364082541547,1.2418144779919955,0.10469365911952754,0.24109671287532475,0.08847305560000122,-0.04156180307157963,0.49022431052031484,0.45890546767813883,-0.2794868419360813,0.1154009985638962,0.0529219283933085,-0.004329122261186093,-0.06460966529059461,-0.005703057797615855,-0.016361486834462927,0.02332367384854973,-0.007743673962739828,0.0037728159894251964,7.590797690031446e-05,0.006993255290526872,0.1887201263354631,-0.37361241798718314,-0.14674349148536617,0.15743378225364704,0.4481832118307544,-0.008321668294315082,-0.0839913596312732,0.044008088078407157
-0.07619341076971445,0.03466765959559075,-0.0565428188188479,0.006527553954152282,-0.0060471543458528315,-0.005580277207251522,-0.036040490991323705,-0.10553271355893507,0.0038279827131174242,0.004545387034618327,-0.018113925768978655,-0.015254629195426311,0.03166106763477891,-0.051315826738569444,-0.0009688407997488728,-0.0143386742366261,-0.0003239849462609699,0.024568458988931365,-0.046543197097625506,-0.009922406640415412,-0.12992252135894736,-0.022887485472436405,-0.10855704995028177,0.6675454672942635,-0.02783459693467083,-0.2566182487928141,-0.06023040551254966,-0.2860320861171634,-0.2519727066023757,0.007197357493871878,-5.282203301780579,-0.4575664055638227,-0.13981205621354387,0.028185410979246796,-0.004576718042106493,-0.050107649946232825,-0.00771184004097318,-0.013095855584682911,0.012417270974350546,-0.007766709581523277,0.0019934500922427134,0.0006142191483086711,0.0045324892918996796,0.05917558156485547,-2.426119431052265,-0.0794004068722962,-0.13496241689594932,-0.08384913080950816,-0.007919102196945714,-0.4411232888117428,-0.1587157082144656
-0.04120027570051764,0.02202632566295347,-0.11523243028683808,0.006186482118403226,-0.020276160270618033,-0.005077301443886765,-0.046547703162494694,-0.2260905020043453,0.005583657788324428,0.008234937672656968,-0.041366192092905735,-0.019389864708775455,0.041043094764086796,-0.07657781384012813,0.0009736442456812706,-0.016823762566251284,0.000734453464958398,0.051614469791394675,-0.0801138643609093,-0.02077131167619801,-0.02912183759330394,-0.034410472273809736,-0.14201867352965405,1.9280120225331785,1.0652205160423398,-1.1245768722215206,-0.0015220837418748014,-1.072271985033462,-0.37429036699613993,-1.1975230941219595,0.3065045845284381,-0.889510273447673,-0.15117229893885628,0.04604494267550908,-0.0033099556213583817,-0.07766905496410395,-0.007984572204758981,-0.035588907514832804,0.015471185118713303,-0.01242253529867801,0.0034138153664080603,0.00021333661607581393,0.008956609489874166,0.047205567195209325,-0.9681152310662792,-0.3542429798029169,-0.38773445928032,-0.006003910992790509,-0.005268569692352893,-0.34086704573181675,0.009032166372292124
-0.015929523526274875,0.029385178299721502,-0.0603118165161265,0.015137796690034554,-0.009288677354362031,-0.00733031853200401,-0.029208113574395705,0.014859240082279465,0.006178642273749652,0.006333544176537752,-0.021958577107083314,-0.019431643155394748,0.04530280708269112,-0.05857936603268286,0.005626964605975085,-0.0122214322602623,0.0036091601290116574,0.05537850408929537,-0.06006129703043042,-0.01284709778566144,0.10182488621070022,-0.01595661060030537,-0.10732176877666459,4.596130719105484,2.0001976603841687,0.3336292711813522,0.4105146864618109,0.25079495174109645,3.598906007090239,1.426112980344946,0.5882805122506584,0.5337946167355847,0.9771342788122498,0.056323798799231224,-0.006668214803619938,-0.05312512042666962,-0.005525556617177233,-0.01640671297592931,0.016225122115195518,-0.01203987109489402,0.0032730470433505725,0.00037859056784478155,0.006091505241095342,0.2826936303826618,-0.08396960310368397,0.034654961354912424,0.40396449728502387,1.0754200083121075,-0.007690379079035946,0.055859439408111555,0.04775254479965954
-0.03664588437777044,0.05151083635909635,-0.02518204920454201,0.00893671766407303,-0.0030660519640795785,-0.005449497157447054,-0.01599795907399405,-0.10070464836383951,0.0046284329838085225,0.005604947408135806,-0.020464971739203225,-0.0718955834598302,-0.765530837231189,-0.045435617370957505,0.0015271072751382887,-0.009773297531953816,-0.012796273754375469,0.05055444798093557,-0.044099059583289496,0.0035081501941898272,0.0009478732619042542,-0.03765874765033951,-0.06210167403804475,-1.0949677263907562,1.1356593078935442,-0.02532401620796132,0.27494651839606277,0.5465419408656188,0.46018378637126905,0.32209525694907065,0.5606136124801185,-0.2859894593556328,-0.05792277807928284,0.02005686336950265,-0.008473891874411056,-0.031223754289611775,-0.003354136145647732,-0.028468015947890682,0.0164327760783123,-0.003626849055363371,0.004147956182407438,0.00619993431152623,0.006410661754179876,0.17545876747977168,0.21692236657356842,-0.04506345293836653,-0.10099007542485243,0.30165359114270224,-0.006235779522460272,0.043986269925924415,0.030271067053212804
-0.09134948451444576,0.03352372966468628,-0.05696918563147041,0.00977680640669475,-0.0057974727714947515,-0.006790886911905023,-0.022026901044297408,-0.3004385147817622,0.0016401026503703189,0.01027887237758692,-0.03443927406027488,-0.05559695763031782,-1.5926431213814443,-0.059070122353225556,-0.002376241301382324,-0.01462490137767448,-0.01122911754558104,0.060317451594729614,-0.08118505822037614,-0.007212282999660016,0.0706160474373826,-0.04826708014672287,-0.07738190303267338,-2.5071826911013586,2.053177286891307,-0.3203871551735126,-0.07837565058550956,-0.533004274259007,-0.057174940270475046,-1.114673293844371,0.14190522885487972,-1.7130959654194438,-0.4649158723066728,0.029763991996797187,-0.0025066648279711374,-0.05907685055995103,-0.007271538489632811,-0.0449993439222913,0.01310740851734553,-0.006505290745303314,0.00218694442355657,0.0015089137450853094,0.006510632172005742,0.004526539422707689,-1.9412726888675238,-0.21315951954465615,-0.2543793711517823,-0.039368078455786173,-0.004958716817634127,0.018889937988878152,0.007141579021477217
-0.11225582835285015,0.04973394842917331,-0.023042244670565495,0.00959688215812901,-0.005433955981378237,-0.008071457031577602,-0.012313157752074725,-0.4211724907972286,0.008154537142353526,0.008207503535976518,-0.0264990858113546,-0.06848540614421386,-1.749805572681434,-0.04747819840969346,-0.00011538340784103607,-0.007563505040003414,-0.007978347814180277,0.07271802468458072,-0.055583249469057,-0.00262107921085895,0.11093780734633522,-0.0453520165394641,-0.0663564192893054,-3.5414798379294625,0.9696225644841001,-0.43428503923851774,0.010763060875626469,-0.3043321842355267,-0.043967780715325526,0.20358916291167425,0.1686726266175762,0.28905499696697007,-0.45372912240432506,0.027698686040442056,-0.006376049126101615,-0.03502518430860812,-0.005313779614576932,-0.04058999700938036,0.014249159127696446,-0.005550435188587595,0.009835745244235845,0.004511284745316393,0.007484819396350999,-0.008207145306939745,-1.7355479278903838,0.1850737241438123,-0.1212722329274112,0.07841632430852136,-0.007329101494800598,0.044070413139318615,0.01458171880677847
-0.022441288236221095,0.051040479919944474,-0.025556019030790782,0.010040973578522237,-0.002815412816922785,-0.005255110125513867,-0.017541490776672955,-0.6833926416209626,0.007613726728713776,0.0062418529223043605,-0.01835741646997855,-0.07549867402348348,-0.9772372087072777,-0.04232793425284092,-0.0007145628728499118,-0.007957765057933374,-0.03638390877010538,0.054810370855577745,-0.04540255119895594,0.0026735724653821815,0.017235737471838403,-0.05129158284729409,-0.06246796009701941,-1.593146437323028,0.3103962214250326,0.02471426244689175,0.15304813232555092,-0.04818406203636903,0.13268754553730477,0.28955376376523745,0.41392225248206954,0.17780447626070373,-0.4096855227592678,0.020890652554393953,-0.00454822344465627,-0.028059221558785034,-0.003595387949660155,-0.02363333510953001,0.01381427767051471,-0.0024452564401199624,0.009773937321061292,0.0015401602088682869,0.007412089385826933,0.24406934124309312,-0.0040322906120461265,-0.046759475721844405,-0.05036456489907355,-0.01826401161521133,-0.006806947150476544,0.05049884139597193,0.04403312130591823
-0.04571298886557651,0.015006875929433897,-0.02058228120474914,0.0031959096503480166,-0.0019440131733380014,-0.0037416624781574743,-0.009277880451076975,-0.5750669187857582,0.006002189821533227,0.007148192040511735,-0.014779633910714445,-0.01781614118063047,-0.625034083569069,-0.03178460835774691,0.016952479726713893,-0.006202606372839681,0.036994889295791276,0.03623678264154751,-0.04425038426260481,-0.003659791440177738,0.2117345934719663,-0.012976321521734648,-0.03779293530198104,-4.964219068167611,-9.066692156673826,0.12486980989827126,0.24322410794344837,-0.25229322542382654,0.020300921620030617,-0.36418008292033355,0.10794168243806232,1.681609457254121,-0.8463439234923009,0.016829427242616334,-0.001984237248314128,-0.02223370982984952,-0.0032788161573492486,-0.01960157893297141,0.07965385304069582,-0.002401563206211122,0.013022149322334961,0.006023963502560282,0.01500229750594815,0.3702497207729882,-3.1524922499029437,-0.05139539233010733,0.2272251677422454,0.4020205317968099,-0.005204821349673202,0.016343539682461456,0.01677234385349888
-0.05347506563385726,0.030098860845393472,-0.02795104652533255,0.010459372849260372,-0.0027968877268910843,-0.005410267419811741,-0.01044128050935471,-0.7172157280573298,0.01093829219257971,0.00903561946568914,-0.03453562329291869,-0.090681321462269,0.05764015236460641,-0.050331892792080286,-0.0016500254225018378,-0.015183844414794275,-0.033434104402443564,0.0522498872357161,-0.055077332131983944,-0.0037650498924552515,-0.03393044565944598,-0.04421377346238258,-0.06884991404595836,-2.531660125349231,0.5669958862844742,-0.7189434945483798,0.017934246825117767,-0.7733310361048469,-0.5393391500216907,-0.4468264408262208,0.16472803897560162,0.2932814007216445,-2.06639685109914,0.0260302284403942,-0.007092771150305027,-0.0339880628289812,-0.008552192082097615,-0.0371872442304214,0.015444557661170059,-0.0035841437967247024,0.00815830364279489,0.0057019550117281955,0.007583541095634027,0.2545647337001449,0.053321224724963215,-0.12692867389277857,-0.4475861618033662,-0.17649073564618328,-0.006711054796987152,0.04212806253777596,0.010881290343866727
-0.03842913826470381,0.021696136598477307,-0.019107659166068606,0.007347190282837497,-0.0018494375851905046,-0.006183858587043612,-0.007686103155335535,-0.41404704491522476,0.011084088168999487,0.007777452475464117,-0.011184978001592873,-0.027908330427227873,0.07518941068292026,-0.025606719966132677,0.0056745733345788885,-0.005823817142135976,-0.002581243480220699,0.031443920762848014,-0.023717415881569483,-0.003899420430364536,-0.09584672447702028,-0.023357355013301547,-0.03544402425969833,-3.7024977396660432,-5.9122424589146165,-0.033164134842314716,0.20518378937714193,-0.4297368861993208,-0.4129433178078685,0.4437504910805484,0.11627416538240731,0.6899731269840705,-0.0183963010220164,0.016987956777391924,-0.0024893069171474523,-0.020923758188677158,-0.0035504972176073502,-0.012368386920363583,0.04360474775783651,-0.0023356834613077427,0.0038498504948988074,0.007335221453442377,0.020374018936313205,0.265917233290471,1.8882882305343074,-0.04935499947250961,-0.046212058086552404,0.09969472253774224,-0.00560601495857223,0.00828809968684967,0.02590334091493442
0.08283311026706743,0.054488310762295745,-0.044642374781765186,0.011038639500879015,-0.008325968637219015,-0.005252531972564106,-0.023871152906830628,-0.10179291876730949,0.007848436178760429,0.015957182239841203,-0.026575032054928248,-0.02427844776221825,0.10119479090204685,-0.08593002927030739,0.0010000465228634935,-0.008870971606303207,0.004524155958977678,0.05086319077095735,-0.08292363409150291,0.002071163482811781,0.013925588844410374,-0.0352019556023608,-0.08849869541042134,0.8126212437088755,1.3992250392821006,-0.170522859357321,0.17930194099143026,0.6710945388208408,0.2524337598329997,0.5406602051658042,0.3811935732919802,0.3075742254007842,0.07535673140133527,0.037307387148976356,-0.007288349067564221,-0.04896000438916257,-0.008733449055497725,-0.027079638217440843,0.030844888532908385,0.054480595225523,0.0020476822369411,0.0015498450339997809,0.007047688156593175,0.22199688193256556,-0.24716614910314078,-0.12774588615004467,0.1071024149976026,0.5522849781821958,-0.008416195656125067,0.043703482883077543,0.04330809114459234
0.050424892250780055,0.03597262136459057,-0.025657642986867714,0.007627098735871616,-0.0052291903271803105,-0.006018925093320635,-0.026639788521093933,-0.06692704579195705,0.0031493354953143265,0.006043575540242475,-0.0229250915173516,-0.0189705027719699,0.03957412560671079,-0.053814941763556674,-0.0027008053700002988,-0.009878906066120791,-0.004530957235294597,0.030936010895693613,-0.04358552123636775,-0.000795901694936469,-0.09699261533695368,-0.02839349154944927,-0.07030972254274954,0.3883454169754892,0.3431104764471608,-0.09156115175722794,0.08914530457502305,0.34849424623471265,0.09454749478425646,0.12891177021478928,-3.1830473977346156,0.2188279939220733,-0.11811809907447918,0.022161590846281005,-0.004478638355504184,-0.03363001496534446,-0.006652890569453791,-0.019416168986702897,0.021633808599200804,0.054788264040846864,0.002102430426435061,0.001572459118288086,0.0036994237189219383,0.25154468552026565,-1.1445898817707194,-0.06113489751301026,0.1374237244190769,0.21701944621246272,-0.007640632242324001,0.08748695566724428,-0.21062218645759903
0.08694180154260993,0.05308410841622536,-0.05604374102094038,0.010852595597190798,-0.020248700692546126,-0.00943367299880842,-0.026450817944965257,-0.11451422302624613,0.007244257815340302,0.018753782617604967,-0.030660700157666084,-0.021287908901851133,0.08359716131794441,-0.06276415006082436,-0.0014975605531783783,-0.010474057567210407,0.00607979777859636,0.04200376016236431,-0.06906881039699525,-0.008201613244246486,0.23002661007233194,-0.031299368357297054,-0.08738090227039781,1.0553871920931064,2.504459537209952,-0.0944118583366172,0.223184991624593,0.2305429279890382,0.7511863627467191,0.6381483006543297,0.4380212325310127,0.33686023086028843,0.27357650904771874,0.04708885845345585,-0.00322736404400678,-0.06304698481146562,-0.008749983654093485,-0.03048193328350042,0.016695928090813734,0.1700218452468125,0.005964395894723392,0.0008007292376288321,0.005986543893788314,0.29619867276585804,-0.3702662333534348,0.7680379162292319,0.013897280140515613,0.5306859538501513,-0.005621274294381301,0.058927802582844746,0.03640049327788867
0.02018377091152823,0.04983443201977682,-0.04613237944115175,0.008368754198122507,-0.013150551580504974,-0.011426409295907583,-0.02731100318015627,-0.21275101675690639,0.007930275008859925,0.013781918201772858,-0.02854597210877612,-0.03139460173129621,0.07840862106547247,-0.09894625629809797,0.000661344804216464,-0.0158854240832495,0.007067961333682217,0.04406522923021658,-0.08650676933543575,-0.00521598762879964,-0.06455479929789901,-0.05470837025014792,-0.0920914735208928,-0.23719397395596004,0.772601648734491,-0.6529397438935248,-0.026542054788158638,0.06555817715984442,-0.35935537004987655,0.010616451080422582,0.2940698278771224,0.15164872154987688,-0.2760119608692446,0.03398151949011753,-0.004448853974841158,-0.0532443191460674,-0.009293007109339578,-0.031490804033618376,0.01980397448482034,-0.059825245535448685,0.003597750557876357,0.0014730973469986785,0.005747841819460835,0.10720872670081408,-0.61368345872875,-0.20343627201533507,-0.21492962707697302,0.21616061502118816,-0.00860476285691296,0.016014605570632272,0.039155380215536155
0.08321147130705536,0.03526827758490528,-0.03465530537971722,0.009243763252208449,-0.006865408140575846,-0.004644424507566527,-0.012918797048171959,-0.14821442054294345,0.00613714206845933,0.009353387962091434,-0.047006663041167816,-0.08016403502406504,0.06462056103411001,-0.04363577110606595,0.0025402355555293136,-0.009476517254217219,-0.020420152693069304,0.0651453892503509,-0.05632417947274598,-0.010690207161073164,0.061457263691964074,-0.03238269311276913,-0.06233225321606374,-2.568069287561157,1.3675122630091368,-0.15108020966001098,0.07320903305066605,0.00546379677818404,0.877881371748519,-0.7089488487559337,0.3891024143356783,0.28482736234195705,0.027963843266840028,0.02735687341164087,-0.009310061478327613,-0.03984174138153646,-0.0044032654167118716,-0.04289585346726677,0.010963973362782533,-0.0049051368200412615,0.011309644523746205,0.0033681972117116524,0.005732974984322275,0.2374673251760312,0.01927724997366161,-0.06418692413406131,1.0258463579334172,-0.1656052218211687,-0.00460459075637125,0.053814302785556475,0.0266678938528816
0.0701139751084532,0.04595148388646892,-0.03558276393191075,0.008866732317178681,-0.0038546679901570154,-0.003067030922155609,-0.018678878842924254,0.01694730972964801,0.005969348083486384,0.009829455614350474,-0.035173630662945286,-0.04451056409142388,0.08216457217101349,-0.04229473171038205,0.0005041065818149502,-0.007992641957473148,-0.017868688008271176,0.06185284162970278,-0.04102283133628716,0.00014535402123691554,0.007112058292067587,-0.031888834329203385,-0.06231683025750382,-1.5487806010799474,1.8098920441424686,0.13356973346526876,0.2540671176217101,0.5415950333384327,0.7495188553509159,0.5343554784345346,0.652735007941842,0.29584490755281057,0.9308756425017208,0.023785893038885963,-0.007640898206094744,-0.04043487862439541,-0.005396346715638853,-0.05315387392763159,0.014108574251740093,-0.006118582645753914,0.014496975983685302,0.0036908322605624906,0.00608289016757728,0.27688273223037485,0.05147065713212765,-0.04943810899036708,1.7215231655050056,0.1744078709553554,-0.004676899952478904,0.06186259809301945,0.042140144740707666
0.0403893926593815,0.03317280049603606,-0.028463637342758003,0.007534251974135596,-0.004074441003309843,-0.00549813994453767,-0.012082752673223947,-0.2366929912946526,0.015058918312970113,0.0065650553151225385,-0.029050994569035815,-0.05416856624185608,0.09254198766519484,-0.05154460690506024,-0.0009789998002001673,-0.00970133100060409,-0.019027598598838718,0.057697099793541456,-0.07394661787859043,-0.009434056058829599,0.043786246071309584,-0.03885502139218008,-0.07188311860682933,-5.009428166472595,0.9967965988381301,-0.3737723757442226,0.017186932236105665,0.4661923136675473,-0.19220253087469033,-0.8937542997886456,0.25272122970133215,-0.4883077636463961,-0.4468798581769117,0.023682347007887537,-0.0045045392034705365,-0.032109834543025136,-0.006539082931648916,-0.0452026226490377,0.017350805704216845,-0.005596845677982521,0.0063993522332726,0.00318027848659844,0.00915526496293178,0.18771970171734395,-1.7071147012786512,-0.09307906871714926,0.37093968249089454,-0.10161736735944082,-0.004689432205719051,0.004342574030455076,0.032728327425407044
-0.0007229886922399364,0.01592466129352231,-0.017878933813671397,0.005837226279771101,-0.0016568969400884935,-0.0031886711500838396,-0.006159731352698058,-0.5323140694173506,0.009127265555980722,-0.007545373303974632,-0.016885122861791613,-0.02359047164305306,0.05978841839121434,-0.024275593497725297,0.0053870297592655296,-0.005464161829037528,0.08429564648191033,0.03599384581587694,-0.04098435195739923,-0.003120808874189303,0.02359089048582353,-0.015306763172489603,-0.03485924924922052,-5.599481805293719,-9.354224424633676,-0.16586114841326796,0.23870534467661278,-0.7050475483508153,-0.4681009220792458,-0.9565297271841856,0.10990810585049474,0.6090453986058226,-0.979060101663891,0.01812473478966304,-0.0025301068600852095,-0.01807641254256637,-0.003238121566757031,-0.013272336773405823,0.04403527955555869,-0.002261636586835222,0.005227617559213205,0.0068287441787453565,0.01971425919193028,0.31714810606494825,0.8938633240067343,-0.039338647901970246,0.5393132427680472,-0.047674248220234104,-0.00545665203157282,0.01800952857233064,0.03181869155704196
-0.016519052098497716,0.02150922340683572,-0.019255963187282007,0.002170946207010766,-0.0017387545786211676,-0.005039923641862035,-0.007613592908341189,-0.36570162251629307,0.012348004572832874,0.005898334327123496,-0.013231884598684978,-0.021254035777206123,0.07430934398513427,-0.025178537000543823,0.005646096279160574,-0.006880141661443309,0.07608413325958756,0.033982652150328516,-0.024748236709084145,-0.0036706190630694225,-0.09117327100225851,-0.018248948462265983,-0.03544765119300231,-3.4821530687274653,-6.872127564716215,0.3152254279251529,0.3245667375012387,-0.3775603107264357,-0.3596424007105816,-0.6730085881432993,0.1966396153501727,0.597840500427596,-0.1888180318115107,0.017646227507277113,-0.002190944030043504,-0.020838131683400634,-0.003642838769407159,-0.00885313827374916,0.06175722136620238,-0.0024781013574110425,0.00645452465937629,0.012379346265952565,0.021278769922390552,0.29293756336880866,2.409537494874082,-0.04283507644315204,-0.1623683337668323,0.11280246136039403,-0.005162172182618724,0.01434367967912211,0.03708169341799394
-0.07755048911743137,0.03049413605870379,-0.03672180284689656,0.018479377838803795,-0.0020117849121676044,-0.004336982108062765,-0.009399722558517447,-0.8884903636442187,0.005415881293083741,0.013669888604462157,-0.024517830939596117,-0.07131555616633554,0.046286740571459546,-0.04219919049737901,0.005775117391932348,-0.01001619717891226,-0.09695276100697094,0.038868917295895276,-0.03266859116750991,-0.0013065504601992932,-0.02323007147922223,-0.045963369480832426,-0.06311386188624023,-2.5717807551061473,0.36167009542545325,-0.3930364764188901,-3.375011512031365,-0.8392607266567794,-0.6264345335815777,-0.9353178305207714,0.10412109047120517,-2.8081066787990516,-1.831271533044775,0.026266012520337084,-0.004195024414629713,-0.028206143527641947,-0.005472403533599425,-0.04185501100397979,0.009704646019143314,-0.0035543766940149524,0.002427611338846936,0.0007373170591275137,0.004140558807950225,0.17693223316990322,0.0047277438995246696,-0.11933950833526435,-0.6446030447674187,-2.7423779404235487,-0.01215708224899581,0.02883874236568848,0.032004160410790634
-0.06333416945022516,0.06639588690089293,-0.026380687606222343,0.01986087580017409,-0.0029396018091428777,-0.004992926722156642,-0.016390406888956627,-0.2989869812604962,0.005720690810905411,0.007361231146775224,-0.0169187163604583,-0.045947388941881766,0.053230501524076,-0.03737830777684112,0.0038980148422670773,-0.008496770977798954,0.4079435760438492,0.05734605094416408,-0.03834995401163774,0.003435614045461523,-0.05499631547849655,-0.034009119208643086,-0.06086443936742426,-0.4161732133165913,1.309523357716529,0.49252427751741445,-0.9278187274574017,-0.04948161089626184,0.4555249470418968,0.19540635243987398,0.6655061526124115,1.031193513944135,0.4642018522693317,0.07539028880830094,-0.005745436098861116,-0.023129026338754795,-0.0037881171558551735,-0.02576415168451511,0.013475066201970674,-0.0034007727280192285,0.003939157587291552,0.005183005883198933,0.00728699106671057,0.3378730553169356,0.3187062721549709,-0.03352955532547755,0.18419176107555857,-0.49266019861090216,-0.011134071026822975,0.07069984502907178,0.07580275217998557
-0.05992109152087091,0.05302176042558341,-0.03900404988591757,0.023277126201642885,-0.003347348982181829,-0.0050008610083912206,-0.011695155303177272,-0.6516238512506217,0.013413001207808348,0.009682227969427606,-0.01730064037717231,-0.04200212134548666,0.08603044172374136,-0.03719564676408578,0.002238609829850575,-0.012635256618420422,0.04027053234456115,0.056604961797127054,-0.043539997152087756,-0.0016715850689457271,0.1318205820773294,-0.03485250202215945,-0.061305529238803835,-1.549142799081296,0.9305469863857528,0.08551026282003293,-1.7670806767263794,-0.2818754959655457,-0.22951791383943745,-0.5743759342974247,0.2952605999187506,0.35529974191802527,0.2223007161412965,0.04655996256534535,-0.006634786973343288,-0.02498157873940096,-0.004065333054516882,-0.03723381767069964,0.013559183123036968,-0.0032705572500879867,0.002735640107207062,0.0022882335518131383,0.007557983199054283,0.3001498524142824,-1.045225427934058,0.2498559317205058,-0.09746399558714372,-1.605416817947301,-0.018371654113968412,0.03027113880589232,0.0399602897462402
-0.027947246874759992,0.032639939505588786,-0.019361399371532983,0.009912263989631184,-0.0022928397917021514,-0.0039289551708246865,-0.007426422094819731,-0.6708730206156377,0.012011707736473183,-0.23050006513482127,-0.015685705382855557,-0.028675929610802776,0.06305251181126753,-0.023644526288774476,0.004039759182149174,-0.00942211127786652,0.009468346045238456,0.035864025286616016,-0.03958672161433002,0.0012238997840228207,0.051249201819302065,-0.038205907514845885,-0.04002938721727125,-1.018469778672526,-9.207764119022668,0.6173319226314802,-1.6727602018116274,-0.6943420088325423,-0.37631476121595114,-0.3032746686414257,0.17724420671197624,1.017489938215778,-0.8166288339164777,0.019633855786148246,-0.0015925610436775832,-0.019911304284610687,-0.004822628193093901,-0.017406556996580558,-0.43556835853600434,-0.002511764421887988,0.014789763956709051,0.008349915969408246,0.015351742036681174,0.35280011593973654,-1.094177999479813,-0.05772362177231533,0.03998214175707806,-0.18637751766025795,-0.010390209218150991,0.036241008452389395,0.010499210119717115
-0.03381125149774067,0.030618538627702602,-0.01725127181687347,0.009648565323410864,-0.001942757873462538,-0.0035279231211585924,-0.008580165412722702,-0.3947960012526005,0.0023919929701266378,-0.18133450832844994,-0.014253917188802298,-0.01877074486137205,0.05610519794605682,-0.022531049903491567,0.005437479351474172,-0.011943868008822175,0.009616271709661287,0.022919038772769268,-0.026826744857522598,-0.003392784819244764,0.010521507341480578,-0.020096182298307952,-0.03605776172687784,-1.1108929853257556,-6.385209357731061,-0.41814305473369107,-2.3470961156422794,-0.7653954170375507,-0.6745882390299164,0.008414075980411733,-1.9047666236207554,0.6978294528907423,-0.2654279233350387,0.016087164259303382,-0.001424925172834707,-0.0188660694767258,-0.010501768774668708,-0.013672267035628733,-0.6022943489732284,-0.0028590198226706083,9.600514551143583e-05,0.0023016050289957324,0.016887633863532932,0.30629325642286553,0.8667664203599411,-0.04090027356865882,0.018347159609832953,-0.007064523676220538,-0.01604318401884524,0.043646255370343875,-0.13600120295691784
-0.048258462711987825,0.055708066447543,-0.02022485003269512,0.007627170930309451,-0.002287957639548475,-0.003574960864947166,-0.008076962062723065,-0.9939011572101116,0.002808532451006787,-0.3199452805007628,-0.016069034758668985,-0.041234631421598604,0.05210605438401965,-0.02707414017893493,0.014446338309634094,-0.008660951721047019,0.03333459713005195,0.011170833053818467,-0.03902058751258075,-0.0029405327726734977,0.24463160074395315,-0.030777937328031406,-0.04315000206230671,-1.5334835525177632,-12.733158547567715,0.18338664999147222,-2.1719343044528374,-0.7475723930910534,-0.4227198497050377,-0.6023050754902961,0.149169932894876,-6.065787771846116,-0.5107773436059588,0.019037223969455147,-0.0029036912525759943,-0.022326832816166146,-0.009163517040215627,-0.014680056920132184,-0.37163165673698406,-0.0027991024939938596,0.0013737182693781204,-0.0024622239252997404,0.009080875535265322,0.2214625501213812,-2.9835767656076357,-0.06467636859709723,-0.3258785274071096,-0.569567434574919,-0.007274176022334062,0.02402722492226054,0.012720643121666502
-0.034051991683282504,0.04534495264567126,-0.026130476735071254,0.007473955842407757,-0.003214870719658514,-0.005262043781831407,-0.010856370571703841,-0.8312445651380946,0.007439422132696111,-0.3480750001507862,-0.030214024837188026,-0.07023302538186292,0.07672434491436438,-0.04585435388084576,-0.0003805420830112419,-0.012719529532204833,-0.010269835881212455,0.0493655644625236,-0.053046779864007146,-0.0008786655063262685,0.07941535836996494,-0.03907672142584445,-0.06884760529680752,-2.563335144749401,1.01741014515974,-0.14046852988389735,-1.3774209836023525,-0.66768456740198,-0.41575590062718276,-0.6310837625727433,0.2716978482189625,0.2221156408214034,-0.9507546831945641,0.028560084959216924,-0.005580169339754455,-0.029037019617342077,-0.006380284248475962,-0.03191061122274672,-0.31748101673114587,-0.0034595843455086242,0.010970394099844011,0.005429327950118366,0.0055090222932252415,0.2416415771231368,-0.5816070160759954,-0.10372533335567213,-0.2124114034595315,0.25019316480085313,-0.00923179130433385,0.024860083424464195,0.015998688808552913
-0.06859750515806855,0.039599006154268986,-0.020257564257667136,0.007953265957664156,-0.003026079218110261,-0.004350368275806663,-0.015288084939935569,-0.3319917290722472,0.004133303162549312,-0.15710307791323586,-0.02177621819982095,-0.029029212952543976,0.0488707932786565,-0.03703586338290876,-0.0051158346212618515,-0.012950783095074806,-0.0006414620377198747,0.027227364050956118,-0.04173189810278718,-0.00015524265451731268,-0.020785991976296613,-0.02677493396884557,-0.06345621952782297,-1.0121118387527246,0.45458345758526514,-0.15678978637457866,-0.9412530493240338,-0.32989600029020055,-0.5788731706965166,-0.3343491033230258,-3.626755217253984,0.027730649965408603,-0.3141321655220876,0.019499661612790785,-0.002613544299823329,-0.024718124337351266,-0.004382501167056857,-0.033864188543714535,-0.2928351938141214,-0.0035541290794294336,0.0017183103127116864,0.0018270202211157817,0.003767000720407561,0.1658324086811989,-0.6479532937886684,-0.07276113491507463,-0.02312179120870083,0.05279657286211863,-0.007934779236117854,0.06850676336448688,-0.11417837338958002
0.0037464296394328846,0.03200470296547635,-0.026597605635633733,0.008999722773293393,-0.0032564534748750346,-0.0042935390287105295,-0.028642435486023122,-0.07465672228861184,0.0032665714151660233,0.0037265474121835323,-0.021429215532615394,-0.01861356290934832,0.029975704176881147,-0.05037909683385951,-0.0052769292140746075,-0.011301104618544751,-0.0030196403506033303,-0.17999503870553674,-0.03338573140758239,-0.007688835701387236,-0.10074718234418366,0.45443127740732436,-0.07511346952487177,0.3101351207034636,0.31354123089921015,-0.1499579859618451,0.1176872128715787,0.12663243569267285,-0.3358294649171668,0.4365983916483333,-3.5726644247593753,-0.10724002205162685,0.09084812723335488,0.023403966322449194,-0.002850748409620585,-0.03425726377721452,-0.005358758821174919,-0.015413803883780112,0.017540373645188567,-0.005038680507692938,0.0016357203468754273,0.001180831285899288,0.0036787293442908037,0.20052147128211756,-1.3385548046117897,-0.08923567837501842,-0.07630816314667364,0.13209463119858672,-0.007667478503543389,0.004527036333952326,-0.2146860659655406
0.04749984227319052,0.024474678525546367,-0.09924941954426877,0.011280482022969558,-0.008647022769682893,-0.007255263525061096,-0.03603727484068246,-0.0011804721777224259,0.004666663497530378,0.011654952578812775,-0.031007476742849743,-0.01679415918348698,0.03393134054038793,-0.07876379403699957,0.0009585501415597962,-0.02520628069265976,-0.001413143930498476,-0.5124002525955849,-0.0804204937101918,-0.029919696396042545,-0.029854823624036513,0.312456344899486,-0.14097713655582295,1.9486908380685253,1.6631743052903811,0.2237509575260459,0.05359723100516843,0.09159738012767117,-0.5074163367773727,-0.4694108973529454,0.37483568798420625,-0.27931039197937135,0.8291459148178216,0.05902829403074679,-0.0060397275257771344,-0.08535948770635736,-0.01110753908333756,-0.01973936986882345,0.022027568769579352,-0.00925722874193972,0.003414437013304456,0.0005609797614389931,0.01020798934469499,0.08483305043261677,-0.14673932011981478,-0.17599940591341734,0.160886806762284,0.4403394313719988,-0.005301363358084642,0.015517343682984693,0.02322104760009326
0.04071526272831764,0.03935046504156849,-0.06765345501116608,0.008936730356459338,-0.01034264648462099,-0.006389053230245608,-0.03513292364808359,-0.12568523999943645,0.005155367074839312,0.009857583354964875,-0.024469314916323412,-0.02435524892972641,0.05297507803051216,-0.09762632582917338,0.0010301607687084613,-0.012024510618303102,0.0036297669354611733,-0.436911583798166,-0.06222027545688169,-0.023380407915143835,-0.05993097650417302,0.6325366749478885,-0.10074835818059237,0.6757193568247356,0.9674645176547129,-0.13930637282709624,0.07493076256549752,0.049836132123308896,-0.005256706448603404,0.4401497332375091,0.37874538921018397,-0.2869626536497634,0.2797638870361139,0.0370290028587531,-0.005354202158363293,-0.06551627423106778,-0.0076067296448196495,-0.029761286277403758,0.019530781257761812,-0.018389125276417676,0.0031662853656528513,0.0007070045509827525,0.007174439614552963,0.06564003315972623,-0.09603589386883954,-0.15244601349113032,-0.013606456668421104,0.3575868918887695,-0.00881593501993659,-0.0726217694863897,0.04426705049652093
0.02242569699235233,0.054885360440937885,-0.023009600640290277,0.010924889246794871,-0.0028458702951909857,-0.004189291043473426,-0.012491668317904808,-0.13585402130174698,0.005038693463838434,0.006633152205419692,-0.022025059048368573,-0.06337025995206003,0.06673248139542627,-0.04746961105773972,0.0009895427250252783,-0.010052270606846143,-0.01779295509204505,-0.3092629387038589,-0.04396545027626652,-0.015996452382594877,-0.0167151192743444,0.6438962598966866,-0.0686563522095611,-0.9036398163207087,0.9743384172280989,-0.35758457012112443,0.16502758118285382,-0.048326731494093396,-0.28846981945729394,0.26288578140466695,0.4173644952655463,-0.1692786802587579,0.5348015225610593,0.021620574247197922,-0.00559095582946127,-0.03283111053496726,-0.003932463435555808,-0.025168550835179958,0.013685087506188541,-0.005166023930614994,0.0028668341826174636,0.0004055902102190866,0.005619676253873029,0.16788082370478583,0.23366470632702865,-0.07616920437567881,0.1806445483303604,0.44266174671290615,-0.00776258212303901,0.06057598988147446,0.05041607404301959
0.04134878970251244,0.02456847169034972,-0.11444336080103705,0.00582719767136602,-0.016886238549433205,-0.01179769434702369,-0.06511785076664897,-0.12601040308464506,-0.004719023955621925,0.006592572377182577,-0.040392536800528664,-0.017041711277269625,0.03341580908058219,-0.09918920581793832,0.0011360272807291027,-0.054642209923708183,-0.0010335773341580371,-1.0226394139716313,-0.10562305799810404,-0.04389526735595968,-0.15909297331949118,-0.03046559781697858,-0.1517301109112875,0.39288359020072117,0.8176488332791109,-0.37047146773674255,-0.38141449055848853,-0.678034329266756,-0.6412062920692103,-0.9032073743848367,0.2917749140892006,-1.1506537720872805,0.007435566460185403,0.030907339843520037,-0.006646230257982942,-0.08397528580729445,-0.011101648832821071,-0.02128773538104357,0.01751008461687329,-0.027339077012789283,0.003952888678405357,-0.001138834139240833,0.003916643723751884,-0.06840508691254747,-1.0159560438532989,-0.25501527102062876,-0.5243984614493924,-0.24888770164660254,-0.004983267113104135,0.002508992059492724,0.013363643733282778
0.033350085014331066,0.025548008008275228,-0.050055842660488514,0.007817736588177495,-0.005858306316326892,-0.004409386219160347,-0.03393912362318703,-0.06281820514450653,0.003746370571912272,0.0031622666986752764,-0.016915584654273744,-0.013582885201427279,0.03174116287197387,-0.04939759777269539,-0.0009590737732702506,-0.026897244977036203,0.0002664934496599519,0.023794994510308906,-0.04872608199921602,-0.008982860853810904,-0.11884369059431898,-0.01794895782898264,-0.10040652325325046,2.038954580225138,0.8666182131766247,-0.02229694451162881,0.12932910625357558,0.4492390113837111,-0.2924260177062352,0.09939631283122523,-3.343163602676674,-0.008095438111259817,0.12802722020980328,0.034989382380829034,-0.0029151846290582915,-0.043775210872522556,-0.009835429567425164,-0.012697653329586603,0.015300458588535935,-0.011127904952827528,0.0014921746757208217,0.000810193764626884,0.005351017502390762,0.21026492799564092,-1.8877098674311072,-0.0567198364617416,0.034241972971157504,0.338804820800487,-0.00747630978661113,0.07841164788729704,-0.11656933520428006
0.027510527839464855,0.031852606128292466,-0.07229278858434107,0.008224512166623432,-0.016398110261263192,-0.005422356214283165,-0.047611354924178347,-0.03667981721799458,0.0072283980143967325,0.010595877151805443,-0.021404438193765127,-0.01975991031879854,0.0562272417934894,-0.08460783508048736,0.0013351210542664898,-0.022608736495743947,0.003994987825515431,0.04941101451896502,-0.07643200255575626,-0.016928582553405454,0.003751506123733988,-0.0341891233230507,-0.12272120153651171,2.790418430951783,1.275808999508197,0.14625831743923043,0.09819356890813621,0.38083155557659554,0.2627399320627614,0.4576007532067174,0.42203712429436147,0.21251014942614216,-0.0064272026313441704,0.05495194340516417,-0.003784427015474357,-0.05771934378885133,-0.011092446079059303,-0.019167581585446597,0.02186960389830402,-0.0054846643883781215,0.003283491522552103,0.0010395587890760767,0.006729857499528543,0.20444260224935484,-0.20398522100650326,-0.054457553428770095,0.06808874671341597,0.7970602095383005,-0.008091829801831707,0.02626518921646492,0.04528340850486152
0.012670318949444296,0.0278873328353279,-0.08532753388705065,0.025955158739008197,-0.01828643336090508,-0.004877787963114244,-0.04175506386871627,0.01687751682074282,0.006827834035503258,0.007890417570247419,-0.029087046286715813,-0.01746106489180514,0.034929854853764694,-0.06584543455840577,0.001357384905752811,-0.030247580527859884,-0.0029811861630415783,0.04650214841121121,-0.08714404381837638,-0.01863465818400687,0.08749486978644092,-0.024473590524425003,-0.11994046310291319,2.290086262728427,2.548946423117908,-0.015349040878764944,0.08269420979070731,0.42032684564704764,1.3160703787234913,1.1321576593978966,0.3974228172226235,0.003249049190184225,0.1707114599203403,0.06396511664431079,-0.005482088649940974,-0.06902079949850083,-0.005225929509112985,-0.017182379963361194,0.01318369238735077,-0.0213478458464366,0.003933318381268611,-0.0008431690228144559,0.0052653170908822525,0.04958968312443347,-0.3031069202478749,0.19810474268422132,-0.19568819184191563,0.9664447141637792,-0.005490008274349158,0.06622016286032868,0.019870118617291738
0.02566000119542692,0.034409168102643196,-0.07131390494612146,0.00891113075262883,-0.014321069709327608,-0.002755878239627253,-0.04689873684852125,-0.04075388329375369,0.008054530062601376,0.01235415048548013,-0.020163736090311732,-0.019657192530796508,0.05383836855740123,-0.0785184619446468,0.0015756987236873775,-0.0222271201543872,0.0033324969725998473,0.047612005614913834,-0.06626510574947832,-0.02206086201924301,0.054899841620249815,-0.02034976327121843,-0.11796831256602483,3.415934634952087,1.9800844399431408,0.12097032793289608,0.24649110329679833,0.5646251450466462,0.4184557681274726,0.6315589545544037,0.42700156838352177,0.34256980458891195,0.41076345785003265,0.055323199559397525,-0.0045875415901780545,-0.052194647233392615,-0.008608612781461319,-0.019360439759617418,0.018649064875006536,-0.0037994835937439028,0.0031836313913093926,0.0007822251520327537,0.008963150234552266,0.2733003625104927,-0.02993364677788313,-0.04245584349915649,0.010466826111607297,0.8816460433948752,-0.008181838192806589,0.03924963698391563,0.03534393170354437
0.01576569481579309,0.03184346539304043,-0.07654115715166594,0.008013588593417732,-0.02192928841417179,-0.004033404922703721,-0.04909502935847561,-0.13452569547835852,0.0064506603541227385,0.011058006822219012,-0.02225666729626928,-0.019146131782042237,0.03646639518264136,-0.08914654371502378,0.0017064406884625839,-0.03132513244627325,0.0011095160699150857,0.05315200248719926,-0.09080097934313132,-0.019591842666006453,-0.0468538793600599,-0.02493684727538942,-0.1272477516132931,1.8623552532993468,1.0803185232469785,-0.44959131508903893,-0.02256507011354888,0.25760186728834905,-0.042554776370918763,0.16671580107366663,0.38570683744219975,-0.13223520961336413,0.07611528765881877,0.0486616813013878,-0.0058040750507669225,-0.05807804556805538,-0.01454755566775146,-0.01327801984117842,0.017532851424849925,-0.0062546406862745525,0.002799112662294118,0.0010796968725574787,0.008837746584783727,0.16366358505229808,-0.4479420576269837,-0.08633149559916461,-0.29569644618821855,0.5003668807181139,-0.007949728596009497,0.011649006574742946,0.04094354959377136
-0.020870095378166847,0.06598881532529033,-0.02096466751460053,0.01541943730800985,-0.0023520595797782607,-0.0072277886998843134,0.4667044784328207,-0.026785604934772896,0.007222010313689211,0.007030268017177897,0.6952713985085608,-0.06012084370544369,0.06434519411174602,-0.03056366394268507,-0.0014978892528478634,-0.007567514942305375,-0.009636781577398532,0.0639010008246108,-0.03507879692932379,-0.0034356882047639286,0.022664878385393276,-0.030041913628135776,-0.048799798887822585,-1.1056963807244453,-0.9482728959225225,0.18769706747041062,0.4666155071930615,-0.11032385707414508,0.49532828468152934,0.4487490094852882,0.4788675709801571,0.40018008474978894,-0.006043270971009954,0.020587820590627626,-0.008816542228366208,-0.02204422756047935,-0.0015013266278582796,-0.03287129734728469,0.022565765320715817,-0.002740078950070896,0.008778596458514394,-0.09467488642176092,0.008712273936686846,0.4251416511486887,0.656359054735794,0.16262461809230438,-0.20946947609520675,0.3711799606747884,-0.006750360571238942,0.053576220293801775,0.04836023865161822
-0.04189410921548895,0.021848132168222786,-0.09157226673379912,0.014468898521121456,-0.013334266667646644,-0.005229267334323537,0.8079691877223752,0.09073147786487885,0.008434586637592207,0.014365069479350442,0.8915985151713142,-0.02085267184026284,0.03982269311725024,-0.04883665732044065,-0.00477716072010051,-0.010368098603768569,-0.000492554267464389,0.04110012864710233,-0.08579051663989243,-0.020977870244810223,0.15223755843885248,-0.013089207446034406,-0.10448064533284918,3.948927913014163,2.970259280027309,-0.016230246426644595,0.2161991418457645,-0.022869257169650815,1.7076880687523035,-0.3061200567184651,0.43933422593420324,0.3416012878540674,-0.06878752390632892,0.08194858735614258,-0.004063784100879315,-0.07733027980169378,-0.004967550770821176,-0.03423257582562169,0.016299673199919776,-0.007142514753607949,0.003713318259808291,0.026761529461183917,0.00821074735391162,0.24029778768055868,-0.18634169318065755,0.42413420297320087,0.07119368740007831,0.3688414188920022,-0.005443603904474947,0.03659504724741473,0.023091333341223944
0.04074322047437364,0.021330464714066674,-0.027424803579893114,0.014274297917195455,-0.0037530512020779207,-0.004900220587972979,-0.01692983464822434,-0.02565506323833386,0.009127840273824035,0.011629340238290297,-0.009370993656619586,-0.011386084358209115,0.09089645026646602,-0.030468170636030124,0.0014558436693619826,-0.008792564289518648,0.005717466381376525,0.030151223537175434,-0.04187040811706617,-0.013563261113678438,-0.042506397721373115,-0.014156382447115584,-0.05923209431892218,1.7427438713666403,-4.53091493906002,0.1602196068200221,0.5374849059698413,0.5175663458903746,0.6029419228217279,0.36238600679560506,-2.58455910685369,0.7430613168180037,0.47850439406686573,0.02034020217575541,-0.002159494892554399,-0.024955767760772372,-0.005921502705570785,-0.007133894205804814,0.025949594620203846,-0.0033058154347590345,0.012480774722873142,0.0014192402014468143,0.01931296446574937,0.2930103855025989,0.10309418581798807,-0.03003974336452446,0.155971326559457,-0.1882143197199752,-0.004399078557271041,0.039291641002626415,0.020940309407179915
0.023454678037968642,0.028271180735782893,-0.07385850872527945,0.0038007209257685482,-0.020526887663829943,-0.008626082705663682,-0.030674144053896082,-0.06892822276470785,0.006840307414831309,0.00735852143454995,-0.021110971928276937,-0.020076398716516862,0.04622257895685349,-0.07898841191257448,0.000832624223619797,-0.009747611132590733,0.0035398724719435527,0.05222129712165072,-0.06937137873210722,-0.026594841778778383,-0.07915222994450327,-0.015641406744767886,-0.13627980996060804,1.641276045104105,0.7683008213959907,-0.15178705097319237,0.13040143914977004,-0.5815357009990374,-0.1121817450616454,-0.7605346088909608,0.3953698198599708,-0.3647193019630294,0.5090542945226517,0.045384882363214585,-0.005309310075491386,-0.04760668704179999,-0.010105857234431173,-0.01617887632639965,0.021431243232368478,-0.0072501917429957565,0.003092105801488504,-0.00014600144946850328,0.008824711999291182,0.13123406605395735,-0.6608014698041729,-0.2228490004675872,-0.26436854577613,0.4280439237236432,-0.007818691427234866,0.020145518750170326,0.037412030704807815
0.04876514994838886,0.030915548817591513,-0.06707493301573245,0.006437797168979513,-0.01464228235750617,-0.005971441791557089,-0.026502313142095908,0.003741233378424539,0.006287468661569578,0.008185640961947377,-0.019403103386716566,-0.015991080564356556,0.039244135446583825,-0.07030577701414675,0.0007440566724811056,-0.011017186630664984,0.006244337620386282,0.06775682098105731,-0.060885076298048596,-0.025485777745704763,0.04404835270793641,-0.01644469865271666,-0.12451203505001944,3.2055320622093206,1.621549008537829,0.4355356110780442,0.6021950068896609,-0.1761083060074778,0.4361759802720139,-0.48171720047711536,0.4731206307300011,0.11147170013789505,1.3321957737121568,0.05313131240954628,-0.005129150012337432,-0.041058621422454776,-0.009667527154374179,-0.013449110590652834,0.02122315097957839,-0.006950242585121966,0.0025859770264898157,0.0013093124138557686,0.007687615500820836,0.2859077529326838,-0.14088155875874242,-0.080758471559643,-0.010265071328190977,0.9140912425419987,-0.007707070466050494,0.04351272306342754,0.038228812880585473
0.068262515802491,0.027704774122714253,-0.0671192978957961,0.0042911814586544025,-0.01347300304360525,-0.004966427446180683,-0.023048093914674758,-0.036307747505479424,0.006046681927877303,0.008685403921357363,-0.01886711005393556,-0.016516866586479904,0.0444425993619195,-0.07169932407786377,0.0007532772366867875,-0.019415851695087617,0.004743119206075616,0.07149092779520294,-0.06516906161488224,-0.02624196125086279,-0.009737771993711881,-0.015725067122302754,-0.1242771858545731,3.4100324176931687,1.7537897210908466,0.427583869566579,0.6494169766303614,0.14788526208200856,0.5539231328884772,-0.2828438552294903,0.4999114207728919,0.003293362974059442,1.2313312846304196,0.054041139163939884,-0.004248539097906312,-0.04416750749445967,-0.00712853260214967,-0.017028515119347155,0.023321032212518595,-0.007118394451357073,0.002226310309220762,0.002005875639005977,0.006835469694736859,0.26426151434626,-0.1188248592834351,-0.09574973897338253,-0.053189226964977264,0.9704839957679386,-0.007946027537805466,0.03317248649698281,0.03901382102116845
-0.015481521140984372,0.047290178515395256,-0.020635660178909564,0.00495465456180077,-0.0020823263519546,-0.006839966579995912,-0.012766151187463687,-0.061607663187631306,0.007103979417625401,0.009182422618617703,-0.026190288832484077,-0.0516106836143204,0.05420505364812419,-0.03452755102448316,-0.004317975872044321,-0.008740723802428902,-0.011299904545187024,0.045248598963360365,-0.030127085187744217,-0.0035467795759406783,0.029859301007453876,-0.0320628684000958,-0.05084393921049675,-2.515687577507266,-1.6912872818335787,-0.07465577192589905,0.27718615801616836,0.31845760907197185,0.14227259727615774,0.5945091248629435,0.36379914101058564,0.30789740697877654,-0.23734996309373982,0.01883631221931814,-0.004869233778603554,-0.026437378951286273,-0.0032274832489228543,0.31007891632010104,0.022815325756684712,-0.0026566744723507687,0.006514961191863299,0.010652814178849775,0.012019281232909693,0.3445068600078551,0.8276515838491582,-0.04638115240859093,0.002827674466840339,-0.0757405705904333,-0.0063204287277687675,0.04913372954222398,0.04314001605085144
-0.01996968941921773,0.057004227420589526,-0.02108879172412742,0.006241780593680224,-0.0019332311342908101,-0.006281949182594803,-0.012657220108615409,-0.08174527025655463,0.006082558757568084,0.006488362122332725,-0.02567540650885377,-0.04866323404174632,0.06305190756620094,-0.036842230452443746,-0.0012944089759034621,-0.007723033973043797,-0.02091435893223169,0.058254844473829545,-0.037124801690903625,-0.007630126130072316,0.014636874025277996,-0.036406637481250205,-0.0525772511071762,-1.848326780082065,-0.7988112537490325,-0.03387253322997481,0.161878953638759,0.29124912406971615,-0.025219318605961563,0.156994720996294,0.38950476218875363,0.18159403289449233,-0.2547732261737253,0.01863834019279151,-0.005408328615694391,-0.024867638653953084,-0.0025550889053903175,0.30820308404214364,0.01597048829527975,-0.0034810534060650193,0.009473248446873759,0.009779454349389717,0.011337053616840037,0.2906148737288851,0.38561789738583147,-0.04767763493123741,-0.10483110488576543,-0.242789539679118,-0.006836946996771031,0.05022247113636886,0.049069386573735
0.02676540206772466,0.028908584854424692,-0.07254131834578474,0.008231013643484095,-0.011327766637425782,0.02159243798007569,-0.04637938583957046,0.18692106384732599,0.002102637571600857,0.010444867290714826,-0.011025883960312127,-0.01894914490720648,0.03229066933585068,-0.05779924882279117,0.0038557656609685214,-0.020537613500908262,-9.140517396553994e-05,0.4147819268862006,-0.06906739026733616,-0.029252084662675322,0.5071394116125655,-0.020529175791077332,-0.0965004694533432,5.840418125689156,4.0968830704599855,0.07364253095904084,0.40792284011711816,2.292045115032142,5.189018677829383,1.3313127041253126,0.5256555069634175,1.048746299736048,0.48159993765129055,0.08095859734991777,-0.0032148395187946597,-0.05462451804238195,-0.0074975684736461965,-0.0012537362504856297,0.015111853051524859,-0.012483576350950026,0.0032974181209937275,-0.0008547324952047159,0.009457964374526503,0.40844453493463473,0.9127789713381357,0.09885441739927157,0.4962743647048291,1.0332510843098632,-0.004963487411558741,0.09702825837545848,0.02653793692614095
0.02419070921474935,0.05071219078506261,-0.02258634975996012,0.009363350347260003,-0.002358647787371594,-0.0071877087482559235,-0.01371961861443817,-0.46569129510411533,0.003587289069026698,0.00574617303143064,-0.01970808631484651,-0.10118735998851588,0.033900023062387055,-0.05042526626495672,0.011957871813482802,-0.00954193199603364,-0.02520225182040877,-0.6779739825766774,-0.060281872372181924,6.813017943456528e-05,-0.060242206560664764,-0.050174544709513005,-0.06002963960481826,-3.0910227340875913,-0.5456676737802743,-0.720987036883247,-0.12927883352056144,-0.17680918648776045,0.2039694517227659,-0.1787735237307523,0.15649155667451317,0.13689701184667183,-1.1689588742379635,0.021530617671852784,-0.005800700590281518,-0.030256714786246537,-0.003940468355236367,-0.026123173074323366,0.012976485070555696,-0.0038920773334611366,0.005564881361235969,-8.078217394195937e-05,0.0036707810062641655,-0.9475311811941879,-1.3021957683625893,-0.056061438405757294,-0.33817039403485405,-0.5509602404950512,-0.0074182272099177025,-0.9628131878660574,0.03043449033291897
0.015229918178451983,0.06630576834704735,-0.029037749020318436,0.00873548597728639,-0.003313802261409618,-0.006328373470465949,-0.017896593078079094,-0.09391883477100926,0.0034541624810546156,0.008498004802288479,-0.01922852488089836,-0.05628559403311103,0.07046542476360562,-0.05685292686285328,0.015120891528590261,-0.006987393989572195,-0.004945002196015672,-0.42334920161364303,-0.07969664773326786,0.006174839828386385,-0.09631010563912845,-0.03670354783989767,-0.06597179145178247,-2.1116396050402857,0.9012779666135476,-0.05707302461330301,0.1895841298454161,0.30815692756602037,0.15697700973721884,0.3660400828202616,0.3356452142262826,0.26149344613113823,-0.27086137658161785,0.02555511444724019,-0.006554847005592757,-0.03036189541482852,-0.005300903012343424,-0.03771341049455431,0.020037807490166364,-0.004663703313755188,0.0037474430448718636,0.0031568034002521068,0.004319043193850676,-0.21372022196291413,0.17125956923943558,-0.07159136745058074,-0.1055547992713689,0.3398624333500629,-0.0066245690025312646,-0.614779830919814,0.04231337955109928
0.0640570424389553,0.06709336935818852,-0.02723115084301549,0.00850809680867388,-0.003226802339042164,-0.006151545255435301,-0.01819694595929992,-0.09709701901164673,0.006552746466608627,0.008561384706655009,-0.01672918075295876,-0.05857882171129488,0.08637181842738328,-0.0523838445335759,0.015342690948761175,-0.009281777972708492,0.011998737399501006,-0.2342901319407024,-0.07839024798894792,0.007482606436064536,-0.08505715728244405,-0.030896780477111533,-0.06391408620924416,-1.3172704504690866,1.8335860807152873,0.31781799863006305,0.31044090635716554,0.5846754735979115,0.2791139257077091,0.4661011077511261,0.4196114853375839,0.2854842191748511,0.12799832021652818,0.0271263248226368,-0.005913731085353548,-0.02919638721743389,-0.006643965737758101,-0.03169546044376088,0.019274860575945078,-0.004052199129993959,0.003999060209507505,0.005495215411155027,0.005359926834029313,0.00019374796099801218,0.46514769523904,-0.045741179702579654,0.13902400343658253,0.5118996553489743,-0.00641549386044185,-0.219370937383659,0.05642941068773532
-0.0479908086597851,0.026840667578664323,-0.024153010811077142,0.009154322549324695,-0.0026637346633127798,-0.003388230747645927,-0.012846118923768647,-0.3812124119937884,0.004258486851201982,0.004068951499477007,-0.013229573328589591,-0.01596479864579801,0.0346177240181588,-0.03717136889130127,-0.22295411324848424,-0.03054018952617408,-0.4800841244550609,-4.9692402877097335,-0.031117543358507284,-0.007936522537715016,-0.21394572225692968,-0.021762145628700113,-0.05728333989485469,-8.676704060623567,-6.012974674618374,-0.4362078000607202,-0.20736720389220598,-0.930708562079544,-0.13542381932111033,-1.3525045279813854,0.024375874793021585,-6.177708168507652,-0.5152362241917385,0.01865020963118358,-0.003163681326407725,-0.023070803115390115,-0.004174560979418025,-0.009018580918576801,0.015594812202783475,-0.0031121129335187794,-0.0011896207611892101,-0.0101437067884819,0.008055685512109324,-2.112689710880144,-5.57117495493327,-0.07709098106639513,-0.04084584987163911,-0.1284887058377775,-0.010314066026956396,-0.6196864473625151,0.008577084942972064
-0.17264920317919297,0.03020663466713738,-0.03062383594611257,0.01148070675337865,-0.0036911895961373427,-0.0031106134802139063,-0.014352429918578533,-0.4575692458368697,0.0071799389708759485,0.006574748735745016,-0.02049020962969583,-0.03355700464988359,0.05269435947384687,-0.055324209815165504,-0.22021300548701234,-0.008342598547406533,-0.17683895613323383,-6.562313340548235,-0.053088047493068884,-0.005371567043239237,-0.03913022167550191,-0.03635136418214053,-0.06748612943344294,-4.967081138747369,0.19194452644023705,0.09035815268122557,-0.15986771346841325,-0.6027539510124095,0.08975416634533812,-0.6079835976689603,0.1280910541062966,0.3318341859663071,-0.17169651336377229,0.027659062689944846,-0.004558880360992282,-0.03368624156500511,-0.006366057428056461,-0.027144301201008195,0.01110010937869821,-0.004689802004007314,0.005026478631004318,-0.00594613999547308,0.007417684459281437,-1.7466360237197975,-2.5290644495043417,-0.08526417134101916,-0.11639881994035961,-0.21821032876257102,-0.01665943789755606,0.1878103239306257,0.028529447622178405
-0.07632062088265405,0.02777806242908874,-0.0183444962369563,0.010338460773196185,-0.0024425275038537243,-0.0049736455735212935,-0.008282047525444335,-0.0867040934420787,0.00882277207126671,0.008973947527297228,-0.013119380766641923,-0.023983588416642124,0.06848443095988088,-0.027171657035311176,-0.06570279876363887,-0.0035506505833642252,-0.011458668203905337,-2.702109804046493,-0.03444195792993649,-0.004759339872659268,0.017582597319042145,-0.022278463816423975,-0.035020057930864164,-2.4950577323597956,-2.186890253149801,0.1386587527049394,-0.19088630928906833,-0.4865045847143957,0.35610965671350875,-0.2869395574754185,0.14200458488862197,0.890125982787366,0.2086624165640267,0.015416529643309427,-0.0026190792144537,-0.017448477619686386,-0.002801901416857964,-0.01656420708013274,0.02826152642015441,-0.002156148527539827,0.008803795408111768,0.003957909267418379,0.01955704427987524,-1.6836458209031797,2.557639599600913,-0.03950046169763324,0.09599989997170476,0.02893330176367508,-0.010218267262475924,-0.5307828539317044,0.039684127515762654
-0.02112003621471579,0.04011029994708934,-0.03228175651397248,0.01144904644338898,-0.003214998881589386,-0.006738717780265651,-0.01232706809070476,-0.03879800191986897,0.006194267834219136,0.009087662682568307,-0.031063355652349914,-0.06277234944367237,0.05887429718868207,-0.04525596553293184,0.0004198851507224726,-0.007168376645065025,-0.017252043102429074,0.06513361394979969,-0.02706838542214062,-0.024521329448962074,-0.22363814707405769,-0.031508627924932336,-0.06612044659586873,-1.0951231657808889,1.100783685765273,-0.058951542737923635,0.705468507396403,-0.200378809482676,0.36135901848601154,0.2707348374518631,0.5568637929460272,0.5105950145402969,1.796454829557337,0.024148678391988317,0.21094468605434205,-0.03252751425649064,-0.0033884089353877563,-0.018200942786162876,0.017930895142890944,-0.004162066959208893,0.0052445216167526145,0.005858387162021751,0.0062244627803478775,0.3171830114256073,0.17420377354566424,-0.07736308206930574,0.26729918103194783,0.24371102756653376,-0.0046133128902146265,0.05449155292975472,0.02113837168312212
-0.0053336493619188866,0.0477875330089071,-0.02274450820743613,0.013215680434842978,-0.0024983287575398353,-0.006527201976125472,-0.009718806714341204,-0.10696394159512738,0.008220739665788991,0.007593362349927954,-0.021537018067305982,-0.05411300463953949,0.09225503832531155,-0.03916063446937259,0.0009728728455723174,-0.0014878747409980007,-0.009392922272956928,0.08321555544789416,-0.023319126609742807,-0.001701537216438814,0.21544414921317429,-0.021833807511516857,-0.060063698450265005,-0.3422281969259552,0.8063763125589957,-0.03931762808181683,0.5963116965296402,-0.05148759281228112,1.6695064534694788,0.4766675698755154,0.6130272772948231,0.3718929758081756,1.9897328526986382,0.02472377471973365,0.41259649812426147,-0.021343896544432472,-0.00042201764408370776,-0.028579401978799393,0.015354414101894143,-0.0025051600800828668,0.02240163620063069,0.003335582805433752,0.006881762581615118,0.36402062658771206,0.3777117882986941,-0.035780253425422,0.4539612697814072,0.7888709367616734,-0.005005784468186323,0.0662168655131086,0.034937023691050874
-0.06842254356626644,0.0534018254479831,-0.024857243043256226,0.01082900598988395,-0.002511469029552266,-0.004275751845513246,-0.011797693379923672,0.13476156143802312,0.010414764510784534,0.011172712592287071,-0.021390203243582616,-0.06832950559675127,0.07365490005458154,-0.041641895312817014,-0.0020743857582231355,-0.01041020606126793,-0.01740457919265727,0.05822398082682192,-0.052353771106342636,-0.001871292492862927,0.00029907794783297023,-0.03480201059976011,-0.06371916735920763,-1.7878432965975104,1.253624956684182,0.6162357089451608,0.26398111318562456,-0.23991064276057772,-0.29265029157978256,0.4236482603724665,0.41782071858391784,0.40513731452948526,0.06961691786239663,0.0296647543429345,-0.005050623972463532,-0.030100272774924254,-0.0045142019881437324,-0.03155082867744279,0.016587422292307117,-0.003719194973537374,0.005424264910161423,0.005308730592391519,0.005381747829965682,0.3944749640050699,0.6219684968154102,-0.07015883087322686,-0.057675526542500896,0.39890969910561147,-0.006620819320177294,0.07654345020030548,0.04255606390222198
-0.049066295287333674,0.05854582426181617,-0.023217663890266155,0.010404765786596899,-0.0016684005954386916,-0.006300422672095989,-0.015298961503969791,0.15178562073484161,0.006925312168951176,0.004347548762318788,-0.021992113475829887,-0.09247751628294909,0.053907176176257274,-0.038818545427334476,0.00011238507010764745,-0.011676043776072799,-0.0070501468469772715,0.04929432894080478,-0.04500239613553007,-0.00306056836572696,-0.15704274134837312,-0.04244747809768371,-0.061810420062202664,-1.3421433441428905,0.7731960186361704,0.17404295392429422,0.2759338263900885,-0.24694539838545482,-0.9424748969406712,0.21442485281922974,0.32959744709190697,-0.7449436365255194,-0.13904867536918752,0.021054739249121206,-0.0055594881750046475,-0.03032534604362699,-0.004297664565451025,-0.042294755493739775,0.010891058037104896,-0.003037985545200325,0.0031689519635549317,0.00308697493873425,0.006026090043716347,0.2954683788093511,-0.24237490585625626,-0.06473608985470448,0.029650805666543177,0.19169795853497099,-0.006241292195756565,0.0477484596525552,-0.03538846746575446
-0.03328443110252106,0.06236596377370696,-0.02044086758877691,0.014576017175827485,-0.0016203680332032915,-0.00838661497275491,-0.011788200190141155,0.1433775558105356,0.014026800538490185,0.0070452004299531995,-0.01871756038151403,-0.06798094260385758,0.06610298623273432,-0.03167214706961036,0.0015310233063678337,-0.006232453021859555,-0.020832740127748214,0.060380384091078494,-0.030110786562315122,-0.0024300730888155925,0.2321304427408304,-0.033206276429878036,-0.052266949575436414,-0.5743074264038993,-0.66111991544082,0.2768651145319117,0.43656404722492875,-0.08237015189811249,-0.44998945408698005,0.19895746412758608,0.3222149803248722,0.27589101151729334,0.33236961389763314,0.018744257350138342,-0.004776578934459446,-0.021765992180724923,-0.0024180569081405853,-0.02867253952726091,0.019667128274160048,-0.0021897625441492864,0.01146174877530013,0.002113092209767025,0.009026688823005469,0.3708176899837931,0.27492959802606637,-0.058748656646818186,0.09293627621845957,0.042734535511327276,-0.006580795586978823,0.03808294229838058,0.04421446158214412
-0.027412821474830734,0.05985029118403747,-0.019645931404765424,-0.4336673635361881,-0.002562127583988569,-0.005804902511794841,-0.011744567944663054,0.13727401121101898,0.005945179624572556,0.006428829010321363,-0.016204056862160202,-0.05103402753775239,0.07751498179370186,-0.037303452888412025,-0.0023600729423095368,-0.006901790717164685,-0.018053196118471164,0.054252766092187835,-0.03727350677908327,-0.006114642125263135,0.1368221043834165,-0.03711550190577629,-0.05517109054217233,-2.5692386997352448,-0.43759589750236033,-0.012964252320994345,0.28142210076590857,0.0411578420035643,0.8839795263107169,0.3138768196457525,0.3445641551325854,0.07094317816462446,-0.038829887733405496,0.019194883993397895,-0.005422932296268461,-0.025597023437719312,-0.0027623538471183667,-0.018058857054833902,0.012783103542834826,-0.002916456213242597,0.023155623981822818,0.0067657905440400385,0.0069390045382050946,0.3948983001731262,0.5890205748394646,-0.035245363471463266,-0.0964391833972507,0.14760507946415383,-0.005693607430147707,0.0645453196714899,0.041470539044821085
-0.0355039047406823,0.045306818018265436,-0.02495940014047179,-0.34942676693941377,-0.002396840616355919,-0.006149478028082371,-0.01619487076749288,0.16577665903258113,0.006985812671304696,0.005634684755772861,-0.016682100851225318,-0.04247071466798031,0.07912840931828531,-0.04301042681857405,-0.0023855605799406997,-0.00915017700796029,-0.017162838050893383,0.0534170141505797,-0.04128759953015559,-0.0027311750629637793,-0.12462073683780507,-0.03996052103049142,-0.0589324712216163,-1.7815654822890814,0.757649413412643,0.3381540961533348,0.21510317300179796,0.18774789657508992,0.35690579449138526,0.42673930539210636,0.5137794089791868,0.439583171988483,0.01658318563562461,0.021545006819779427,-0.005589034315589527,-0.029580677921245246,-0.004376524709393738,-0.025319037992225877,0.01607397398027366,-0.0025851909592870884,0.015360696013601882,0.006626320292324633,0.008843546886117076,0.3043841822736724,0.11180627688552888,-0.054065302344496725,0.02779512418150135,0.3735525049758548,-0.006225371905663901,0.0520806615291824,0.03846304871802716
-0.06285007780150385,0.02495326863816604,-0.09116049757545155,0.004678624042937716,-0.016955318009293594,-0.008515434408576857,-0.02297806805915062,0.0272876616216207,0.006354427614066473,0.010121323808934527,-0.026810608941813717,-0.021604646863857494,0.037788205706940976,-0.06587198331907945,0.00046515364575527607,-0.022013921559291643,-0.00223826000747367,0.027264460125504795,-0.09473692499285673,-0.02385053723310679,0.12307955413656718,-0.014362391953884373,-0.1265628685185849,3.2177723193073366,1.9880556418038227,-0.13345646501580916,0.09608431244101581,-0.496375399194387,1.989647541677618,-0.9043267425098019,0.39105152120067554,0.17268762326831769,-0.06760897611400518,0.05787097536851478,-0.006077997197575153,-0.07958400839881767,-0.0062916765413707915,-0.022037482133310308,0.01718166351043103,-0.012876431526225852,0.0019034435624219557,-0.0016823631601585254,0.008456730545329071,0.04718760699153111,-0.6925391211251171,0.2916047550549993,0.05928002170439586,0.25057593659463184,-0.005034316668334464,0.025163481150640796,0.014321641911671826
-0.06867527927896719,0.023438548606031548,-0.10807862840831417,0.008158929409038269,-0.0226969144619078,-0.009833714903625385,-0.03622640830204248,0.05328378525683272,0.005034751371232721,0.01067104590608225,-0.03178773066432645,-0.01777948646490882,0.037387015814220534,-0.07681617379736441,0.0013580347790999698,-0.02190764243043737,0.002981475312794818,0.04378584029741261,-0.09644901240211538,-0.03154120164175588,0.2028818141024107,-0.014398742486244839,-0.12982808791809577,2.8693881144922404,1.4773820811957394,-0.19701073611557082,0.02084236238736706,-0.4970892863573493,0.024590681922593168,-0.9044526039343858,0.36170379912202627,0.14054739747522108,-0.2524834976610497,0.05495442346047705,-0.003703883820264578,-0.0893438428638998,-0.007313963103586949,-0.021091782995456634,0.019793868302643694,-0.014661122591721882,0.0011612638864864336,0.00105354997158619,0.008374813184197857,0.042890504347589696,-0.8021316446848322,0.4699190854697559,-0.16838230492969863,0.16139922542044674,-0.005165065444313041,-6.485966914812749e-05,0.012905659878875582
-0.054805409216646644,0.03241019425676132,-0.015905993100226782,0.016702960946183353,-0.002273555529602311,-0.009065367018291878,-0.007521856811479466,0.13402014798367284,0.012381822427463758,0.010734974476757943,-0.015128089216807927,-0.02553612446642846,0.0842563706879161,-0.02325887558244667,0.0035603068982658346,-0.002629020674848205,0.004055584216132955,0.041706547740671625,-0.03635633928159648,-0.01640658946991922,0.03715120971037385,-0.018004808875802997,-0.0360496162638565,-0.40980757833045356,-5.513320657763538,-0.330995564111459,0.2774061345681361,-0.05422592009436742,0.5682964408718205,-0.13711532165667922,0.2685118081582723,0.7055500500603469,0.6182237641199851,0.014512917519071298,-0.006283621458317727,-0.017965942474699355,-0.0021145060950713,-0.018079869620805898,0.0524056341169994,-0.002516101621767008,0.01622325940549141,0.005034870773844502,0.020613536353768485,0.4581712468470306,1.6144944225951694,0.16538004964032998,0.19990804201463236,0.29325287891046625,-0.005081554599723701,0.024246553789188826,0.03379920140907539
0.047228668848656626,0.05853644816671223,-0.02285433494373353,0.01401535090995822,-0.0016403161234293576,-0.005660448199563463,-0.010976955411622406,0.1691479295724673,0.010697624274172054,0.00853383758299538,-0.011605265518569345,1.3777986004923777,0.07212368349305638,-0.03822136521330073,0.0005615456034465901,-0.008010667600629892,-0.008425057304322994,0.07031460330633423,-0.0327072666351406,0.24714640487784342,0.1938274062832732,-0.02761481646252817,-0.0538682992905667,-0.9662270735043975,0.6211568528270918,-0.06532673313797548,0.1987396525630435,0.2934234233385893,1.2876910105302253,0.30026787613554284,0.5380847972044044,0.5803773725742423,-0.11211048676510324,0.025297837424030994,-0.007997129026478951,-0.024235906067763883,-0.003025405075227957,-0.025167773124384146,0.016282436941072082,-0.0035601510313392672,0.012451543153779372,0.004131842110211519,0.007540548989925907,0.38663435846039057,-0.30710615141107905,-0.025455033907823946,0.30033379910524394,0.4507412225830835,-0.00642058641811711,0.053855410029354824,0.026037710246345713
0.0639769075383794,0.052799302652867273,-0.022367956898871194,0.012797031366546231,-0.0031065967675292182,-0.004899338549117598,-0.015613068761462076,0.08175544011475303,0.008864726199104512,0.005788497449175969,-0.020625108012010705,0.7716339177020957,0.0814354678899272,-0.04284269663302298,-0.0018791439217242445,-0.008331831143967352,-0.0202818900178802,0.05206288981552735,-0.03677285057453684,0.2608296905368121,-0.23681614526603,-0.03848241390231066,-0.06100527395461249,-1.0503644450915672,0.5670629039112651,-0.39131107917891494,0.26469345901247954,0.367553000201186,0.6410361167204012,0.08185134828648674,0.5000584720799294,-0.11991633547833376,-0.3821470386291302,0.020413671942445567,-0.0081464661285841,-0.026218940059285024,-0.003535937961720729,-0.030056270466319937,0.01440781296205014,-0.002990314976053427,0.012173838277032327,0.003143655312820398,0.004885611790024179,0.2396824169972589,-0.21716936603924022,-0.05183969852495821,0.27814829029741484,0.05849644684158145,-0.006491218930898265,0.04104884288944651,0.018745537952556995
0.09035665188083872,0.05345417255758542,-0.0263371614816307,0.012350629667005833,-0.002618799939852476,-0.005205077345690172,-0.014304238342191751,0.11780719786620916,0.00979397981749709,0.007554843434214575,-0.022020362473526005,1.173146743909007,0.09134547759313892,-0.04947404689040788,0.00017122743006266406,-0.008616760792877742,-0.00614266044294107,0.05318369109950457,-0.05316678873811845,0.31877586689508,0.00483734187860973,-0.03806433931310302,-0.06206787403978819,-1.559686869689119,0.9343029621187715,-0.3494109556261155,0.25742979275528044,0.3180129207894979,0.13967013625941638,0.14090322001623495,0.4200437745525471,0.07879729595347257,-0.16199816434384628,0.02486175947501215,-0.004909923344824178,-0.028471238944974327,-0.0033953874094353152,-0.042701563791565214,0.016490958612952595,-0.0025218090046929386,0.010213667178341547,0.0034171542527402085,0.008801012800398264,0.2862838281505832,-0.0841122014060353,-0.06817578833404558,0.20924211145286684,0.07686924342388118,-0.006867384975433674,0.027466449083153672,0.020213277089122825
0.051888252413514656,0.03228681019305924,-0.014597482320870696,0.015759991403699047,-0.001354354539895233,-0.007177143568604888,-0.007570847924123496,0.14286037123033601,0.012694491263227213,0.00996986656780936,-0.010231609242842585,-0.03298039725300502,0.11739846707750885,-0.024539570357748834,0.0039036325397703523,-0.00429949957619743,0.0057590005038650645,0.04679034314140402,-0.03467920295025203,0.35395478352930615,0.0499894840323478,-0.018287305664067662,-0.03512432676143623,-0.6941087609570221,-5.8897401315555555,-0.05628350160066765,0.6054906553337578,0.6504137307752882,0.7819019572061723,0.2941458433338923,0.2997121356579968,0.8239327448805589,0.845023212084802,0.01564394420370013,-0.004794608988005783,-0.017168889632545568,-0.0020402287933471356,-0.016235933360417613,0.05147273006137254,-0.0019563925667160143,0.015889432650628272,0.006311532299290822,0.02092975919617156,0.450212604269222,1.2166360045837126,-0.02629163517286036,0.26477812615914914,0.3879344984009204,-0.004276080218845552,0.03602056381712927,0.029729066057322437
0.0489797168470919,0.025221724424221693,-0.0647803056351742,0.008504554180382337,-0.005663166699823764,-0.0030806564475681516,-0.044992837214254386,0.09040473370457686,0.004547649323943803,0.025270305975195653,-0.008965583507709294,-0.02080642403578837,0.061982626975829444,-0.06267088487451204,0.0017388642865809754,-0.0017385659099049126,0.00116007623581056,0.05431679141178906,-0.06294881276324459,3.1239234365940804,0.24394494285615725,-0.018363333722273487,-0.08706392305574714,6.552016081166781,4.470913295363848,0.3644068988885469,2.9734200920408513,1.3687821636149187,1.9649750120626035,1.6754367196383106,0.5214309394771043,1.4876674638098404,1.348649397292867,0.09211272707991514,-0.005957041128144115,-0.07118096405850126,-0.013912385719463844,-0.003154259538862334,0.016667099725079043,-0.01066173440893329,0.00017502276131683094,-0.0010938012769556638,0.008016060694440335,0.16879385380139827,0.7491712161083469,-0.035585971629763076,0.8646306361023577,1.7383887492786883,-0.004602929506505212,0.04246903780227602,0.01967837700466917
-0.025074225982949217,0.06210994066925081,-0.0223317413684387,0.009813419820293724,-0.0024401898085704464,-0.0059525894956347645,-0.013498003600261614,0.15094822430731109,0.008743221746780987,0.007858919342938125,-0.022358012369282875,1.6685451247850853,0.07469775454722162,-0.04010929480538377,0.0032814766452538033,-0.008530881567122874,-0.005623057963773202,0.07288370260836416,-0.03568837529472807,0.01794709042280715,0.09190952385433943,-0.025854961627873808,-0.05591368046144132,-0.5620006047420567,1.0830694588126413,0.10121843307539749,0.2805003421662102,0.2500522042442916,2.0785300489636915,0.49088902564587,0.6264844304192724,0.6193275621991121,0.41632808094207435,0.022306784496581897,-0.007454290973342462,-0.024531599200081175,-0.0038807594676683716,-0.01994368344062824,0.010509441100736143,-0.003100579676795474,0.023362894145380047,0.003821010375442818,0.00718576463842039,0.3735684909438713,0.16752775688049293,-0.01235125297968398,0.3319938474740527,0.32644670290903066,-0.006718583164619987,0.05787920498796905,0.03995135951287944
-0.07295927801100638,0.044179669845276215,-0.03864731535437029,0.011256435031623626,-0.005098892092073397,0.01442291142822513,-0.019353061031724992,0.13986068805313223,0.008562369024384925,0.009727096846864612,-0.03724484872545934,0.5591180333238781,0.09387554074679356,-0.05054388426307568,-0.002511867926583157,-0.008673545408343118,0.024172516201898156,0.07853011621001753,-0.07028119934281657,-0.009813976384334238,-0.12402149965687649,-0.029832799557373987,-0.06545923008769867,-3.366358622039127,3.104572162768876,0.09344029391711352,0.02764644716385805,-0.3434226655218163,1.1951562604756876,-0.5291747743641018,0.2829722169924502,-3.200246908649535,0.049786834840603096,0.026752499409282704,-0.003420187858470133,-0.04164615210906019,-0.003182658655114003,-0.03494697626917197,0.013705207893603208,-0.0040307694469664535,0.004014020718323648,0.0025418876314995315,0.006873254271094516,0.07711177089265851,-1.6168495099800586,0.22070089787645242,0.03576844304301551,0.261821285271227,-0.00599943434464319,0.023909045434281184,0.007674660303803913
-0.04584279601796764,0.03645781666012708,-0.027275583339962804,0.007355435319278766,-0.0022018681404427603,-0.0028295313371004133,-0.014864210694847436,0.08130311360861041,0.005670695207505313,0.004146565849850237,-0.020888219639402062,0.24405816367287964,0.049000558578314,-0.04430168379893273,0.0004721054965978275,-0.031193528469441654,0.023890972096137945,0.04180868538992725,-0.044600425191222495,-0.005063955518278833,-0.4518406132738194,-0.023032938254430087,-0.06486296546182592,-4.091249770480053,0.4741595995837672,0.1981170623527012,0.1206720588675611,-0.03986779096911355,-0.6419755896432296,-0.03385653660686202,0.19918633315903617,-4.753615934132393,-0.30631622162253735,0.015811194241031258,-0.005487810384975877,-0.028791651972558376,-0.0040585944428552555,-0.030523943265173763,0.014505549902997869,-0.00303244081027344,0.002292415963736866,0.007158126067137,0.007472597005587265,-0.08360980739889927,0.09502710147739217,-0.10132840666135688,-0.0650865632860336,-0.24966703534809906,-0.006300574306872478,0.004452790337263487,0.000426303861989568
0.07073216258151489,0.0313833275718867,-0.017293554411115766,0.013971359229124701,-0.0015787776564021153,-0.003966923262577811,-0.00928380413489693,0.15420089092974598,0.011452353050145433,0.008913681444533215,-0.015993114775396326,-0.02696314706208713,0.09194836110754145,-0.026080101477359865,0.004354472650144672,-0.005545478826444984,0.0041533188464225315,-2.6534396262964264,-0.03302228047213213,-0.013269908012758059,-0.05422469050457601,-0.025951435118618443,-0.036451865987469786,-1.1884748645591459,-2.0676726637913023,-0.3129867011175548,0.36573816935154285,0.87874688772346,0.4022639418972317,0.28912908308411656,0.31863299133326106,0.6276247057828303,0.4066309118750838,0.0148945124372016,-0.003217721404515117,-0.017330493084765395,-0.0025718741181607425,0.23126136646501244,0.0349561958916158,-0.002319798648338694,0.011566003434296365,0.0006046033311998821,0.018967397671657792,-0.6135314476053463,1.7120159358668237,-0.03598321261313527,0.06752131897977241,0.0479819143458294,-0.005177728945691503,-0.36797057375129716,0.04753513101092635
0.06159632882438691,0.021471698663944504,-0.10174199434785158,0.00893298042282876,-0.016149951196703725,-0.0005101320442745266,-0.04991395304162707,0.0540702768822252,0.0045852132276867335,0.01183110735229988,-0.02937857386769383,-0.01789687709091199,0.03166032687971695,-0.08072899662477794,0.003072249393299737,-0.02743722995346451,0.002053619112971344,-2.368748561944892,-0.09308322722182776,-0.03747798920865535,-0.14665997206061226,-0.022212148306041464,-0.12067847065689613,3.937247812845033,2.4692937300069815,-0.12345286872499149,-0.012635832948012897,-0.20882725494816012,1.2759546445948835,0.14835809913384648,0.35983392836008843,0.0005665773723316329,0.23066619263599233,0.05623682288105915,-0.004375228722280532,-0.09146294354726323,-0.011069323222273005,0.4503627491736285,0.01387780396734441,-0.010661377556847422,0.0010576208018253947,-0.003356494712669514,0.00502472679495229,-0.14795657941515,-0.4842243067230728,-0.09595005778804458,-0.20126288171952153,-0.07810349494540664,-0.005206757817487764,0.09185125965430713,0.023942538267417636
-0.025980744765051227,0.047434334563030776,-0.015637469854118163,0.015659279173023812,-0.001993129959204409,-0.00962235601957908,-0.009455970057796586,0.12704006886417027,0.010965096667691271,-0.005303350767968376,-0.03037583227152821,-0.05115616966775058,0.049895031386383785,-0.03373807848741224,0.0019148470673505291,-0.006443145326667895,-0.012415634473268634,0.05189004193415421,-0.027913394282000552,-0.0014327679283119737,-0.1381812774124228,-0.03486596680705954,-0.055119229909503,-0.7757112640325629,-1.6194748997115203,-0.3267382929406136,0.67992088181264,-0.2893728009474398,-1.1909986565983157,-0.11755584640680959,0.30663607927396097,0.47957703374008775,0.38129706440534894,0.019211342481156374,-0.006078824440292518,-0.02358460837395581,-0.0032567894914621105,0.5094209108177975,0.030886078731166677,-0.00285291877843423,0.0074786623450063755,0.0037284097364995504,0.00785187671701886,0.39016191508617665,0.2742855831086875,-0.07705897099172443,0.1438879569269828,0.288176142933512,-0.005414758978362879,0.03254994055264331,0.022182715647195428
-0.051700533292039566,0.033693984917676556,-0.01495421559724135,0.018539579815307402,-0.0016908568987377916,-0.008798615047817203,-0.0074915000506119095,0.16718702618474002,0.016067853798133375,0.008920093212260338,-0.02314893033924696,-0.03029761270304837,0.0998292849239836,-0.02464949341124544,0.007494859714571632,-0.006666370418994545,0.006553831091432813,0.04466623590015367,-0.03645600528551827,-0.006931836919452195,0.047570770030763085,-0.02340140127965444,-0.0366757465448177,-0.30345410844953347,-4.858444772242437,0.2658031301584309,0.7248358746706002,-0.11123827800533945,-0.6106183210153538,0.167653248892201,0.23798143434221486,0.9364168233883191,0.775194358962989,0.01726132216814392,-0.003132086590269883,-0.018611318414580472,-0.002612062970141636,0.5016800732906938,0.06429052918267686,-0.002497034056321833,0.010516223836685245,0.002152121538970238,0.021696189024239282,0.46116819171302403,1.027911884004874,-0.04555280877163271,0.40940815675789505,0.25658923844425424,-0.004827560141592054,0.016211430643197584,-0.09326311970566165
-0.019364464661247777,0.05240404084089971,-0.017135403997997525,0.022752107225180163,-0.0025916977733867804,-0.012234818848879973,-0.009941606230499528,0.21399630307998513,0.00426601938695969,0.008958059721620722,-0.021811666284649697,-0.03525631144850573,0.08093465090935248,-0.03380940717427863,0.005138268525987436,-0.005567542861411669,0.022994609679821493,0.07264396009391452,-0.04248558225863821,-0.002853771909998932,-0.1303711416883724,-0.03312370561888596,-0.055082736732777936,-0.2830000774162456,-1.9155269529849692,0.41740992718511094,0.7881465509616585,0.006062640436264692,-0.2725839717851197,-0.14750064782082653,0.3586851490436046,1.1591115887836847,0.8262273282011585,0.02150698533366146,-0.003912940419687172,-0.022597371952045222,-0.003470222579734082,0.4446211500750646,0.030736330926614323,-0.002953428998470194,0.011134145071926924,0.0036472639235866707,0.007150507388021749,0.5181610496543588,-0.8642343637216948,-0.07452490917222317,0.42986372752886987,0.5225885181031263,-0.00574522665615161,0.05743667350132098,-0.07315173952592875
0.021591991914971118,0.04570938115357786,-0.022562598114175783,0.00871118570623555,-0.0017990247040958658,-0.00435298836072001,-0.015839184213335807,0.07864296997603944,0.0052968750342782785,0.004462793730340868,-0.019897759120713815,-0.0638278534294931,0.05475749167194869,-0.04863287528953391,0.0036860228715628056,-0.007609092611491779,-0.017208960142661427,-0.34864681054393043,-0.06357960908660715,0.00027395383342166443,-0.1703479613361261,-0.044956508360731916,-0.06534426140552123,-1.762795173391264,0.35817205665321095,-0.2089028685462062,0.07309990483864805,0.09501295496919647,-0.38283008895750237,0.06865374102996323,0.25654707865222715,0.083570317121546,-0.3035798361318067,0.022133139236433702,-0.005880009265192303,-0.03450849714708833,-0.006024187271772619,-0.03465044988859473,0.013080354842421746,-0.0031140412485197336,0.0032827822162213335,0.0014841293704137056,0.002976783799533992,-0.34436050324500295,-0.8048652697303271,-0.09570762059994882,-0.06297756714352903,0.09418358730121563,-0.007124719213265449,-0.9214120598251606,-0.19015026775964133
0.06345625298339484,0.037426264241887115,-0.07437217938679436,0.007195147525519588,-0.010489557345424063,-0.00814534001419634,-0.027910009042868375,0.116915779067222,0.004828190680179639,0.013872864462274502,-0.02512462359655524,-0.03398592933053047,0.054375645789533425,-0.09358241811529001,0.002579800484016769,-0.014580664614503497,0.004825142210220298,-0.35139541139256125,-0.08277725246175427,-0.010999733590305236,-0.035771756539255586,-0.04457284733542178,-0.09580923910189047,0.85020271273903,1.3793518907050222,-0.23321527097197783,0.02981301023251533,0.09787207187587349,-0.10520501410410805,0.38370094617497774,0.36010415077688745,0.1271118589658158,-0.09801946259678068,0.0427512380935425,-0.00821945086124712,-0.077033151460257,-0.007772209141306991,-0.023249547321246105,0.017141360153366363,-0.009543441217558239,0.002444430696773588,0.002192722902751418,0.007194753058629163,-0.07991519654689543,-0.5164844915690996,-0.1289029285067125,0.09893113617950162,0.3517107145762479,-0.005563682198493605,0.02627440074669159,0.01969076943182241
0.06613596979441536,0.054478087872581064,-0.04227791863708481,0.00922996789364031,-0.005141261420099056,-0.002543655080729971,-0.019456621015630764,0.10825807434821119,0.007343008824854773,0.01233275732212723,-0.02929745887523448,-0.029986224530002926,0.0860194436466986,-0.08033780408977012,0.0037167298647217606,-0.014986725445045214,0.004260656248740099,-0.39834374665942285,-0.06943697546085113,-0.009989341140058573,0.01473800325197081,-0.03573691603066039,-0.09060321917000001,1.5651500938897502,1.4649416385030771,0.3705824146125629,0.3044179834718471,-0.0394985839884955,-0.1337855202058728,0.5946319762933949,0.4124904871482927,0.08442431232689927,0.2383474886099504,0.038552925000504445,-0.0031459232952330317,-0.05354954356927664,-0.007707212965017035,-0.024055648908271523,0.024162839900325875,-0.004258127027863374,0.002197665236343642,0.0013259275689148282,0.005034298924907818,-0.05616989284723848,-0.3001951327086855,-0.16695369331580306,0.17249121966449177,0.4505381366451185,-0.009567691887435368,-0.7641313123557572,0.0758406870969545
0.03505108926520078,0.06492181671205484,-0.025216368084591094,0.009944640312787233,-0.002538406350066503,-0.007972106009313357,-0.013189055605270391,0.12437959660524302,0.009004559580003242,0.007281663494725791,-0.02926183942888922,-0.06479112816666698,0.07403606327860297,-0.04391870492758876,0.0002635263452628377,-0.009025973605909158,0.15510785091908771,0.05369888774711063,-0.05840354170991029,-0.010417927221328494,-0.04337953229321447,-0.048905442271055685,-0.06447972366049007,-1.8412965667256165,0.3048763203865611,-0.028784963559309814,0.179988334849216,0.0463768345986889,-0.4558102881796964,0.24641871260460357,0.3855799345706486,0.002345315181634744,-0.25957268989601384,0.02339365726842289,-0.0051264361886587395,-0.0342804426937998,-0.004490125179345418,0.442237147081418,0.016357069133567836,-0.0038920984005073305,0.003023824644451048,0.003093098041985046,0.00748021770126925,0.26377406547406734,-0.1282525270100295,-0.06931018364599753,-0.1459982925623413,0.09223882805926466,-0.006964961989025232,0.04326512117782173,-0.4315349692413855
0.05754392223679356,0.05891788713292883,-0.0239339603263999,0.010351394980132957,-0.0021022998321008277,-0.00603629220416534,-0.012277604869994452,0.13191188413671967,0.007780983025293807,0.00791287295627609,-0.03537058711411542,-0.06264552562212597,0.08254622831040054,-0.04195282712419049,6.993921944300029e-05,-0.009560411242195121,0.33765488354132656,0.053547428167511485,-0.03889166456901144,-0.009606768776886283,-0.004788542618469227,-0.03673443653078254,-0.06339552780748003,-1.0067482769605052,0.4199780886296757,0.278654383153908,0.21051815135103374,0.04854467598403382,-0.4344675762626573,0.3671411230959533,0.41361220716796027,0.13564240302938188,0.018318141910418174,0.02272454711734127,-0.006568171677457852,-0.030162343014090095,-0.004515492481732631,0.42153320932114036,0.014151218237767065,-0.00446379305875892,0.006397447304768593,0.0026966141791899454,0.006264255894758718,0.2824994829944234,0.11210438210179992,-0.07323240927649562,-0.05333103367884708,0.1689441792641304,-0.0068831277168667025,0.05882665949260662,-0.34112622716861124
0.1794393277197785,0.0750032122383281,-0.022615993698794447,0.010679168716838165,-0.0025000611308767626,-0.005950663109430315,-0.011232906449295714,0.17599765852820048,0.008789566243632353,0.008492005854582728,-0.03179419802328021,-0.027059902263913888,0.11536173777592958,-0.03990598044311509,0.000836638784690585,-0.011958917813946908,0.6696680053869335,0.05875452268320329,-0.059130349107549565,0.004585995398361303,0.05499942344381965,-0.019718939906139186,-0.06216865040962377,0.6166281656592041,1.607229868690697,0.8357792160980095,0.3997857807911631,0.3119575428450055,0.44759649891328035,0.7745257289159028,0.5401562919799078,0.3931608440433012,0.47579405117957985,0.026830450432375356,-0.004414999198382853,-0.029713255631113145,-0.002603613665705727,1.319805345710714,0.023595433652285298,-0.004783595769307816,0.0011688230100592042,0.004503410172049806,0.008041960174268519,0.4006212957769867,0.781105804474356,-0.046425664810287884,0.18919115921400745,0.6912535460411589,-0.006271929519396032,0.06959054401490194,0.14356883150090832
0.02836410443189697,0.05025580212598933,-0.020326259214688926,0.007953648907002495,-0.0020025188511398023,-0.003687158868369031,-0.022365392277589817,0.07755596616335901,0.0057283961473674466,0.0038289639824063255,-0.03845395236332889,-0.03404136732692713,0.047762264259152865,-0.03646073082276145,-0.003929059858064724,-0.008674373872071933,0.17335578873803234,0.042836480591036376,-0.04770479734571446,-0.0022390157499707726,-0.13372879690709888,-0.020699533971859134,-0.06102820651617881,-1.2506597666121213,0.2766118666204641,0.09228317424716391,0.23989621055557467,0.2533350500527417,-0.3578440461612544,0.21446604364870409,-1.580857075548156,0.2797295955044375,0.0001707703630123056,0.02057144431966513,-0.006236691613179833,-0.027500572032583413,-0.005498051709175795,0.5026198909212737,0.018172642244483683,-0.004157530313238025,0.003161749313335382,0.0035399010499357017,0.007044349139995143,0.27910224989587384,-0.1296636911815363,-0.05414036387297577,0.1489342983847362,0.1444936110162178,-0.005919382037834685,0.10420567865666441,-0.2121051732433483
0.045362988891120455,0.06220173581850806,-0.027089722572472965,0.01087450900225372,-0.002752923656198721,-0.006595416660731036,-0.012743012484897304,0.13145885516276334,0.00954532386904799,0.009972622818877841,-0.03211331572304367,-0.05378311548347238,0.11402624067989756,-0.04295252808313986,-0.00028597833220745506,-0.00825682890942119,0.19235847282295182,0.05427477920291221,-0.05338777903649119,-0.007587420664542643,-0.017767867687495144,-0.03452616532421686,-0.06678452285970726,-1.4797725983317862,0.866130188186204,0.31364868088852854,0.2685905629854369,-0.2331757132460016,-0.5204386208843159,0.46280446989858315,0.41072953385882843,0.21241766085905103,0.10664348580792057,0.02411795790230888,-0.005721233904931841,-0.029980427550831922,-0.00284232592581202,0.5014157064739304,0.018284988280042117,-0.0044288034820540376,0.007696147624387427,0.0028739276513611964,0.0074855697138496045,0.32330360755589876,-0.04920599250081012,-0.09125808544026207,-0.008889740108927,0.2722954633848601,-0.007436286954519357,0.04535899566907856,-0.3203527137028793
0.16623584406409303,0.0224060687357714,-0.02093416006453469,0.01441834834868175,-0.0020827670841460496,-0.005124489369603065,-0.008087575399887142,0.4311376766493183,0.02155345261469953,0.007002761079770957,-0.013862083399419202,-0.020763300047935945,0.1209105856582926,-0.029711541791069412,0.01752355279165628,-0.006391499267716535,0.040327969594964264,0.04523071946978234,-0.052614721633503975,0.0004649326220360172,-0.024084103859778702,-0.008780361319547996,-0.037597028819959834,-2.531287119765502,-6.40818801154551,1.3371809096971963,0.35353420108543365,1.9396621157847098,-0.04628010830464319,0.5678998670868111,0.15094151236936548,1.6991317071148508,-0.39200488564465413,0.018272572629882824,-0.0020431236422393793,-0.02278014953396579,-0.0026062699226272494,-0.021778234360067657,0.07757676926324003,-0.0026511648651934647,0.021484085919462388,0.007295350256252375,0.02563849638100782,0.6248746813952087,-1.903149318491881,-0.04237332000440065,0.21501106954973762,0.7517617130100419,-0.004666541864377315,0.02229054014186042,0.020943429199306248
0.045335082369007615,0.03787932961855266,-0.01826887448142686,0.016663006092601684,-0.0023035449958137767,-0.006701958173337612,-0.00943815517386672,0.12054722130892391,0.017312821338921116,0.012239010477551904,-0.01257762896497877,-0.037196184734224695,0.09732697438882572,-0.025436546369495012,0.0023438719646615876,-0.006015816056976873,-0.0005800918565127836,0.05620233135750779,-0.03177689957677738,-0.012249528523266119,0.03742326545788681,-0.026570242054397328,-0.036654936760227755,-0.601753734266745,-4.969811866419581,-0.1870191826361936,0.2998973475336006,0.3338260036079586,0.7736882982656599,0.290704578370302,0.2650845708163226,0.5743452095404833,0.2111400157253051,0.016741608779916442,-0.004625495681726351,-0.017956236811235128,-0.0015551415774514537,-0.023903522050036093,0.04275252318055611,-0.0023643921774508542,0.015065400516218023,0.0038946148379105225,0.021933648634482834,0.41509287295917224,1.6850950403737799,-0.04128495878405509,-0.09342635403032722,0.4112611868302014,-0.004052981090779152,0.03338630152264465,0.03713279600606193
0.06742617128365422,0.05234096475271999,-0.02396488214236302,0.01304228442048656,-0.0017888305526883197,-0.0057587134632745745,-0.015317919590474285,0.11005312050896222,0.007817024097424446,0.00807078120278132,-0.02422155877183861,-0.07195177367203778,0.0644514089648223,-0.042573375449014635,-0.001632383453636735,-0.010482555396474766,-0.0127763971370438,0.05186978673322028,1.5623240361572954,0.0009589876317128641,-0.20085612733360794,-0.03949777923414181,-0.06038643017318911,-2.0336637122756676,0.6126733962169549,-0.5568210387852617,0.15335020005060235,0.23187481522995176,-0.552021566753017,0.18567960498276276,0.3788688590787559,0.326121362422221,-0.19685097278260114,0.024367866987846345,-0.0059380158175716844,-0.03059014945505026,-0.004961275279547831,-0.040953755041042136,0.013316602164839458,-0.003291809810740243,0.005010159951626474,0.0025862097568358244,0.00857038839340966,0.2353878629577393,-0.38854540198288257,-0.07300940597562253,0.0920156864328227,-0.3636949528669834,-0.00667480724242352,0.048730080740414926,0.030447259079955196
0.041126274021075125,0.02687696618260598,-0.10515022995464313,0.015057953391313803,-0.00470768116944148,-0.005684777711902962,-0.04931964504021677,0.06276749503802079,0.0068915896505930985,0.009260224289549533,-0.028623310215524885,-0.016204443557797883,0.03923924637097613,-0.07052581191384966,0.001390159313664919,-0.027785624597461065,-0.0035945744048697407,0.03988099450534529,3.184275382641451,-0.018980371541976706,-0.340572753179226,-0.02933687188815608,-0.1186970737726179,1.2847807383157563,0.9330950689820219,-0.18058094241777356,0.17582092338169647,-0.12698547960721057,-1.535158639466584,-0.7138780647218944,0.35638635675695307,-0.3737960059109867,-0.556502983144035,0.04598103172042022,-0.0027031430875613383,-0.08610528194408523,-0.012200475323857554,-0.020403934154453046,0.018844557270636744,-0.011483331401227712,0.0035253437987221507,0.0015787393203001753,0.008589278270866705,0.03638256236471664,-0.3180734593558094,-0.21325760254669385,-0.2837897111208099,-1.218566583490914,-0.005605750101290948,-0.01743727017273161,0.01464894699455686
0.14526374376995496,0.055956495925503724,-0.03267115260833229,0.012374709105071451,-0.0031281171989164035,0.0072903311179951845,-0.038335908741791304,0.1456933422414986,0.007452366811378005,0.00997044842067877,-0.018891659399916425,-0.017570178572395984,0.08834489340340784,-0.05890329949916466,0.0010709435789022295,-0.008548769690046235,0.003855588152482315,0.05317395673357105,4.452309073314733,-0.0016333182410844737,-0.10742680164064067,-0.0217690199497131,-0.07177316592878864,2.5058784624871606,1.52860922149126,0.8076032238603846,0.6059330402308027,1.0971072007066156,0.5890191428541838,0.5820404783919857,0.6750761758605783,0.7297108745612348,0.2929652613361305,0.047664508442059376,-0.006047131107629009,-0.04029550012898926,-0.007065787059141022,-0.022049025451314815,0.03290904792314777,-0.004337492044489099,0.003656095339490509,0.0019315907379276024,0.007978320744321078,0.24632606121700368,0.8223212257007863,-0.008645804891771908,0.4590943200574067,0.3304277732135643,-0.007474813825492372,0.04280773767989149,0.05951494155429341
-0.07960619479535133,0.0517607448299655,-0.046328659429099625,0.014054878161969472,-0.004388100285652139,-0.008833277158711005,-0.02249530298143986,0.11480893220198782,0.007184362782172739,0.01913332544550141,-0.03525529527270612,-0.038950684579963625,0.08163599557975801,-0.06283963699048956,0.0009000758259223335,-0.013118380142186067,-0.00513051974406605,0.04434338330163099,-0.07532225143322129,-0.0064279816235200335,0.04238455804677705,-0.030600316899759002,-0.09166581077845191,0.5459966369466589,1.2102809566553943,0.40157113939967537,0.11980774763392162,-0.24782425096228738,-0.1692962263381364,0.27528026998394983,0.39538642270760815,0.061686980631968716,0.16775492679129733,0.04352762883158362,-0.006063460240217141,-0.04438423161891875,-0.004155256742512985,-0.04413579895465903,0.019923665883805446,-0.0040654397899033004,0.0031625110470676486,0.003194406555925559,0.003182058781503613,0.23306954531044033,0.25494339584963055,-0.18664128392509263,-0.011937123460536762,0.30996192018349655,-0.0065039360330933094,0.012704051369834272,0.05847005998315404
-0.08071397281388316,0.05037357855153771,-0.024322041504638306,0.0132791417924826,-0.0015460674356907247,-0.005671470623286832,-0.015539086022759023,0.11628732181760534,0.009449781578887033,0.0052708143951208,-0.02415037779588975,-0.07818668228741346,0.052557592039487164,-0.03981684814130992,-0.0008428641542403579,-0.009936056753387684,-0.019489972450052146,0.05839026074024148,-0.06093797402440237,0.00782390529796311,-0.173475307441469,-0.03465756266785718,-0.06137256456241609,-1.2590786393545335,0.5620260352639356,0.45111490640598734,0.030441908978718457,-0.2622768658884156,-0.7481306697481892,-0.05271225615408826,0.3082095865612206,0.31772413448944953,-0.015252225892091317,0.027217817179155633,-0.006654673557093713,-0.028281389038336286,-0.005688274711828339,-0.05462065376632694,0.01485622100806385,-0.0030928571477094077,0.004081185943195998,0.0036286185875235135,0.007699914049795669,0.2956819568061733,-0.5643384209000016,-0.06245148484627265,-0.15822891275667925,-0.035082104340175564,-0.006529199327278702,0.05322631321766776,-0.12040832841608667
0.028771815721886244,0.04473175655791249,-0.0252891004777163,0.009702483275809033,-0.0031655071392465454,-0.0045582635182727415,-0.013749478257210871,-0.7086471176603674,0.00704004661859927,0.006966483309736413,-0.02391572123226089,-0.08583226297833343,-1.2857315800139422,-0.049161920315446236,-0.0014654127065956352,-0.011412288698421404,-0.03135300011230377,0.04305254631778741,-0.05064104423513315,-0.00765912116430923,-0.061740671718226864,-0.0566061506545049,-0.06585648143031728,-2.2493135368133514,0.34885884497008424,-0.3010544848783117,-0.04128199690219189,0.03463796112623125,-0.2853389557113391,0.32533291396279057,0.20336659266788681,-0.07413200824151787,-0.3583784571363763,0.019668247392008842,-0.006340795528072688,-0.03444537418987729,-0.004720409258971868,-0.030647940487171708,0.013590903381257275,-0.003879711679120217,0.0035238224142162757,0.00230402206440246,0.004789527829935137,0.13011211261505629,-0.07783067120830238,-0.10412061597544466,-0.3287631302412499,-0.23104368467441241,-0.006648166231278355,0.03924151989447399,0.02720449760925413
0.005668492297636086,0.06473819881548402,-0.021784250022608143,0.013361441190321732,-0.0025174004917305043,-0.004075546261697801,-0.009698699104890176,-0.5542417974245197,0.006892004715643023,0.004550566853345983,-0.015152347959400379,-0.05644989543091552,-0.9758177623950266,-0.04490937012996084,0.001736332245220264,-0.0055678899555892175,-0.015051960670416257,0.061827045869989855,-0.049042868064677926,-0.007617655986748554,-0.04114681269296112,-0.03685662839733274,-0.05924008908640837,-1.846714508786476,-0.42505531220890713,0.298904771457107,0.2092672306228915,0.4165418642411324,0.13054463668686841,0.2767222356665386,0.29506308828730665,0.008695088733968896,1.2598588429610353,0.01843519090956364,-0.00384957731184706,-0.026051733081417037,-0.002983191014182036,-0.013777225234634824,0.015291131948308409,-0.0028428937710144046,0.006710273172233989,0.0013198566046903396,0.004619377781584692,0.33678831758351074,-0.25631287040204,-0.056537567376794384,-0.08134872652303263,0.1511033051174585,-0.00628619748125212,0.027015586291494493,0.03953333404902758
0.0007186241176727727,0.043972122046901686,-0.016485990148264545,0.010065364963337514,-0.002009690771930111,-0.005243856043492309,-0.01621826915387184,-0.3910614359907108,0.00534018947377338,0.003018108553934072,-0.014859959417873042,-0.03180616162744132,-0.570797414023269,-0.030986527043634637,9.553355267350946e-05,-0.007774102194395547,-0.010697779355594336,0.03912828517301695,-0.03311779387046217,-0.005843280768144974,-0.046906325358048076,-0.024091458625595263,-0.051256016426634535,-0.915068457309519,-0.5094280586667888,-0.001367821003751547,0.24506368702311723,0.11371217575434578,-0.014391544340261658,0.35785174419453625,-2.2625140379105693,-0.16364742524629136,0.09517932190291231,0.014183905356643777,-0.003383757033930144,-0.0212606105268768,-0.003725957536172921,-0.010931774168051307,0.027694223637808928,-0.0031258309040683384,0.008876452910203166,0.0015245149472014497,0.006403196836143963,0.25967097730308064,0.1820534353790512,-0.04945012852425388,0.10928543974209975,-0.011557316019680791,-0.0054152310621370355,0.08252550520473205,-0.18284651313149516
-0.020921812973282525,0.04402081481239672,-0.026505042303948605,0.008348276322315442,-0.0033313268559616257,-0.004552316852429195,-0.014148510173565831,-1.3854705585214513,0.006882997721200372,0.005884879362978394,-0.020347078178070296,-0.08989655031269884,-2.1670193549179815,-0.05278829758132352,0.000824280890146197,-0.01071883726318749,-0.03263888178534763,0.045647382407180165,-0.07203501504485142,-0.0028907824027807,-0.08721319314219271,-0.05987756965853082,-0.06863489737084286,-3.6881587790181096,0.07978852991872187,-0.38167548208301905,-0.21247465333702517,-0.03271246958106196,-0.21249710457044785,-0.14651173906708637,0.09138678061334954,-0.1954107549360101,-0.43639909993222475,0.020753845424282973,-0.005351504656127932,-0.03299909086405119,-0.004851294426334003,-0.048174356700132565,0.014280269135868277,-0.002696075598364279,0.005299895346041455,0.002789680747463882,0.003210058278964256,0.05513680164501371,-0.6961661501220017,-0.1255694600270825,-0.3305375061200425,-0.21343697094500955,-0.00687446557771566,0.028834921142062073,0.032150106349621586
0.03801786882002211,0.048310019187672325,-0.025945212408959268,0.009133735566409744,-0.003876410043934742,-0.00433801334507885,-0.014493113253276292,-0.5816060833194548,0.007749780810745884,0.006105394553966253,-0.019654146119754103,-0.07841562916862126,-1.2532074161864826,-0.049334839868098036,0.0006452512462203794,-0.009369045908925672,-0.020561678803597577,0.048009340520428996,-0.06157408830294399,-0.003666194378987166,-0.07545122400934207,-0.062028335848371426,-0.06757322804374465,-2.65654152522868,0.6552430709805707,-0.3825299152109052,0.002315663381086394,0.045448752412864,-0.038127239031448684,0.1316113823527219,0.2112541866175589,-0.25475983298537386,0.5856605641399796,0.020550352528602996,-0.006617993957177916,-0.03011383533821576,-0.0034866302582244367,-0.04231663557134,0.012278960654591643,-0.0036819262250129504,0.006850119018353555,0.0017075256008965954,0.00414666105992817,0.13835138853569967,-0.2131233451165714,-0.12207873698905188,-0.17090493218040154,-0.01855244287709738,-0.007148612960545933,0.0391370592019345,0.03208025260093505
0.10376785885188985,0.02492081204969179,-0.020267498382483852,0.023993341175889107,-0.0022672958340486547,-0.0057949009586984734,-0.0061500989768192,-0.005751263242256991,0.01309471768611474,0.01557727204527081,-0.012015665111116467,-0.01706331240491912,0.10529822408279024,-0.025280106667660573,0.0011097279663615414,-0.004947054101231034,0.004491525905788687,0.03222907011110817,1.3956712461363732,-0.0027195129179854757,0.029549843823793127,-0.010357680807348143,-0.036440487526158895,-2.4495860736581827,-7.492819861822449,-0.338068480029865,0.26365281836951876,-0.06645437981866249,-0.1523949547063746,0.30869451330905395,0.2207025443421399,1.1325302163418773,0.8170789404004618,0.016044155305142076,-0.002388513723777317,-0.020112359707889077,-0.002771240799086825,-0.018985558570410344,0.0773627403691827,-0.0024235285991578443,0.029819937953612027,0.007224333385951553,0.022043364469218812,0.6624354657581469,0.765198140006496,-0.05258084241581257,0.17155566017438678,0.609083461505844,-0.005013144832716071,0.019121669382332458,0.04081130067863467
0.038643248560365995,0.03034979905780743,-0.018574846617450576,0.011270474835083023,-0.0020235898516160517,-0.005927755073582072,-0.006801591879662155,-0.03965156716889148,0.00949251434316847,0.0073080785872474815,-0.015283878733635202,-0.028121595799117303,0.07521601917157739,-0.02267717726141023,0.0005663638464881881,-0.005906018899675975,-0.010541871404010531,0.028291503216066143,1.147439573076041,-0.006117627984858065,0.01987840443820796,-0.021766488154310953,-0.039090362388048486,-2.783440151519423,-7.079326899466926,-0.48017469864175716,-0.12084990493761874,-0.5580687111387289,-0.6087398530747994,-0.18090912302328174,0.1925246519363699,0.3764411787407573,-0.06585242028196939,0.01546521832893786,-0.0031892465220739936,-0.022019308790470562,-0.00503248676381415,-0.015460370711884178,0.05818903433227996,-0.0024999026644742313,0.006323869462854946,0.008245699053643746,0.018151880071902767,0.3786833777070677,1.2732787917916604,-0.05485097121213084,-0.20898600909386705,0.16778186728958108,-0.006932323224058576,0.02678475878666163,0.03252118554151864
-0.0005729558123302549,0.050244966536083215,-0.017236365452601217,0.01263985984493756,-0.0020896494288928126,-0.005803098569860792,-0.01545746136952139,-0.06546095965575899,0.006720344028183015,0.005853960162553855,-0.014191389720546949,-0.02869801861954754,0.02998627437672478,-0.026809620459103675,0.004497744134745233,-0.007901947371515772,0.008340204526315852,0.04060088328850133,1.1422177940882745,-0.005072553596492804,-0.09312573969262873,-0.017901756462338828,-0.0479959199329195,-1.0744648153977758,-1.0876986940443776,0.10517308612586883,0.4234056161031895,0.4035432821038424,-0.36287053702376376,0.4906331422173438,-2.4526838447414043,-0.06467816199170803,-0.2130422707651782,0.016891567034468088,-0.0023390315570879926,-0.02137808102095607,-0.005911278422320013,-0.012559966084541671,0.0424708213915334,-0.002852649929285422,0.006918754846457331,0.007064789279470662,0.009080714209552976,0.3809427748663397,0.5620185612546046,-0.03607444370283835,0.18400536143557553,0.14085074535163905,0.002308271580573497,0.10634774441875279,-0.12240311363629705
0.12355547786934665,0.06958692764276506,-0.023070778446980453,0.010626453502146608,-0.0027476898953160992,-0.0016933563422068922,-0.014383459655081032,0.05419938216142837,0.009416861239196442,0.006957128663738643,-0.012282002060663941,-0.012972196221463837,0.10861243870537171,-0.03923257327294713,0.0060337357820082265,-0.00802069314010418,-0.001480779023590562,0.0667452111047401,3.384980120620489,0.006707474220744511,0.11506898469874992,-0.0032649420602595346,-0.05953353184839076,-0.18818411236063076,2.1333445473036603,2.320268224473718,0.5912592696022059,0.7741407209406311,0.15252841969989633,0.17512414638279036,0.6194757566870929,0.6969742823564972,0.4827351395247686,0.031141894841321138,-0.0037892346746008776,-0.03008602721018816,-0.002404076720362485,-0.01776512597387969,0.022455499094252686,-0.002913415307685113,0.004539384995201873,0.005489334545140374,0.012108222932632232,0.42669282028346395,0.7157003262430573,-0.023001745070902063,0.23202597135161454,0.5016348965283809,-0.005119901903397984,0.06421718060091978,0.062226465798023316
0.05335308697606728,0.06667244457404106,-0.028312900797878713,0.01038231447337373,-0.0024710857018089257,-0.003699333799282758,-0.012851193764347383,-0.08538201728984185,0.00856910746130267,0.008309565194187312,-0.01718035271222365,-0.050722483480358314,0.09874213383418672,-0.040392253635439704,-0.0013594102793344344,-0.010266783825767688,-0.015246003246846735,0.05869567724320002,2.504838947750049,0.001996535743343392,0.016937639599159147,-0.023034186744868138,-0.06158752123896006,-2.31900348727597,0.4924778261778659,0.10249260492378733,0.39613345922033183,0.42316158616933364,-0.3001396010543432,0.07448462450761167,0.4278693775416392,0.61503976324063,-0.1386344800380555,0.02660426667743701,-0.004449249139532537,-0.030404135421852694,-0.0038235782099501642,-0.02882202078953211,0.02228175081636569,-0.0035897672490843155,0.00494043136556762,0.002945094641563996,0.008147977101500161,0.35817769399734845,0.44258706629419414,-0.06373541394820961,0.1239077236701052,0.20568753116836713,-0.007053407428256461,0.052233418648517965,0.034659664265414
-0.06055698407597045,0.044783294917455425,-0.023858495891454976,0.013058238731297982,-0.002291029030549351,-0.004937557433674679,-0.014122287932131192,0.11125914531476841,0.007986755472841334,0.00909524513152509,-0.03675510895103832,-0.08568638560785952,0.07513257647556558,-0.04016334234382422,-0.0043638422351542985,-0.00845189571636664,-0.018600797454909508,0.05695642866005375,-0.03864675525392908,-0.010710256312914598,-0.014073223799002525,-0.04047969556284422,-0.061522552282285765,-1.0215520578826534,0.28150577364648754,-0.29794178415734346,0.09305904148923748,0.24251322037451292,-0.5448420431687574,0.12757142138833955,0.4620666996970705,0.18548749347134638,0.20082221824686364,0.024344497744337296,-0.006566827554462656,-0.0326668391696744,-0.0046047424766810395,0.5331509424147237,0.009505396279364958,-0.0036194648332897837,0.004814814161234986,0.002463473181123816,0.0070624616386436075,0.23146528044931952,-0.27216326838742017,-0.06872918045717856,-0.031772986577364305,0.02266338934785001,-0.0062995739738961045,0.041074784840886246,0.07077013681151596
-0.05248788563057828,0.045710828410795455,-0.04335268561799389,0.012065978758225331,-0.004456464797331911,-0.004984664737259249,-0.02008443620873316,0.0900177159825145,0.00838491884140552,0.011705686229194275,-0.04111101668044257,-0.022435028629849744,0.07416687406710595,-0.0582759248887641,9.12845348674799e-05,-0.01784939332993644,0.004745394438000044,0.051931339842193516,-0.0834261037356367,-0.017135556566339236,0.2299295357690028,-0.03421537444629216,-0.0920228124887637,1.0638299555424116,1.5117500969994133,0.3972883653769153,0.39925451270281437,0.1936640042668061,-0.21559348890610025,0.6242123704497982,0.4417100129277698,0.22162528265454914,0.07775083704039876,0.0445845568332977,-0.007119715271289938,-0.07785912024231992,-0.0061123362789791465,0.7292063427563366,0.027112207458390405,-0.0010877484898675486,0.0030289951502765456,0.0012045347868667885,0.005025294752795235,0.25357552291050467,0.20990072684565025,-0.14839857520130148,0.17481655665736315,0.30999940424226496,-0.004970764604720548,0.04700713018854933,0.08993464952340328
-0.05612793535872396,0.04893508909556161,-0.0369268539852155,0.011999150187518468,-0.002039497891353317,-0.00620636832304641,-0.014428961757480816,0.13119228005433936,0.007556543976793051,0.011981300301010928,-0.0658789843360929,-0.0741568639181823,0.07661839136341099,-0.04265649819244486,0.0014874060504271207,-0.0137958282471144,-0.009456887917267493,0.05820094175494914,-0.07758891963874757,-0.006540075436469976,0.04536819623825986,-0.02788694047618723,-0.06371214020431346,-0.7481747858953685,1.5884163350067462,0.3421265128758149,0.2713574583399889,0.37556136878111496,-0.31688006247365813,0.21062425245546013,0.47408589431452336,0.457974970081855,0.029711800031622448,0.031025176424948266,-0.0045515518036299465,-0.04617725248605804,-0.005320888531729895,0.7479028709662352,0.015057516235963748,-0.00552953560535597,0.004837557216158738,0.0036396465467674844,0.010149103969012231,0.24936571565605323,-0.3925864610924532,-0.07336711228848301,0.2322999786484304,0.14318828174612544,-0.004573154648897819,0.06132060980811095,-0.11224007162750797
0.06677250791154915,0.040831003957121456,-0.04469022563573034,0.011874779284781804,-0.0085400060565982,-0.006720789771999909,-0.017705979725743386,0.044046502434226566,0.002171338618362878,0.00487503866938408,-0.03850074916522933,-0.019123166555171565,0.043867651801650934,-0.05257345813683681,0.05432199752135405,-0.012960976486591561,-0.0017752411769925336,0.024662606706508255,-0.05315926585362433,-0.010389995481760584,0.019312496008638942,-0.01648819579828635,-0.0738477621896333,0.3562180616919053,1.584858044299084,0.17691560771667533,0.08480454314018718,0.03309496159711237,-0.3184415359404503,0.31752419077668,-1.4322175258385708,0.04576719856765671,0.3022897357748004,0.030309810885921325,-0.0027303044320109294,-0.053757451472184956,-0.006054844603333659,-0.03196337053335879,0.01923013996328593,-0.007893864714908388,0.0017287895123090614,0.0015977609818703148,0.005414772716920792,0.24090516191881256,-0.8286323060214902,0.42357019175233784,0.06733046815941073,0.614114054379185,-0.004944376778697104,0.05583535581024504,-0.16846509249395855
0.08654530457602694,0.044836404390390584,-0.02613034247096158,0.007073278125990356,-0.0063480445335474,-0.0043067774780334665,-0.00938780125059849,0.10517706358972004,0.008202660766457336,0.008867799666872471,-0.019935624792426387,-0.031353034021535976,0.0774468151060496,-0.04089217224696314,0.01979117225309031,-0.009693969361572612,-0.008539023145122587,0.053078491751733466,-0.03941661783904208,0.006619991867074072,0.41971894947895927,-0.025122852357720563,-0.06505554289996546,-2.8667167468799515,1.394200025774558,-0.1699496452536066,0.24012866356466248,-0.2580721832228435,-0.2896434281525965,-0.43580131607281747,0.35658322172580387,0.3181938870410462,-0.08273832292121985,0.02777702813580268,-0.006838675878585774,-0.028610231862275376,-0.005541486531127713,-0.01994034932506887,0.021930945157456014,-0.004012964844863287,0.011685411563830801,0.009776773231341152,0.007130206478487417,0.4226913911439282,0.4473317208274806,0.3897271538942182,0.021273795517906473,0.585167681613187,-0.007672516833713955,0.061092596420297844,0.020563114074456632
0.054498234033495734,0.039769311903231255,-0.05488365328986816,0.009706755802733842,-0.013610271606298404,-0.006674390970727899,-0.025196962510218208,0.06832017124072945,0.004144710009524491,0.0134202955334515,-0.038100609233277995,-0.021086484524066987,0.06733554153755823,-0.06991051116052617,-0.009877872538968496,-0.011742241035782027,0.0028628141230681438,0.05631583050832772,-0.07408315226369974,-0.027837963179087596,0.20805591981581453,-0.023988066113357482,-0.08985638515008819,0.8935680208664751,1.9233025169908404,0.07136286845416075,0.030953461904434612,0.1945299082144761,0.23131571400698692,-0.06725733235351469,0.4191489496016252,0.24144673832321106,1.005493244219105,0.05448114530429775,-0.00313042485524223,-0.06026815747309492,-0.007239983561779906,-0.033229113183092844,0.016691564230628547,-0.012571727658051096,0.0026639950315588286,0.0031371492980274097,0.006373468160861377,0.31169550009499936,-0.3899170368414278,0.4618723528630624,-0.10345891651392435,0.6207672991158587,-0.005511447318066498,0.03934017557106923,0.027338519737203623
0.02939425309976731,0.04625576641082411,-0.06396442458580354,0.011657272839214377,-0.01642659750152896,-0.014930565821583577,-0.026933906694621954,0.07035626003741334,0.0041440007885869936,0.01676553986623028,-0.03318546589075623,-0.023595500123316678,0.0636960127243148,-0.07522782830490708,-0.03374205827977806,-0.034646229454237676,0.00572985138370268,0.04766631009671183,-0.07922208520250025,-0.007749103873726543,0.11304201387538687,-0.03905003963462944,-0.09245771932179384,0.3146940074028732,2.3043817240807445,-0.22432588704072995,-0.14200672568278094,0.013669611896056129,0.7093550971442353,0.23107526059731043,0.3736559842002429,0.0909088560292353,-0.17583201896368247,0.04692148961989432,-0.004181250876895514,-0.08023409535886734,-0.00705751513991995,-0.027563749652467957,0.017138984057508865,-0.01464436101762091,0.001975558198306438,0.0033181194866424737,0.005935194242812317,0.10636825823379331,-0.659002907741334,0.3181580049877996,-0.15413363038625616,0.5381904215072708,-0.0048479718598666436,0.040274208128568446,0.019130952162799655
-0.08595764504665776,0.04338124524175331,-0.05557558432128745,0.009361291688387674,-0.009231120891608496,-0.007938107982105735,-0.017633700967775157,0.09650125020607245,0.004589718630687441,0.011672019617257163,-0.03374238404824442,-0.03149092199443416,0.05712753263204338,-0.06887168838373771,-0.03282936869447278,-0.02562370608759016,0.009284146818042877,0.03388077511041132,-0.07455229245117938,-0.004763900305789285,0.28204899853631626,-0.019797419858104993,-0.0875090139109537,-0.29597774425891177,3.3207089154539364,0.0391651062147961,-0.012599514595988444,-0.17861910048472338,1.0553341933283698,-0.6235501052960168,0.3598449302119456,-1.7549310547070496,-0.18047331725806243,0.044715375714807166,-0.004171538540843271,-0.057694875868240354,-0.003929585166879266,-0.031176216224893947,0.013449841298046715,-0.006395280340556887,0.003285085454043425,0.005973738088851123,0.0031509782482756245,0.22852925838959928,0.03990458184635144,0.33785113490333984,-0.20300902215341904,0.4711600169200251,-0.0050005672842523795,0.03270935808302766,0.019148342735968164
-0.035598904236709666,0.04063295839923182,-0.022259173331149223,0.008770826203644076,-0.0034534874201585576,-0.005505708954020134,-0.014618892811162429,0.15126453187219027,0.007028881620568142,0.006926202866810388,-0.022501238350010902,-0.08469123764226692,0.05726632234161492,-0.04158776471854868,-0.044846962024755695,-0.009467980632527292,-0.009104613743539429,0.0649976292249269,-0.03462380139824738,0.0004864855888183445,0.14591456056781463,-0.02872325031087726,-0.06150037503343839,-1.9780257137852082,1.1842634874502511,-0.23769603340218837,0.2831430165621687,-0.4862645132401283,0.9230984046227768,-0.6076303196072781,0.3775298297803747,-0.8541967081653228,-0.2965929190458744,0.020827867849235134,-0.014321703769194512,-0.02430931525604091,-0.003341157946593281,-0.028716279189412056,0.011835554387130702,-0.0035088867153348895,0.008644781287476769,0.00416286799927543,0.004895041625173864,0.3687121525384361,0.13945364194995735,0.27742290308039863,-0.16761795406760863,0.06506169541894415,-0.006603578339260047,0.059457239207118984,0.02525504569170079
-0.07272166279721914,0.05371856886032632,-0.022045613499248187,0.010676836484505854,-0.002626751872399727,-0.004418348417281639,-0.009601835387273753,0.1034837003920799,0.009033167565633748,0.006102282569131273,-0.01595123380914981,-0.05790088118158846,0.06896537918535577,-0.03858630453551351,-0.05026223902138905,-0.009022632083569657,-0.01231878068950165,0.07135947121385833,-0.042270660923606165,-0.003780922192784189,0.1111867672393073,-0.024293500622857,-0.05923281941072039,-0.9630702688079057,0.8918873128803412,0.07871353469069893,0.25178593577846137,-0.26160766478872993,0.900383093518793,-0.4032394856480201,0.5031276630631834,0.3831598038651164,0.7761039213242004,0.02191205271070162,-0.01195756183238363,-0.023742891574185385,-0.0030636670293820094,-0.02472276237942858,0.01588088250235841,-0.0038031136344794368,0.019187962280219288,0.004713748706878742,0.005352900385080594,0.45589277581475723,0.10152023966856508,0.20173036915107345,-0.14630696409267063,0.1978258623290163,-0.006750803391519808,0.06030169870026897,0.031535220702897784
-0.03203408516224337,0.024696411504329555,-0.09180210093538109,0.04691533393070291,-0.005919092241261394,-0.005421182503654136,-0.02769303708434006,0.08763080722873808,0.010641811017112422,0.006416063928743201,-0.014072254591221387,-0.018719425723533186,0.024407660503333473,-0.04758056869988605,0.02619347833827701,-0.007908368785971719,0.008046586284454706,0.041711302778142494,-0.04877995766504043,-0.014862809456611108,0.011704084781781818,-0.014999717461077058,-0.09099399194390223,2.4830284136812595,1.9255944513483254,0.4615513635056426,-1.138042578986115,0.7721873719006156,-0.49243235743277325,0.899888162644896,0.27952357996209903,0.4290530662405452,0.15821533645833943,0.14401838681688342,-0.0032435198677804103,-0.05944217424975724,-0.01193530916629257,-0.013910136419419102,0.00957009150073931,-0.010484508330424882,0.001541162554757802,2.83150692872297e-05,0.004584173601246025,-1.5849955985292803,-0.1883797568836905,0.25267117635714986,0.17976508740388888,-2.954855371145927,0.1291086802765957,0.026958641852254227,0.013563071895326509
-0.060546484207548476,0.022213341950548096,-0.07645111647636099,0.02672342721471451,-0.002734423590884142,-0.005127908290445343,-0.02027019962662019,0.024485708108318804,0.0041739644928237545,0.004519407316727038,-0.01293342529080202,-0.014846554869170216,0.020474617597352494,-0.04123201628764623,0.013906781788346893,-0.011226877400874873,0.0013590562521135006,0.03677511703204665,-0.05049388974466237,-0.006770452926479325,-0.12802512691276607,-0.01575944809795658,-0.09098423509132063,1.4640205586870585,-0.4494097278884364,-0.14503230863791639,-1.7227268341673563,0.1158765058110693,-1.5543805522900582,-0.6863873367086282,0.13100115790751404,-0.2141450293343118,0.011479544358464003,0.04448534530722804,-0.002687134432847322,-0.0422814435081002,-0.006742601708310929,-0.015129021537095196,0.009898247332152612,-0.0048049042575695625,0.00082948249492074,0.005873764661292585,0.004164507032050912,-2.4801232317315964,0.10304187056542559,-0.07223494178831491,-0.03963454311934695,-7.585993561204055,0.21325485497695923,0.01997022969359633,-4.2389923337818574e-05
-0.05399754664341525,0.02282669064292346,-0.07019532467250833,0.016320460029059115,-0.0029893936563862257,-0.004613100604455693,-0.013600228544554982,0.05577034645379794,0.003931690050581514,0.005160616983163077,-0.01191862766959313,-0.01382028675877575,0.026088006873694888,-0.052818382774574714,0.014733497513937073,-0.009532217620942807,0.007830724359008863,0.041020748272810964,-0.03231319606286851,-0.0074971417549146895,-0.11633625225707178,-0.017811308336008105,-0.07795477507486612,0.726590544186317,-0.38290149741512197,-0.10302325583472295,-2.0256176668295085,-0.33153118989770836,-0.6280387419593059,-0.6511705175172577,0.13910352104241225,-0.12145344914513256,-0.09731443810913765,0.04288419247593139,-0.002486115261779335,-0.05733322680301942,-0.008986555981773453,-0.017459116194098272,0.012783686845027358,-0.007076466741558631,0.0013511512129019425,0.005868412052420738,0.005350511267882645,-3.320233227512212,-0.7990727170741534,-0.08180760717565087,-0.07239815698315714,-7.552389395377784,-0.21829664184800535,0.018661088747794003,0.011018668601977711
0.045758482301787355,0.027953308571176914,-0.08961493025786305,0.013524663428709071,-0.010158576487981887,-0.005839072466961914,-0.04012217703719179,0.05985735850488169,0.008691244251689016,0.015399189734253286,-0.02645304998781703,-0.0168612650054777,0.03682637414003114,-0.06684617070290741,0.0068431974817774015,-0.024569901841111127,-0.001194283285004873,0.04518144163340677,-0.08448132171842121,-0.02103803092608416,0.1613330038505965,-0.016193644726419692,-0.1212069381861719,2.745786332772282,2.2679293482960428,-0.021781145683378453,-1.3331630358280475,0.592173810838469,0.4114715620345329,-0.07972526904306626,0.3502587822464049,0.008509736549380868,-0.18674356868240116,0.10462314212976025,-0.011124648964574537,-0.076195206593429,-0.005493606304696166,-0.018511947040529633,0.016853700846746644,-0.017013821769920306,-0.0018890547338097042,0.0014912450481809557,0.009210873670134227,0.17403025990385812,-0.4833252620663598,0.29415542839582737,0.08707095906111374,0.36348876471623653,-0.009169702676030084,0.03695951140635356,0.01757688719056354
0.031954683028152894,0.02894864124987684,-0.08598194879790237,0.014085118910678417,-0.009622509388793065,-0.006287204317749938,-0.03745417934568584,0.03919613855767088,0.005007797007110755,0.00984668612111839,-0.02824045470859334,-0.01901446960913594,0.02889851988999467,-0.06033860539440272,0.00570906552048853,-0.022152936220398545,-0.015624612793418589,0.03157873706238127,-0.07925201249954977,-0.020558122596893116,0.18919018913268446,-0.016470632315262648,-0.11380153355787553,1.8437692478117043,2.015848793234645,-0.08244604558263005,-1.3038396935890124,0.1689783065811056,0.18160525446220527,0.23848862831905487,0.40006386857742315,-0.14101151025618594,-0.08239068096625023,0.0836898904989421,-0.009308892519886114,-0.07561863301356925,-0.006282601592640402,-0.020779836590497064,0.015122692149708118,-0.016270790206257768,0.013894990047449327,0.0007792615055470763,0.004877550649809004,0.14557399266240745,-0.6894819867396816,0.2754703252975527,0.23569952778603875,0.09820016752348086,-0.00937083623530766,0.02993577005126479,0.02149785932240219
0.03318050921620885,0.04109783973386071,-0.08992124477917066,0.08787317090493708,-0.013497528214327,-0.010550513684956646,-0.02702557175702456,0.04676101576665609,0.034548729122091996,0.013068079131316853,-0.028887841198355444,-0.021272150605284083,0.03659725436551709,-0.06250295399231562,0.00497255603180192,-0.013191133091378286,0.003992599743423538,0.04015693388897018,-0.053507564134836136,-0.008421373076849906,0.05900307512335422,-0.03572995796531145,-0.08659437464649751,0.8481968452248125,1.5745689186172664,-0.26077691092782823,-1.9028538626724765,-0.07090260591066869,0.6313904016033445,-0.3434674335081713,0.3082952306954475,0.0009323542187428044,-0.30899248768200244,-1.5326261289706056,-0.004170804662566779,-0.058405719227219606,-0.0043289734176453955,-0.03209480275129772,0.014423317593548706,-0.017169168221862655,-0.055300087742116026,0.0019404805588552087,0.006791718208626314,0.19976180637953628,-0.6997171627813893,0.31841524189840215,0.10416045965209145,-0.6613517481580505,-0.01212488848941521,0.036435095722229194,0.019997533752619142
-0.07384692270844224,0.022826583641435503,-0.08801207458804983,0.013689696896808939,-0.010754105592860042,-0.00960547069710056,-0.022909584265318937,0.09298972710017943,0.004537688561058858,0.014373572643765965,-0.02556928520545251,-0.019195953001303345,0.03764522904364342,-0.065639705021375,0.0033172299424528684,-0.03486379635700325,0.0011170990898754648,0.03565336775573609,-0.08066541649342326,-0.03253784777926518,0.2631396122583413,-0.01179870708512516,-0.12344233567444794,3.3974818633258197,2.7957744953465533,0.12182652409169067,0.3435839516514751,-0.34115691515111346,-0.3467121772672431,-0.509824959054167,0.35300967373579145,-0.8470570874627233,0.17817873646179727,0.09355139339599124,-0.004328393734288519,-0.07610902562869006,-0.02463397662064968,-0.014798737467927677,0.016732976876127834,-0.018323288727949704,0.0027414421774013572,0.0004694657051026617,0.013722759070554221,0.1945766335386087,-0.37221454287580463,0.6225700546902248,0.06533045365180422,0.7576879918444858,-0.00536890794880787,-0.003543030226350407,0.01777112158062837
-0.054331127843972746,0.02604574594982948,-0.07962655928100949,0.010030129527990105,-0.014775074696185626,-0.008611109736957088,-0.02108213880321417,0.07671914143970927,0.006986725449068566,0.012903599300360637,-0.023603138539695027,-0.018884020837915298,0.04170483513234271,-0.06885080107963604,0.0019054198160212276,-0.038480909298826756,0.007387930483975371,0.03783989001397998,-0.07128370313889798,-0.02598034527717885,-0.05333733028526837,-0.013423106562025087,-0.1290789736562698,3.2434416371078947,1.5003582993283928,0.24136115526822077,0.26411320685146134,-0.23261304262031687,-0.22329556519716776,-0.17749271459350738,0.4145907647892599,0.33621429066472375,0.19936610690492995,0.08938801095489299,-0.004491893052598072,-0.06244668626258961,-0.017758535585395408,-0.01382747981371103,0.020352085578849245,-0.016710287982302605,0.003143978300268555,0.0009306456852671832,0.014956780738539966,0.24935003260884894,-0.19295218301244918,0.5191675272024302,0.11734207842616307,0.7352990484322064,-0.005145069225464222,-0.00032447528148911453,0.03124253450736911
-0.05004802228672722,0.034403845453178185,-0.07214340321031106,0.009696610628251478,-0.007417321813074506,-0.005483212237398789,-0.0410472088536905,0.05255403540515331,0.004266125955963782,0.013270518873043854,-0.03432565208101066,-0.019143438948331953,0.05567095790795423,-0.10991290602690222,0.00030251377139200693,-0.02324157310985809,-0.0009937974729637244,0.04760703784853675,-0.076475912812356,-0.01977589293731577,-0.00473983913418145,0.459156267241146,-0.09802496684903095,1.0641966362796558,2.342860347372337,0.0015565366614624326,0.08860456595359505,0.3149216458390803,0.023385922104234656,-0.13333475645108592,0.3576277856462921,0.009842363991257354,0.00924096645297112,0.04800986245853542,-0.0064981056625520416,-0.07503170594138955,-0.011462652444589745,-0.02627565285840632,0.01390519341660928,-0.010468790767930981,0.001831713571317224,-0.0017045072863979371,0.007589109258374771,0.22622448550304097,-0.5208639287171042,-0.12417462903558416,0.034980519267024966,0.7018864951542203,-0.0054873768527738615,-0.03214437907404249,0.020804821260780964
-0.0789844894232059,0.023835200982827997,-0.09727686087160942,0.00913637298785521,-0.011716873787125616,-0.004885966356888989,-0.04955596914204607,0.043076838026530805,0.0036398903731651054,0.009542258699470974,-0.02877723283199972,-0.01416945320747606,0.037302784823243215,-0.09322711552824896,0.0011572272279778842,-0.03344534141080554,0.0025401707306996575,0.041362060505636906,-0.08559141512169877,-0.027162430726359797,-0.06046386233197879,0.27616289764290514,-0.1300147356266242,2.6115333366885034,2.057757641118375,-0.12229198710843163,0.023359940027573838,0.4177731666916578,-0.21539357514091154,-0.6140802938244785,0.32554992413994543,-0.5259607248121284,-0.24949305829644372,0.051607423480009254,-0.005359502165836507,-0.07994718990420126,-0.013493393528254405,-0.01591868158269295,0.015905911541263907,-0.02137830552232315,0.0014217531631986547,-0.001953526805505416,0.010496784623984075,0.09243980161069751,-0.5555501711385189,-0.13764464680881952,-0.056357326581693956,0.7468389381204678,-0.005101862202413811,-0.043504284190382166,0.016671667812166016
-0.03369981576208434,0.0270122788596803,-0.08145505162011675,0.008857563820781851,-0.012446179585482012,-0.008386177458062376,-0.039086889003905875,0.06091140354558134,0.004327813999477383,0.01309901184973686,-0.028464202854739225,-0.014375165116957961,0.043776718597597054,-0.08056605997623924,0.0015721987874774284,-0.02712164099063748,-0.003250668393814568,0.0492606496039322,-0.07950026212167612,-0.02106695356974482,0.09904483560792482,-0.014860904663937599,-0.11879562712714858,4.093579769672943,2.806284829370247,0.10470130163012974,0.22715037931695267,0.9893010875417234,1.4042529879866275,-0.27653857071516336,0.3791199331539047,0.3915842404222586,0.07918132389457141,0.06379866213671928,-0.0049945957233454704,-0.07081999922925751,-0.013161781021250723,-0.017551688645856215,0.01718160279976978,-0.014877606836210406,0.0015633090733298397,0.0012811404839261507,0.010759284327064031,0.07581039382210421,0.09151761408734749,-0.021103476310589835,-0.031223270366003253,1.0459982851160703,-0.005418924996732582,0.06284651008454109,0.016931375743951423
-0.07110253541784968,0.025203478988673065,-0.0936550306408637,0.007652519577965583,-0.009778833223146136,-0.006207603229113663,-0.038315041885552015,-0.08526591953516746,0.0048330445219573566,0.002705616091163551,-0.023572110541498777,-0.018766774431368646,0.04038590773679092,-0.07333538036643258,0.001239085907830958,-0.03572347907207201,0.00023325451539744267,0.024605599121796308,-0.0813924765002582,-0.01982064477696653,-0.08734935978167974,-0.009536936686184376,-0.11974546161523604,3.5999740286609097,3.9100057261649104,0.10679433221314952,0.044583608504822694,-0.2714577332453771,-0.2897514869325,0.10224671555753374,0.350815321466145,0.28365606790965187,0.014453375103429518,0.09747794802537274,-0.0002665399338023865,-0.11580652430660991,-0.01295944454128104,-0.016429656419980183,0.019882990642080576,-0.018483709211790638,0.00104885829839674,-0.0011268022828517202,0.012955903209680614,0.20660599651603195,-0.6941776940882508,0.37274968823390336,-0.04699188279769697,0.9655373642654184,-0.005639142895845518,-0.007108172043220086,0.019550541661474505
-0.11140785301824474,0.038721786709999303,-0.02913569706633233,0.010396446691712358,-0.003215334438177395,-0.004746264427399486,-0.01419488872011285,-0.17492258443783482,0.010038356128206168,0.010327358458956605,-0.02700838607389069,-0.05059503896590331,0.0760610608865801,-0.04852050168102121,-0.0007797623853093094,-0.030757877880689857,0.014177237187403421,0.045480840601842314,-0.06585359836313602,0.0015840555717883669,-0.3571209592439576,-0.03363120371937801,-0.06926139479727168,-2.565000824807007,1.291403796656086,-0.12103431722066278,0.1439627076811681,-0.08655184245243232,-1.0115529969160586,-0.1404074116313298,0.17166652370972885,-2.8886198760001323,0.05566380778235943,0.028214763852790897,-0.00393291235024057,-0.03337717716965481,-0.004789024764139227,-0.06277623426876669,0.020396411670424337,-0.003851547898356037,0.0031737047388926977,0.0067728336234438805,0.008544281139282545,0.1333071542500593,-0.622047709908473,-0.09478570760545724,-0.0848080581365169,0.3896346759754432,-0.005368395905394255,0.03975511348457868,0.01121716327949079
-0.04742846568200116,0.028200374003717884,-0.06123074203383992,0.00849743358467034,-0.00523763397509311,-0.006792772904495918,-0.04169435803013282,-0.10079590735384807,0.004178654131511703,0.006771530104124767,-0.02868257036902106,-0.021905625216825292,-0.49197796364455326,-0.06660578653238228,-0.0006287729723494918,-0.017797012568143304,0.002778672314709471,0.03679820587857715,-0.050857026786512605,-0.01982019231643272,-0.17774900980370384,-0.028656438520199404,-0.12229606730374223,1.680961662300114,0.7394358680858004,0.25238520638179895,0.2648148548632891,0.009550720077240199,-0.7285180685923812,0.053514699493453007,0.4542247922777992,-0.11106560080358513,0.35433094083837363,0.04560344499334943,-0.006591200242201274,-0.05793821656602663,-0.011496412553882103,-0.014383045161765135,0.015693870958691854,-0.006373114593304231,0.0013275441362166746,0.0008693913825821078,0.004585858176330847,0.14644231057789114,-1.1676744838679427,-0.08705371627374306,0.02218485145784917,0.3264817875208013,-0.00458503375091663,0.009259578565260048,0.03733546139763393
-0.04804075836897497,0.028309615107486908,-0.06351007894522595,0.011043785002540156,-0.009207770586889898,-0.005450731417017131,-0.031354745620239106,-0.05200753876823975,0.007284692291472066,0.01132597450926007,-0.01894875099165958,-0.020268357772434308,-0.6363305559001605,-0.06922479116943003,0.0008462676127310224,-0.01662581311530222,0.0007600134486039492,0.042168231019643995,-0.06519924384912999,-0.03371139914504617,0.34516684381403356,-0.02202719280074679,-0.12291437996690197,4.62126312191294,1.3502300517876822,0.10819286772665339,0.4099660430022872,0.07152060138218802,-0.11990245755848328,0.615966057211449,0.433132126912741,0.24923427732647627,0.7062421331844402,0.06726558004668091,-0.003599799650569881,-0.06693257699820002,-0.01186208619989575,-0.0154827600064699,0.01824725353321881,-0.007362554297318329,0.002046454258132842,0.00041175766529742214,0.008350396445222489,0.19213494769286654,-0.20680665263532202,0.4617448092935292,0.16607900233363135,0.7109879668989771,-0.005739637260400789,0.010298269131749202,0.035088843267088964
-0.06915966165087192,0.025222948845564128,-0.08552120686345216,0.007828783311578158,-0.009371767820046254,-0.0055306429931389674,-0.04058003220349232,-0.08265119015061807,0.0038950460784373782,0.01357018189552147,-0.024043724270395198,-0.021142758210169695,-0.505522902236146,-0.06794056798668506,0.0015946641736539562,-0.03414777594378916,-4.0610394917973444e-05,0.04760386640490795,-0.08085537833669802,-0.043776915885756794,0.27692039475495955,-0.040606107781570075,-0.11830614687774536,4.269062527270954,2.726294689167384,0.10248089171229824,0.36573797174922323,0.06094245426969955,0.09772565165933905,0.13243754036522026,0.3888354773379409,-0.17367018453384325,0.24799901286964726,0.07096130753271214,-0.004555111762909601,-0.08793150465693385,-0.022816429163076284,-0.01654131348629963,0.014579672975698042,-0.013884099332137767,0.0032722188382793334,0.0012649314857011552,0.007068618816157002,0.179173379160426,-0.39642852052869637,0.3727832329241294,0.12213780598347503,0.6237645041257154,-0.005235920984289754,-0.0042693640036421355,0.022085046117634777
-0.11906876219988405,0.03801251037813399,-0.02914679213388161,0.010008633058315022,-0.0030647751490184135,-0.00529384610375078,-0.012581521257614423,-0.5248725880623788,0.008322951977959155,0.007859077433458386,-0.021669435425934334,-0.06592383240976413,-2.376017660635638,-0.05164554015806401,0.0017158338630208101,-0.010263899373743822,-0.013118541812245721,0.06357746763424674,-0.06146635251355956,-0.009350676844527438,0.09589124291269,-0.0463982676158892,-0.07160026284320074,-3.7269990819020054,-0.04694769729685141,-0.36576414913148225,-0.07001431378823748,-0.563268874248485,-0.7136409659490258,-0.3706143555202177,0.1440260496295195,0.056819519277474785,0.06356424126079971,0.024482430878751835,-0.004546266771893705,-0.03606709359114344,-0.007777148058923498,-0.04627631058649811,0.018583778738589476,-0.0052117864017989495,0.003658467237344402,0.0016466061560526071,0.007381532282042765,0.11658935652491043,-2.94574048686306,-0.18583511927078783,-0.08589448723526805,-0.1400478425838581,-0.005256845238216414,0.02487552994918087,0.0027419118593979015
-0.01853672593482101,0.03321976934820968,-0.04925190029834151,0.014480719665879556,-0.007939311882370795,-0.011183127824861158,0.6237836565933187,0.077396447078513,0.005582389457967554,0.009137790329852331,-0.04708311615359931,-0.030335271782496655,0.0400161528016633,-0.06891732876974077,-0.0007748518648188831,-0.015877732793145805,0.004805234438698903,0.04215830500751273,-0.06697203132694919,-0.011905783968118233,-0.1617379373139475,-0.035796231304327415,-0.09874965072206095,-0.3037232068594565,0.5435940772032186,-0.44985424182476524,0.1720228009850112,-0.6172132898069466,-1.6776768601853673,-1.437084509406483,0.27185661568464026,0.017264542244626514,0.12063634110728029,0.037494267345135265,0.10099898917707906,-0.0397188156235935,-0.010977650946923363,-0.04507183167363807,0.013768618007613982,-0.005365015154209011,0.002373481265008132,0.0014523831957321597,0.0023302367242837635,0.2072052158656745,-0.11304088314679635,-0.33247810732559385,-0.2934432740979801,0.23577169856970623,-0.0050982589578203045,0.023725364493857728,0.030430491777813387
-0.06000404065140902,0.0266358401719175,-0.07435260657146511,0.007251531709370817,-0.00900642553564006,-0.006446433071537807,1.015307423156709,0.08803196265288474,0.00517970380402187,0.007027817427041265,-0.03379315086016127,-0.016608963093889758,0.040675439137679785,-0.07344018480439685,0.0018598426435157747,-0.021278444944431145,2.894506041842573e-05,0.03999419738364553,-0.09697520940443231,-0.02535998716551448,0.04414087006016713,-0.025719199656356547,-0.1277892038858139,3.2228700585508925,1.6888449247154291,0.04740279715661891,0.24101571678060577,-0.9397488237622686,-0.639453251475102,-0.5577537311990481,0.3447759018952995,-0.000274960012913415,-0.012040336647101534,0.06452504887180976,0.0709063747060853,-0.06469492292364185,-0.018027201127375287,-0.014316100059476939,0.016983574035879818,-0.013631856469449411,0.0014893527718440832,0.0003396150653247542,0.013953344508237615,0.2222968216954652,-0.13781466612062482,-0.25636406464795497,-0.1464912796097257,0.45868007118962434,-0.005075460277052611,0.00085817892435848,-0.11566728420540051
-0.053862785427317164,0.028272189119237675,-0.06787765037786485,0.005572318271324969,-0.02263270314428632,-0.004813383123213315,0.8210463729360432,0.08222787001314563,0.006101399996379761,0.011652217586167322,-0.020416881486627965,-0.017602757703694974,0.049039740012625364,-0.0667943318318888,0.0007944376659593649,-0.012831157570904755,0.015356876822072233,0.04615242205467476,-0.0919739030162843,-0.021251192579644758,-0.17386815659808158,-0.012004240189338686,-0.12020614228847074,4.049099269800043,1.0982267276246878,-0.17576159044513764,0.3058671037210851,-0.4402268944114301,0.17949606530085904,-0.42813754973562523,0.4248709687317821,0.07186873754416373,0.1425827231648546,0.054967037057295526,0.1139110842462914,-0.04853811879184036,-0.006798522037960761,-0.012905652516107157,0.01766838019080792,-0.008636163963001245,0.003161697431420899,-0.0012748774196056848,0.011354861080280521,0.24998736836696708,-0.3431885317597854,0.45664578504380154,0.024190113665468558,0.6872868047470568,-0.005694866751636635,0.03646225629185632,-0.11940497232605689
-0.041440980112143457,0.02349035910911638,-0.13206323613941592,0.04476637049394224,-0.0035452193214926733,-0.003936864238231262,-0.04149093035529667,0.0400769531577967,0.005445530115928859,0.008113402145452484,-0.03732435401792913,-0.019503391751013024,0.024995706841688826,-0.06248045944322719,0.005919755848951648,-0.04935585250349721,0.0005559147104276999,0.027203167220256275,-0.0912652681965357,-0.013312049844117812,-0.25553320109763883,-0.015092166231596427,-0.11140260744827774,1.9185797832907745,1.9078707195267437,-0.05711216115090532,-1.5314484873134346,-0.12220125220539647,-2.217486168393103,-0.9958279343246502,0.22073181098058434,0.1429744520422443,-0.03305219438582091,0.10020466274899795,-0.006921753956493682,-0.062424192100267104,-0.007080309401347907,-0.020898485962137878,0.013994370903765383,-0.007719676255883122,-0.00018859761589035237,0.0009942748808044438,0.001348692366176914,0.14151660704426264,-0.4991704023530925,-0.15294230071303802,0.11341608744618317,-2.3804230755404117,-0.024414822260260684,-0.015709379432594556,0.008422670331927699
-0.0325128892278738,0.02772742958494192,-0.095976969936091,0.040018977248257814,-0.005745255131479992,-0.005769142946094034,-0.02105552999184225,0.0666813602384164,0.0028852860239381418,0.00978924368339153,-0.043543776643170946,-0.018223467630277778,0.0363704394311701,-0.06791136516078437,0.0062870508820187234,-0.036459461225519275,0.009917323618140092,0.030115547892910738,-0.06326986171147284,-0.012225661314521161,-0.018772724324788798,-0.01958751393715078,-0.08289757954714823,1.4595189885808806,1.826883572413275,0.0466507006548969,-1.6915393971266364,-0.24113136971105115,-1.534273268995611,-0.1650474061325624,0.2745601233545927,0.4019804325473011,-0.022690748814531744,0.09537702838498403,-0.008587669339638775,-0.06031762685039283,-0.005692066364339093,-0.02956960696266245,0.010965706055240007,-0.009041178414282274,0.000988561204411994,0.000751536151132336,0.006488273388791672,0.24423346986928893,-0.46921075031647475,0.33488315003697117,0.15324448467812962,-2.694223822398317,-0.03321018027505033,-0.0005142705902813269,0.011528819580018123
-0.03609198642932485,0.04176851725197273,-0.03974888385434904,0.013866173851945097,-0.0032458387069551195,-0.007907011766952392,-0.016830806265005833,0.10190345216584475,0.004204063734054255,0.011738114731049463,-0.024592951240109,-0.028577998390534556,0.04103727297674601,-0.054809139171271684,0.00020562992275172524,-0.07823717779512203,-0.007607614914217465,0.0429945822365626,-0.045148930213282985,-0.0038589083176869387,0.05864910262870389,-0.036260442868292414,-0.07270700438994697,0.7558796843251252,0.46693872693095007,-0.0019970628988932627,0.06944679160909412,0.007111191200645329,-0.36531830332560156,0.058008816219188006,0.4763974123733634,0.33909862863996243,0.294123309789075,0.04102709875432028,-0.0032009380968130033,2.3175225867951603,-0.005735681313683514,-0.030429533602576914,0.017759563330119632,-0.0030763862480162607,0.00256564988355436,0.002116697613569555,0.0047333307279759495,0.34753636517638625,-1.7426135524600694,-0.08680279055789046,0.08973231098697712,0.22855586957864205,-0.0090963481075965,0.029489151146096838,0.039739287109396525
-0.03006225564800947,0.028245552706222764,-0.06606510853293616,0.011965076505909264,-0.009484407862102005,-0.0076919316699506045,-0.021570962702621335,0.09231463049412086,0.007295890294741586,0.008001668975368676,-0.021317565531304167,-0.021158127924367123,0.041856640278846634,-0.05341995474536255,0.0010901938686343328,-0.08608967420179782,0.00024891205450531796,0.038808178406435,-0.046321931073600435,-0.006431583241346116,0.07020833817646331,-0.017293272387883682,-0.11903405881288598,2.713790555949913,1.011909220465463,0.015581962568534948,0.13835616966742903,-0.5247661446759292,-0.43017524907811283,-0.44428179842056575,0.4263483428354633,-0.07741628081829836,0.12880387798555115,0.0638311583675147,-0.0037987531866421733,2.27460578385956,-0.00669759178741062,-0.01974441213589283,0.024405684709954453,-0.007217374177451509,0.003088411871511155,0.0014246077098531299,0.009281871112711861,0.23949658650053918,0.14166863046355255,0.39466514992467844,-0.01863212028847441,0.6276194187065396,-0.008584376994025764,0.0362670121759671,0.036538152024156764
-0.03295564115923687,0.02148364627511068,-0.07908724933536396,0.014149591660870769,-0.007110239110126766,-0.00423212232486369,-0.028098631110276374,0.08696463533003411,0.0050847821815226775,0.009153074599381318,-0.021176482538199058,-0.01571073481077316,0.022030058568516295,-0.05346902661016654,0.0013242287515483496,-0.017110923918139027,0.009669883218728881,0.03339837256172844,-0.056683963335141314,-0.010095542176294998,-0.19546363868980748,-0.014285284991099545,-0.11299989559596525,4.376583280848215,4.379299336696979,0.13066777995995899,0.11188608291098398,-0.3397305763650756,-0.1849958127056573,-0.7042723568255141,0.4052605045914851,0.0010316699103264568,0.15326245482211942,0.08374946438041216,-0.0023890431827249957,4.307420476048044,-0.013481257504685202,-0.014311971156006372,0.01721480361352063,-0.0017299151402526477,0.003201020992601608,0.002178947231891011,0.011497819356122208,0.19882406967894736,0.805504957471877,-0.0018655533801120105,0.1259663395911662,0.7433328901056458,-0.005404114726309861,0.023958691921178995,0.017763459422965328
-0.03732003030135318,0.02407724230300242,-0.09114192338023033,0.011568499442509131,-0.010400457136748326,-0.009562363958093907,-0.03904284894498407,0.06873109013272298,0.0043085869676502435,0.010027662652844894,-0.038886526241970795,-0.019617867859623984,0.024251761300638355,-0.06608137559361953,0.0011206540639503173,-0.13762139902871648,-0.0012307623431778627,0.027389823156898148,-0.07920234600793237,-0.010825767655771038,-0.1921288764488894,-0.01557857869991024,-0.13171349393945603,1.6377338460109834,2.480067865874272,-0.33753806645437945,-0.2025962099537627,-1.3680070715784205,-1.6378846720210016,-1.1717619054862953,0.32132692607725,-1.179441444987126,-0.4037432412353589,0.07129758632458215,-0.002579178811100354,3.1122484486991735,-0.01466673747954441,-0.017042412075612773,0.012826119423151731,-0.0023323713287075275,-0.0009165911955349906,0.0015510462480217116,0.008794200938545741,0.1673773953342537,-0.1559241221024834,-0.11337992396162183,-0.15678224248623635,0.17410543377822874,-0.005442120559793668,0.00791069815021979,0.01182039794684828
-0.03709065634893162,0.028859876146836282,-0.06668729955780094,0.012342036945111897,-0.010116973507495653,-0.006162330165539057,-0.02291547493068262,0.08731982301999344,0.007394628130200556,0.008348844552997982,-0.021507805033139843,-0.02065205045212735,0.03912074239878712,-0.05469899639473335,0.0009142509160833267,-0.086393806207612,0.00026506291751974203,0.038894431503494205,-0.046842360542401394,-0.00632193422050653,0.0670461778692243,-0.01517706130189539,-0.11866256336676208,2.8445350598476447,1.0974853805276392,-0.08351271766887368,0.14595820121016295,-0.3203406978685777,-0.44979178915343976,-0.3782329608845366,0.4364991139988878,-0.0978406104634929,-0.017968850155941147,0.06342465134335622,-0.0037108832972499793,2.4084267144632427,-0.006630186917469628,-0.016777893477457964,0.023419065827075723,-0.00936951303161188,0.002844812857341372,0.0013470370352957307,0.009452213725610295,0.21862755512664042,0.20264308826406077,0.3993721926987116,-0.0014431083776801608,0.6194468160901487,-0.0070549106327869576,0.02450977959608439,0.03734436062370332
-0.026488845720310288,0.026004900515698415,-0.09231624637605024,-0.3995487197492106,-0.011967085001876463,-0.005862368454762118,-0.03058825128292657,0.06500954597677622,0.0010321018642964756,0.010252669003684371,-0.024230262550355222,-0.019968400143614576,0.032327935275015686,-0.06978647331296489,0.0034595972198194582,0.025251701703445057,-0.001904496984117833,0.026073805349786445,-0.07038467503903226,-0.024715487165811786,0.14141112441369838,-0.01279152385486186,-0.12261618292379373,3.2505159546044373,2.268298318020545,0.1124940069039678,-1.2266341854206877,-0.1363718985637561,-0.4532760381407727,0.34591144570922133,0.33332450291484517,-0.09445109937185464,0.20702735585698925,0.13721207338165625,-0.006750887085906396,-0.09785141926413672,-0.015812763823967374,-0.017192774399557728,0.016015341554805558,-0.014810406585119515,-0.00966234551309015,0.0006267009426868225,0.007793838789450699,0.22056514287505002,-0.5829251246941505,0.3852952241964932,0.2429079889523639,0.5258634325071799,-0.009095458038715257,0.0013411184966563962,0.024155760624863316
-0.029617953952961844,0.025965632543987444,-0.08560017012313441,-0.3509019218445465,-0.02211987117934735,-0.0044438107961669105,-0.026298177512771498,0.07292919165421743,-0.0034596573122379235,0.0099138125407972,-0.032310670529434746,-0.01756534164137741,0.0328940592611723,-0.05886234902849872,0.002001236774088748,-0.00961030253233872,-0.002334950162367231,0.03395170815343409,-0.06313335055085159,-0.01842450096137335,0.1379251887586422,-0.014794804450178108,-0.12267470403158517,3.3867150342224934,2.1110427523994733,-0.009897417365253906,-1.391853410507917,0.02010058175205847,-0.8169707225011943,-0.5191583519533851,0.3358156135846625,-0.06386346811874664,0.18634598022518864,0.13644626997527776,-0.003404334557766933,-0.06859741864535632,-0.014076548016013884,-0.02857648320029216,0.015430827370899106,-0.015161246109198133,-0.02173039713631112,0.0007754580849542335,0.009761594757764495,0.22471306847445194,-0.45106416441155145,0.36970850614067524,0.272197221856703,0.5398466636586308,-0.009213679092660597,0.007823218748083194,0.012277842110591578
-0.04279351541155178,0.018318649740428707,-0.1567743884033955,-1.4239930868894812,-0.007134740727965339,-0.004069188073580668,-0.02805513042738058,0.07575380032518467,0.030654441396868414,0.008444193683471447,-0.043643488322050845,-0.020618875124016854,0.029766183979135843,-0.07062966952805379,0.0018986630064601637,-0.046943395832476816,0.001480097676137911,0.02511511931069626,-0.08321933878001711,-0.012191500728719705,0.0011278850534289836,-0.011560689490563287,-0.11916432191521734,-0.7213519150573287,0.8710331305047257,-0.20618373680056204,-2.0709429348841413,-0.35959151533331346,-2.444364741979632,-0.6981431020758915,0.17458555553126678,-0.30059077601245143,0.07860596732070373,-3.3808729000084776,-0.0027945054145227673,-0.08259278589430866,-0.0060430318517025435,-0.02792713068283017,0.012381097310358016,-0.011589952163011067,-0.07254056857466157,0.0002871563869966762,-0.001161558809206233,0.13290904293386974,-1.1217081969279892,0.17524338726829597,0.41133201061642083,-2.327707438116878,-0.013262324135218483,-0.017253878399621544,0.01567610414240841
0.06521777027241164,0.025107163700919106,-0.10074984284964374,0.007761404166308159,-0.01641186268480485,-0.006116920161806707,-0.03412352559775416,0.044264737913450855,0.0047532380204856756,0.014751527884844162,-0.028192911086207997,-0.020844953621587715,0.02858807600681024,-0.06364537637889622,0.003505870481304028,-0.026512084156028338,-0.002044847521755493,0.06476354641068102,-0.08286729549143865,-0.04102901022183791,0.1386204432157446,-0.020938438375432716,-0.1171157687697938,3.0107560581387114,2.640802045187672,-0.046780075529561205,0.33108728867551845,-0.18820803613174214,0.9096120523948883,0.670743665456672,0.3926894860798164,0.5206599896033018,0.2447083918236214,0.0669898134501357,-0.003208954443728378,-0.08827271832520706,-0.012388688482439911,-0.01336475561512392,0.015839387256515784,-0.014332348826343872,-0.057963545590650895,-0.019487157430216985,0.00774158152218975,-0.1640435877065547,0.4012344473871011,0.4101585688852388,0.2083124042259435,0.6415353823083196,-0.0068414206397287005,-0.6810386733023016,0.02182254921746006
0.05538613856977676,0.027357331075867047,-0.06539959438351034,0.00518684749928466,-0.013082979152160359,-0.004403638689188289,-0.03429832854143295,0.06414014117314706,0.004757979544899138,0.01135189971637662,-0.019626521750912104,-0.021828998260878103,0.032521453179324374,-0.08014209236874092,0.004220957626585048,-0.01991081820426328,0.002134294398769721,0.06508406837858143,-0.07580566909706506,-0.023413285092217802,-0.06531929735703584,-0.02854915570265012,-0.12116345608011346,2.1479043995416185,0.982329673986037,0.10465744051401668,0.19037013796929797,-0.23180612029530773,0.6872365684928352,0.0648134839315917,0.44969914749354456,0.16238338181854142,0.1885762799542092,0.05396345284321106,-0.005317776538220955,-0.06688923896690568,-0.010592178790339463,-0.020858582129258795,0.02056409918403682,-0.005692946856490316,-0.053228765676941465,-0.0076940680511439555,0.006112153783454878,-0.1655867591918264,0.4063346113742056,-0.02102207086984757,-0.0010698311132963927,0.3716089564814091,-0.008275445280383719,0.004944569305170819,0.024966046332658316
0.0857463819228166,0.04203983620430157,-0.02908832943782973,0.009441707357728549,-0.003675025822669622,-0.0072821166070814545,-0.01620521237449529,0.05154778389163662,0.00573341158391212,0.007358419303434426,-0.024940213808042188,-0.06719191658861619,0.05035772179879336,-0.047111002377306255,0.010791927735413,-0.012317762793919116,-0.019693121109186824,0.09844037060456744,-0.0570066509954085,-0.016214338927231054,-0.12945410377326447,-0.04376490215650711,-0.06684547719460236,-1.7705680879919814,0.8578554819301927,-0.3054335161764274,0.024727103386201488,0.1837559808659194,0.5897376292966882,0.18715155091710403,0.5143364984275793,0.23755255225902933,0.07780036923994518,0.023525461194764292,-0.00594874876378605,-0.03420510649921667,-0.005147716534535569,-0.04161357624441398,0.012494408579300434,-0.0037979689007915716,-0.06143563681445326,0.009991881510583132,0.005119602665124616,-0.4630935297910808,-0.24862261908575853,-0.0941541782084995,0.29830968097351673,0.21439632063422995,-0.0054734314369049115,-0.8254311518529063,0.019721241361625064
-0.05221686075442227,0.04423717301683186,-0.03185862851687458,0.009667966541999851,-0.003365255056481818,-0.005975767429786358,-0.010173124782375833,0.10282870172247531,0.0062936723027891385,0.00885637002468731,-0.024368002547838302,-0.03736006090822925,0.08167185037177807,-0.054837687288471645,0.0012371381891547514,-0.017649951654595937,-0.018802917554602762,0.06587485677190885,-0.07550175322929532,-0.004293781316516542,-0.07903912292853725,-0.04809179526289547,-0.06905947017865818,-2.3485329299155384,0.9301338415362047,-0.08351821611697136,-0.43541834787026906,-0.6717769033931567,-0.37467055516629283,-0.7722423817706432,0.21567571718209486,0.28918446842021994,-0.48504106947238546,0.024095886811866078,-0.004659144939873328,-0.033998668715679685,-0.0074695601463845174,-0.03852964892546689,0.019072340367463185,-0.006645785261359815,0.0014670410645241268,0.0027540123795623647,0.007587743509313578,-0.13508749465375694,-1.7483237464638168,-0.1225298244565305,-0.5093434983711457,-0.17396587553965054,-0.0071911701917893416,0.03296476580485347,0.02964090784688888
-0.019962002778124145,0.03488666123506664,-0.06313010555915598,0.008092112218436502,-0.01418932609375719,-0.007228136859140194,-0.02452349622639198,0.0904180115870516,0.005126192524517797,0.015687241253266405,-0.034450876260977786,-0.022404136473330553,0.059048222701312596,-0.08584138589263422,-0.000589160043884231,-0.017156446033536325,-0.0014592496604684587,0.052776794773772805,-0.07247877204050805,-0.016314539363948992,0.008095776760450007,-0.04663040763997961,-0.10286283043762524,0.9973540219232102,1.3865926537212188,0.06555985462281327,-0.13186079157651515,-0.6107937031310191,-0.07572857651720774,-0.18630295035181133,0.314248986900178,0.3106374212122574,-0.08728168101735977,0.03903555400449237,-0.0026764725285553493,-0.05159303129567082,-0.008021061304593933,-0.02536212259886289,0.019116414109930605,-0.0127695639169928,0.003892842672975894,0.0004001652215089001,0.009027566640787597,0.0013717382379208232,-0.4683355785729811,-0.19574281800242102,-0.05741374770702701,0.16665254841741242,-0.00638294206972249,0.03300060970324842,0.01613926235725684
-0.039626902675063025,0.028369110399643113,-0.028812777108007778,0.008208266240908616,-0.005900129057954805,-0.005865507945102412,-0.02358904909967973,0.044977585399163744,0.003210448731809796,0.005176400308706719,-0.023458705363629113,-0.016381349393265812,0.03237750466542097,-0.05047028394157002,-0.008151961874418,-0.012220772370106284,-0.00020106347540936744,0.030552098383152985,-0.037797609962772864,-0.004758039627628926,-0.11666648113230615,-0.025572749169781264,-0.07856984752913336,0.20081376729192887,0.5816085315117924,0.03250661599542676,-0.07906789656127787,-0.26271181947813066,-0.2877923706848028,0.035497660077658706,-3.675540468255465,-0.01402994562228042,0.013202761015063767,0.02411025264902403,-0.0024700406578339515,-0.032446110275989315,-0.008472060634013715,-0.01826377853982125,0.019394899157302043,-0.004744395506707837,-0.0004063715900844879,0.0009770256563865676,0.0011093032668288564,0.010690610947950345,-1.1750865192295292,-0.1086551249848206,0.10275284326834684,0.33456375220622175,-0.006483864241314197,0.06980461641167869,-0.20309956626962997
-0.030516073342633055,0.04010810904001413,-0.047860383973412635,0.009957227647082118,-0.010001868092335131,-0.009586962345657219,-0.014776693580742782,-0.10757742723842745,0.006369861692621541,0.014311146878185892,-0.042617614113969415,-0.02455284730238368,0.07269282540345849,-0.07145672848068858,0.0011754599022352056,-0.025139060956924877,0.008512844405439432,0.048933257639802226,-0.06382402708458373,-0.02134959750673726,-0.06518780822268277,-0.019301084870055916,-0.0890279343752837,1.6378388913772566,2.1353613335967894,0.251448516149875,0.7942025368479985,-0.2156321283076786,-0.3592936454260756,-0.18827795293269226,0.4320205472346591,0.36749141924119405,0.5050312490792874,0.06653090779778546,-0.0026057196310049976,-0.04896193903027753,-0.009523239032490331,-0.025931383781115695,0.014800644279829578,-0.010939312634883595,0.0022262240704804545,0.0014650786672542615,0.007509976889051534,0.34479726505498903,0.034570208397286334,0.8235519031323469,0.16110576542545366,0.5131453194323886,-0.005358094523418526,0.02188466227499895,0.03850852394437593
-0.06270176770457353,0.04670558395546382,-0.03589910330414964,0.01319218140808288,-0.0037510222503977456,-0.009238153926032147,-0.010238433986464821,-0.026427234147220452,0.005811221887428534,0.01154109084152564,-0.03315700216987216,-0.0570939342544263,0.10417156155569703,-0.0518329266419068,0.0015860674622188665,-0.018911531348174016,-0.0066859920880678325,0.05894283692475063,-0.06916316287383642,-0.007559314208344492,-0.21629516811600985,-0.032752180196149214,-0.07641611310966906,-1.3012550683472088,1.4449328355113562,-0.3159036931982157,0.28478298729219614,-0.1370413421254448,-1.1784354917051625,-0.038037818082654044,0.3128021964684472,0.3409316316555796,0.4078106463947112,0.03235382128510289,-0.005189717609691418,-0.037427918078917634,-0.006519242945573663,-0.05024612020388871,0.017583790267899364,-0.004839134371989955,0.004704329656662425,0.005761311591185565,0.006226538310614643,0.2657428429922542,-0.43441524407142307,-0.1925026899416837,0.2590085620693976,0.33087441547009405,-0.005034593172148455,0.03449647208733484,-0.006252658013869064
-0.09482396406107012,0.04161197079144397,-0.027395845651201504,0.010586339244358131,-0.0033128637705341743,-0.007623353522247766,-0.00956686536633447,-0.1092367445957198,0.012228470360319177,0.006688200631952864,-0.029819509764422304,-0.06711205714985471,0.08052294698474098,-0.04981185293763891,0.0001837797400868157,-0.007119354636314002,-0.02002671418200637,0.05100886464918654,-0.05184663601135228,-0.006731141512429253,-0.20124224448967346,-0.030317135872923458,-0.07081447234824025,-1.6658875555310435,0.5523726592071309,-0.35989841780724424,0.289708043218428,-0.30332621618623784,-0.8133726172544725,-0.5341689365485365,0.33855816596981914,0.24582090290875605,0.6250087364852417,0.026645124033644798,-0.0063364957915606505,-0.02771266769808468,-0.005362910395989909,-0.04019951527310041,0.017381657735155,-0.0036495962344159495,0.004983680113078333,0.004757995716536881,0.007946921022041422,0.2276936686777764,0.4139193835925197,-0.12367684484605537,0.09206570849094879,0.21422932154823224,-0.005242049903903305,0.03456375449451104,-0.002676975426668766
0.04246855460170508,0.053577356495298795,-0.0398888342115683,0.008677637435373899,-0.0076693247649093675,-0.0062942572009480205,-0.02395994936998427,0.09039306936302165,0.00957477190010705,0.010702084135779378,-0.02774500402273083,-0.029939359499994475,0.05815436674157766,-0.1047891791704319,0.000588514323466203,-0.06316867799256543,0.01007185505518987,0.04899855332244716,-0.06181512601043784,-0.03133227145464856,-0.23047360029206407,-0.037928404673173155,-0.09193053714100895,1.0338917674054025,0.4563795077972567,-0.5958517655100136,0.24127670085399713,-0.3484589613560094,-0.1210200647878159,0.05421135724799139,0.34590079090039594,-0.10210675461454205,0.4815755263296605,0.03238515887183491,-0.004944455472387891,-0.053550236276975596,-0.011072265741191295,-0.025873182730415098,0.020521369727227894,-0.01177037031790881,0.0021191551085874955,0.0012969407190362818,0.005640015386320825,0.05320372750040618,-0.6011027273431462,-0.19079489097315347,-0.2695005125685094,0.1775804518184508,-0.008528011733403092,0.01395068198585702,0.04186692581424631
0.008339728649938523,0.027312862141576664,-0.07301955256287174,0.006542824677002786,-0.02308275739376645,-0.009595765823733565,-0.02931096701786639,0.042610143345720934,0.00571537196077288,0.00973087246591536,-0.022738997785193154,-0.02060347962809209,0.049123958044432925,-0.08384516677917499,0.001066228570237612,-0.05117220739415001,-0.003765497307150788,0.0380607967416497,-0.08020854158283984,-0.040983896611438336,-0.15894142086364105,-0.022433261629275534,-0.13064694881302602,2.056113299475876,1.4038387857182595,-0.0487335042685891,-0.07516062952817296,-0.4146199159400788,1.140760631749831,-0.1929794085463721,0.40496404738538766,0.09375127427403075,0.2921685438035144,0.05493457183058831,-0.0063769617129757475,-0.06628140849929175,-0.016276948046714583,-0.020560432640250682,0.01570268098041206,-0.018476281874425293,0.0015536748553619602,0.0009197398561505486,0.009408869428491258,-0.06376964740596115,-0.5071206780041739,0.06749771725491402,-0.1811787836635576,0.2993902742075197,-0.005418745427772785,0.009185766624356188,0.021533286043993006
0.048190243700791065,0.028571044071760796,-0.06876251291436651,0.004688902902018856,-0.014441794425969604,-0.005150737440975516,-0.03333102088985385,0.07395596945826584,0.0056374378931815395,0.010988768571744459,-0.01900604472805575,-0.018989732495288347,0.03841707575719692,-0.08591435819938928,0.0011120012300620738,-0.018353438428037817,0.0015281771950419857,0.054797175707605235,-0.0846031128752483,-0.04090590919466475,-0.08313802813679735,-0.031232865198845657,-0.12663193898634445,2.4880994313519347,0.9565879685145914,0.026989917523371924,0.3042589768859342,-0.09578360453611143,0.17529256526186845,0.18235483458127763,0.4253809251331457,0.03728096490375028,0.3737347859447208,0.052954316715598436,-0.0068663714473072455,-0.06602110790510972,-0.0127156187505854,-0.016174787716519628,0.01634055540731335,-0.009390089493879006,0.0017641798459046478,8.506390846379118e-05,0.005928967570040785,0.003967024884502913,-0.3377913585209852,0.09882615443503347,-0.35529475457560544,0.4577172898853906,-0.007944860924993706,0.0029458978915318265,0.0360628741695253
0.03459279916219457,0.06139434376242332,-0.020540834327466638,0.012295138934183804,-0.0027800591442700457,-0.005971804766065979,-0.01562949055972844,0.08291106409181757,0.0075250273380316895,0.00690166504465567,-0.016578453832205596,-0.06292231845826506,0.05149838113095642,-0.0496396583759319,0.0007306713984213385,-0.036747767211520406,-0.007062799006126898,0.0465982888824901,-0.0535194672748615,-0.00999768526827508,-0.20387271443472024,-0.045518555534789826,-0.060006131878120636,-1.3828253474628136,-0.8264034574370357,-0.4472464582079685,0.25212034596711513,-0.018940553098782512,0.07135538551003696,0.15329972216239032,0.3131226736853438,-0.1998529779938694,0.4772215487401284,0.020613300313038825,-0.006660373084370478,-0.025519277342297766,-0.003741418701514216,-0.025675564962576492,0.01306427101351737,-0.0046942483904465785,0.0042797972004746995,0.0015726161608476295,0.006580800152508424,0.10192593479982642,0.6197331201210566,-0.08326139144791729,-0.04419407618249066,0.17103471574853976,-0.00635588716100777,0.031100668651879496,0.03921579743344665
-0.07958896539043665,0.05318578617660899,-0.025294696927854042,0.013970965341769276,-0.0026305534923171847,-0.005322670807934773,-0.016285305318336638,0.14393069272119616,0.007448915402876273,0.006132295616672795,0.6496884440872123,-0.05760376024349391,0.05000731148433318,-0.040728597084818983,0.016039887988991704,-0.008064506186130097,-0.007792633525768789,0.09852680294380134,-0.04868642055429364,0.0008405834888672917,-0.0849486621083893,-0.03033230284614277,-0.058593743143565996,-1.1551927630740204,0.679636773278146,-0.08759044641470277,0.173979489777909,0.16406552103946231,0.6967204945009876,0.45416297072730244,0.5696926664848445,0.3481711121535077,-0.22272869180264518,0.024880681792641884,-0.00810483748223023,-0.02385904183768464,-0.0018638922218943866,-0.05248812228884609,0.016260091188466042,-0.002298433221481592,0.007367555214796211,0.010668528706693782,0.007748871599962115,-0.7802206644181916,-0.037579942235518346,-0.03519294283340601,0.05017752591387807,0.12649606448392386,-0.009053558343445664,-0.09998640978990786,0.05382851994459941
-0.04636671679282673,0.02074448501250164,-0.10978715452262591,0.014825775290628878,-0.006223533417109174,-0.009115988752656021,-0.05268751804237679,0.037422401785277115,0.005148540015403289,0.008763807892441682,0.7363850271980752,-0.01957437149812846,0.02612434768845069,-0.06687123826420459,-0.0016695796784215663,-0.03624952042012314,0.0070516727460645644,0.05285997877687228,-0.07319035532381432,-0.015451000993676878,-0.0015728697974312152,-0.01273859247293138,-0.1060071710564385,2.6893706969824396,4.259911318662349,-0.11277740064352808,0.007058589810594111,-0.2876513838865114,0.961148651722947,-0.6897934423605316,0.37041082851787144,-1.47289694717573,-0.25483959081243596,0.06683829700101568,-0.004967337750173482,-0.0710786311695181,-0.0080248350996078,-0.04040497636894746,0.0164350790118883,-0.006894676641785135,0.0029053628912885784,-0.0064033725808624875,0.006993644347743716,-0.5139672623430553,0.25465124688200835,-0.0775548327918032,-0.29148473104898515,-0.5764602651950329,-0.008690995461008781,0.025751027361625996,0.017079049025426556
-0.07623506953423068,0.034045382561641836,-0.07968443671392594,0.009714133734460837,-0.020208584985907864,-0.00990711117886123,-0.025515010698052912,0.08408386143485735,0.0058198136439741805,0.015177565007234805,-0.03685266213672943,-0.024787156610040488,0.05079040347687222,-0.07852660571461435,0.0008310724946245416,-0.024485912883226383,-0.001563968198003987,0.04463024417426263,-0.07404001234488124,-0.014205333882209197,0.039701251063126816,-0.029887240399207014,-0.09640550001573957,0.325187345145489,1.4061383054359808,-0.05325574104251008,-0.0039077397172920525,-0.046521460192455816,-0.2688153627258227,-0.18426114222856071,0.32072409969684895,0.2453485372163295,-0.6154479513057781,0.050186575548351195,-0.0025059873463806584,-0.08555150399957684,-0.009627326713018969,-0.02601283723525498,0.016870809811984282,-0.021808369597450677,0.004447548649987951,0.0009848848065935802,0.006733544408044746,0.08590094176984023,-0.3319074773496572,0.36947092911141804,-0.21423099569292062,0.31841041854508223,-0.005655558531784693,0.012152713863895694,0.006795922994681162
-0.07633563171422829,0.0418457479865546,-0.06338439403193542,0.01287321813495097,-0.013852070191380909,-0.00785358822057065,-0.025686986682194865,0.08118907950265977,0.004678997861824062,0.016196650347619034,-0.04186737861012123,-0.021832277018795986,0.06483118084664302,-0.08113715030774978,1.2992095711101927e-06,-0.024961322722320312,-0.0002777701142312563,0.0395262492228739,-0.07154017588695999,-0.018379037545461618,0.14328146432849248,-0.018040288260745597,-0.09122880051358798,1.0309960829374485,1.7565800118876993,-0.261710633646765,0.00039703346612176416,-0.060494669179874734,-0.31871772368783924,0.35652858122534414,0.3495553595402533,0.2935106796295862,0.3295039448646817,0.06207814398528329,-0.0028641544726526456,-0.09071974636357073,-0.012898168928897594,-0.028665180191145775,0.01431616115247257,-0.008163523489492801,0.001710689459683135,0.0010464948907356855,0.005009089392459442,0.1579705757370677,-0.4597555004480446,0.4954384240446419,-0.19041309687871874,0.5053019003602678,-0.005620947025210754,0.009691772588587732,0.03310431748960002
-0.07997872557715152,0.04952025669301297,-0.02518353471050724,0.010725099075382067,-0.002474932291294061,-0.00484869787746354,-0.014125770824040025,0.07212717066322788,0.0057597124687534355,0.007214900957926983,-0.025192303483563057,-0.08632482263342213,0.057145032104509226,-0.04577683029487194,0.0007915450740121135,-0.009111783663733969,-0.020466661243859256,0.05275013491762538,-0.05640390502265843,0.000991554269645983,-0.25598460498044784,-0.031169360642052227,-0.0653902503722322,-1.5187373223027252,0.6921697602519766,-0.36356591216436424,0.11423362038272096,0.10708436716469671,-0.7539168561771825,0.08042123319495605,0.32192599893456886,0.3609834374326312,0.3137745794402493,0.027372114963869383,-0.006174867706466005,-0.030306142675414875,-0.007100872581777086,-0.034924303790219643,0.013899614796180767,-0.0042592850950908855,0.003674344164339984,0.0027879345966102965,0.006291651502234892,0.07216203794543125,-0.11491328252703373,-0.09343149086766782,-0.03424931782996554,0.24391970212791364,-0.004929473621688413,0.038880962798593995,0.01657764152631007
-0.0853326696789998,0.05078526487464761,-0.03903489080637864,0.01625279960130464,-0.009035372261368234,-0.006960338152475225,-0.017080718224211536,0.13652877600855123,0.005279217691633468,0.010586220320785973,-0.030334015991792602,-0.03447243190112846,0.12486723468353532,-0.055306615645440746,0.0011174799274892384,-0.01547802730396863,-0.010281125683020734,0.06025435176706996,-0.06828357365778202,-0.009387615299752268,0.19619649914289294,-0.020596914298948464,-0.06952744357903078,-2.0128454394563957,1.6391369870250885,-0.09945747454777197,0.11839979524025447,-0.09204326820537265,-0.29968554161117344,0.4370953193101116,0.266361761683927,0.5175381475315114,0.4620016433725525,0.03954198288646435,-0.002359802138704648,-0.05430797174131095,-0.00809585869471704,-0.03780387777038733,0.02224528991694226,-0.007371256647237781,0.00452820631470923,0.0014611825633445317,0.009616552803807275,0.25450136552330277,-1.826698018746606,0.512560972837273,-0.14706574608605447,0.7760109486890152,-0.004931135801771624,0.03387299463979249,0.024749370347522105
-0.0638874206336545,0.04726429091003793,-0.03465329171528072,0.011317603116325896,0.05190814250318512,-0.008969117783468669,-0.018671834866716943,0.0525189817564153,0.00520460218254851,0.009083118974427833,-0.04622483469239266,-0.03840684935295656,0.044705758754431224,-0.07165928018387216,-0.004115530946023408,-0.007837843505701455,0.003915875432946681,0.04403854181349254,-0.06610312045833085,-0.007628619056649456,-0.21518160689259583,-0.03680085369825495,-0.08345394842613957,0.2731859432053417,0.6531433037016805,-0.14406640765296422,0.15303926727426043,0.1708419144546662,-1.0515652868545229,0.20205620267913654,0.48184226078785525,0.16370482065544786,0.2018632465282695,0.04173711779417914,-0.005579645163536416,-0.04511398140381766,-0.006751056180006087,-0.04465713215414511,0.018843150042117722,-0.0018745214504586312,0.002784214252376655,0.002093910385747629,0.002855876673841831,0.17245077300422107,-0.9611239306107682,-0.15993201329922974,0.033145170219078986,0.48798987323320553,-0.004935711287613328,0.02354114209179716,0.02158255413171338
-0.11082577054835957,0.04570203322924777,-0.0456585567638385,0.012329280717790147,0.13351667474244572,-0.008416957247000251,-0.024439123325916103,0.09149360996874775,0.005661455379756191,0.015077959394009426,-0.03215412098737793,-0.02076143328147853,0.06811437482167168,-0.07247274228346037,0.0014776844657496703,-0.020498208207295872,0.006327300352245377,0.039158726570863216,-0.06159379925630575,-0.018181674456170683,0.3408389331537227,-0.025478548975713663,-0.08888575093934922,1.2101552518532557,1.9734834874737195,-0.0891363361202448,0.2583296917297891,0.04111690498263034,-0.1977862938712506,0.4077101755764479,0.40269668500621697,0.4620531202596297,0.2953753675367082,0.06181407089757419,-0.005703465295483176,-0.07393930068910244,-0.010333483873618508,-0.029391819194775355,0.014468278290379718,-0.006936303261366937,0.0020912357036700544,0.0013468057062476352,0.0070416940596158654,0.2672327836718304,-0.4111597785142589,0.9220686495606664,0.1596773831801075,0.7518715015974705,-0.005595460705970277,0.022676816497791047,0.031350316398304635
-0.058823045625518836,0.050226813125043186,-0.038227652535150466,0.01222812727794221,0.14252408257253946,-0.00705307715202207,-0.01816078557343123,0.10550204366735709,0.008046907996619534,0.008919054683204775,-0.030207306298191582,-0.019279716918862485,0.08298474223569867,-0.06778299689562269,0.00043591253966740847,-0.013526559664033884,-0.001060105337689986,0.056078703267775115,-0.058602317308909316,-0.016322708286302556,0.4474132764078141,-0.016698593259121604,-0.09107368161832534,1.5922146635639434,1.7030499582319933,0.40013911865595403,0.3287705778269727,0.03192175189515376,-0.11278772142589309,0.16972995396782908,0.4543150665508835,0.2412367574676841,0.5475778856827903,0.059344893216915606,-0.0029463477475828656,-0.04967854782316801,-0.00631153015262818,-0.029255755620252257,0.020303062214213335,-0.008417524468611853,0.002417943628937465,0.0019645164059389304,0.00685200524262098,0.35863494232182364,0.5844592472062692,1.0216025312253179,0.2205568653942057,0.7357194693121372,-0.006104070587884811,0.02580948590901258,0.03872522851477396
-0.022229152582320767,0.02337216250854346,-0.07872551099513897,-0.0005137759852955436,-0.008847750674325274,-0.004607018375517937,-0.025261803095648773,0.082243255078288,0.008023659984312757,0.015925618847353436,-0.018171738915608783,-0.01783416414587434,0.04610755605649403,-0.056234621417874935,0.001213552754800482,-0.011791667007465194,-0.0005053691257410861,0.05689712484595264,-0.09293548349743601,-0.023865031615486764,0.30775349655984946,-0.014550789257749514,-0.116452354715034,3.588354331100421,4.753920354620163,0.150411750322548,0.5203172746110513,0.516301934419954,0.8703950444487231,0.05457750932496157,0.47973835420702543,0.5737178684058878,0.9766542744141368,0.06744203553581804,-0.0023275763910542303,-0.06343729427127119,-0.0047851473557894595,-0.022713371965755413,0.020950477303192497,-0.0027179003673452012,0.0016769135343835911,0.001067163722116018,0.010927487176504136,0.30160204495684273,-0.28445537560205864,0.6102361950314041,0.20273611372367753,0.7489027137639029,-0.005269667409572697,0.03363313393012794,0.026434457967062383
-0.017414525555160786,0.02368688395274455,-0.08184364947549248,0.0036623000099938654,-0.01757181796303236,-0.004402341849658871,-0.029242798765837553,0.06909934535145054,0.007126031403814862,0.013430365834415592,-0.023157597837884087,-0.019067757263634258,0.04415622006368973,-0.05717902333074944,0.00046327620312572044,-0.011967267661616257,-0.00010253278212092118,0.055299124738131804,-0.0940504288459359,-0.021971952161272967,0.2589303270565967,-0.016129864657045804,-0.12020893997413741,2.915217184003931,4.180787676638417,-0.0798457760018376,0.31216057673187725,0.1197270700032092,1.0022538504345382,-0.101570430476709,0.4509075103959481,0.43301495126801226,0.45670279988375284,0.06454643084758697,-0.005675756164446579,-0.07087380066718676,-0.004859293624993502,-0.02112986046365207,0.01807252449011285,-0.0090302502505169,0.0029640242508685464,0.000357961031972204,0.009739549607608675,0.24601738109075624,-0.3496759351807883,0.4055069079725074,-0.033928795434470846,0.5808317428013756,-0.005253229615510279,0.04751969023147297,0.02599142632838414
-0.044787400494494346,0.049535510589014516,-0.024211000811279713,0.012417762519823966,-0.003001573624175884,-0.007307092007491903,-0.01326517256685309,0.09782943582558612,0.009265515038095123,0.006406243166948617,-0.019048098435924025,-0.05452009502615328,0.06750474485959762,-0.04396917945935807,-0.0021955607734329505,-0.0014491933541777053,-0.023167379939551234,0.054859645828915435,-0.029432871410316516,-0.017974151237067002,-0.16350177212589073,-0.03848818846055621,-0.0657780938160616,-0.6892630505637016,0.41280877720600107,-0.2629192591233956,0.20114142178294284,-0.06965448334185681,0.2034687585339112,-0.42250617884473146,0.5176006702700301,-0.18160441562912683,1.2795701837381532,0.018262934778895876,-0.011525836261554435,-0.02738590210850796,-0.004210941439630286,-0.023768475952512448,0.012876910060908854,-0.004084972378489175,0.003969566296449779,0.003217073345225732,0.004706831400002831,0.24828794330373619,-0.11537864222487972,-0.08562076258075546,-0.16754753181335194,0.21721685059108756,-0.006458657413932689,0.03842533989690437,0.028003387729047948
-0.028728869689503753,0.02364789718909826,-0.08234840339870603,0.001384359089967554,-0.016913112658742648,-0.007492673843801712,-0.019951293276892147,0.04720478292200725,0.006160224963953932,0.01114999231607285,-0.02294195002920302,-0.019434128222962973,0.04112471328787025,-0.05908216380681391,0.004255413277237141,-0.01133758062818355,-0.0011949524435039564,0.04820737281002313,-0.09105719420536548,-0.03158733407461157,0.1913274193662541,-0.014274593800670502,-0.1190322878937868,2.693116095452393,3.82695185144809,-0.12374626602775451,0.31002030044050327,0.020354949286603304,1.3840623602894602,-0.6305594482549153,0.4405048350398216,0.43330121529003907,0.5499924176067886,0.06506848947923494,-0.005482656099735188,-0.07539605341738533,-0.007289755979210075,-0.022991472369847044,0.018275947498566838,-0.009690772378751706,0.0022562693005821507,0.0013473748832355653,0.008797772075462614,0.22629258242031822,-0.4199739555479443,0.2835929384540003,-0.14585541231854057,0.5464958490177683,-0.005219324174595595,0.0384175959243519,0.025189401117422554
-0.047987988188855385,0.029589843736767124,-0.08508197197293493,0.00868692570533376,-0.021237589523327476,-0.003875442171632963,-0.024237282074123845,0.12000327318392282,0.006705791209211688,0.017273139215519213,-0.021766184694532238,-0.020030488139563925,0.03944195050922477,-0.06177083856360881,0.002324325139483327,-0.021215896411157988,0.01428994727261451,0.04381197360703734,-0.07047191482641547,-0.025674667526283543,0.2648091205164346,-0.014613984499611885,-0.11644358152060652,3.1654658917051965,1.8073579581175299,0.18231234323416198,0.3566347530611016,-0.037530562203606635,0.04481844432989129,-0.46126064095792363,0.4051882251267427,-0.7753677383110208,-0.35750461533898836,0.06771650234464378,-0.003889702982494525,-0.06935605305165371,-0.011523064777371491,-0.019431775623337127,0.01709067712573654,-0.013031338742150901,0.0035717822181251567,0.0014083575298599687,0.011521110150764423,0.2673160581099014,-0.22791398432204227,0.4669664432642222,-0.1049184333007398,0.10154639852038432,-0.007473814818022523,0.009694476299935372,0.01804690155623909
-0.11484191396622456,0.03875923227526919,-0.026800245536159808,0.010975638681808255,-0.0028558446086621577,-0.006501882182524535,-0.014131833247038634,0.0931903496269158,0.008618530657393871,0.006014322177410751,-0.025887135159484084,-0.07446454352744471,0.051324273156031774,-0.04752158121293588,-0.00784958834838111,-0.007831265975298556,-0.03520375932603811,0.0446733327404868,-0.039593470781332615,-0.004722866224309792,-0.11190884320562085,-0.0527896949079387,-0.06404110132285079,-1.8024719105263236,-0.04690346452873463,-0.6758905851439101,-0.14437585742699496,-0.7045803245730617,-0.1912518157033883,-1.0266521981855259,0.31806389213256864,-0.22881329209178025,-1.2957345682700103,0.0182867730285012,-0.006001631613131505,-0.030069459484877974,-0.00375451584491788,-0.026699463742236147,0.0047275819879720035,-0.0034208934569092374,0.0117539244242543,0.0034153284460323678,0.005860808868121213,0.14051835802017798,-0.35315828476533156,-0.09897200301859044,-0.43192811400960135,-0.4492894628351039,-0.00655350687002489,0.04892098892547803,0.027260961164552892
-0.054340873086851954,0.0469464309681037,-0.02864973358530781,0.012046072264849413,-0.003094431611392348,-0.0029446660643900834,-0.011012510336084748,0.2904256414368988,0.017066310555974115,0.00947050343668125,-0.01787843117045216,-0.027085590959265455,0.1407029997144521,-0.04160260446763014,0.0063956728921675515,-0.029625843082938485,0.02374464971170378,0.08558378099079153,-0.041908927156515785,-0.002436121379322664,0.78269951415346,-0.027183862210987935,-0.06410532087268901,-1.0747151567985944,2.1819171080012847,0.5975363788770952,0.8353487941286162,-0.04217535540483626,0.5739152671004847,0.18875629201214894,0.3894560210529825,-1.4273213252588928,0.07075442009332719,0.02024676621319694,-0.005089185660092166,-0.03398882390668543,-0.004327744942438634,-0.027298281525270234,0.0166832283435212,-0.004157413779497849,0.005163380392177843,0.003583192107042555,0.009700756005137052,0.429300803198902,0.041360624431598846,-0.08715379862726835,0.1333861613771779,0.21416502751695657,-0.007011432886979212,0.06135287351117713,0.018683806284806655
-0.08358582671588748,0.042746503995555525,-0.0427027026672655,0.015074760209464034,-0.006651480097794536,-0.008871340000394884,-0.024333775346445395,0.06048705023749948,0.00715897252721616,0.011427487054803096,-0.04844322202180146,-0.038934004235661464,0.04572534875326436,-0.07896833061244261,-0.0010471230275730865,-0.013230864847458175,0.028729987147205947,0.03871658050957635,-0.06492600608108948,-0.010216573562354659,-0.25223486987252586,-0.04865332513336761,-0.08420804063321788,-0.12304246266214747,0.1894027234434429,-0.7975941701324184,-0.13342646430957986,0.011138658330582224,-0.9437730545530015,0.014514894906652776,0.28850226995277395,0.1765915316092971,-0.1668058364702115,0.038148483222726105,-0.0062419341040132435,-0.05143609087128667,-0.007905639100629865,-0.036288236696607856,0.01637829679757353,-0.0032984894205078347,0.0017807118419510932,0.0020691354461407074,0.003607507349895684,0.10922835318195563,-1.0829868085527758,-0.16623546317807225,-0.05794668834706611,-0.38714234983198126,-0.0052848275935328684,0.01364027568827796,0.034484521930876914
-0.0910029628634056,0.04679505553238293,-0.03332646557480351,0.01572060758458206,-0.003325680618729787,-0.004344967292692276,-0.017532383788194262,0.07339778435100361,0.008370247696606922,0.013007080440686696,-0.02633858309938131,-0.05543963956177914,0.07868645006951716,-0.06402314922577805,0.004323611584704801,-0.009815041821214919,-0.0466091305941331,0.05716094877318392,-0.0763982222653406,-0.0017964014572162288,-0.08621835957397202,-0.05074146314620643,-0.06870811821904436,-2.202404008047289,0.36648280922558013,-0.834924221078521,-0.26287194360074984,0.10175105788013164,-0.2538342584246188,-0.22927227565035105,0.2623887851738238,-0.38781560024110556,-0.5328848213011248,0.023120017137198027,-0.004467683333271254,-0.032675546242289626,-0.004821066988522397,-0.05703565920344819,0.019733405518860436,-0.001315613804491088,0.00018375516914416454,0.002657422768495411,0.007706657591954299,0.12091775011620857,-1.0805187057587982,-0.12453283832034456,-0.11068057229905974,-0.4505185067899598,-0.005614205309281213,0.0249658292315814,0.04032639510281333
0.10959231098593458,0.06765244070121805,-0.02516924252586999,0.01480694282119099,-0.0020677207804030437,-0.003929921309770179,-0.011989536971481264,0.18761934217630935,0.00943402789229324,0.010038709249297461,-0.02001948801665869,-0.04830045342813969,0.09389996186883716,-0.041028835322349494,0.0005729264614144405,-0.00691181678090801,-0.01885311245087535,0.06138723692573128,-0.033465536941663925,0.0016002044865782894,0.031255108920704176,-0.03104621359797685,-0.06025114305513252,-0.07718409184104111,0.9730046009197615,0.4586394914492851,0.5885104066147622,0.2973462086461185,-0.1239722790545818,0.5800387344603751,0.48043700054200944,0.2834435191706541,0.3778242065251655,0.023766521436080306,-0.003762272140366318,-0.0286608082167586,-0.002134777916323557,-0.030729017004641153,-0.1576311112893934,-0.00267472502243695,0.0028461365931875984,0.0028612714386541793,0.00995310747126924,0.3743148376233134,0.5515844793210187,-0.07114542565852428,0.11810321901945835,0.7543726463880689,-0.0062773332673001815,0.07135375132827138,0.07058332562300682
0.12356735482694844,0.06476186840225492,-0.025406977356644454,0.014009309399901734,-0.001902377656193535,-0.003105502357758914,-0.011269904821075507,0.23947505502047206,0.010224778537685143,0.008597371854866923,-0.015625885118096216,-0.07720613777228244,0.07113681933541204,-0.03707397343693942,0.0009519044225653635,-0.00947875674835969,-0.003362625347397307,0.059533099718444116,-0.03730175896362287,-0.005309007179090583,0.4822173567074181,-0.02763755146348871,-0.05840478708211049,-0.3992921356884793,1.007131667893397,0.3699486905318538,0.6829313299719092,0.36341094125987844,-0.4188583141312279,0.49830281770170415,0.45419704984855075,-0.6018444782660684,0.42901389225994346,0.028470557356444017,-0.004360715469649067,-0.026261238410998644,-0.0014938073470878704,-0.02457480087469663,-0.157999470416697,-0.0028523280549752356,0.005851491246169517,0.005722942001961898,0.010394544508134726,0.4449032431221285,1.3659227046242468,-0.0646874238945328,-0.0024222144720547835,0.701369718027822,-0.0056274728756163005,0.04325423574981323,0.028633498313758964
-0.0013094261190049548,0.05336243117408945,-0.025023656580319152,0.014526061783848852,-0.0016900192473416089,-0.005126821820270864,-0.012976137748138236,0.13293622837376892,0.008086647478117546,0.006945472181855413,-0.019121357378699372,-0.08482511108146043,0.037405056994616145,-0.040720025691596363,-0.0005236524347212035,-0.008621821338349865,-0.028480924050093254,0.056844454346226356,-0.05181126743669097,0.005590526510936585,-0.041669199450376275,-0.03680693202664099,-0.06084726474178259,-0.9245373464515497,0.21200336304535233,-0.20946206846273882,0.28322176226355844,-0.09505616819903444,-0.900351667197603,-0.11535440848928646,0.26270777087641634,0.2877230230941433,-0.007926954815929243,0.02651341524876512,-0.0053919640464344986,-0.02909017321262037,-0.003916723108317632,-0.03816716211297345,-0.27501984519231965,-0.003004967036558492,0.003757655312156544,0.0031762100455007816,0.005764978931870324,0.29046784700528844,-0.8085894026764477,-0.0820022660393385,-0.18038488390575394,-0.04084988391421869,-0.006731003749170527,0.044800368955075574,0.023756829579957967
0.055590740180069036,0.05463884361940876,-0.02463359558533212,0.014064355121894278,-0.002684510923516835,-0.004700607803036127,-0.014894541367713983,0.1549462969808082,0.007997568455309719,0.008513342665005474,-0.017612574079302994,-0.07875082232485087,0.06612770733110199,-0.03927540953863248,-0.0019306654231422476,-0.00928140085436205,-0.022045559299847813,0.05933332736249672,-0.040416524791090376,0.0007929757512989046,0.26289850117607355,-0.03371732159379294,-0.06217145147102367,-0.803440949154929,0.3568588443119918,0.17754769900209477,0.3317747291729467,0.13196326304516404,-0.6054716056631751,0.22654897134459145,0.3691144591962866,0.079209085390876,0.11955362354900628,0.02425913764536007,-0.004967477684246683,-0.028286266261268938,-0.0028711427053072784,-0.034038617159153954,-0.214159350852245,-0.0025941419504229425,0.007342473224713427,0.0032082041455931626,0.008322217246833392,0.288035169682065,-0.8873101778025883,-0.08663382478118396,-0.08885236064629504,0.3061501763156061,-0.006915178684246263,0.05182732225844563,0.04704268851847465
-0.09626211301151975,0.04810415614162201,-0.026841725168662275,0.009299600096010578,-0.0022796066035358563,-0.00604538934353756,-0.010187163114245865,0.08660249389798204,0.007033190982502826,0.005389837642018195,-0.03097397862410665,-0.07527109623464387,0.05337702629451592,-0.04435503954685459,-0.0014234123874105153,-0.011440374980719935,-0.03744130486493819,0.04703019037205227,-0.06402055714960006,-0.00014535278976982586,-0.055650101778388326,-0.04279416633361805,-0.06743257172358635,-2.003433971563939,0.025050577392520604,-0.17630837239002825,0.10939360402833892,-0.438289878595581,-1.529720237830163,-1.0755144809074095,0.19180802343558861,-0.21617825002665253,-0.8370578976535538,0.022275480680676463,-0.00515412154501845,-0.028782797081287188,-0.00570658581248457,-0.06668279639861173,0.014746120599966318,-0.003799224721459242,0.0021329047099982613,0.0025057585985291293,0.004748969781228296,0.2562739087797664,-0.28233994873504953,-0.12370205069888492,-0.3136099393114941,-0.2211168891684721,-0.006522848271600868,0.05101507578379148,0.011902539230193245
-0.044086543748247956,0.02976488388363593,-0.030806011442796703,0.015875586327235642,-0.0041135488094870025,-0.005485681876541202,-0.017891476807739025,0.07225988281617246,0.004862628273717851,0.003496207115824304,-0.027185249866915808,-0.018503379221449914,0.029151754579925013,-0.04685318545570748,-0.0020641280760656596,-0.009738519827422788,0.00024053271140478077,0.02821930906783046,-0.03341779181074455,0.0009751311803204756,-0.07723154940932611,-0.019839886695615077,-0.07648941905711955,0.5244307860150185,0.37988340620877814,-0.11146938983340289,0.29471344225524204,-0.08387714770103481,-0.5843559415364825,-0.21027334192641794,-2.5111814087543443,0.33268705286440314,0.057425569929634206,0.028707358490877993,-0.0034169111994480817,-0.029863334747560148,-0.006585891868129711,-0.03147357587798745,0.02081270848955161,-0.003778266901137778,0.0027988779284286213,0.0018819418502594625,0.004122695355886859,0.20863121265554574,-0.7033533126528431,-0.09236740483570473,0.16078156000341198,0.17230320722349174,-0.005103640094630737,0.09137314751071932,0.02312350464796526
-0.06992452392672384,0.03721105511576283,-0.05076692788314303,0.011224162127433228,-0.0057247521217055645,-0.016276936359209727,-0.011749559672419052,0.07460432224903327,0.008238084089271812,0.01119387833479164,-0.047272796728699995,-0.03040397736456322,0.05342850799732416,-0.08066840395160105,0.0015340861316544764,-0.013950077769484136,0.004709881932446099,0.03931291460700148,-0.06429954889828396,-0.0016151767863503866,-0.03015214439645736,-0.03781790301579469,-0.09391720949154819,-0.14469610998971116,0.7344897996859026,0.0884847907280233,0.08509365803722711,-0.39143776729713886,-0.8080893151347878,-1.0880554198405639,0.2303799817674641,-0.198563597043015,-2.0882843682362,0.03742200472561008,-0.004290150802951428,-0.04535014634127666,-0.008798286904727932,-0.03779893355076537,0.025541318645524953,-0.003530938064293613,0.003105454629026367,0.002855435022169176,0.00393823892972881,0.20587060083662775,-0.5885239587286129,-0.24917021404726605,-0.23874932987441636,-0.12025526479359334,-0.009323029689583389,0.022337079748792073,-0.2583317955046528
-0.01820192206006141,0.03467983175270726,-0.06471198861914845,0.013269832119819214,-0.007130564064534273,-0.007862657882938218,-0.014390855377866456,0.09496462594526806,0.0059316220497830615,0.016996320700096483,-0.062348927592864554,-0.024423686413157123,0.056789160564904705,-0.07570847635213272,0.002456943887731273,-0.014937100903931192,0.008995679656219282,0.04133905222734232,-0.0565545984949603,0.0005551924143788485,0.05846972727739716,-0.03277260624476735,-0.09330888718758695,0.6391023371274687,1.8012791482490966,-0.1440645145240108,0.2814993834495596,-0.28294555119979375,-0.17724766325749441,-0.20086810498896104,0.3392668822374292,0.29234043613374855,-0.34172970618466914,0.04900602285441631,-0.0027545468671572333,-0.05863680029454257,-0.007137545653532719,-0.043404203584211765,0.015626939617884476,-0.005761588008294334,0.0035440419457184757,0.004167069695705361,0.007340771172938234,0.29811538777372865,-0.36617542777079054,-0.15484872026934177,-0.03749104529726002,0.3652615360688611,-0.005222136437954267,0.033061532472027665,-0.051062908142714754
-0.04148361038052678,0.028185509164014633,-0.0785161516017497,0.015301914546965598,-0.006321376568618394,-0.004720182280651853,-0.02119983080509582,0.10504993064077608,0.008599921225526087,0.013132735265888538,-0.033132023893087025,-0.018852806686647048,0.04373251353227837,-0.06540877889815479,0.0016403754123408346,-0.029454176771905576,0.003720401619701603,0.04198378804728921,-0.06884731028984607,-0.011057300035778334,0.09566163686440252,-0.01499778967350231,-0.11661678456437144,3.8032012180453085,1.6135064061589863,0.3332386261800073,0.309674245427594,0.14518651011248823,-0.20234098885535753,-0.19246055126441572,0.425529031204148,0.4049354884859939,0.12454131414532002,0.07642068626831308,-0.0025572611668683407,-0.056159440222499045,-0.0090145855521429,-0.01748908479461571,0.030923908353135746,-0.005876109559809449,0.002767118048769043,0.0021480415002952656,0.009761113834242543,0.2596371492478433,-0.15338964970231436,-0.11421059010696642,0.10280187080355178,0.6845545588838927,-0.0073915781055412695,0.0235850838966932,-0.03288450804976196
-0.0842726163727604,0.0338505608623585,-0.049899809867620507,0.018112914365738544,-0.009870345757399994,-0.008916650367669653,-0.010368676102642742,0.04507888817977118,0.005197454811114327,0.010780923576970972,-0.06491101879742382,-0.024147226356018445,0.04761103093839966,-0.06762597557983349,0.00021674252698332993,-0.018371402911787828,0.005347597735004831,0.04086554042433695,-0.06095922906994532,-0.029339678764033015,-0.06808426372917828,-0.022140279729095984,-0.09434848866461472,0.2739287074458252,1.6404159947890498,-0.34801359921500047,0.2376719248652222,-0.1293586905769606,-1.3638918710366081,-0.2695417659434954,0.42780407933249714,0.05833905895205856,0.865874453613389,0.04259373898963204,-0.004311799382195702,-0.0696341012899936,-0.007827880632241472,-0.050803792104445196,0.013360805144659869,-0.008429456662179381,0.0012830744218730625,0.0016388893981226825,0.0045326319308013245,0.21276767226857665,-0.5207960037802584,0.6174604818860342,-0.011709585225841446,0.19134047150929936,-0.0029960274128878624,0.003117568139027875,0.015681040629239543
0.003395434019965815,0.04663580686741005,-0.033840333365448234,0.012319320870565299,-0.004068013425102638,-0.006180646655098554,-0.008890893960333752,0.08805032759604901,0.007897250197688528,0.010774936541859709,-0.05040202751627669,-0.034508098361914166,0.07805936427282956,-0.04251461044216096,0.0038728137267199664,-0.011775321174717458,-0.012702228996730206,0.04991472822392217,-0.04909775439669467,-0.013199318642132968,0.5777543942847595,-0.01956055007072741,-0.06992855488374304,0.2615005945741758,2.2959120994816624,0.03628669112163789,0.4847903846907293,0.3050071642754863,-0.857619699123335,-0.03599659242093388,0.46199864264732843,0.2235377212392578,1.8224136779503617,0.035651552905716526,-0.0037830587053261384,-0.04302821733059078,-0.004473273146107553,-0.0460492172085901,0.006975898339797828,-0.005693878824556929,0.0025086729007887374,0.0025404323201751295,0.0028766191659527524,0.35009029497767585,0.3936022719634001,0.9268757884992113,0.4083003219904888,0.9534737003977409,-0.0038732763790843283,0.030614275523940474,0.021458808824211993
-0.05653585613232928,0.04534216556439838,-0.05120491149819738,0.009915094431384679,-0.004333744992829519,-0.009537628827956003,-0.018501235068074082,0.05972403354279574,0.0036776729053977575,0.010791445820236112,-0.04043585216083035,-0.025773155076617472,0.04487389612780545,-0.05675186462509575,0.0011633950980214143,-0.03944629545054449,-0.0010589133298302838,0.04512463832267844,-0.07282804018614986,-0.03351449097384204,0.45017771232312853,-0.013399880172273027,-0.08681786485014283,0.8603856606449285,2.1818750072611066,0.29882529449924145,0.40309985613216526,-0.06885326610453565,-0.20799648162448128,0.6154557713998738,0.48454864998024383,0.22732794137524087,1.0307807388811654,0.04555394302718624,-0.004570205365188583,-0.06365266213762401,-0.011942643431054178,-0.026778043466145568,0.01801197911238193,-0.010803306793971857,0.001038273187542315,0.0013574619415324346,0.005732595361357426,0.22680585850607277,-0.13510521343003723,0.7068702806112473,0.24689886980930376,0.6074648347855194,-0.004661475928952432,0.012877944093904487,0.028504721408026637
0.07114453765254757,0.02560356402551152,-0.07175799033100046,0.023560277301480418,-0.0048630134285936885,0.0022887634599204273,-0.03650377898149718,0.07660302730294496,0.00795138362347776,0.016106567330966243,-0.008086423819968382,-0.020862525197043257,0.03218919296992891,-0.05140635494011784,0.004836172782220436,-0.012765360435853423,0.005496913730241381,0.06587191918552203,-0.05373346309730384,-0.02830577293990702,0.3777320891603939,-0.01781840378459252,-0.09201104019478872,4.863526331332064,2.900405446423651,0.13973899090398273,2.604030977841416,0.9509415788353116,2.3589492899001034,1.511851017944692,0.4992014707824799,1.0334287732863499,1.1257178571193647,0.08454258901851236,-0.0021727887061348526,-0.05388668358973059,-0.006580236646801435,-0.014229982889905566,0.015688465589530368,-0.005846830831054848,0.0011376605040248212,0.0014155801862950868,0.013638830213624402,0.43539116716285703,0.2616259063342861,-0.0008809663688202214,0.7675299228930123,0.7502247404442486,-0.006438774326224911,0.06000638404187586,0.014378788922040225
0.07174704202312197,0.030934287798095785,-0.01938311299582435,0.023003101752016492,-0.001415122355199163,-0.008155401408120148,-0.00784925830698079,0.13250215685037753,0.014082178849155753,0.013664330638892799,-0.013130178243367152,-0.03798979311771635,0.07795785868220846,-0.025228665035507275,0.009073190288943225,-0.006196365771519516,0.0066809039074089745,0.05513604953805683,-0.025354355032117727,0.004786051247375639,-0.09874045112427401,-0.027590805136485562,-0.03634733724070353,-0.9245251291415685,-6.563983519490601,-0.023059504147284277,0.5199252541325441,0.861871425098964,-0.49855728438649527,0.5002031009441484,0.1880203801154117,0.07110431056659224,0.644803897249502,0.01947215219432522,-0.003104946543852058,-0.019112801248359464,-0.0029230954359120323,-0.019495182477922247,0.03152985518353898,-0.002851175206036193,0.00471751560407323,0.004130323731890533,0.02279781244222227,-1.1398607662560964,1.2374801852188604,-0.037755177500706394,0.2307403031478443,0.6054782268367791,-0.00897920961124601,-0.42539810463718974,0.03498330758736727
-0.1143107613551011,0.03980364606085385,-0.04759327564277555,0.026404678490622925,-0.0026514637090975417,-0.005631629276945832,-0.02026223635436144,0.07065625900264759,0.008372834050444321,0.009782412539729684,-0.0412648017489707,-0.06112279965618417,0.05352687804107692,-0.04973734304242863,0.0007943113643367159,-0.012663476974858976,-0.017112177069111667,0.0362138661599239,-0.06010539050679405,-0.013762034062956202,-0.26124162184521355,-0.03287204635597654,-0.07104432256955712,-1.052830427136984,0.806276361514672,-0.523314407439178,-0.02235390353938168,-0.09287879494778496,-1.4806953537720011,0.14040224626197967,0.26764198409446555,-0.11256015361772438,0.3040238996032717,0.02716188413769073,-0.007000831979759922,-0.04132406310121803,-0.003804164194870842,-0.07527907947687117,0.010417467748625836,-0.006479452724995549,0.003350344983745056,0.0020481464165246774,0.006162520098762209,0.21425919342310984,-0.020169385376739093,-0.14151590502497519,-0.22888236547294308,-1.0131717490513177,-0.004803939563099047,0.0054301489649948315,0.01144488541738456
-0.060501118363832165,0.03902559168589118,-0.06819194031089268,0.03804274955976706,-0.003857899426023702,-0.008792794239795612,-0.02090011942908423,0.07341002494542573,0.007245272175726242,0.016203565659792127,-0.05162838558812499,-0.02785574177118976,0.045209394059381784,-0.0629317843187873,0.0006001652965779189,-0.015193120767226035,0.0006796696555405471,0.046331908231970934,-0.05239884363195688,-0.018680567845329284,0.07169097109614014,-0.031391591283461244,-0.08452777537533387,0.9429142658348569,1.5167323411972427,0.29583213294600397,0.23526950856398773,-0.13220602031137216,-0.23197566120908314,-0.06926917805040866,0.4554943626511069,0.020873327524560385,0.9940587446166774,0.044165974017875566,-0.003332346032445558,-0.054378568555343225,-0.005545133231610282,-0.042461486170234965,0.013999242700720376,-0.005998203074898972,0.002910467289203782,0.0012986074112322917,0.005593163274665955,0.2787006673697128,-0.08121078065540586,-0.13610547512282653,-0.055081966196000545,-0.10903161890559275,-0.004179283180178089,0.006791334332727388,0.02223693749425277
-0.04646408009732014,0.021666632029591525,-0.14272355511832868,0.08449144641349361,-0.005765163622229722,-0.003318932267066486,-0.03888746117794835,0.06032678256218788,0.025644850050595577,0.005592724684331403,-0.0257675952277032,-0.01689723806944686,0.031879501355069985,-0.06145653018027547,0.009388580443001554,-0.011585283991806025,0.0003470442148668977,0.03332484048345392,-0.0702933556243702,-0.029231024770885027,-0.15836557563702602,-0.016681770996637174,-0.10568319845033426,0.8479733061916187,0.7390654083262839,0.022314650652667918,0.164516894878912,0.19162485505884827,-0.8419342319060102,0.4845707888493998,0.2235206740094387,-0.0007906277591199621,0.47159630768840044,-1.4818650058747707,-0.00245251433059028,-0.08856839963687836,-0.009858597499530379,-0.017890214606388902,0.011405421637504038,-0.00891562762166184,0.0015089259671549572,0.0005319315661231172,0.0054762656153048905,0.04976252575731239,-0.5210091273398476,-0.10404920600412014,-0.06705698317189208,-4.39138903301388,-0.025357617076549634,-0.005905752842572841,0.03919300506379613
0.039088415485286666,0.04999830054536577,-0.018091338206159328,0.01036610629194444,-0.0016201408209314044,-0.005390395779027148,-0.009348165629686517,0.21922174167105915,0.008049463607523358,0.01651986202105518,-0.016238960071654943,-0.04118890119491227,0.05545023735407966,-0.030444189207264476,0.006607032599725427,-0.0079205177906457,0.036759089822047196,0.04449196387124899,-0.04045373945987778,-0.006617971817045226,0.0566837276064075,-0.03640230012718154,-0.04167508632938602,-0.5336101069903134,-4.406600864017529,0.031722927926215345,0.5394561205315592,0.4539753600651441,0.15703074774727696,1.0021218433257262,0.2457435583966921,-1.9749187039262492,-0.3305787654502569,0.01970361017003088,-0.0042987708342399405,-0.023808936206019364,-0.0024601752598128203,-0.015273354619322761,0.030864465312580795,-0.002182946763560803,0.005348160612047936,0.00797141142478265,0.013097091547316402,0.28746887032077445,1.0036397406648032,-0.034120501535743,0.5010492372576468,0.4561098385468123,-0.0039986252722841835,0.0392257017011529,0.02423375815463651
0.10546746662303758,0.0568417374335862,-0.023158576009358597,0.012373792787869427,-0.002841033907102221,-0.007133873636312021,-0.014805200663861873,0.09811967463226533,0.006067512142123199,0.009132363588611194,-0.021914768381474537,-0.05173485881474886,0.08516824281839717,-0.04639839658311778,-0.001311719082033821,-0.006070194417847923,-0.018820026142259055,0.05248309107731596,-0.04044974300061725,0.0012476004957707165,-0.13228204211551217,-0.041699157061403036,-0.06413782175085916,-1.0104396196936893,1.034849032064405,-0.2781468501458669,0.4268349939152722,0.411259108521899,-0.4368783261039912,0.39226577040931954,0.3987086905144943,0.3079517209189008,0.09664784077666214,0.02699895288597207,-0.0043046062365578895,-0.03587694377844071,-0.005074111536257805,-0.028200732286374156,0.0176217572037414,-0.005439131077380514,0.0036151254931149498,0.002584198795430477,0.005841725619094726,0.2788527240425921,0.5451955209821991,-0.07696757118234702,0.6554817483324926,0.5993458660055132,-0.0064715804997204475,0.058435336955315414,0.017619427607773613
0.14188250885281553,0.060268519067731036,-0.03347622195781051,0.010481253147365772,-0.00371103777835051,-0.0024461018902422436,-0.024152557495061865,0.06430801481252094,0.006709915352675908,0.013697225778939979,-0.021304777126287505,-0.01905086549138152,0.06863788457193584,-0.0781166639531912,0.0011367334711170957,-0.007990243953350556,0.0054984805462629655,0.05172591129723185,-0.08068239073944905,-0.012867990453519662,-0.03326610005115772,-0.03875218422663842,-0.08313509904788821,1.9343534051902218,1.592377469604494,0.9226157203410135,0.7118484258839776,0.48397360228491076,0.19489093144902905,0.9555848385723363,0.5230561808466909,0.36558070471113235,0.1060396175371852,0.04558509798686437,-0.00349946749932413,-0.058816662090737784,-0.008297879980143067,-0.019078615797616886,0.0280873144862474,-0.0026877803366189465,0.001988247225981583,0.0019686393653994484,0.004396164943472895,0.2770607136578563,-0.011983502232092644,-0.07322050037762497,0.9477662756935142,0.7251994384029806,-0.008204767001762673,0.03836609568256143,0.04831910826721209
-0.03280971351502539,0.05148337807787379,-0.029575621526048066,0.011182121047911516,-0.0030586923669732005,-0.0047004749861391075,-0.010449126318687683,0.1577760817333039,0.008874658750890928,0.009372465201158335,-0.017997655788384137,-0.04111795326107273,0.09357529612388138,-0.04203663408574958,0.0004954402431819344,-0.010160406656795198,-0.009462678242016239,0.06147322398451764,-0.03788956424230185,-0.018494102950233234,0.09111815353428364,-0.004077945136419444,-0.06910208168248723,0.2646445405483002,2.3447969329873435,3.231556083699971,0.3162642443815328,0.06722658655598618,-0.17055465540832287,0.18859901567273585,0.5611502532650499,1.1246470460824005,1.875544878031854,0.03574789878907246,-0.0036026317601260158,-0.0377080126762197,0.014430403159903803,-0.019290439286148927,0.018598904975744197,-0.004472182105666076,0.0036622516667971913,0.002929550400475364,0.008216080076336013,0.43945706861951656,0.7588237704581702,-0.05398584782509055,0.0677923026285977,0.5960346688961271,-0.004910988696899609,0.06013179978053213,0.028169258405367905
-0.07538416844962106,0.04900522919346875,-0.021359733761848406,0.008908700644177144,-0.0024440900482791336,-0.0072480818469966395,-0.017673467074933013,0.07081495321801294,0.0036216990769745386,0.007204310670721926,-0.02119358678690981,-0.0652778324717983,0.060421330945240624,-0.04357374186048338,-0.011683139067991826,-0.01084175593376146,-0.014452916960568279,0.038242339752834774,-0.043067241341523774,-0.001815917282571669,-0.18026146270922067,-0.03998292186980462,-0.06459662293650617,-1.3172499607951347,0.15578313902705648,-0.3859858449215153,0.10108027140031527,-0.12165276414736757,-0.7726812592068736,0.13027912471833328,-0.7518690477379706,-0.40834122352614016,-0.1233553093925894,0.01958670586125754,-0.004365460874120892,-0.02969845605396735,-0.005864594488862205,-0.029896218680009343,0.012741867183403756,-0.004105616513571278,0.004334762240530782,0.002238645383001452,0.0051880693818043295,0.18633216014359114,-0.5222856112026257,-0.10212393598867116,-0.19892530491977892,0.11241976887987404,-0.005623917279283462,0.044044493917486174,-0.2326793158633075
-0.08928714727475098,0.05348696660251175,-0.026113228890091777,0.01173719625886037,-0.007485530482687041,-0.005496993945290791,-0.0119390377076509,0.16703477306685896,0.008969221068617214,0.010794872660232307,-0.02363588301927762,-0.0633809455386697,0.1351601009670934,-0.05157256426360953,0.0008803225450756333,-0.009868151306255304,-0.010721885258041047,0.07225681766918117,-0.06803162583700523,-0.004105054901146105,-0.13883741604393332,-0.046438028703739594,-0.06806344574595566,-2.612372989722077,0.9585491884744508,-0.42980391362341175,0.06361807428355572,-0.3901382859294013,-0.4813759050140764,0.37641585457311716,0.25228510984187374,0.17712564769837205,-0.31467010608446877,0.025846358341547665,-0.004075059822387117,-0.041289762033687435,-0.00626427481404037,-0.055653020990566585,0.02015585516940807,-0.0070084174378797345,0.00417440762113835,0.0033341374672205214,0.008709059038147279,0.20415834422788764,-0.9679523271247681,-0.1305166144631246,0.01845594984191514,-0.03273720537052848,-0.007282971208968571,0.03540794830299664,0.03254595961647223
-0.07778109059764118,0.05653438232027848,-0.030621438522254532,0.012584355677421064,-0.002834129387918146,-0.006303925705499983,-0.015032780817526115,0.13014649195073946,0.00029661707412665425,0.008846691760295554,-0.019250217200742215,-0.0496412135779145,0.09073265571420748,-0.04986714673304505,0.0022535382755979583,-0.011063567780466887,-0.00635146554025811,0.0647754017171922,-0.09566226220315749,0.002747619390429701,-0.1984661344577116,-0.036868127552581204,-0.06674335571313869,-1.6351907451393766,0.7964089971101291,0.17473719835910914,0.11997089728339813,-0.06574232747999889,-0.35818243030582886,0.4160427710006628,0.290406418501442,0.4187912647383625,-0.4728438405635333,0.029097473147362655,-0.003876586004581923,-0.03548340104192589,-0.0046199752540423515,-0.05813595331920886,0.015926925971680144,-0.004425514429129754,0.004124839969325446,0.005177550543283333,0.010895756571149322,0.2593219737701944,-0.6615082878776312,-0.09171550028419749,-0.07651450995463199,0.10344805240724667,-0.005716115555359161,0.05316970218295329,0.013045962710305567
-0.08053329334635548,0.039823818830314606,-0.029695821513593297,0.008860507204699266,-0.002708951155367362,-0.004594117257263321,-0.015606023783078649,0.09575265467468666,0.01122499120209148,0.007109505346939688,-0.026126837960595256,-0.06157876128373337,0.05431306697785706,-0.049797739644385254,-0.002234993544064257,-0.012575134618792637,-0.02354063988097709,0.04696144166776849,-0.057131580871462986,-0.0002946431386189839,-0.2179951114792935,-0.039101281843925306,-0.06684392068751278,-3.0890172136686855,0.7773525320137707,-0.7546206118224579,0.10050779725512543,-0.37953485316423335,-0.6256893369432643,-0.5242999738487558,0.2468257589271681,0.18792281338389422,-0.37339102041453687,0.027967086735370964,-0.006745118051595018,-0.034874093292242093,-0.006677863005301153,-0.04588830756566281,0.018617139056204178,-0.004348767413364931,0.007575200802454721,0.007450391541433469,0.008965879229838039,0.29345304906192227,0.2295020062326326,-0.09695806198020183,-0.11348399647598029,-0.10689594845623562,-0.007046625163684207,0.04154741290901898,0.015402350189298171
-0.08691154461467361,0.04639495036900708,-0.04422290980524632,0.01181421632024002,-0.005400306473501386,-0.007337814330655608,-0.022777527591591844,0.08125640978967523,0.0055852849686492834,0.009808006118019064,-0.042489724914149825,-0.08237243676578312,0.06509465973802489,-0.04952864965171789,0.0012289379135375993,-0.015853228199830496,-0.025177643252459952,0.048459714090846366,-0.07717549942709774,-0.0021468192104174776,-0.0697821903762055,-0.031154322363806358,-0.06564493596710862,-1.4279964359847004,1.0500324827026815,-0.3579207621993059,-0.036044352610479224,-0.1486648936135416,-0.17849416676132265,0.0702778000881258,0.26886771118563874,0.12842175220454552,0.2994432334499846,0.02821550628283007,-0.004915429438789719,-0.055697060609072875,-0.005022566748230095,-0.048837845024406246,0.016391171292074153,-0.00479333519458395,0.007434835933321917,0.0021579049867501724,0.007000694554756484,0.18172402018845357,-0.6318863947350714,-0.12492446175567178,-0.2163078381282929,-0.0914386780401405,-0.0043256417693779085,0.023808451226823898,0.014868689296655885
-0.09048383026766138,0.0366171755497832,-0.027181226635782377,0.008837332417795036,-0.0027358032831476167,-0.0038850929630757126,-0.01130431545349684,0.14668473284093686,0.009405260378185518,0.009053984199053003,-0.028949203388240165,-0.04303269945330617,0.05390101029137614,-0.047025441052103545,-0.002081182339465076,-0.031293390709195845,0.016540642918692863,0.047324758371235016,-0.043252687463558315,-0.0015106224280283253,-0.24679017214817592,-0.027958615126976304,-0.0669370167286577,-1.7962902552175763,1.5351589364171256,0.11205452335845945,0.4479804972457134,-0.29763498947639483,-0.41172240240851377,-0.4789226633205101,0.30311101073281477,-1.9068494707841463,0.12362015463649995,0.025520730422218904,-0.003956927960339943,-0.029835612228036504,-0.004402737553503991,-0.03094679610573512,0.01970847531054662,-0.005065232031950679,0.007963710628836168,0.005028217354573219,0.005801067748392309,0.09595407946137814,0.5275069620035452,-0.0875918578196528,0.2028333387422406,0.6079473236671904,-0.006660562039396431,0.04703880331207768,0.006174047722500757
-0.06383807467786522,0.041431467562552414,-0.04219447894108935,0.012986618973781935,-0.004268792648426289,-0.00550595066749607,-0.015784249390914138,0.07810116394890382,0.008886097702504259,0.01244850386963965,-0.04600022507368785,-0.05010698413710886,0.07552826039556158,-0.052402960120524755,0.0009285299911664516,-0.012357512285692015,-0.01926061172429682,0.0502699968075044,-0.06060197930300446,-0.008440697674797014,-0.21317712957380908,-0.03257762703641937,-0.06923855185471259,-1.4059700846175402,1.8366546175927696,-0.2670043756444089,0.2315013712662238,-0.3326112106091191,-0.4164209706928721,-0.28090694705998487,0.3440389420128864,0.33496619143122636,-0.16014917979316298,0.03590481500166307,-0.0038958406401968784,-0.04902675379625534,-0.006639692448113998,-0.037702527946231815,0.010282267943874917,-0.005825104054635367,0.005476950384052493,0.005540703035779976,0.00657116306605125,0.23796829466687705,0.21465718150344287,-0.12238890000470168,0.3305652955020564,0.48464136310894945,-0.004687532066543347,0.03659709046027213,0.016500920519273512
-0.13450783389561907,0.03895635997204507,-0.031123105165137603,0.01120217996850718,-0.0037337524939955622,-0.005523013993268454,-0.013211375695492349,0.1273260936630239,0.013015671912499333,0.009209985930224937,-0.02566907514503047,-0.06553811874147127,0.09228678430138743,-0.05833203966250471,-0.004763066604039683,-0.00973355324112768,-0.006783245470497819,0.07582693371685754,-0.06775253177671772,-0.01008353161729771,-0.26026153721613265,-0.05046927342280146,-0.07029270073635675,-3.592830166825746,0.5907728062905676,-0.5744735837528401,-0.022643462068250856,-1.2415265916270988,-0.43772456956362216,-0.8358073289448866,0.2066201049235829,-0.15916057713448484,-0.7825016321039112,0.026755868228951905,-0.004964954862707344,-0.04014887428130764,-0.009850785346524216,-0.037970534509335185,0.011408337037993594,-0.009351118185716389,0.0016828955634953394,0.0029714635540911863,0.008635707602559248,0.04720036804572052,-2.464936911746169,-0.17381894246519222,-0.02433063187758629,0.01876958609345881,-0.004922359220301693,0.03057942962463275,-0.009173005512775062
0.0858944494625589,0.052564178350473584,-0.02400577476964171,0.010600156040602564,-0.0022817114539837075,-0.003154583470653897,-0.011584442870544946,0.17833386265402737,0.010277684721167466,0.007491840565125692,-0.02383983461955661,1.60504303484534,0.07482302394647149,-0.03531741793869396,0.0015190855920495356,-0.00861657479018687,0.010519684014519155,0.05307928329680066,-0.03815480924878929,0.6071383433095296,0.44909603718927016,-0.02106801929381322,-0.061235499272774184,-1.2353741330098869,1.3523795406552246,0.023608202598767284,0.7651332269214072,0.42067818693129483,0.3010908744809534,0.4192993308254984,0.5463467003980751,-0.15613395385032303,1.3527276587795043,0.02823942747158353,-0.00514442477978438,-0.02636366235084261,-0.0029632376553928984,0.6645349914109097,0.015336127571668967,-0.0040295265446373876,0.0035797515857140497,0.0037299740326611577,0.009464764529883311,0.3543450692561738,0.5217000070827014,-0.04116807054264937,0.542974262262853,0.3011229145598426,-0.006069894239748916,0.04200011667930102,0.04804209984000067
0.0584584499112075,0.057973007763293394,-0.020945099185730266,0.012525938914354,-0.0024825629205549797,-0.005104056736784782,-0.009546157491708195,0.13544823639671336,0.00879928672199666,0.007478963608483997,-0.0442627748145764,1.6528681559069074,0.06928965881661908,-0.03843138150089027,0.0009834297174242407,-0.006818554914153028,-0.0051700222297716356,0.07325947498154012,-0.03266404777786609,0.457162722040266,0.07028543624307763,-0.021459340519214203,-0.05907807965411164,-0.6822650474427374,1.0385625414171296,-0.051565520045512174,0.5986086004522312,0.22707914979363286,1.3041850848121221,0.28925135436049404,0.680123627446759,0.5903400494094895,1.9701713593801813,0.023903763972522654,-0.009381832995882668,-0.023993269884435932,-0.0026302133050581933,0.6448804327689364,0.013883988512659973,-0.0037801926489234813,0.0058690713021716115,0.0038263340039991303,0.0059804422447104245,0.27753160916150293,-0.04692068300482925,-0.02076656925636122,0.60668566722095,0.24678254302237204,-0.004838934892118965,0.053042018766491034,0.03928904150787871
0.04257511284875962,0.0625890091210131,-0.018753953418169243,0.01410248448208409,-0.001439037980368049,-0.004691084160974864,-0.010705484547730584,0.15057159729934344,0.0069736703107868446,0.00646934021284029,-0.041169299743184284,1.8300473511747308,0.06765475733328095,-0.03594203142287806,0.001338146679072452,-0.007050082069521092,-0.008786842738185783,0.08157578364865299,-0.052532827270810885,0.5063395378258722,0.09422934280676129,-0.01670596745263749,-0.05518633434836577,-0.13062581062914644,1.1642198168586777,0.20731795037802914,0.6949637157113876,0.5058027437219164,1.4102784724214676,0.3272727512856989,0.7528976354816085,0.7243314192917545,2.111827156951879,0.02368625320618117,-0.010183425832068918,-0.022214035958860043,-0.0025400085613407836,0.7594996135902448,0.013919968924787751,-0.002908136779206375,0.005013841192154908,0.002053859126844648,0.006836451972788455,0.34022669401748845,-0.32300018094166877,-0.011819420362303462,0.7295783586199587,0.39870369956926394,-0.006763016685857005,0.06093877084450072,0.05637888138122932
0.07239405355500805,0.06923867647190328,-0.022971867030534866,0.014640256092682902,-0.0014906871322316836,-0.003910256000360525,-0.011162764292368326,0.15518951648874135,0.013158749864112236,0.008271877452848105,-0.02412450101611245,1.414193023732175,0.08398142228347982,-0.037431853306288086,0.0006244032822197791,-0.006191071782632223,2.335951804904097e-05,0.08180274798144568,-0.05587986576504451,0.5714002532795907,0.270154351873232,-0.024691321022127222,-0.059457057136570776,-2.016041910712937,1.0946415310143554,0.1611948790867805,0.7132441936243243,0.4218078660120535,0.24964153137462208,0.5027274125267555,0.5663617532533944,0.6602746185996342,1.6390542247451858,0.026324337428630395,-0.005702036578633567,-0.024006622674188415,-0.0030895607442796634,0.4987433561527425,0.017824660940826735,-0.003326281566977516,0.00350306377604249,0.004578425221970661,0.005443636256395713,0.4331042293678399,-0.369035633438609,-0.04127904916802709,0.5200139304022214,0.37751599862560065,-0.006728305782410233,0.04234326937689897,0.04576137288958185
0.017632084428608835,0.05670873767014266,-0.02099267392842036,0.017395663774469782,-0.0023683746698928976,-0.009046786657355704,-0.01507150271717642,0.09540901043311502,0.01017939664178262,0.006177627042532446,-0.017341767927829838,-0.06258249300987144,0.05773293032222851,-0.04213468574992226,0.00025233260336215095,-0.008285657178659261,-0.007890237012172917,0.04380703947011695,-0.034178255314262905,-0.017701119275563393,-0.2352067921353641,-0.04116963516376642,-0.05871372478895055,-1.1282917815650795,-1.250180466919976,-0.5831495591250335,0.16086519362162946,0.07390429737615023,-0.6896328446467352,-0.06152119966756728,0.29344037610873885,-0.18672016648855358,0.5456382260646354,0.020537634772221088,-0.008192100839138574,-0.028575725564384317,-0.0032249281605899655,-0.02071835331820827,0.016243218524275294,-0.003957512136610382,0.004089243747668584,0.00196657367505489,0.009336874706725397,0.2673924640500296,0.3101577235237076,-0.08625619384810398,0.020130060587805598,-0.18488758936889882,-0.00697758180575509,0.029790987477465274,0.03578218342037353
0.05758008433686465,0.029743341513364496,-0.08770116435898395,0.015212071938664331,-0.0059467039732641535,-6.6141456312098e-05,-0.05373625938867656,0.07849827235194048,0.008288564953659915,0.008769635739704717,-0.020133421246999423,-0.020548035798504168,0.04656951834377162,-0.07781330286132064,0.0018062333520566817,-0.030886351245355582,-0.0024821604598322024,0.048336756698099,-0.07980712980102792,-0.034017094311994865,-0.15899673172326337,-0.03373143549464796,-0.12154662966788847,1.9279259486632363,0.0965639871041827,0.09567136163076993,0.22149166982860827,0.24411182768550455,-1.2240210570480599,0.016073149272943805,0.33862425493244963,-0.5094450094467274,0.06275146152894759,0.05773043163666762,-0.0035556595477722417,-0.0749748164889335,-0.010560963164950496,-0.019527190458279955,0.023598816904726462,-0.01828793905254047,0.0025877520365862306,0.0011858780964935387,0.007656941896225577,0.0027206008671349685,-0.44247502384748694,-0.14117085376289584,-0.13308506892824754,-0.5683169414362921,-0.004535660851433044,0.0015612665198533498,0.030178687523073715
-0.06055823930142828,0.028404971640916224,-0.036024208423401864,0.012426516675683622,-0.0025349961265397312,-0.007278678925897625,-0.0203102611303932,0.07576704814226198,0.00909927390373556,0.006498335087927409,-0.04962226199498389,-0.049956317963700404,0.04446857049638664,-0.042891789738230164,-0.002650892640635869,-0.011423369146674316,-0.00992053959839479,0.0432991964841774,-0.0498880051533037,-0.007713525227599197,-0.1391379923270015,-0.02414039519723989,-0.0644670073643443,-0.8148879803290776,1.0826886280543417,-0.27313545930427446,0.19801371837936024,-0.28880494377211496,-1.0420679253286804,-0.2989384029687186,-1.2653970828865528,0.2540877978620642,0.3563555215556393,0.026873061039293777,-0.0057470470329845135,-0.04659851666081205,-0.005766840450021825,-0.04515145949128998,0.013887571890668238,-0.0055887293210525055,0.004088685356315155,0.002890470001918765,0.005497629566728309,0.1890277690170039,-0.45145912086520573,-0.10266847858252627,-0.04781057666161944,0.10536512910441126,-0.003620627546128556,0.0622245203243876,-0.011236869385867454
-0.04418600766214319,0.04155580046848149,-0.03088382339879098,0.012306039227291376,-0.003197404913510461,-0.008265721366527078,-0.010969597794944467,0.08756135286182151,0.010155005437314834,0.006239662393471411,-0.026253096177865556,-0.06617364373667031,0.07500888118317135,-0.04423169037982318,0.0015482167456274014,-0.00018108371343851471,-0.0113096873660629,0.05655736441217668,-0.04566413920867672,-0.016211744038455822,0.012004332312826507,-0.02928919621613186,-0.0751114476880579,-0.9834947035215783,0.9932137242789625,-0.2997479127171246,0.1823205567232435,-0.20073917361707208,-0.694740857626813,-0.0714425125136472,0.4218861851296112,0.22085347751453752,1.5294446907967458,0.027884860586354858,-0.003980716281814002,-0.039048302098740315,-0.004022250296774658,-0.05074460175493972,0.0167934671350517,-0.004229293060198386,0.004476948312973567,0.0036776429526057994,0.008262290362781075,0.2976054921959209,0.5287053286279138,-0.09533738424727149,0.21047160629603182,0.31388331173178946,-0.004820464304704267,0.04472907097366346,0.04112986016546457
0.0001894769862261951,0.042710306836290006,-0.04329362403645633,0.0123607044397639,-0.003564011514242222,-0.0069427597474837465,-0.013557296073513527,0.08856079870473438,0.01038724735491801,0.014170829079852123,-0.04023072691907479,-0.03591828944442606,0.11148150457710744,-0.05167893149021614,0.0018339812862444493,0.0015349661474189254,0.0011796133710498902,0.06236962852264905,-0.06272811149320115,-0.013755726800220741,0.04543463615694952,-0.0240241356879042,-0.07386608539547503,0.11096865336416459,2.6311396365725837,-0.049857939005923536,0.3149173647859536,0.5484576734970177,-0.06717782636906448,0.33941125998186933,0.4663458306106125,0.3228728063085444,1.9403875437703004,0.037328544782146506,-0.0033729029250816026,-0.054029156584707125,-0.00437827963314845,-0.0394855972388955,0.01682775834247073,-0.005060730149987669,0.003074361875584208,0.001999830166187767,0.004453077212666024,0.35415605953990603,0.14468025229857187,-0.09931865295126592,0.2736063168090954,0.6641103521586674,-0.004997377146606256,0.03905846147734413,0.1145035678439197
-0.02896871429102304,0.03721746340570019,-0.04141930219623577,0.013900678733639482,-0.0025766579932815403,-0.009254651853927053,-0.013388882011762861,0.05642637391801436,0.008196614893455231,0.014648061202888587,-0.05289182302420528,-0.061333955775647174,0.05657641126702421,-0.05748406004966794,0.0012906255919366695,-0.00977610284093628,-0.018232219772981777,0.04732099939167999,-0.0651251536417891,-0.023204308336054455,-0.057036124391042435,-0.028589788298521653,-0.07203826583518745,-1.4033027592645617,1.6040409399818811,-0.5196518376754978,0.14852351816658318,-0.22588012314448863,-1.6862303699095273,-0.23350805997899382,0.3209766492053489,0.04063689083328938,0.9105156957212971,0.02979157053708983,-0.007201587532194406,-0.05887496437285286,-0.006272680228960449,-0.062129590471645166,0.01380164879461107,-0.005316231504884059,0.0025306695233467047,0.0032353713263912347,0.004983915485021254,0.23612155672677818,-0.17654449724224214,-0.1386860461206462,0.044207002023836504,0.2852094300653908,-0.0042980324836498175,0.02431200569448033,-0.0006834600604608388
0.09012539909815984,0.0594894261956316,-0.02697256623497281,0.013486048363016154,-0.0034571964935662548,-0.00902091670248755,-0.015790099829876395,0.05081076875467345,0.013142394140957641,0.011162161846526882,-0.02320016842488095,-0.07364689690985367,0.07762738190866685,-0.052185880373760506,0.0007207002019404103,-0.010345830662598844,-0.0139013773165466,0.05614249757544214,-0.0640456745768517,0.004179757457061092,-0.23266608651849482,-0.04124951699401677,-0.06640057718717907,-1.8695356886523906,1.2318935306656325,-0.504339139109444,0.22174728047669828,0.1461616208898927,-0.5903458299515552,0.2095587670719465,0.29123071694303004,0.19217079713914564,-0.2953331503175803,0.02927977089818787,-0.004837730662387341,-0.037691794356236555,-0.005493615403371331,-0.04376782992267305,0.01664918705785407,-0.005900169547454827,0.005058887455279323,0.003685262504440846,0.006526818615502932,0.2010605968513417,-0.687412430791833,-0.08201009164501674,0.2252404623343446,0.3091480169713733,-0.0057676610154188315,0.06062471013360654,-0.011973561136784586
0.08047676916613519,0.05721602901360369,-0.025282948947124288,0.011350720834537815,-0.0034209332972980726,-0.005022633393463456,-0.015580081471780192,0.06504959617576048,0.009919177293175093,0.008221363392671278,-0.020865729876211152,-0.03981421359365924,0.08182165270433052,-0.05011850722313744,0.0009148610236755193,-0.006919799101177582,-0.02309569314951442,0.05014019282902497,-0.05678928521897458,0.005564957663080771,-0.19648831511053802,-0.03898949564941888,-0.06650544426024559,-1.2004124412594475,1.1851698674694502,-0.2737343827559576,0.30065428745366135,0.3587700484484125,-0.34867552610619856,0.23976512194215782,0.3828013409711058,-0.08425171462842895,-0.14763074910670732,0.025549518356231773,-0.0033004411515757523,-0.034393614211128125,-0.004554397021767859,-0.042519356785805866,0.02445081361918752,-0.005831247069485887,0.005550349648475717,0.004035563130983835,0.005710928025009022,0.23221195042363646,0.13014260878018205,-0.08950916731403936,0.3770626427675997,0.7412915608561926,-0.007592482623647415,0.0433358483151682,0.021812181764305688
0.1481468591956582,0.05913851626951235,-0.02463156860161365,0.013308576067064381,-0.004800275092153284,-0.006710018984443128,-0.015460833985147263,0.1787826064283318,0.004545906163676498,0.009350475675940257,-0.01853884015715749,-0.04554963287109378,0.1433533986999361,-0.06494302767227178,-0.00010058849557234425,-0.013513563095298766,-0.01000594050733316,0.07224879310755039,-0.05317924461786469,0.0005690674695883091,-0.1574841879633803,-0.035303270043647854,-0.0659306875318108,-1.9642277566937507,1.3799431617707074,-0.05164045260033255,0.17323832054408156,0.3933129571557005,-0.14266954315720726,0.45351886911137995,0.33035189594172004,0.5739989187210642,-0.29614001637449244,0.030501133138092395,-0.004661093707291399,-0.0444774171262926,-0.009208450351912168,-0.03634419221229804,0.022326118824830005,-0.007797266133953252,0.004996374722143178,0.0009233836898418431,0.00926446544850537,0.21221099683358868,-1.076900815187754,-0.08818693452864394,0.20114337780912678,0.8703351814226062,-0.0072958109449305,0.05596410531349668,0.020923861970098472
0.1851567954973146,0.025543483605284665,-0.07355276269516722,0.021225393055468673,-0.00539289195982371,-0.0025152257264278335,-0.04007323331934929,0.07177158419024883,0.004527226749905231,0.013363383371493537,-0.021635213559299513,-0.014367466703580257,0.046732181660342535,-0.08463199997066617,0.001742068441811182,-0.022640312538861222,0.0020169006144338955,0.03511281091905829,-0.06967278667617459,-0.01512763891203152,0.07773221665732945,-0.014772169932406858,-0.11202262687699162,4.456486121744381,5.0602557924400084,0.31176695577872304,0.2596464921307869,0.610605196725611,0.5845872434524846,0.4363349447410475,0.38053492033724545,0.7542759154868938,0.45273310142519474,0.10966722770275432,-0.0014295321030258577,-0.09032651740687003,-0.013245425305658599,-0.018323919727499024,0.024176699825011402,-0.009107885555259152,0.0028517277466229766,0.0006137154525900833,0.01723003351776487,0.22692437633377152,0.6746041273805714,-0.05973639588518912,0.5118846849072114,1.401949076114379,-0.005600205223383477,0.00942402726827954,0.025465618387656614
0.09124272137972765,0.02345393335353384,-0.0929027555445392,0.01158068721421461,-0.00822869139497775,-0.007995107197710368,-0.05160801484849813,0.060644061441528806,0.003936631925529477,-0.0009320032595104573,-0.030444148486730577,-0.013784618130691395,0.031543494329002934,-0.10554575490891498,0.0018609688209231328,-0.05346968373262311,-0.0020486157787802874,0.027769372082400212,-0.09442722496065095,-0.028292005079488185,-0.05756841062662956,-0.015039792346410225,-0.1256081244841538,2.623124757195839,1.8004741548873735,-0.313482484211993,-0.07694836289336593,0.5472381970538287,-0.8422752911105174,-0.2543138722270293,0.26590831938374293,0.2642197576805726,-0.3490794990210469,0.09109386207062276,-0.0059088712867210475,-0.11251864015620255,-0.026074439737413066,-0.017884352395929136,0.018574186897224485,-0.032063929201639814,0.0011579561562107621,0.00025126405338063966,0.01869202039994731,0.10210217612487965,-0.40018587092905467,-0.13333984655052478,-0.05186317320276621,0.6919008508911445,-0.005036808458001754,-0.04011211664283695,0.009993636347448402
-0.02908358893421046,0.025529374071661785,-0.07738997694601119,0.01863312107285018,-0.0039040796793371716,-0.005733689045716948,-0.02705713028411103,0.08205055386671582,-0.002160473321483415,0.010834192010187644,-0.03299661781458798,-0.016416449036481942,0.047961667680451035,-0.06455354822644363,0.0012547055840900396,0.018583791878931024,0.0004637002577126936,0.02939431832701861,-0.06657428128714568,-0.03014985232857432,0.3011361674475585,-0.018302634926874808,-0.12047925372890435,3.701262500833941,2.2873055829487887,0.12449672660046031,0.5028803602628446,0.08698100871433301,-0.05125717686818056,1.0500495245993846,0.3718080605238541,-0.02155282625014752,0.08259336357277443,0.08138724803420226,-0.0040518655934276854,-0.10461802731982668,-0.011439059871550505,-0.013117230176678278,0.019227611836177185,-0.00765313702847325,0.0027361570923434804,0.0006610488451350644,0.005852066214946462,0.2138305847829616,0.30291313776707385,0.5373849543823825,-0.083572054803848,0.6081524963647283,-0.0035613894721234626,-0.0066231488763855715,0.023355769202673904
-0.04707422476406396,0.026734073235895973,-0.06964225419539485,0.016700221549184605,-0.0012108099782778077,-0.0035702702161192236,-0.026858647125088994,0.07245879332041062,0.004052677569857842,0.012201379719922557,-0.023334350396977066,-0.015406191207703318,0.04141220549026864,-0.0518125495373866,0.0015846535642905647,0.04680883664179264,-0.0016264521364585277,0.03451823605876791,-0.07790827160504932,-0.0271314772043,0.3332560628598393,-0.02696649534282313,-0.11857395241056,4.053949188531381,2.2402671898641757,0.558836583447207,0.6234238003236335,0.4349481205957351,0.016549530776584363,0.7119926549808394,0.4323202680365715,0.6618823578620595,0.5021196780090376,0.0883990201441152,-0.002080198100519938,-0.08299491734135442,-0.01113522260839456,-0.014174482999971927,0.022533855120440094,-0.006135336141304795,0.001898917670717798,0.0006878495315418595,0.012330763782668201,0.2076505255484767,0.12886703956503842,0.27918742193233004,0.02338688886327891,0.8331474041013723,-0.0037966728896908983,0.005842809118070909,0.018216707139455203
-0.09997934213916614,0.04910505144707776,-0.04282866092924904,0.011967097054619773,-0.0061633722351424215,-0.01185911158029616,-0.02089915136005663,0.06142381167981323,0.00347927009520847,0.009710077344106727,-0.0477143711777344,-0.0312743600711827,0.0425215046031481,-0.06885771726168388,0.0009301549103887234,-0.006491669273191053,-0.0050653281385531455,0.047111909779028224,-0.06656907019626421,-0.01249638001118265,-0.16497208773059072,-0.03353863997798077,-0.08798463951308914,0.4145950122874644,1.0640108573084994,0.346666384345514,0.18205475061039933,0.24225428784190778,-0.7400122986971002,-0.01842206060102948,0.5255128402155653,0.5958872049532551,0.13580774013600538,0.04363002117456877,-0.0032992233767279527,-0.053030198222268385,-0.00944004773175887,-0.03818057680686615,0.021311463625135054,-0.0028753326389014187,0.001659364449296913,0.0019749216272633555,0.0020172137389543624,0.21861186651941747,-0.7331932701793783,-0.12304597619501788,-0.1620376741918136,0.37661472045613165,-0.0030639475512212974,0.029803961984391603,0.033180848417476566
-0.11574198838721277,0.053463083804909495,-0.029195141046678818,0.011639895697695236,-0.0027414649130090047,-0.006379115976345715,-0.01286941626688176,0.12705113123730438,0.009232732617661292,0.010204638917743682,-0.025402075012045874,-0.07354110564961529,0.08365860249602783,-0.051064894884792406,-0.001553977252990159,-0.006698562115106818,-0.026662756459892547,0.048771671789909606,-0.06026200299421275,-0.001954366458554813,-0.006852819443308926,-0.037209531280111646,-0.0659383974726322,-1.9074447450421488,0.8338662479327373,-0.4643954420305667,0.12650521884215063,0.36684930648275155,-0.5471837360823197,0.415095244950256,0.36141581561832337,0.3300566496439084,-0.008460421867823954,0.029245465486641604,-0.005017742643917165,-0.036183852804730444,-0.005247120001101708,-0.057737206855171634,0.018753767251340384,-0.0040298724777350055,0.005451930034861445,0.00396720237084158,0.009377323430694844,0.23137987852371883,0.39316459089308214,-0.09645577330257642,-0.08772244013311403,0.3262296923813527,-0.004564481784756083,0.0406476459893206,0.0003255956280372953
-0.0694147908312748,0.05213173541617011,-0.025114344067085605,0.010593251303250914,-0.0032787613565508664,-0.0070028740008373416,-0.01480780961388146,0.11155623675234558,0.00735317134145833,0.010000061187539384,-0.02369984893928838,-0.05643062727127878,0.08290051644062339,-0.04943729495461808,0.0012604797519502559,-0.008648395105430183,-0.012285049473270656,0.046546443974578564,-0.055933967452123846,0.0031983345596192196,-0.1501321898209387,-0.04803482953445778,-0.0668872091284802,-1.9049896839235945,0.79941670982996,-0.3690301923112449,0.13863840172757536,0.18081087046303268,-0.5476318050290422,0.3722751535795346,0.3569795171063394,0.19093741916374163,-0.1258160468697084,0.023715448666825702,-0.004862770216646581,-0.03517603442013028,-0.005874383986642069,-0.04581649268461768,0.01933415500017606,-0.005383490861174253,0.002407588022850398,0.003634336632494643,0.005592017188164057,0.16706838120257414,0.18305345974461623,-0.08794320947008495,0.10009147281890111,0.4670626537967433,-0.006849589151321885,0.0435675271501024,0.0435259498793797
-0.05477171607455995,0.06525945165219496,-0.024864707151092316,0.011449980956418354,-0.004879812342485079,-0.010755464130965547,-0.011737488289652695,0.228849692029687,0.007307630496461914,0.008161562914008868,-0.021281673870902497,-0.04454918957285244,0.14543211373783324,-0.06214034204799764,0.00048492839778822047,-0.012625745280037712,-0.012600402639879953,0.07388615020317617,-0.052540438678028926,-0.0033056865578491544,-0.08675899851809955,-0.028399476133613127,-0.06535893164246183,-2.1360824091948944,1.2059395524916006,0.4383705676285072,0.39403901140261244,-0.1430470731707348,0.28118830194782496,0.427938180713454,0.33385763083682596,0.22850860447061536,-0.18024607548256683,0.024109493497708637,-0.004482745423660012,-0.03468296226097921,-0.007233999618716727,-0.040102676367448624,0.016663278856002384,-0.005788569555435862,0.00473352403590217,0.0032764206830647362,0.0063327871965780935,0.2901578897331033,-1.465056270022291,0.4422033114637105,0.2774065231845067,0.10251393790322968,-0.0070830787711060085,0.060714193399968884,0.0298877272360544
-0.06446647618870702,0.05305150809300274,-0.031418366499862425,0.008199685551835994,-0.002918507391088217,-0.018770843959309218,-0.01822121500586664,0.04265244122311705,0.003224798349586666,0.00841269819409565,-0.02809502599885973,-0.048590000567441685,0.048523159869920424,-0.07309263646182006,-0.0014691805826034631,-0.015141990085714378,-0.009535107207093019,0.04448519388244841,-0.07355251351563778,-0.004883695000542426,0.07629737771817638,-0.04775690205992798,-0.11574955801201392,-0.4306755258165102,0.4117074365824176,-0.26554551254797376,-0.08676021209910476,-0.06250952907027442,0.6420525421097993,0.10857471039432308,0.4165099387931584,0.08289081159782061,-0.5848382397885185,0.03574901877439677,-0.00798992452352945,-0.04184072499619547,-0.0053758931126649265,-0.030476057879299228,0.020685034561580464,-0.003298197977459378,0.004991358923135144,0.0034664787284613115,0.0031683177614020308,0.16763641511486724,-2.034957155187575,-0.08391527071970369,0.003062667578390598,0.13136668525858228,-0.0049530483299534455,0.036252241383227884,0.022702377072633298
-0.033032647537329006,0.028485608702754815,-0.0729339477518909,0.008350022786217427,-0.011167111186831035,-0.007642002094254637,-0.028482957336084726,0.020269995602374805,0.004367437568553276,0.007668359363159254,-0.02221587523853395,-0.01828068219505152,0.040345405012374186,-0.05918678005297828,0.004360840272297822,-0.025757236044126445,0.0006864919828175189,0.04131079227228537,-0.07301759160268957,-0.02755913014762645,0.07224963055114138,-0.023332153414894665,-0.12312226674124208,3.9785204392971365,2.3753021897219333,0.019343896353955198,0.15339661268506008,-0.23332533217071866,2.1772287990683563,1.0802470133810598,0.44947430739524047,0.005016324564282009,-0.11961365221573553,0.05727624444678805,-0.003938026578427017,-0.08199921935214327,-0.00782401394791342,-0.01987904128260463,0.01890738524376913,-0.014501398988100074,0.0022297811367694748,0.0005689624697122832,0.005703455436092064,0.14520805264782746,-0.3053527383885372,0.2617243721318999,0.20020257146096587,0.9701381934152331,-0.005541182543298934,0.04503753520844091,0.02086034591396089
-0.0368219492522123,0.027600191194721777,-0.07893755342876145,0.009091463282774272,-0.0068530084553452926,-0.007021714887445957,-0.03155666371265659,0.01784750313880742,0.0039446171395168435,0.007907193791172478,-0.0217013989522622,-0.019853555685766314,0.04165440909235254,-0.06465237985572204,0.0014485574794833303,-0.029144234424330128,0.00039413659608365944,0.03634157839100865,-0.0777690962654331,-0.02862957218767886,0.12002649009499534,-0.020939372850404172,-0.07803593581759398,3.964261913210239,2.6215523532868334,0.010871712310660505,0.3581586289251844,0.09182948520907734,2.106621666088774,1.130955783203895,0.43043006869876443,0.5706295902589822,-0.053683690050668066,0.07058810603952986,-0.004361845187424353,-0.09901796243342786,-0.00844228081841414,-0.01621404190612982,0.018689745671558497,-0.011736210086805707,0.002578558911226787,0.000827828752636062,0.006535096137543964,0.08578086497300245,-0.15352905850743256,0.2753649747461833,0.18515164903911407,0.8086627598691267,-0.00529163108718122,0.026635150449744707,0.016591700260529772
-0.04257954086523771,0.05144010104434771,-0.03651888792826608,0.009705889559670826,-0.003219489796335081,-0.009554048004581513,-0.015196124494364105,0.16595448377622224,0.007142322570120699,0.011680248616582638,-0.023664312654887935,-0.0557365752245354,0.10558829206657733,-0.04743516214918425,0.00015205856134057426,-0.015860952644356795,-0.007240244036752376,0.06248775614957086,-0.061466643361507825,0.0017241516063686063,0.1111190208630053,-0.014886373770292928,-0.06258254795964445,-0.553763218412136,3.37457544373018,0.13081269913385185,0.5684704794064047,0.3276334643425273,1.8140868184765024,0.14127890485916705,0.501891711011608,0.09269865603422404,0.3042619056422734,0.029567853500737186,-0.003531872490327729,-0.043695336630195356,-0.00436176687422384,-0.028027343543676662,0.014304733528812013,-0.004668698534722764,0.01270997511949627,0.004197945490155456,0.007421202536944645,0.32817184750714756,0.8933387718886397,-0.039503053253648175,0.4300127653515896,1.1791862055040572,-0.004809228105613823,0.055236722442973674,0.006840389967035806
-0.07780364370569734,0.03587340738894536,-0.030329552034692273,0.0066351041260401715,-0.012712987596656344,-0.005272022430572932,-0.027324205230133267,0.036158308678948654,0.0010672766440531535,0.006028756997185802,-0.03512141236079401,-0.02387912406173428,0.034755520425927375,-0.05499862327372556,-0.00712508759504573,-0.014323320260418654,-0.004099451736679504,0.03477938025156871,-0.04508676094059337,-0.008197993133224392,-0.12286720556852186,-0.027316087387311453,-0.08105613359458858,-0.53515867854216,0.6833651390506583,-0.13682367582297517,-0.026434738702244005,0.06669230124391101,0.2907460603548091,0.2950803983909592,-5.046034438044845,0.15446214694087315,-0.6476009088699259,0.02521835483608717,-0.0031134376777380043,-0.039725120996521424,-0.006660889367580936,-0.023730451591282876,0.01861067827590387,-0.006871800778090625,0.001502732637532754,0.002276934286076762,0.004799852149137262,0.08034028795904746,-2.103320212123089,-0.10142214561093965,-0.37173654969102743,0.26096781971947725,-0.0035185558102089317,0.06962772987870505,0.040829418122180286
0.05819772554343516,0.025747014843405226,-0.07500581581111843,0.024748243051128854,-0.002807430901995455,-0.0053488018360466775,-0.016224692129959944,-0.07325433298234654,0.003772803309372359,0.004349033358945677,-0.01711284721803029,-0.014917967318238542,0.021569923439093336,-0.04051359818979624,0.004894991518451495,-0.01556710364587918,0.0034583647465320035,0.0377808122532297,-0.05228299853143316,-0.010501174457677944,-0.036675433335081914,-0.01562142911671385,-0.0946675039133643,1.6384601460547517,-0.2298861787641681,-0.24704362010307684,-0.7183915961615218,-0.20522823981576532,-1.8413638205391618,-0.7037773698606211,0.1741184996103821,0.17681913206606115,0.20857768911504102,0.03809425738521855,-0.0032155066184926086,-0.04227046711684569,-0.004771376313531517,-0.014567113888511863,0.010639073979578494,-0.004203817547330637,0.0008726643822124661,0.0008002264380465689,0.003470161133469801,-2.677788267496519,-0.43976886217710826,-0.0823924691406336,-0.08195655896037826,-4.948104892534122,0.06308179510464579,0.02339099090019458,0.010412144431896777
0.05431268393733358,0.027132248787044615,-0.08180277411612306,0.029440150421910595,-0.0036353383436184728,-0.0042801824624991835,-0.026360700869200976,-0.09156970489744114,0.005891887717192982,0.005104667417329719,-0.015119538199322186,-0.014145897712164438,0.028120857638457133,-0.045787671653015005,0.010865864598282435,-0.014596063352378329,0.007958788376856547,0.03755906741392455,-0.052992214133568014,-0.01165731924140519,-0.02696749417316178,-0.01614517198879792,-0.09608844777312067,1.9550153579825764,0.2855389423215366,0.09839426677192754,-0.49244894349470986,0.5419428510429491,-1.1794221963614373,0.3914682229397954,0.20035605686375094,0.15746946954209076,0.23823549552310952,0.053266155804611255,-0.0023913851848326568,-0.048695807271728335,-0.006147069481704088,-0.013239697516337795,0.011712436167504685,-0.005978062901094049,0.0014522204135464787,-1.7641431315358403e-06,0.005944341631857184,-2.191073735448687,-0.5324756823193207,-0.1019078951680224,-0.11455096353395208,-3.744958652465193,0.04818495954446055,0.03129809241137164,0.026996874909098675
0.0330603741931431,0.03746597831450966,-0.045588851518857804,0.02249846156968385,-0.002340387078682544,-0.006537258909781357,-0.017771984232842326,-0.00641296537401762,0.004386629002294713,0.003849403709575053,-0.011468887343004271,-0.010688745742201612,0.018874872469591897,-0.026839186465205247,0.00902244450196393,-0.009755451060793818,0.010520068347331882,0.030516026774879166,-0.04072563851397794,-0.0093793322741296,-0.05457493915468682,-0.010775860723652017,-0.07004565751872242,1.9984354080241429,-1.2970162795665434,-0.10713866504263485,-0.8029578216715293,0.6676392587030938,-0.7544576706749827,0.6197189951439218,-1.7194826500223155,0.14964717714238898,0.30826114010858424,0.040800832736191055,-0.0020140182684669503,-0.025289441401418644,-0.007356114122010748,-0.009038302774408377,0.026112373179456402,-0.003938160145005905,0.00526499902769175,0.0005861705214310556,0.004703689082923311,-1.4990435988946642,-0.21199470065237705,-0.05212439055996214,0.12531673304337904,-1.959338352649716,0.06388470007152237,0.06019736698192274,0.07416660638778874
0.060852762304810286,0.02497028118938537,-0.08655004303956863,0.027236296384109505,-0.003974509694300207,-0.0038809051449293745,-0.02598273466059368,-0.06103967956970709,0.006056068254518412,0.005031703113647624,-0.016404084917498608,-0.012529063650378265,0.026586175367928802,-0.04400464021437557,0.007507934610300241,-0.018058128093030288,0.007584524740610465,0.04401600941241894,-0.05858572127070711,-0.009940056200861224,-0.022842046267823907,-0.01583260857550676,-0.09782060101776584,2.3408877294033643,0.21589264872972697,-0.4469943995355129,-0.7301057377548018,-0.2735355935249333,-1.1711073848145712,-0.13882886424454388,0.17600632311582762,0.22987049197531872,0.31965838582830464,0.050101950901824996,-0.0018662111466434589,-0.04419490373572543,-0.006233729673791592,-0.013089238031767014,0.014937842821227412,-0.0043909880181293715,0.0011458892454129777,0.0003965492676145628,0.004425729039645675,-2.9369974558315772,-0.708281335422156,-0.09558525813716554,-0.07235962111927371,-4.722979431051424,-0.06319672812905033,0.02995029086404267,0.011556784109322546
-0.04221438893625673,0.04359847378640276,-0.025132952787662154,0.012679884589043153,-0.0028144186051694,0.07759639102510868,-0.009444520550470657,0.12449816836142119,0.015318884376685047,0.005920844084830995,-0.0200407350057041,-0.07015108013636978,0.07564434489380156,-0.0411835935549449,0.0003494624413463674,-0.004159302836360185,-0.020224503990728615,0.05594671122940743,-0.03196091668700346,-0.009494000038522554,0.03648479197212371,-0.03458390002111661,-0.0673265963876835,-1.132343405429336,0.7187577569392528,-0.21601819824653382,0.42242891812658506,0.23129792476048094,-0.3552906219890245,-0.3829337795797126,0.41816545155313467,0.32266635902368335,1.684183279306137,0.026744001059094104,-0.007759333253466923,-0.02606710359814107,-0.0007642535562870275,-0.02404431206502947,0.013961984876717027,-0.003186062928318361,0.005749517330243979,0.0037140509059839797,0.006124539696393477,0.36041808279982646,0.43840857657811216,-0.0839193779296343,-0.025507986109927775,0.33982867041511416,-0.007113740126799993,0.03821517031061103,0.0205564604751192
-0.0352742199300053,0.0470009316346268,-0.04074484267832645,0.00955079808040948,-0.0049689601500310775,0.02272636076792163,-0.01767903844139984,0.07431452315560177,0.007395224138078928,0.01510062099143476,-0.02607575189991882,-0.023293482171842537,0.07205810403064147,-0.07149077620876973,0.0023968820780957095,-0.005728196737191779,0.0058796287776550415,0.05903247548748747,-0.07118452362141332,-0.024057560417825766,-0.010823258937947387,-0.026717848938655187,-0.09104929485963352,1.4486596446711244,1.2136040736268565,0.6630789558864421,0.48937881829247093,-0.22971989230521336,-0.19152116502929112,0.3888444628028774,0.4615123088986598,0.4028362574889938,1.0068145100212784,0.04116757402634032,-0.015489623763936745,-0.04518394480482253,-0.006962956334872277,-0.023113527611048283,0.021365422051566132,-0.005714625307505704,0.002049103416582421,0.0014873703061543716,0.007164760670244072,0.3732286337688463,-0.08181853496402096,-0.10398785900689508,-0.14896965790600056,0.6145156985693792,-0.009167119432246011,0.027224522563375163,0.04323382214791768
-0.018509676790162147,0.06296138684541129,-0.01848546389168078,0.01320737272237306,-0.0017319543470010388,0.09366987290478386,-0.011733304051855738,0.10487018692791374,0.0060751180974782885,0.011062447292167852,-0.015267943483931196,-0.06152061935563087,0.05422822023101915,-0.03540978681167414,0.003223345663014283,-0.01023350634230848,-0.00407521426695456,0.04521240145908983,-0.04516391594221873,-0.0019931494631134907,-0.14404815551429895,-0.04191373313414768,-0.050739668897126826,-0.5839437715096456,-1.6130588733598155,0.2351188525358894,0.4465633359135978,-0.07961520632764761,-0.43595749823192176,0.4219018609728675,0.31713706982811446,0.45192982360944,0.11684745810431436,0.021372004779422665,-0.0050667079583616974,-0.026162742023369236,-0.0042382341937013115,-0.027376755899643206,0.02706892796744366,-0.00323209814717077,0.00691445720356681,0.006674249544424921,0.0063191811714599306,0.4326279251499264,-0.08389486737346852,-0.07344207291091959,-0.016998823607755727,0.23516400403082768,-0.006203896271386447,0.03978968636947006,-0.14751162672678722
-0.06938761885199973,0.023550248476016795,-0.09153226632611106,0.013948658312564748,-0.009265193504386203,-0.007974817356112454,-0.04436696355547896,0.08083962820367287,0.0036281191547853356,0.012728376345700353,-0.03177287991519083,-0.017452801665404433,0.04144635257402341,-0.08523393109244753,0.002732088693294927,-0.036155487123083696,0.0005862020944545844,0.03538475009781521,-0.08186152536602742,-0.039515404882188326,-0.11360698040526203,-0.015313048096125608,-0.12327812547546461,3.4911320847481457,2.091112367846495,0.06891800322401867,0.595204450045877,0.28413039963862097,-0.607179760344934,0.13608633753757937,0.36935650506009426,0.7266995988027057,0.035505048496653945,0.08734253719947475,-0.004120701199000591,-0.10848134483484557,-0.020150251982736164,-0.01870198170470368,0.018190072079707766,-0.020749958774682206,7.147115865125655e-05,0.0006792185019127412,0.014780357638474375,0.15909061823363896,0.19250803530179134,-0.11816184153318625,-0.06278714546494764,0.6169362085976657,-0.0038399281749368977,-0.011600961545121313,0.022172448737023922
-0.14035801778484494,0.049869597598655335,-0.02628604253910577,0.012889568537637345,-0.003512734256795315,-0.011242963756167316,-0.015620579897891864,0.04459519593807634,0.006043292871054714,0.009392348798620873,-0.02707907124793331,-0.09687164793948387,0.07361621898299676,-0.05420089587049683,-7.059428680263383e-06,-0.012484934104601619,-0.020707721412531528,0.046778769555917823,-0.08651972879987817,0.00017747066644956371,-0.3096068364706804,-0.051466927627331245,-0.06856778129536754,-2.9635836051453945,0.3890138490582899,-1.064104978865484,-0.49558205453084453,0.07290564406789496,-1.2653267948154145,-0.053894222375225065,0.1499712442587651,-0.019076260875316248,-0.4032156674289417,0.02774717951903017,-0.005189319197334043,-0.0359988647551231,-0.006660104352694845,-0.06243460613912217,0.015826531474823997,-0.0050406089821190625,0.002449334583128285,0.004000755518772224,0.004865858016985644,-0.034012018777091146,-1.0014966043964821,-0.1291849677087009,-0.15843468731214694,-0.08782880190572766,-0.006075971361090898,0.027804404893669712,-0.023575541558802596
-0.0961698329733178,0.052298175366722585,-0.04087960193337531,0.013009939286237365,-0.0033152813654457208,-0.006931613440805817,-0.016703624040265125,0.060074302217129,0.007172682043269763,0.01213491656244922,-0.03748646263527606,-0.04590846055370295,0.07846302464490504,-0.05719356518358081,0.0013202230404776244,-0.001849501214447927,-0.004460711511935105,0.06044142626622566,-0.08375087629734995,-0.024046828877158158,-0.056725940869102154,-0.029173983993060783,-0.07541995557556502,-1.2568996885095824,1.6745232652203577,-0.48948197829899065,0.018975778440457478,-0.11908026722339776,-0.6496082316496715,-0.5263689654770175,0.3306074769363672,0.07042173131240262,0.8278142771251582,0.03563565855120416,-0.0034016824674988344,-0.05991034863267655,-0.005824670327420546,-0.05608818175754963,0.01614687553942951,-0.004816014117300075,0.0028237660026717284,0.0030176862905837796,0.005899219217203883,0.19792457174380323,-0.6060218589483611,-0.11444300479764542,0.02230688834700928,0.3550783980899178,-0.004744775098809062,0.00740726620708109,0.018348085829127572
-0.13887223669166693,0.02504978329987123,-0.04657533818576228,0.00805857519558906,-0.004164168415742771,-0.01073714314708223,-0.026241931475743083,0.046152921534141716,0.002545889920566931,0.0024847080649574764,-0.046745384613158344,-0.0165323183146368,0.027514391500294853,-0.06439534828778316,-0.0001942068845975766,-0.013313719837137758,-0.005948034727232538,0.034306628562127454,-0.06389956761562865,-0.00923415180951893,-0.13971347569366463,-0.024635527579322403,-0.08163130075545205,-0.7162423291379033,0.7440723230155166,-0.1987059283469392,-0.09923350056606915,-0.19671190608306038,-0.30440129725420095,-1.1177869030152883,-5.766861659575414,-0.3501388525139994,-0.5221219851625488,0.021223875396418214,-0.0023363114896518982,-0.05313107048334375,-0.004560299924651641,-0.03373113666313596,0.014905234276748107,-0.007358409911148334,0.0018978977563208629,0.0012507464957177913,0.0030301072594978717,0.08572537352400217,-1.6053848058009,-0.11978127561244191,-0.5152425033788589,0.05615094459385943,-0.005911625391037868,0.034858520311273004,-0.15618878267924738
-0.1345465454979094,0.03662740269934069,-0.07615413743798718,0.009106568727281243,-0.007499571333280886,-0.004506624236557729,-0.0362578253748604,0.06458675112459074,0.005135934369461006,0.010301869765752026,-0.03507286462316421,-0.019586609031346052,0.05672268270735201,-0.11873838869291871,0.0007714860443913624,-0.020278632100662376,-0.0012141696666256058,0.054459779770789675,-0.08976916421292681,-0.020601286454933063,-0.12145586659226537,-0.038811653949188736,-0.1026287926145423,0.26178754061029413,1.7642291918829967,-0.1860177308463445,-0.038755184591353624,-0.018036818523753963,-0.30472929374164576,-0.7978746317034332,0.34897393835784163,-0.26199383803917387,-0.6015919094677065,0.04193958720331545,-0.00416789971598505,-0.09348897354958319,-0.008980407949351147,-0.03709203563753339,0.02534341972407318,-0.012386852507394115,0.009642916329009623,0.0008603939261958055,0.004005252892083234,0.04364085642832722,-0.5203829219357972,-0.3066947002390124,-0.2925321590921317,0.3612765268053571,-0.005400370228255171,0.002328802104389303,0.020821278317507887
-0.09524740709689493,0.025723810165670814,-0.08915127968006195,-0.006832205902536646,-0.00593384159049354,-0.006074082793943504,-0.0350616304144803,0.06952433663014244,0.004961991917583344,0.013916521244579504,-0.021874852097249094,-0.016189857334731102,0.042870063611700426,-0.09336610385988783,0.0010832021984587548,-0.026973041320766344,0.00037844053287972403,0.06391146358029812,-0.09646344042635349,-0.03858447407944805,-0.06928612514202548,-0.015332304229909395,-0.125114218263674,2.6531126847880118,4.007319199361712,-0.0019118233281268501,0.1591034296985714,0.18961803984500658,0.4110383048176976,-0.310591377844003,0.45996621170612056,0.3572442051837921,0.6160119897677193,0.0713957902070578,-0.0069969531429613305,-0.08768747339675738,-0.010587589999989806,-0.017079011858567413,0.01922468043612283,-0.011685248039865847,0.0030829278377908008,0.0006262227882962747,0.009288542757327883,0.13498411296370272,-0.09858481665723956,-0.07492625413885697,0.05250595477202163,0.6421881262633949,-0.004725791361286386,0.00029227097834700537,0.017988133988462576
0.0171684152819968,0.038500173409519126,-0.04328909906376541,0.013570144097689913,-0.0037226032784334344,-0.005798210274723599,-0.016139604482009292,0.13327368597465872,0.005597666294923827,0.01531523565364421,-0.0390687422190905,-0.06432991656292392,0.06180687714203213,-0.05275463517050314,0.006023724130893196,-0.016220152684467207,-0.0022368505354579985,0.0710713251449399,-0.06294685948316033,-0.020348562739083653,-0.2691153200004994,-0.03533983145462913,-0.0716940964648511,-2.2023994822578548,2.934872123693271,-0.2202963150449604,0.3715821366324832,-0.5113629340822176,-0.8633899128282555,-1.4658629387705193,0.30367252408625217,-0.762290828005647,-0.19612865805482108,0.03055036342884582,-0.004922480289184447,-0.05608219469763461,-0.006672666132315472,-0.030870985739547697,0.014544733753256807,-0.005877910761985367,0.0013645506346536824,0.004899755065626114,0.004805371501180122,0.07054395158493706,-0.8654999368092803,-0.1728723510522988,0.28252426445313167,0.6745865606944018,-0.004907886489621073,-0.3720483077489811,0.014770374966526079
0.068904595813086,0.043077878296993465,-0.02627619512023119,0.009405582574306256,-0.0035468021706589283,-0.008000791511300585,-0.010521153721895089,0.08038386981909869,0.007565429955227005,0.0063834193089926826,-0.02778922168519103,-0.057058826957829746,0.06277486746137481,-0.047527105910610074,0.0039917813301386645,-0.009531362434488372,-0.020464486947843842,0.08274425811814488,-0.0570774230445677,-0.011639157128022139,-0.030048426131716988,-0.03531240148480262,-0.0667860816406112,-1.3586030533647242,0.8982244931025452,-0.2749105172212369,0.17807608725159457,-0.450480062600924,0.7833712401657692,-0.29259542187740667,0.47670695554239423,0.28920458645752195,0.013739335502288171,0.0202083293243041,-0.0075897270478983364,-0.028331050870823694,-0.004978397173080655,-0.02904602919212287,0.015436398073091316,-0.0036192985030736213,0.009577944337044278,0.006391826810327356,0.005179738693860249,-0.24569873956838195,-0.334528506422283,-0.0945499024117072,0.08419718614414332,0.05464184103942737,-0.004568020814419067,-0.4962370358597551,0.028985014433980088
0.07252063344334488,0.037868584823449125,-0.05236029318936916,0.010636744804921883,-0.009171187941954123,0.007340512331644227,-0.02467549699352485,0.06233469535544718,0.005637743462180533,0.014309459144999514,-0.010683457946940145,-0.019793562203362577,0.05748852066824189,-0.06857382162042389,0.002164780895884147,-0.010313327263757633,0.003965464273473993,0.06146939407554743,-0.0689659495066488,-0.012114991132586742,0.09532370967610654,-0.025465388853640976,-0.08223115582926716,4.127374433582847,7.1676088746078825,0.08127511809267939,0.5565063178500952,0.07579334731280563,2.233274426092538,1.0582399576495338,0.5535934431409083,0.48595481513787453,0.2619523218820515,0.047683618392851734,-0.002994572603511739,-0.05721516687643684,-0.006199999144975957,-0.022453138503096853,0.024653859926091443,-0.00574849723488082,0.0034579069760311085,0.001268262249135334,0.00675488158663258,0.5185638810384549,0.016099422400508212,-0.0654900398536008,0.38565597298400317,1.0369045905678151,-0.005264113096723135,0.07266314145062348,0.031117822892751876
0.054660104308232406,0.026385437678996617,-0.07682746791031947,0.010032091585566266,-0.009602003302846149,-0.005854510664931891,-0.03701879573820746,0.06729004449357716,0.010647464890984589,0.015008433000498402,-0.024871396979484203,-0.01612392374164642,0.036173571853324746,-0.06588404307071434,0.0014516808041640493,-0.016959006245061834,0.003690801031227459,0.04186773867338164,-0.06794214978285947,-0.035069952339407066,0.2948727040705037,0.3816229037425583,-0.1221309576473414,3.8662722718546356,2.6885164433699287,-0.02980861846167317,0.22226551987729473,0.4983041100692644,0.5481685172045447,0.7565173202788569,0.43302820171010725,0.4654202732204363,1.0388995628701057,0.06903540223095363,-0.0013703953836741594,-0.08310068041249968,-0.01026159663088467,-0.015788004727983335,0.01618567038728698,-0.008819663386124981,0.0011332374571006592,0.0004973069871862388,0.008211228118238226,0.0024193858197483265,-0.3379682780896424,0.5179905822988292,-0.0005269183004416832,0.7230972302459205,-0.005638791576392475,-0.021939530263022602,0.03151833641840867
0.011336033276552835,0.029978238825700047,-0.07529661788445852,0.01054859037285897,-0.020318818357933897,-0.007638308153231063,-0.032165791911543895,0.06692017191316266,0.008338209497177047,0.008592592730113867,-0.021048271496430328,-0.018955610525157925,0.039138976557736266,-0.1001076120564902,-0.0002814776582514886,-0.03257936200804345,0.004711591383386967,0.020151947521254168,-0.06725663706773097,-0.019329880944048496,-0.13565532366217753,0.27427698681363977,-0.13384075838999382,2.1715106732793705,0.7615377826741657,-0.5345582843446199,-0.050160509584850306,-0.4421840112861725,-0.957531907719917,-0.13221864513597073,0.3031101948823895,-0.49229514031786165,-0.1446350537572387,0.060813281245643835,-0.0030429397682197623,-0.08850968471690322,-0.014328638304123226,-0.007866755032518364,0.02041962609684959,-0.011503773589950831,0.0016932581338429589,0.00100792776853908,0.0063159590558015686,-0.24053148482167028,-1.214019449197264,0.2623559640237434,-0.3184546348324783,-0.05157664120529736,-0.007460024348430374,-0.41072718466826164,0.01720928015413258
0.030362481407462883,0.029251970941976412,-0.08342447356459225,0.00805453193736594,-0.022603841431213207,-0.009987167384130734,-0.03817001565373615,0.06700870755470656,0.005873576618921037,0.008573795448603864,-0.02447206464774513,-0.018352174133949607,0.04091846958009717,-0.10105566751492617,-0.000940668210067197,-0.03377132238843735,0.0018766713771694542,0.035079337381521,-0.07342137454023269,-0.02202059085436463,-0.1927632541149504,-0.047475889581259555,-0.1420796857795242,1.5368974057530438,0.5011549224712806,-0.7830171100549799,-0.2545682756645699,-0.7217987442650338,-0.7496827679754374,-1.7597634539170568,0.26834649767592145,-0.6074732146687142,-0.6273414391143836,0.04546016615284018,-0.0035505993545809356,-0.08803329530926189,-0.013849048476312884,-0.0149247996768041,0.014405267256175474,-0.008773524207731597,0.0023862769028501333,0.0009629954184753387,0.004314110484256546,-0.402701673717244,-1.8602853271008897,0.03920455046011055,-0.3567471807175727,-0.3974420912579588,-0.007385048992518006,0.009305985217180261,0.019621050787353295
0.015561687223822741,0.031105674651334403,-0.06701492355974177,0.007595866995812823,-0.02140871789784172,-0.008675644363396693,-0.030420602882153785,0.07030194123834936,0.005786553348552197,0.011454282270325583,-0.020355781510772573,-0.019375704318498794,0.041264354079144534,-0.0733680035828261,0.0014063783912110694,-0.020502162196001986,0.0031121721893825217,0.0411330523809384,-0.07068568158360765,-0.02265161448942159,0.22663502982007375,0.31175600323239866,-0.12239501969612082,3.036482929333542,1.4401601482292588,-0.0983233256883922,0.12778764251628003,0.021805130869049574,0.7856347513181209,0.3360703121866361,0.46175426677621256,0.20692600116202192,0.6834141197854435,0.06141720415850076,-0.007172063895931263,-0.061115425429957265,-0.012579536365906049,-0.014312933812148603,0.015422275072266789,-0.014787481175554885,0.002576451219623352,0.000391880300084872,0.009329598724396721,-0.08567021773880974,-0.8454123707363397,0.26994401121183287,-0.20808158323775103,0.5484994189158722,-0.006030856315207778,-0.08992964926228031,0.026138540659177895
-0.010626981747913098,0.04893734175725436,-0.028150639868241845,0.011104650142485155,-0.0021477671758332807,-0.004806714508959847,-0.01841561114587107,0.016884593053666245,0.007446721712723457,0.0067802543890932215,-0.021258201088651105,-0.1120544213719195,0.04307028460472522,-0.057357397216083635,0.0010963672459050923,-0.010318943407202777,-0.02148413829279157,0.03885948710102948,-0.08571616099851359,-0.4225321902348417,-0.29032519860048284,-0.058303032232144426,-0.0652932518249135,-4.08277221444243,-0.2943666868786901,-1.0726900106614927,-0.27411379895559235,-0.18813391962146742,-0.7454359651664985,-0.3314567446373658,0.13348692674070894,-0.00032474204214308036,-0.8110383330450903,0.024983244974519005,-0.008264283143381583,-0.029890295399999205,-0.0019688510847172885,-0.060330745939530146,0.012545352001094608,-0.003482137733846401,0.0036341242412497783,0.00425459616362254,0.00600966773763959,0.02455863362893976,-0.1583744619226888,-0.09813974384937853,-0.2109917202408788,-0.7538520416134942,-0.005875457132666423,0.024032028101673614,0.027169384240508326
0.03850408092167661,0.0375965202021369,-0.016877417126489182,0.0180978948246561,-0.0013769228983655294,-0.007654121768834286,-0.008312408719481714,0.141443978461153,0.009451511326451082,0.01289207512040508,-0.011688601283786751,-0.037965836744710275,0.07743355268336637,-0.03396351770656527,0.003122327093974048,-0.005442948827449497,-0.00538117255549466,0.05676721776264747,-0.03962870508739553,0.20104671191699697,-0.007844380736473344,-0.03444855427901407,-0.035309855764379554,-0.5040286773923159,-4.917741879853171,-0.05907664300006105,0.20306242698782265,-0.09514412789434726,0.7634852841984022,0.17717529377678318,0.24726645237178738,0.5479827926722265,0.4284365756984898,0.01720939340724373,-0.004487172601797897,-0.017596519367988485,-0.0017653621406632733,-0.019409376782435477,0.03986981962385795,-0.002424903667512229,0.013522265058195327,0.004561883389850076,0.02300936286050984,0.4393523560656934,1.2060007746882495,-0.03559414837214028,0.20335049692516097,0.3871207137232021,-0.003930590706873022,0.027573989480050815,0.03202879568822191
0.00471038501103777,0.060408419055406885,-0.03301780619794382,0.021945952553104674,-0.002458280296207007,-0.0072572033663429745,-0.023761261953869354,0.14986471277099547,0.00903358758802244,0.010385633553200607,-0.01933428387834092,-0.02794711877227166,0.06508028373673605,-0.05940501920579154,0.0021567266511480746,-0.007717568826904698,0.007374901140276391,0.054573970839244666,-0.06751240125997668,0.47236505316627203,-0.07233354189309903,-0.04181915185058993,-0.06646138491494298,1.1561947581168193,-1.052767376206584,0.44200633303517195,0.25135350018791724,0.2796486320922358,0.5048870435757047,0.47292579637160453,0.3601078084892651,0.542645996055073,0.13677605684329258,0.03321219613917742,-0.006848856260504877,-0.03283844246984242,-0.004108532507970075,-0.021373944206180728,0.03192436915612308,-0.0036822160548822774,0.013543588910409871,0.006798679347322909,0.004642111943459769,0.45752507175717294,0.40689884861701736,-0.07536180732442263,0.3333363441311415,0.45523614413554714,-0.00545667121754768,0.028625604361542184,0.07831179138368503
0.07597283598004066,0.06669639391500265,-0.02396412711251226,0.012154167049746393,-0.0016865504105585344,-0.0042498404523295735,-0.016819811633898347,0.2004987788175238,0.0017336921140611071,0.008669973077318021,-0.014367621520895433,-0.054408465540313235,0.05255026528503765,-0.044645583931031796,0.001700307669465602,-0.00897280214650239,0.0081734177699694,0.05951023190973154,-0.05921842166018132,0.23547920151909693,-0.1255004865312345,-0.03773249812271932,-0.05723740883855659,-1.3618871225843554,0.7436761592434001,-0.13440501218169126,0.3564379923730183,0.5923107427046946,0.37511116569620767,0.3952851408910989,0.4056369617460451,-0.8288584779837397,0.2035259674266083,0.027213683141326956,-0.004657298835107154,-0.024962349458675356,-0.0019554166126588184,-0.03253231211535888,0.012912630806779849,-0.0032714962954032015,0.0042990185953943865,0.00354299192415466,0.0071242154165802206,0.36645770088386853,1.0117393942097699,-0.04380126156984109,0.3580612613724763,0.5601930852325264,-0.005035897343959011,0.05139852494281547,0.04231435535555737
-0.050627431123249425,0.06201921749526385,-0.023191159332661766,0.008667304118340723,-0.0018921944031438354,-0.008611834518145891,-0.013916532243488008,0.13882342155240326,0.00673183346920259,0.006545030368890918,-0.03010422408970723,-0.07807636078721374,0.06510875187612815,-0.042782072392043916,0.001337908457522781,-0.011319661112156052,-0.020756813610419606,0.046877596081035366,-0.03884093962588804,0.0017656874862974374,-0.0773813922689438,-0.034959350017281676,-0.06212931011127007,-0.30264496261621016,0.49093138265574693,0.25883721221175454,0.2814942060671108,-0.032072155970586776,-0.8734583045248128,0.20300112750570243,0.41857107900262747,0.37261836140213467,-1.3651849247209142,0.021913357974501092,-0.00430775920057336,-0.031081174050514068,-0.005210404913695397,-0.04481544454952595,0.01156419044020006,-0.0032559349002507,0.007083787109400389,0.003365100645779628,0.006802658816571729,0.30156263886847234,-0.19447125400314236,-0.06742368413396614,0.3658799146057771,0.4477124251277376,-0.0068545013449264275,0.05534129734413595,-0.05914254192761405
-0.04775844262885571,0.0566116435396747,-0.020382128615618743,0.011234633950740336,-0.0015219604292950714,-0.0056246946037484665,-0.01012853998690825,0.19131071486608064,0.010835135457798236,0.007431397955706889,-0.022355162507560783,-0.054791159235498,0.052106409384018705,-0.03099609955176384,0.007418988619811335,-0.03058223497192123,0.030105469156341397,0.05051833906205359,-0.030615359326115386,0.0008051951387234219,0.3938697279231821,-0.027484760220746973,-0.05049906777923362,-0.54286889740335,-0.9927515054424086,0.19363247203703307,0.3575287073966536,-0.05971778213818064,-0.6775391066879031,0.8497811692728037,0.21577624452421937,-2.0746218735524025,-0.09232762114808309,0.020796837807208292,-0.004975155236633115,-0.023911005742325575,-0.0028224201899035815,-0.02979725280100934,0.022702772254573143,-0.002129430146042302,0.005131596484681854,0.0068840591426908345,0.010488420876236118,0.3399888212161054,0.6733717674826095,-0.04833177368862307,0.40350940706796484,0.21435069657963501,-0.0058103963896244505,0.03620393787674557,0.019670612318106833
-0.045299073577328215,0.06467780787212181,-0.023862513057425216,0.010617894571872634,-0.0021369434337233733,-0.006841456623018412,-0.01217824871931909,0.13773746674617385,0.013029627991897778,0.011071190862722898,-0.02090112297269777,-0.050352925178384605,0.07522122382884716,-0.04462175717104559,-0.00015661613496279373,-0.009945874505248793,-0.019847303581156595,0.06029386417225578,-0.062355083403526926,-0.00023763322406881575,0.012363730715439092,-0.038052301128909775,-0.06314970305116761,-0.5625447959344418,1.5348051576487034,0.4430112168286493,0.33766108846007153,-0.13813521246156427,-0.08418175061388095,0.5514790312111902,0.5047598990302736,0.5244720199292543,-0.10720102054020658,0.02844654381789658,-0.0036818951408151505,-0.03219629120528303,-0.0045857286133313725,-0.023980943300119607,0.012229824933078523,-0.0035244810498447827,0.0050172525740359445,0.005272420995258022,0.0074529439635737105,0.41978516215999995,0.42512562153141525,-0.0658807595710515,0.35053893352575133,0.5691425951749676,-0.006770358634223382,0.0673622924923418,0.05052394539294784
-0.04731210458226903,0.031501920938579606,-0.09319414365360836,0.017808671622824474,-0.00636551375556271,-0.004819616510497872,-0.0334077273981072,0.07036862211857506,0.0066297389785395875,0.018560008343174082,-0.03302670807062268,-0.02660162544374749,0.05528648229582232,-0.0836124405507698,0.002412923682179806,-0.02423098912036025,0.006923977526642014,-0.3161560552562871,-0.07148946796887573,-0.02644976851876347,-0.020765331698197186,-0.02580512602165937,-0.09427561527451044,1.7978225328348394,2.3834476415228907,-0.01655142898130516,0.17752290962760972,-0.02712834983734089,-0.08058741653537045,0.11700072206167401,0.3791540244603447,0.5767106311332398,0.848430668564822,0.05976343887999443,-0.0049914371104218865,-0.09753019443203093,-0.007862803860466014,-0.040057720938543324,0.017738250063730494,-0.008787300030205995,0.002193986982052587,-0.00011111937394087824,0.017894642860158762,0.03488782514844348,-0.5317985831398484,-0.17287380490567525,-0.11486335277063504,0.12765331168724514,-0.005830036572554654,-0.23482794056845452,0.025004738902740797
-0.03918282729197401,0.042307305622444565,-0.06461366238925413,0.015046627800175256,-0.006609384560110882,-0.006099094778396165,-0.025154433293846066,0.08428187232157994,0.006956302833884258,0.020145339534805722,-0.03451851753160837,-0.03568167892814638,0.06244460649745946,-0.07912845822082186,0.0021953254967918383,-0.01628792481088547,0.01283624053586245,-0.3629875869412697,-0.06746791433825698,-0.01629264478684297,-0.022266798186660337,-0.040944075137020544,-0.09185690717086731,0.6635668308948045,1.5745165721275034,-0.2021912536522481,0.0036384946431567327,-0.09372502380770044,0.14730254465142747,0.15237185789365842,0.38288230917787824,0.2734789364385632,0.5007743193140665,0.046816397472508445,-0.005453577854745078,-0.05854552832363167,-0.006420196896049207,-0.04533150781829854,0.014607229496360485,-0.004843032485029378,0.0044586731142557245,0.0016461646265135492,0.006930610967644534,-0.062207580371028894,-0.6683866065041135,-0.2298298684462805,-0.12790947937653413,0.20043546053396646,-0.005885550092770553,0.02978500302513577,0.017433760031985962
-0.05804910639395595,0.047656188011446984,-0.03476980012741365,0.01863390559273447,-0.003996284027328571,-0.006565667839881743,-0.025503126444351588,0.07007618645905132,0.005036237838700343,0.006649275270539834,-0.024165205057739086,-0.037997317805543794,0.04778759115135933,-0.06498348442348599,0.0025835534739115295,-0.011304854731863007,0.008921519203453843,-0.274285671121605,-0.05496093171647867,-0.005447974453879491,-0.20433040807412203,-0.029585691942744803,-0.08121433781704701,0.14731114727272537,0.456550603964563,0.064225433937573,-0.062186583401662006,-0.17087564122725776,-0.47504092327006353,-0.06031327610125329,0.4203861475092623,0.2235565303953453,0.3017550521341735,0.036422117434389625,-0.004018335103779873,-0.04180493238255996,-0.004989512183272246,-0.03858608291189639,0.013729922260123782,-0.0031642286147550644,0.0027376851458367542,0.0008017097646304725,0.0056988451136937195,-0.18668229000740577,-1.377702306487749,-0.12253763139895506,-0.0579540671785,-0.1502642824564992,-0.006216403338710256,-0.24808867259025835,-0.18263619498191128
-0.025289064521659792,0.06260300272108198,-0.02284207131373993,0.015257303291044293,-0.001178840520832023,-0.0035886544210559645,-0.013094466454217154,0.17339274024869272,0.018600427054233256,0.009132816741630589,-0.015663464369951852,-0.0426107982439488,0.08919103431423087,-0.032811643434208115,0.0005450695677060162,-0.007846785760010952,-0.0045471852209929275,0.0693875299500095,2.140117415952799,-0.0037682040670208856,0.44035082699427,-0.02208775813165974,-0.06178431711422821,-2.179068575661278,1.7313944822181575,0.37978761395921834,0.4519086731882399,-0.19108716392454372,-0.1399326991911591,0.4917157063025546,0.538688823771209,0.5058959509842454,0.802096668117844,0.028303877847123734,-0.0034931854662208555,-0.024099405417075812,-0.0030974996634074974,-0.01943660706106112,0.023242381122733094,-0.003819670669313373,0.005275691123364616,0.007893915701555303,0.008798575016201527,0.4723199210723694,-0.2583918410298035,0.40854935098786493,0.09357273065475256,0.7042587581558518,-0.007449794504103814,0.06477878516485476,0.02332209901284431
-0.03970454562138196,0.05213535951209658,-0.02085638410464284,0.009868422012112864,-0.0038724474173501182,-0.0040112690691190105,-0.013973761278496399,0.06474936133172435,0.0067763487416190715,0.0055979162502294184,-0.01975658582465274,-0.042972892049007894,0.06093904293078176,-0.03362228379005993,-0.002717956968860092,-0.009855546127944889,-0.004899106346166029,0.04848132914979473,1.5813687454253404,0.00043420508586102777,-0.020287433063632607,-0.020742580903127295,-0.057528304965832694,-1.4331866190239648,0.5744847539425556,0.13612912705719019,0.2540397978564475,0.18123028728850554,-0.4287431197935045,0.3271120480294876,-1.5238177522188596,0.40473330139964653,-0.08118275993293199,0.019597504774873282,-0.0028388507036842896,-0.024574290528095608,-0.0049896754107771205,-0.013663179162191544,0.022164914471229716,-0.0038117024567646375,0.004753202733528861,0.007098946597586846,0.0058723948996628385,0.33338203081117407,-0.5092695900420301,0.12890592104805182,-0.04918159182871411,0.5435490253806293,-0.005533503855359279,0.09622397158076623,-0.13441445629282353
-0.028632450283323205,0.05942378851342038,-0.027961634392876047,0.012688716339135077,-0.0017779995535300768,-0.0016802993418651975,-0.014576019640551935,0.1397682247902032,0.009272481425506946,0.010171228783363202,-0.016120464416034486,-0.044411275476564954,0.11361717332340639,-0.03608801573692846,0.0043646650416440886,-0.010702797121858737,-0.0010027814713308313,0.06517380730356312,2.6941033800396172,-0.003236098799270634,0.5410737913000735,-0.020249614667549314,-0.0653826146399031,-1.7727000492778977,2.37067360656651,0.12656548446064395,0.4013936691902351,0.4566047786807063,-0.15309584943533258,0.5044582066096408,0.4785256516351686,0.741404848758575,0.5255896656790632,0.03281905303819019,-0.0027448852132326115,-0.02573200429536733,-0.005557723281493085,-0.022758611575111536,0.023314686907576033,-0.0038868237628673415,0.0046203768013649395,0.005541479028245526,0.01265293662719126,0.4066225016418533,-0.19338204492785635,0.6552570790533244,0.1407765699127588,0.8770278833031159,-0.004489954124225643,0.05058341263597433,0.019368057092156048
-0.03817400573502987,0.04978102439820175,-0.023981639093850114,0.009440286487698324,-0.0019815989835580347,-0.0047204700679757535,-0.011650775821324216,0.11928328878075053,0.008560589076094803,0.006343201875463051,-0.020003697245194043,-0.0858245845891025,0.06665603777743896,-0.03696915675083,0.0020133884026525095,-0.010280495038991288,-0.012342894684471325,0.05977386485801469,1.6370383977688552,-0.002844445423869418,0.2618877659390457,-0.021522160973369304,-0.06326944177644614,-1.6593885592275546,0.8697726882961649,0.07469916727232344,0.23896363936541318,-0.09407043293024846,-0.4342366919657679,0.13304499356028535,0.46729662170961944,0.4208033416367956,0.8043761868117021,0.024392866402683067,-0.005823636833834986,-0.024408994903356514,-0.0027872997051463983,-0.026165363691604427,0.018700590414316612,-0.0035551315062926233,0.008487012626745167,0.004207070873816581,0.004257923305572234,0.34567443064033726,-0.6852289512250905,0.2837237597626738,-0.10910035759032624,0.25803077069911073,-0.006863894014296143,0.04096582506730608,0.033667440162258595
-0.019809121396931167,0.022183904647036845,-0.1266605300009777,0.03744257269087603,-0.011440441812940717,-0.004793051044121675,-0.02761107476053984,0.07109046783494329,0.01001655848822694,0.006766465632980917,-0.031483788821243544,-0.01575865241052929,0.02952331370164065,-0.047758848787675286,0.008184980189147595,-0.00910826124212122,0.008562310704539383,0.04449246359467245,-0.06049183946974119,-0.018040965737935236,0.1298108389124939,-0.021692864462939748,-0.11686649686926805,1.1941571264004334,1.6030629528914961,-0.022936414308772298,-1.9025058281205627,-0.5676198915788984,-1.2548349425369862,-0.38417534886431176,0.22917293942368938,-0.03888536494593533,0.09635917096390878,0.07041377644933482,-0.002512211828057441,-0.05691334756021577,-0.006643742374389833,-0.018906651930123863,0.012061265352180972,-0.01385857036572173,0.0008771769436119012,0.00016045413885008698,0.005319565277415305,-0.5843714206578506,-0.7937714898639229,0.18470129746107053,-0.21757703689173652,-2.962450883055719,-0.030065523209111017,0.0019923362321212614,0.01934565830793217
-0.02935917458008064,0.025044823513791822,-0.1083959463988185,0.04941025763867917,-0.005223344486916048,-0.006056509486034416,-0.03546116024141429,0.08071858294393607,0.011825343680220868,0.012661078855278679,-0.026587330722919283,-0.020376559542863482,0.033876228505292906,-0.057407367229886506,0.00970929710934249,-0.02222346800753846,0.008797197640585997,0.04250587675174477,-0.048327135677494956,-0.025737531752609368,0.011010243268361532,-0.01617242385282577,-0.11157679761785062,2.9209326249997036,2.4487062718711607,0.21912057628812884,-1.4391161230940384,0.2158492240809804,-0.20297294501825094,0.36162265263003057,0.32565806984933704,0.029858593417040603,0.4893604117851093,0.10428011456199314,-0.005251411474528653,-0.0689944459569652,-0.008720792717235162,-0.017281126483691376,0.013752889617633329,-0.011128295740111312,-0.0011475342554875504,-0.0005847290552664989,0.004967306790152304,-0.3363993404968173,-0.342594023772022,-0.08679101412502575,0.023145179860058148,-0.33737866101125963,-0.012912409203740793,0.02894913288245449,0.02428766354634361
-0.03743360488872364,0.023467716716068662,-0.13526173362378877,0.0469688119355729,-0.006688863926247316,-0.0036592959703729746,-0.03656851689147176,0.0612824781488647,0.010373274601150912,0.007911502605490117,-0.025492815549568924,-0.017960950493261407,0.03179308953649179,-0.05141872075449511,0.0081778863534625,-0.026748205970169414,0.004799210123486962,0.034879852582149005,-0.057278961271472924,-0.018396175490831407,0.1492801139742319,-0.014842434585073177,-0.11744604569429508,0.8192864727920025,1.8041759502980514,-0.09397124685068718,-1.8885848300565722,-0.33066925043516643,-0.8531816909142979,-0.038391722815850376,0.2418557310709368,0.14741102487285318,0.19505947857659392,0.09378341719227602,-0.004942671653100681,-0.07127486900323142,-0.007227803011828014,-0.02370198618683047,0.0104061855525869,-0.015471933215390522,-0.0006122194357549824,-0.00011657150600005484,0.004972867907319682,-0.6194956976097664,-0.7296199301391904,0.16215348849857175,-0.20568585252958949,-2.7468051109119234,-0.022913757615732017,0.0013026975373773646,0.024720142528124083
-0.03466944148164702,0.027585233152437823,-0.058952070564229575,0.029239496304134128,-0.002562436810212106,-0.0043237128571308415,-0.033728064724298366,0.04158223267758446,0.0019454066173225672,0.00426390102965129,-0.01720025183536117,-0.014643889942578822,0.02372173596625085,-0.03512783003620865,0.00426771726402085,-0.013927878228271264,-0.002451904742491401,0.031973779714240085,-0.04111318696010593,-0.006914679200801508,-0.136172473513,-0.014497654066595013,-0.09552667406620022,1.5256882245852588,0.4465539672962541,-0.05876972492546467,-1.497532011815642,-0.17226323755665202,-1.130611178800253,0.35354077529953054,-2.776644246562142,-0.15450172240385654,-0.005338714332665526,0.04779153061305504,-0.003572806303003867,-0.037592028951267266,-0.0062653532918896205,-0.01696350471305262,0.012229126090083935,-0.00963066287418591,-0.0006482078205694227,0.0034135769786164216,0.0032851461595479257,-0.6609556231234106,-1.3649557617344605,-0.05331844748378767,-0.14886993265083465,-0.7159496035878992,-0.013527702701312906,0.04663314518641053,-0.1122879967121431
-0.023572282662227752,0.06715806089444,-0.02689280527977998,0.009343434906599227,-0.004187291016162519,-0.004784053393813109,-0.016901550429036516,0.13100906457624562,0.004173434290746755,0.009944720244788355,-0.018208336086022098,-0.032666267876381265,0.10512156834500029,-0.05792426641869964,0.001741432543952029,-0.00952822578484801,-0.007360082231611588,0.0719363104394457,-0.057619483774248886,-0.007313585861583888,-0.14853788448151134,0.42856939477358075,-0.06650579878654038,-1.5801535627355292,1.4362169089657633,0.2084885059370123,-0.5676263128996506,0.3154608459834827,-0.4095876255517944,0.517927772904173,0.361256950851576,0.6541601388516064,0.41992245173193526,0.033863797328904925,-0.005774888899978175,-0.03597708578313857,-0.00946718307456907,-0.029445633715457817,0.013716949677141044,-0.006272418373911845,0.002222794634924642,0.0017933773501929318,0.007962357522713173,0.20439404512753998,-1.12404760233192,-0.08864185775446708,-0.06438038463500502,0.6605482511774933,-0.007908910553645836,-0.06173010461703158,0.03944599331845999
-0.02083101055588899,0.05004464100675277,-0.0555286951551976,0.008942550437946282,-0.005680836724560126,-0.006835542893673402,-0.0271829008208413,0.06310668237254152,0.003644496937557862,0.011214302514868437,-0.027420114653241956,-0.018835978446714124,0.04678937711817454,-0.09015657970111506,0.0022866694747287085,-0.020357726675179648,-0.0017166146981725382,0.04862787647949994,-0.06735776566165062,-0.028075328779354067,-0.127155387095169,0.4485769968527959,-0.10053439885707237,1.1630800593336648,1.8284255630989747,0.1038225014378611,-0.4429255294314551,-0.07300168764234187,-0.44391905290779893,0.2959451028900781,0.40096801215693983,0.48630168637147503,0.7075833766457215,0.05837403267378557,-0.005466499025108097,-0.06025617102682474,-0.015601664894400877,-0.025124768680036953,0.014938934209311428,-0.008350799606917675,0.0002276306525480617,0.0007550751549427022,0.006707124389239395,0.16671369156908622,-0.5803193741246077,-0.1612831107572793,-0.07804050172387242,0.4967532947413456,-0.005926359254910687,-0.08036262856529022,0.025774213055591376
-0.03363488375273786,0.055456449908484494,-0.03925531080758436,0.00813065564746368,-0.005703903335718729,-0.008753582866150533,-0.02585200010329239,0.056497218102908024,0.004054281472300762,0.010905379077679245,-0.027631724860504765,-0.030669002656077457,0.04907512232500831,-0.09509064195484063,0.0016813324628991715,-0.01870552549763954,0.0009060448328923631,0.04305313871748116,-0.06449572055177631,-0.015107339232616075,-0.12360318812552734,0.43598984287453346,-0.08895949335097958,0.8730444634256642,1.130583015327288,0.014688062498211703,-0.3550848350103781,-0.05807287998959667,-0.4992410379580073,0.2228397338708511,0.33842128836930396,0.5249628272069649,-0.1481573578904576,0.06282126724719977,-0.005912837835520779,-0.07112866028901427,-0.01668371785242234,-0.02282481841427749,0.01567198849428678,-0.007093253009624005,0.0014953049788958522,0.0014901469000527608,0.005395236900602363,0.1797605410656745,-0.9147955814663361,-0.14768325426821396,-0.0766238093342687,0.4465734016760795,-0.006900647198798323,-0.11435692734349076,0.035883010827081896
-0.08957269527426953,0.029980087721843497,-0.018598394632579493,0.010890533969271525,-0.0031149841622423063,-0.0002114393731104578,-0.009325400979701621,0.4059452549988584,0.005182326558929283,0.008538646498085598,-0.0154212700440182,-0.017889446642718024,0.09055457552313166,-0.03725809179493641,0.004529547857920809,-0.00877351795215557,0.034569006256499314,0.028940364772201757,-0.04406560823777415,-0.006291042366969908,-0.11356651922210571,0.39295247230830377,-0.03935234356009141,-1.7906487078105289,-11.81775081006082,-0.15624130917562035,-1.9102454339331278,0.0012723017709499712,-0.4016719523529201,0.28262556567540204,0.15841878162501663,0.696503998370042,-1.369501071661266,0.019823246668490044,-0.0029125090164014255,-0.02613070330434246,-0.00600658678308127,-0.011003872970426057,0.02513483558051069,-0.005018394849758875,0.007455016999581166,0.002345367916093692,0.014604335598337237,-0.3233934025587771,-3.7800784347867142,-0.042458165150802404,-0.4542347755000049,-0.7585781989964052,-0.013733392701817688,-0.03605084680365057,0.022008035846301743
-0.01356911879101455,0.059574237122495925,-0.0401492780276722,0.009538165516138569,-0.0036742639414018745,-0.011677820341146066,-0.023920376032391465,0.11961842369323455,0.004751513131037772,0.021098821034736023,-0.02853808771424229,-0.02278466219996536,0.06150471685877989,-0.0931831034839421,0.001897610449101722,-0.014752403023307825,-0.004141660531747923,0.0472841817661073,-0.06569604273672457,-0.010078279079089758,-0.053109583549129855,-0.025838531881690066,-0.08426067484897658,1.7510421234422326,1.6836284723945703,0.11097431831663714,-0.4436585792607933,0.3898665903939118,-0.13208278636594323,0.4456129914357386,0.4211241156188957,0.7590077787019102,-0.023170965147551358,0.05969538131906637,-0.003692771834563869,-0.06645355665153713,-0.017546147307068227,-0.016786936173485235,0.018956713819979668,-0.008089418528489543,0.0018598019874596777,0.0013929669972989143,0.004048924424214144,0.2102561953209392,0.010429332394462502,-0.08792772178904004,0.014329506716388347,0.6316252693580828,-0.009457650564584941,0.07089082436224638,0.05676242211841107
0.06500646866240369,0.04901909688383602,-0.027859578362513154,0.018769650276373284,-0.002970661590827117,-0.004362188616516889,-0.014820475343890104,0.14802675969001808,0.009128301300223986,0.009016993541625707,-0.018275642213768234,-0.056593524012145936,0.054633349500441845,-0.045095949052991205,-0.0014618714971021476,-0.007463750092247235,-0.013392165457392097,0.057266824999746446,-0.036850203362831,0.005951173003765522,-0.09416794125306914,-0.03095249435055903,-0.06167386386727957,-0.8045814263113844,0.9591504475925032,-0.21428993459926504,0.32078659693933126,0.15524629183001992,0.648402839801855,-0.7719386260327208,0.5442882998160378,0.5684411659520586,0.07999964233422514,0.021852243064683308,-0.005537067131207525,-0.0266796589982515,-0.005450580590834575,-0.035694058508791066,0.015635721547543207,-0.0035330690842844134,0.00652005325243761,0.007017986928897606,0.007345504528650308,0.3632414845492833,0.516560427629249,-0.06866189836894582,-0.1120210475609755,0.29927234828442423,-0.0053374205336056205,0.08428702778218529,0.03138470582393865
0.082333958738884,0.04649978502225367,-0.03603029586378719,0.02110764875455943,-0.0020722418270610666,-0.005110066223706534,-0.016938117765572268,0.16394566885136722,0.0076148478522267875,0.013824985568839055,-0.030238214290139558,-0.03947042666557795,0.08083947796557205,-0.04142769764136907,0.0006443589924900858,-0.00629572667500317,-0.012240746297743667,0.07217799800303121,-0.04120727950993269,0.000885396723638074,0.13530019844042226,-0.02044276300399763,-0.062007737656819675,-0.0722250158776906,1.4002420089691252,0.23817804084171904,0.3266682550858375,0.5292094042013996,1.097195429494228,0.41221746061905595,0.5691892945660707,0.3747727624251035,0.297967271223553,0.027702007292976477,-0.006335734531994161,-0.030389571290710446,-0.0027781348713870565,-0.0387364959310728,0.01366988944462868,-0.003468429874344453,0.013099681428479582,0.004536783017799176,0.006280160963015649,0.35772095442083146,0.2967738910926272,-0.04056207083767043,0.10705913960690862,0.6423602655014887,-0.0049335633749949944,0.08671355217815262,0.040180138893342446
0.05194526523379231,0.051372924254976506,-0.03682433385794302,0.024672688402207266,-0.0038093519227032587,-0.0046499824443093085,-0.01957701044217958,0.16564413629441935,0.008293900578198279,0.012259076964941898,-0.030009563474942054,-0.05183110424244384,0.08400412689331666,-0.049190132886354966,-0.0008203669973172287,-0.009424389108969153,-0.020919604390766684,0.07576512118095818,-0.06619390734565307,0.00019412849264219799,-0.03385765779182259,-0.030559411003563717,-0.0663479116147788,-1.6082767975932377,1.6882065621333329,0.35413311532570885,0.2521894091464803,0.4306872567868333,0.19646647505156864,-0.6515315939273214,0.40129911927251927,0.5000591704308992,0.20832463865652678,0.02954475964814156,-0.005454101188567064,-0.03611983991194648,-0.005175061979767517,-0.039595346582094126,0.01764659259246381,-0.004292069852350037,0.008427574472176456,0.005066644710560472,0.0068385188592566355,0.3651346244727431,-0.7950790435113878,-0.08792523014171505,0.015431244182115505,0.14955514735578349,-0.005182971020563744,0.055320648936079575,0.03345815662222019
-0.09292505064314653,0.04075002687735914,-0.05426927010948201,0.016699431861889404,-0.0031272693310761203,-0.004479988879999281,-0.027419968490227428,0.08396431871987835,0.005335824282765995,0.015314548774785483,-0.036963862930392014,-0.0766671646721095,0.049819780379068736,-0.052783651481049826,-0.0006253636286672006,-0.012481145777714722,-0.01651235668223727,0.06289431796214892,-0.06430604580654901,-0.008028327819758012,-0.14019883979131625,-0.044645794983745914,-0.07385709205159458,-3.6736484496772626,0.20068317682746611,-0.6507310592575248,-0.19258287090973997,-0.9385367578553704,-0.8449980154811637,-4.277138142456628,0.1627849346394887,-0.16006708964247546,-0.6359433309566855,0.02575707674576067,-0.003971653167046012,-0.04051506268835304,-0.007601727919265225,-0.049784858666737465,0.017288778109633588,-0.004943217194036152,0.006299577709461907,0.004059943826910639,0.006035112803012955,0.1668500417290415,-1.9053903673696562,-0.19225014635628046,-0.31456866244925374,-0.654530602973359,-0.005353973118170029,0.008754199319511826,0.014601409894117635
0.04505041303105946,0.03181333150094293,-0.01695702302887324,-0.612501888050005,-0.0020008738154021657,-0.005546533480988598,-0.009539144495781367,0.10143097427599648,0.009029117999768294,0.006875081278481131,-0.010353040459677785,-0.018722424803152508,0.11005071907484107,-0.027089566319913133,0.005499264040791303,-0.004335815091334134,0.0032023562393520577,0.029035717599859057,-0.03300247574944449,-0.009195124325389003,-0.06380838396926064,-0.019754115379913343,-0.036122836012420514,-1.4987326951261604,-6.193989312440115,0.3506108765919868,0.30423013233773427,0.7236151826778978,0.40479846945462616,-0.1645718949969191,0.28760314152759303,0.6814687597657986,0.5076050814037817,0.014592482291804034,-0.003555104583858342,-0.015266096100115301,-0.003055569070192119,-0.016551785544313045,0.023311379551807048,-0.002656061725126937,-0.00015788045165648104,0.009076476020382659,0.02176594960803763,-0.7370123867884997,1.7180187620083445,-0.04161599983395244,0.11284738196428894,-0.27641010745804917,-0.005054670047826475,-0.06145002481588414,0.038775612524744714
0.13754863055079034,0.024685236017916515,-0.08075023607650844,-0.17781845080351188,-0.005165535233923211,-0.004702823837208611,-0.0358609586025628,0.07703652454493988,0.005074334155928438,0.023887530812667684,-0.017268992184240994,-0.017184944202182018,0.03872936098506972,-0.08437583455989496,0.0014595955002122954,-0.020090355172104318,-0.00015288988494578323,0.044770617123399276,-0.09830508107519795,-0.03736007638518534,-0.03011062637052107,-0.015919619649983806,-0.12005909533787923,3.46718818549582,5.7090469936866155,-0.14764574596596414,0.39023268260016164,0.39015433996836274,1.174732540973712,-0.32308143260788647,0.43252367104789474,0.5841853337884272,0.8252610247074003,0.06838018421377949,-0.000368415590768753,-0.07695970896828686,-0.00780796784220831,-0.019761943457571023,0.019297361276164396,-0.006935516969713351,0.002250892605021507,0.0023345238047099205,0.007184107652504607,0.15432848756405376,-0.21508068686193468,-0.08007028505222717,0.32699832103538745,0.8054856630321173,-0.0045984202767899275,-0.015680242059146043,0.026250859412207752
-0.007247865830796806,0.023102858738636763,-0.01898081327871583,-1.2979064650599683,-0.0021943058040567462,-0.005235951083186616,-0.007236528012463672,0.32592738506933366,0.012334600775143256,0.008090726239830726,-0.010318613620855538,-0.024477792031924166,0.1435564443880773,-0.03344549491816811,0.004581734320865431,-0.004387870088321673,0.022673347368783524,0.02978781844491598,-0.06262865326982861,-0.0075720703660863125,0.011091809386832425,-0.01570428792295126,-0.04035154634317339,-1.6559080111599251,-12.030468521129803,-1.2172730318393064,0.2037184603051102,0.6721781601400194,0.07394402907297912,-0.363999543159794,0.14161828204564128,1.035084544057636,0.36543449843890663,0.01680693598772399,-0.002703046020273612,-0.019927584435231304,-0.002812818584849643,-0.016450830008285976,0.03017787484681329,-0.0030849348180077255,0.0018514552021368395,-0.0005932815635963155,0.019895566129512116,-1.6857148306395449,-4.141632177158862,-0.042192911672033186,0.134397630343938,-1.044419507464094,-0.010099471545239033,-0.1287625705036902,0.02045915075352109
0.0054303255970012424,0.030458765497493875,-0.018478254739777232,-1.3282934114521787,-0.002648990214679393,-0.003791802278067638,-0.008023112896943463,0.2743670521297839,0.009442201968536795,0.007217946445535693,-0.010764719164905148,-0.03317745566706682,0.12022887346102107,-0.037577876065189274,0.002578219562206847,-0.005501850730163357,0.0031011313688959425,0.0333025697478126,-0.07672484651968697,-0.007309946193367927,-0.013817134608315136,-0.02549612476835388,-0.04071438854865253,-1.8867326535045663,-13.442074901904832,-1.074618555430403,0.14904891483882543,-0.6713062205196088,-0.03985776219199258,0.18282713976102027,0.13242700225657408,0.2923963828257683,0.20805429546416435,0.01714065972266009,-0.003780980584329477,-0.020400864892326342,-0.0023952210869052654,-0.012334738188416816,0.022331625534513358,-0.0032744666953932297,0.010353334316317514,0.005607792245108436,0.016303250338337478,-1.5451342259209568,-4.326291355622121,-0.041945957416411564,-0.041601359864684315,-0.7481175910190043,-0.01014713927391137,0.008204686805006993,0.026905766688378296
0.05872815809720117,0.023392370713002507,-0.11970708685988386,0.008121160976491335,-0.008028512192748243,-0.009561876676863191,-0.04089742614396227,-0.09038827893684594,0.006219794727355488,0.007878849953324302,-0.03348085478681596,-0.02083378024325567,0.03870223616753151,-0.10098820660298953,0.0007171937185351708,-0.044680311078337656,-0.009994857349150019,0.030751459668408865,-0.09816922676652638,-0.027414912431291166,-0.21365251648294087,-0.03483261322762247,-0.14185483480991667,1.7377549719980199,0.8260377474548007,-0.5696724434753077,-0.14393628320920165,-0.8415389439121805,-1.571184441935661,-1.1317134396308153,0.2598261671653279,-0.058079910327666476,-0.4635252963847233,0.074366052880267,-0.003819360275574621,-0.13624272188387054,-0.022379484382224667,-0.021513074206485464,0.0174840239880738,-0.021516467516057087,0.0024318188124729458,0.0026597754960284003,0.009489794861388314,0.08336892213112851,-1.0800298134784525,-0.28764683184749246,-0.1540823681422727,-0.21235343559827444,-0.0050628527168456675,-0.02401112648108791,0.010109533749249605
0.03909267391785937,0.04904341800209943,-0.018336821321313885,0.008249188096457631,-0.0024682144632651054,-0.005086944057257693,-0.017977657531897236,-0.007736451832531893,0.004872535148201485,0.005810661558338315,-0.01772477993854295,-0.040702659600291784,0.05964504015248208,-0.043379466770572646,-0.002863097245960798,-0.008847376329110073,-0.01629067046414628,0.04847010193741079,-0.06347072510765753,-0.005680628015788389,-0.1418425593275182,-0.024913884429705855,-0.06410846711817375,-0.9382577251977018,0.37142592267424285,0.22245597971785763,0.21456547191396177,0.2379913414231214,0.20132657578522556,0.22565855628428505,-1.2581052393231893,0.5988945452886256,0.6885731024589724,0.020374273901762486,-0.007028859871712256,-0.022674185452503076,-0.0052487077577639965,-0.02336634517999977,0.01733410719498363,-0.0048369325720156965,0.003729776707133585,0.00339325369897683,0.006034481505087508,0.25748745685864577,-0.1858980455614865,-0.05373612846897229,0.019040195107479212,0.24943207201788914,-0.004907780919859393,0.06298970581600133,0.08164655046555505
0.050085179401165233,0.02440074806192084,-0.10824553928702126,0.00723468440655858,-0.009215800494222801,-0.008159654798053674,-0.04169322141405019,-0.09205325671893812,0.00488566471395471,0.015261600533098319,-0.028999249708521097,-0.018917351146169794,0.040362507004090914,-0.08679586377549865,0.0008370847304679263,-0.03431344573241095,-0.00047553231835738914,0.04487919971118768,-0.0800320956541147,-0.037048600240503514,-0.10495034757735724,-0.014533838576785935,-0.1360715829706719,2.8040322715678365,1.7840198125743472,-0.2483969532315826,0.06586329934347392,-0.21856461626143245,-1.168644030677916,-0.6876506196622797,0.3331917461752969,0.24250391646790928,0.8951839460965945,0.08488193673940957,-0.0030661426658261876,-0.1170604319106477,-0.012346599756362571,-0.01773811161732855,0.02002800338970384,-0.020645806774142315,0.0025012913986948737,0.001284921770431608,0.010769055777287694,0.11771380057699674,-0.5058702570247495,-0.25257558086229315,0.006461227399845024,0.37474396690338396,-0.0051690731670955515,-0.013297979507585747,0.02399764415331963
0.16203918284881394,0.024633066514841834,-0.09978404971662903,0.008951712692623447,-0.005646086880931084,-0.005409583964310737,-0.0379119379298282,0.08711580852864123,0.004061331937447367,0.0141254623391506,-0.0187670635261601,-0.019047049071920726,0.035522025405818454,-0.08356427488334103,0.0018191824495292204,-0.023685612144128603,0.006458358045350541,0.06032475149358257,-0.07032456208527504,-0.037265992479780796,0.03460760511925595,-0.019045979003775998,-0.11684103345457762,5.122491709119935,4.270879124266852,0.23577764869353052,0.24755745071107874,0.4518964738121478,1.1434143628452167,-0.2679767971970557,0.406660749455236,0.6371407684697404,1.2801970434614458,0.08434119735603589,-0.0011604600643033945,-0.08663917383384435,-0.00757886048825049,-0.015682456257257085,0.01887404469641398,-0.011666427163713734,0.0020160637487665945,0.0005110856587788053,0.009396665723539704,0.14978459091577948,-0.04687535813179487,-0.054687629649237186,0.45281161139117443,1.009666914301687,-0.0047458506158757725,0.015651023731626974,0.019256114714616124
0.15214091109112962,0.025059193094190135,-0.059747037355173824,0.021421265398962278,-0.009290864356056219,-0.0032354273417242933,-0.03741856725738566,0.08030088502428358,0.004509676372893963,0.013396921317331997,-0.018407641067165068,-0.01945166670721922,0.036918511556368785,-0.052100292156244316,0.0013251605052000508,2.6700912911201473,-0.0015602181069618243,0.03460826198585957,-0.06686628794296204,-0.023462205573954294,0.1157381836738026,-0.013570177271973597,-0.09887164265154583,5.474174228464731,3.2538072039781065,0.42338288169543103,0.5669904298270031,1.6616739233228102,0.4441252513691218,0.8556476585823212,0.4972130091208137,1.1314902561646505,0.5216738975846094,0.10950700281372197,-0.004315197078644265,-0.05968393574299287,1.0813090179782732,-0.015085268421006631,0.020977293854692294,0.7450966088363828,0.0018318764606255885,0.0002650797318357715,0.016774891587707095,0.2824330629526627,1.6933938046540313,-0.032648204151477206,0.15659934760247826,2.0230838618649676,-0.004891813778469513,0.017847785870599247,0.029153957700699572
0.15855009304600198,0.024244759129704543,-0.07333954160080684,0.0328514335421897,-0.016001112638504383,-0.004721767620043824,-0.04143080611719235,0.07506467977096251,0.005996170438264918,0.009833403877413745,-0.027967724854367337,-0.017139586011419787,0.03955232393322543,-0.07265761366112138,0.0012088092335871567,1.8002646699959552,-0.0012122827629626569,0.04353838854041295,-0.07796942998884136,-0.027701551861910485,-0.062447723019768246,-0.013902566756680945,-0.12222608483546228,3.499200354073367,2.2946875525674177,0.14648254690764956,0.3215497322145651,0.36322895265514377,-0.0708483019565969,-0.06483719407732456,0.4197651154958874,0.3739976130450414,0.3214164870440375,0.09022368690348409,-0.0042942702742223915,-0.07416427091717198,0.5802269437599002,-0.017026933693667243,0.019573811307495647,0.31597839687772367,0.002060776651163004,-0.0010633455058920826,0.013940255587682542,0.20535127328826452,0.48632928850004115,-0.09406676999945333,0.07333988810279712,1.0334125193909516,-0.004807709890022022,0.0039423737978818724,0.01646687338232831
0.034376928675187816,0.02596155366437203,-0.05755215370198174,0.018217442592235785,-0.011492296069598992,-0.0024604174506303277,-0.03391559797572881,0.0806721791550725,0.008334351749263863,0.005638022279452839,-0.017995762635377607,-0.016159349113415516,0.03776865950324552,-0.06888892013008113,0.0011633280771022225,0.9126666742179229,-0.0048779815393494965,0.054444378607178094,-0.07364529317214999,-0.026598694430309388,-0.13867619350098212,-0.018523656405575437,-0.1173447935741677,3.0584383094385617,1.0689126686200583,0.04158095887360186,0.3135598162898087,0.31770564243627997,-0.2546882921348323,0.7282519591147426,0.462761398585313,-0.2595567862814753,0.21097831421444624,0.058958781585198315,-0.005408683711046934,-0.059567665532361334,0.3599496438619334,-0.014330292112996803,0.01825756775956847,0.14604378576803223,0.0026001946401045545,-0.0003602028998420707,0.006882260226208344,0.16421944323079618,-0.16039972728975432,0.26952057559607023,0.019035263243447478,0.7421734596733518,-0.005552333718161179,0.021293947753524615,0.022777587705689082
0.0602588133401396,0.025962862509040886,-0.0744522758679794,0.014793449919330822,-0.032430533077977934,-0.004361213471966061,-0.03602494717141674,0.07345281452830058,0.007843500492391981,0.005964579486088686,-0.020369215173357283,-0.017271900854423018,0.042810545988556103,-0.070570485101748,0.0006741066731255855,1.0561373100306837,-0.002072077092968764,0.053389712175865724,-0.07108836524367605,-0.030536420649406794,-0.16053106099887793,-0.015138180074282487,-0.13190641495450242,2.5608520324057764,1.4318826176583137,-0.2170454899036577,0.26653909839158285,0.23519700417790895,-0.14442998772722207,0.028932703185428007,0.4168371521509747,-0.2801522899562523,0.45928023932169504,0.05732743630518479,-0.004328604084681984,-0.05660243428152912,0.2244197963350301,-0.015809077366625904,0.017001223685232623,0.199774663599018,0.002425856872116577,-0.0026209668800165242,0.011778642255572442,0.19198030421892423,-0.45059070473946927,0.34364227576473344,-0.015056681506022386,0.7463363499563372,-0.005517311790888598,0.027108140729345954,0.027347888530713255
0.04507775900456295,0.05862399571246405,-0.026285205478653983,0.010828231935531684,-0.0029632728985076913,-0.004492592413456275,-0.015925409924248644,0.1585328473413352,0.009262114463224697,0.006832813017346473,-0.016983641484817177,-0.03688755642235392,0.08520020719500979,-0.04902890205713144,0.0035353064134385683,-0.0046732197566566325,-0.0026292730806264154,0.06674545070878735,-0.06099737067466179,0.002457955892939146,-0.07625601136560364,-0.03274242901081434,-0.062416594856117544,-1.3270804123331188,1.3197004068584146,0.3643377936864179,0.2964205561612582,0.4200997188460622,0.5712616189617454,0.4472714159827466,0.457204180446599,0.5009851449275076,0.9126992380727146,0.025432095266741204,-0.005181230206849569,-0.02747600959411813,-0.003915987405525182,-0.03688068385143449,0.022920397550948966,-0.002780847159089398,0.006201430535113956,0.00583209463360938,0.008387105175723459,0.13154176481169963,0.35050364235614406,-0.05991893499842816,0.030113578061076694,0.44489184060863035,-0.006787549073191674,0.04804365455754141,0.043385690657584464
0.04829510928360767,0.0528397146017908,-0.027100133090765467,0.01037055842274606,-0.0041765459127842824,-0.004065481444126989,-0.015382589563074638,0.19819088337658378,0.00957778803298923,0.007623284305340107,-0.017038308734826497,-0.044027618581211174,0.07690585630177711,-0.046548964556218195,0.0022466626695679505,-0.010711657006848717,0.005815841020887897,0.0593052611745841,-0.05910029879609166,-0.012242844192530774,-0.15446358405102042,-0.033859165493474556,-0.06362979836773457,-1.783789468319261,1.7485400853500916,0.1049543961163188,0.3201595001877378,0.21864737378067137,0.33381706873805245,0.11669394140047956,0.39599758668289825,-1.016463143467061,0.6524272575608489,0.025061871739721856,-0.004841278122365027,-0.026813780903872837,-0.0048643419622507855,-0.04319761597198188,0.025448401202890776,-0.003015964533204086,0.003086102984493198,0.005255303593424155,0.006779651824436219,0.01741121715237007,0.5954080521920679,-0.059425293513531076,-0.004656946942869233,0.4136092508177474,-0.006003539927022808,-0.05971103422284566,0.025797040574279468
0.04145484187391879,0.025338454310540427,-0.09921300177350953,0.008925021047942443,-0.020388155520633923,-0.0071510719423664776,-0.055015522511013,0.06804321427456282,0.006596882447423171,0.010293786998001812,-0.02933438623420768,-0.01701554857035199,0.034017740367303435,-0.08185792984478364,0.001541379140565085,-0.022523319658684336,-0.0011060283712335914,0.03945421096219205,-0.08000731323738372,-0.019472267600072823,0.04395437214909598,-0.015436316144374991,-0.12343293085861781,2.182847790224465,2.0633502621042186,-0.12824411618727696,0.06647426074318379,0.3499125375379166,1.4836037481613404,-0.04954801546903495,0.4064455604645225,-0.03253274088197316,0.19077849679256945,0.05839536518910144,-0.004699989317576876,-0.07414121988918748,-0.010526086551570892,-0.022238159009708127,0.014218532968813785,-0.010957726061324946,0.0037778057827182777,-0.0013924515838775312,0.009131128121301717,0.03044798299768822,0.3022662593430557,-0.06070780927378797,-0.1059135514631573,0.5288649268138367,-0.005012947995266057,0.06255012216405867,0.03095916573249458
0.014814902865288214,0.06502298176007608,-0.024226170046224366,0.01095739410360006,-0.002245108899689888,-0.006408568640643245,-0.015079156675462974,0.09290220043137096,0.00611929703911487,0.006788078622061749,-0.019971756951598616,-0.08102939258349147,0.054187278653264725,-0.05062943729397446,0.00046547188760530253,-0.009710198054922669,-0.02504738420093462,0.06462885910933823,-0.05288514208288951,0.0012759769515354976,-0.04860984865792977,-0.04895525391791874,-0.06021431830906851,-1.9338296323792454,-0.190659174296023,-0.29692105911703653,0.04411723393592184,-0.005628835405108672,0.08271412597128196,0.09990219379758097,0.27756588588512165,-0.5241201720762508,-0.5088723616916974,0.018860922847429382,-0.00800897422044264,-0.028784789486802215,-0.004418845048487181,-0.0417177290862947,0.01724041177442748,-0.003982060945461665,0.005652989685763794,0.002343441674583537,0.004929070708113235,-0.4534546068139409,-1.1156246927538012,-0.056791385183131454,-0.2612975587324862,-0.39816287983568877,-0.0069977777384490885,-0.25060591251358,0.04058397446405582
0.03867611851033414,0.025882369138851894,-0.09108300357815076,0.018581671506281684,-0.006381087831527913,-0.005450996136163297,-0.054908320391578724,0.05888203641876696,0.008207776287931843,0.010189461202443482,-0.021932026600127844,-0.018687948433785396,0.03967592747391837,-0.09077484100224241,0.00177011784392945,-0.021190975144242903,-0.0017868184302396821,0.03931034737287696,-0.08897620307229544,-0.02822057450169534,-0.011776341447390233,-0.024155983693687412,-0.12423674409854588,2.0331948512184854,3.6901877366474967,-0.33836392157398715,0.11926468189498401,0.2608766058913007,0.5882871339382625,0.57569657985451,0.3969613805144252,-0.13733341083378917,0.533275111917762,0.07638732340771957,-0.003719844379987312,-0.09438730028177476,-0.007644379951853922,-0.02451816563227333,0.021256637263497944,-0.012446158226282335,0.0025899782992128023,-0.0002837088262587921,0.004843130847301066,0.1562786160112531,-0.2306454040348862,-0.09667616866934893,-0.13860247060218597,0.47295001000626197,-0.0048076996673154975,0.035082372440474976,0.026789025844340442
0.029935615757338257,0.02720718454462291,-0.10074872171933419,0.009838161104312081,-0.012762385061060564,-0.007232408976577791,-0.04263257893756803,0.05613630979730685,0.010172993759633929,0.016078734521224727,-0.02595460951786842,-0.02083839432809783,0.029347066121488036,-0.07272943759084037,0.0019230603221272958,-0.037051784989132065,0.000912790669730477,0.03491505789746724,-0.08604593820500633,-0.014369097911635296,0.27518974293977577,-0.02918086943863308,-0.1205723607721048,2.79840971008913,1.8030316398232396,-0.2743337309627869,0.022076074518185367,0.09745833812548321,0.12345983673929194,0.8224794092679221,0.4080227055260442,0.34283364388805326,0.10513275444795979,0.06393362700283628,-0.004271247066146717,-0.0966640592351216,-0.011296527987418238,-0.02001943392928596,0.0184669616131489,-0.013348783921450494,0.00490732956224978,0.0014763747288978547,0.008440029217287093,0.18446276970841227,-0.4631035097966024,0.3423404165725511,-0.16809494092396599,0.359160973527911,-0.005213736293943316,0.02637793046148736,0.018854909893173913
0.021075427538624153,0.029915870130310343,-0.0808652449608393,0.013358771879217768,-0.007657362595914086,-0.0053072148554473885,-0.03786556627249534,0.06214211978281912,0.005885697501270554,0.011059610970785484,-0.020140037636423806,-0.020499162921562338,0.02785738128946451,-0.08402149450570509,0.0031646235698837314,-0.029171242975323853,0.0009880043351864435,0.04260553865476897,-0.07811931855460001,-0.022631013118224904,-0.031812662254238504,-0.016868210378133693,-0.12304368542939785,1.8863385913395012,1.2232201563564933,-0.08591216442917118,0.005841455824011053,0.14171032789685217,-0.45917730788294464,0.4263154476197437,0.40411839878606887,0.44428593265343796,0.5414474354263745,0.07626769888077685,-0.003509223371178597,-0.09806172312353448,-0.015091682058700642,-0.016032139118586378,0.02011460176791667,-0.008704667569825311,0.003482262484252846,0.0010142453817697079,0.007511825106300405,0.18027078962047252,-0.33549520029569724,-0.11480021137629662,-0.16765320446795157,0.3912909233192339,-0.004456248202781079,0.004392082226097467,0.026416302362482883
0.042235778819366625,0.02205824101415752,-0.07647945437789684,0.015363317943015379,-0.005064622662213551,-0.005208643687543775,-0.043572974043386614,0.041905285130124474,0.0023616321400020206,0.004813988274414777,-0.03250940672888203,-0.016533167200011648,0.02113066013795091,-0.04966589858283724,0.00054429625461147,-0.04752393154236191,-0.002658854662265082,0.01954464993735708,-0.06000862629786889,-0.012960894595347869,-0.21720763151939135,-0.018728699645403316,-0.10943912860740014,0.35397809676718933,0.6933509463146372,-0.2425542028979087,-0.06236381610658827,-0.021892682583242805,-0.6782603470763598,-0.008126383975206583,-4.148180494102667,0.361116037768715,-0.012295021710146946,0.04465730585949245,-0.0024567188207809043,-0.07270347344353399,-0.011121679686709712,-0.015692981218464956,0.01711225823505797,-0.01138622270522048,0.0016695172197665493,0.0011958685449422353,0.0065968288311222855,0.04790797798009992,-2.165777080954498,-0.06885303491998249,-0.10985574874225228,-0.04857343438569494,-0.004919108311343033,0.04354453588129252,-0.17719734203406268
0.014368215347742642,0.026125172906423664,-0.1023840716031535,0.01199672144500223,-0.011815753786230253,-0.0077142348756818096,-0.03476944867673357,0.05253591725277586,0.006176001924238681,0.015737874725986638,-0.03271255184831976,-0.02227732448663204,0.03152030214840493,-0.06813672380736938,0.0010432086869887013,-0.022511689790628696,-0.0010190369866810319,0.03261904804152493,-0.08414043793799111,-0.025567571864049267,0.2269191433515052,-0.02545626110446956,-0.11811091080372416,2.049386030875584,2.2437084065128072,-0.16320230871911173,0.01764431151272705,0.2409622478757997,0.8132512292538764,0.6240400745601283,0.4098908232257338,0.3283688369331258,0.7697192570540834,0.06508528079299061,-0.003762023938771017,-0.08691716465611647,-0.011321972327429068,-0.015076269581448051,0.016052609991988015,-0.023782891444405648,0.0050754116514797306,0.001755210317340188,0.007174901286913298,0.1410458764124167,-0.21589349978378125,0.2629541557416417,-0.22138786476473088,0.5726662806037504,-0.005349099962558446,0.033832914006315905,0.022149254364144
-0.057790618729789696,0.02979542719594028,-0.019687900470638516,0.01777397799625786,-0.0017520887062923737,-0.007813914137576983,-0.008193560195221106,0.14820083243926577,0.013623865291404877,0.009440690030721378,-0.012250917839909805,-0.032757892549433044,0.07669989482296459,-0.02650234303396118,0.003950971630627341,-0.04275010714784836,0.0019303606546052638,0.039793923132715986,-0.025125061130411627,-0.015695642142035404,-0.05310989017294232,-0.02266389684061575,-0.03626494680279233,-0.3202218185772047,-4.677195923827395,-0.24896765576941832,0.496943575761671,-0.29919717900508747,0.4607814503899555,-0.1642136874076889,0.206207899411603,0.7219948141644362,0.38762819614248295,0.016766365306825327,-0.0047027029147680924,-0.017634168169600384,-0.002931029420802289,-0.015688072486830386,0.04785748920315849,-0.002302040418508789,0.012276139105021932,0.002997923954338953,0.023399057702823422,0.4351946967966777,1.6595075315016736,-0.0525768352099599,0.2841319493993261,0.5799195234693044,-0.005101200642245992,0.020587270603444605,0.01858512034746878
-0.032401886291285965,0.023950511845086203,-0.10738870411599573,0.02238467637783312,-0.010655577098029336,-0.002954515128597543,-0.04592929455757601,0.07128234525127214,0.009935499132734777,0.020778341308398587,-0.01850718009436773,-0.01900637782296994,0.0425446881909404,-0.06826688572022277,0.0017327695878774313,0.012870299967612353,-0.001449632962773532,0.039225245478847405,-0.08532180770096982,-0.022911917438412904,-0.024558263475196667,-0.01434525505517256,-0.11370706199612605,2.7643074759211177,2.0613461777285456,0.1160451952681913,0.9741475100758424,-0.1111190472070149,0.44544928376059073,-0.17399604286630452,0.3872474929702361,0.1914000128415034,-0.044748591671930654,0.06847195617100794,-0.004187123327122104,-0.06328329523171602,-0.007650536922932274,-0.023916100544526985,0.021064818460399596,-0.007355664717916688,0.0031730367997171317,0.0011236596012276618,0.00915185070430204,0.18863157097438327,-0.3825510214665842,-0.15337719092117608,-0.18751862969526284,-0.06647448550389426,-0.005195637384154275,0.023363383421604662,0.01963178830124635
-0.005789499974136048,0.04024600831091839,-0.048760539340282696,0.018270318214434037,-0.0060125770097725064,-0.005508056272793097,-0.018330415592900783,0.1087637909498303,0.010707249896494492,0.017214378994675716,-0.029101813933386508,-0.02412082404033294,0.08734427155877625,-0.07230878199299053,0.002026336840928175,-0.006846808823064419,0.02282829968601967,0.06316333260674539,-0.0500002055288816,-0.014871138758223395,-0.10541850406912513,0.5665764724349619,-0.08574657313544749,1.467907408636238,1.6963300915903379,-0.41596461908217747,0.33866440146807314,-0.46120553080853965,0.2532144650695797,-0.008254339102058424,0.46611956393952847,0.32691741456811985,0.6177514818970112,0.048978618770069655,-0.008372528309531047,-0.046611759854477686,-0.010869265624712654,-0.029806131239070693,0.017231756753184255,-0.007185037571639159,0.0035582873033102305,0.0014151397728536042,0.006417482958992032,0.0643670145586013,-0.2737344134935731,-0.14150300999645188,-0.05768584427556808,0.22123348546164678,-0.007835357314169376,-0.03494284379606205,0.042746711824090226
-0.017744698144478717,0.03839003248851254,-0.052004091043673394,0.019259762766553203,-0.005871579615412885,-0.003302740095275466,-0.01991732593358817,0.10500523234445944,0.011025239133647637,0.014791491376509983,-0.02908096492068396,-0.02296789966968982,0.08944192447059367,-0.07083565223029759,0.0026734458171439636,-0.007689697293938934,0.019945822379303087,0.06067549999049184,-0.048609942800973534,-0.015610549125498741,-0.10607939978841328,0.5941033093632443,-0.08719311595465007,1.468677651245244,1.8070779092662517,-0.37621617830411574,0.29226856078266455,-0.4095321085498071,0.11912165228649982,-0.44527238188737067,0.43310130490499354,0.27261044830361,0.5450975995460828,0.04491448631615364,-0.006581918084565308,-0.04665091610919685,-0.010911773252498556,-0.03163050345694883,0.01617815151575,-0.007340444165675265,0.0033832710753655577,0.0010266676524959325,0.007126848378771646,0.03711682945799259,-0.3453974089000401,-0.16212231983170197,-0.0649757420428076,0.18110712551355143,-0.008357358572743253,-0.04576606867675599,0.04112416018722012
-0.05923780330175649,0.01682312385348269,-0.13647580146300575,0.018439319025071864,-0.010881729997625548,-0.006347157958174346,-0.051376574739092774,0.08037324026643217,0.007044188604034758,0.009629037198523623,-0.03413904614270578,-0.014951471012914011,0.031767319251796225,-0.07911608893626114,0.0027399361040695495,-0.03771317721030171,0.015797151106135155,0.037306671565582726,-0.08027165964146431,-0.027116765028565835,-0.2538197801308539,-0.02949477553424674,-0.12621424868395095,1.3980180431437015,2.4452706092611454,-0.27920345192940216,-0.049895700631536026,-1.3766843196585443,-0.48807513659247154,-0.922420204555629,0.22846377844310561,-2.7244243915603703,-0.4395136744831623,0.046610748628689566,-0.004272453753992835,-0.08884168218292068,-0.016779181373281268,-0.015586722696329837,0.011946907799434029,-0.011498639617226657,0.002206840929510282,0.00014220657116554574,0.007651696831896819,-0.23044808217603924,-0.9233069710868173,-0.2161580139207731,-0.6376420380150593,-1.2758533298681083,-0.004437252037637579,-0.023415454863706952,0.018638204002364798
-0.06600121947420388,0.025215064075744916,-0.10706617670904203,0.028002073516782577,-0.007960168005257276,-0.004875050122988204,-0.031431819527704415,0.10232201934895806,0.00837536507576136,0.015633919620220055,-0.02297471678890479,-0.018922620877486952,0.0350573938497795,-0.06702150319336415,-0.001406464292188577,-0.018774142591515684,0.011928279058447575,0.03352183972051063,-0.05560898483755251,-0.019385977223560027,-0.0918560819917013,0.4342299879920588,-0.12240978255928017,3.22766989009789,2.442654702185479,-0.13062103889445154,0.304478896102848,-0.3836355597000042,-0.2626275985844629,-0.11598094894852569,0.3840755587139439,-0.5209642071515167,0.10380173223645246,0.08867306965951298,-0.004431507506520454,-0.06617417715445893,-0.01527857512882514,-0.013686014521975558,0.0168470226332342,-0.012775795437067566,0.0026963910727265897,0.001382076505873176,0.009564499615266132,-0.0072376468770026705,-0.15869538074307818,-0.14201182895030506,0.020886209248715586,0.20455843261042347,-0.005291931539722464,0.03155783996528831,0.017810248144919348
0.08186200493759462,0.03763833147831869,-0.06537256501681225,0.020522173846543902,-0.004853909074430997,-0.005300656260087449,0.6844006111390666,0.09026403063312544,0.007712926450682298,0.01970187059836348,-0.049963683341681095,-0.02709693241828552,0.05254482609465801,-0.0595385764044222,0.0008381378954544802,-0.023610010526252362,0.0055272368329081275,0.03991026679986642,-0.07900195948237439,-0.015270306313306985,0.4176599704772031,-0.026064620637294516,-0.08469068616360664,1.006348144890674,1.85208388482649,0.08262443913989538,0.38308381314657153,-0.2695611094159855,-0.2127719657745743,-0.19624236892162678,0.4285586914388378,0.37215106058602226,0.30561106608943733,0.05747914361725364,-0.00450556797238448,-0.045329931330643815,-0.006614247363739395,-0.032965181539846775,0.015224909020580856,-0.004906367448899465,0.004060141070302062,0.0014429064080118707,0.00837907829467791,0.30202046115000986,0.35519787549843146,-0.16260255926232525,0.059655561786622874,0.688844520831848,-0.005400457812260996,0.02198332935880847,0.030261410593080153
0.013737622457524903,0.042743645010645204,-0.017352339107186,0.015443423451492357,-0.0018350461438749225,-0.0065056725774105244,0.29207451672115414,0.13016618982456443,0.013367365027828919,0.010678380073763878,-0.013235987663146199,-0.04374553899332517,0.07037849919875312,-0.02728098594686973,0.00159444209399037,-0.004065118844888419,-0.004758951336735422,0.04324493009039007,-0.026574003873713132,-0.010175375139139879,0.1886028177968577,-0.02982418846408103,-0.0435168090501815,-0.761197093668457,-4.253146795218993,-0.4142203292883926,0.3056640146626542,-0.3189913007267599,-0.6277214812542,-0.2703801521126731,0.24795365804423405,0.2267773450622245,0.24731964848978555,0.018444449324286172,-0.006912052205813176,-0.020041157042133842,-0.002287898850556386,-0.02891828803591406,0.04185268992719267,-0.002275659474167843,0.006641370717148558,0.004252069233475512,0.018997450820149746,0.33013040373003005,0.8678506762049487,-0.07031956940918861,-0.04662398366270681,0.19778620393103638,-0.005661112959482322,0.02048481670491781,0.04182125569848511
0.05459145380063326,0.029887942954340236,-0.0423125847970965,0.01711729498929674,-0.0034537716700957792,-0.0045006617372644175,0.9036867270502373,0.07739473590893864,0.005777104791081268,0.00667638862061791,-0.02428938454256678,-0.01768822602191504,0.03881530529134526,-0.037092228028362456,-0.0021454974965296365,-0.012286996724220766,-0.007763626388673891,0.0297404896097138,-0.04420535425287627,-0.005011755880840425,0.3332850589675872,-0.018132662447714547,-0.07823278520400874,1.1492829503460826,0.6073754559511231,0.1646584363140193,0.3876127393741748,0.14395901898260788,-0.1830532323149041,0.3913958755398772,-2.2946910051887874,0.16375219761875062,0.10812249007668671,0.0316019646922246,-0.002733069483649171,-0.04228880857170086,-0.00484655494024712,-0.033160561325511095,0.015702536809941076,-0.006387340021472988,0.0024731999047747605,0.0015562648393741216,0.004310844402433272,0.1990848459809315,-0.5252172288031383,-0.06795919484712601,0.16359870215391883,0.5948729373492415,-0.004410446702811618,0.09007580614503073,-0.11936937718755289
0.1349218119488085,0.02296511363096042,-0.08601963686451321,0.02436472996462948,-0.0047534598812032135,-0.005042471025974494,1.0314454866755627,0.07964750241508199,0.008349201621699867,0.014081696888234265,-0.02943902503033983,-0.018948409503724072,0.03346575951124327,-0.05122289096783873,0.0014147998124865138,-0.02619547003470323,-0.006595827326412796,0.035655126074581114,-0.08738234018386837,-0.01697538670017244,0.5067586209029112,-0.012466302943630334,-0.10758187590838493,3.174885239488575,1.9472465521106548,0.4234803970320581,0.6214363081593737,0.1628617001883492,0.1561687786926368,-0.37662276619014157,0.4669206137262063,0.3504671612166592,0.18894156418527738,0.08776037409990638,-0.0034179422988485143,-0.0680400499108847,-0.011220129898995124,-0.017499386604806093,0.015897305152857016,-0.007324332648531619,0.0024982173014264975,0.0008621229494007165,0.010574007813204514,0.21902000801871732,0.5237184819716577,-0.0802665002298911,0.13259127552063585,0.4359384711031779,-0.00532048959884272,0.013628358622457966,0.03172763823702366
0.04983318098410231,0.027789476025311923,-0.026171623732508704,0.017084645630959218,-0.005251114276876475,-0.003666930803812516,0.4737849578738141,0.05405548460294034,0.005097599369198422,0.0024452875954641424,-0.024023964324767885,-0.018133209574193256,0.03011310354055832,-0.04055576198235701,-0.004133521626322637,-0.008298257515686514,-0.0030545514209684285,0.029221634732258965,-0.04285108056689706,-0.005154956783686063,0.1166557576335795,-0.01639869037572281,-0.07143048396548751,0.2592271300905738,0.19165816827110835,0.21644795346397402,0.17606115687426255,-0.26125175293419034,-0.6542768448069283,-0.5940267251124551,-4.205650330825296,0.21127303117875793,0.004674282422459446,0.03017790213322928,-0.004293511981455822,-0.025735298133180602,-0.004739391923300946,-0.03478006085164512,0.016888238728941966,-0.00323994731113666,0.0023965693065245526,0.0012503820112440786,0.002672956761838699,0.21522566858633824,-1.4365212704970662,-0.08168502211960449,-0.013087934393304643,0.14283806625969744,-0.0037306670227549446,0.07117061900113142,-0.16417565516822727
0.009163008791246867,0.013881864116777165,-0.046635927021416675,0.007798389137674457,-0.003562021028688909,-0.004206637892030218,-0.024599014674542827,0.05116413164909208,0.004402232533922474,0.00307214544367836,-0.018421960087733613,-0.014523668182689959,0.02284443080886688,-0.04256911461777165,-0.0004533724540204489,-0.017338825440736425,-0.0032292457520512537,0.029354189399761074,-0.04853660717323205,-0.009475764224007168,-0.018407757704010406,-0.012110057743657981,-0.2515946113608864,-0.07673244554481391,-0.21795982605245168,0.07747131854623374,-0.05559988352405358,-0.20579816751770946,-0.8632655834107815,-0.7776854844432713,-5.676828084871195,-0.3209900189659888,0.18406038913342398,0.03396044154475157,-0.0033835954731771733,-0.044545188638131374,-0.005760978035473108,-0.01498222114477181,0.015172662231780711,-0.0056613671355148325,0.0024181031485947606,0.000929467177403013,0.00481839964953775,0.1396380208655177,-2.8239031754557526,-0.0712636826651581,-0.1135102147339657,-0.05758500176171535,-0.006748205960956365,0.10569783627132937,-0.1582850999406694
0.03147832974912323,0.029382170022935295,-0.04195818943190004,0.006926398258279653,-0.00583168737941163,-0.004204996698333073,-0.008234377922447154,0.07397929657491709,0.004760362512545812,0.006568475396736663,-0.014150601194813345,-0.019099375131675884,0.030807784284885592,-0.027295167986912013,0.0008086749738036434,-0.005545500206659043,-0.0026338182912749512,0.032773560869912365,-0.03271264917563119,-0.012043153756210127,0.23146929469717312,-0.014356849947456687,18.176629722638665,6.126127455361549,3.4283469650132234,-0.08275633919183152,0.3671375315635831,0.05150348811945227,0.05351138637647718,0.5117680612592798,0.5755216895468773,0.21470376376507738,0.8104979525764648,0.05987646053284658,-0.00370647847938189,-0.04995281303268476,-0.005703623726814585,-0.013980868921792237,0.013509100414842101,-0.005243204485379054,0.0031330622973685185,0.0009546298190229893,0.007103193445934603,0.29827649561273767,0.5376984571231332,-0.060761027757062096,0.011185759220800465,1.070268416174888,-0.004968997998482817,1.0452855762866606,0.04856222336618375
0.05143222439867379,0.02526623063068029,-0.06739597588943019,0.008734229711112247,-0.0048641851052428926,-0.004682918830483248,-0.029487876590446254,0.0568908372153127,0.006189649315649696,0.0072151204100517966,-0.017581496636937387,-0.023822133805085608,0.02803124095216166,-0.053684222184604766,0.00044547970649842105,-0.03445661275860143,-0.005492814325755836,0.04796928401932331,-0.05401744924126582,-0.023438333679195344,0.17075777184922933,-0.02082509600030269,-0.1025298971584715,1.2524764150955985,0.3347516077071991,0.22916614798725743,0.1941321308051605,-0.04119796683143197,0.1685464146270785,-0.3465561930452945,0.5777200519210937,0.48269689567675966,0.47775626085287154,0.04729678919444813,-0.007290937458605159,-0.05132730731396068,-0.009185588818333972,-0.015491758596355466,0.015212508926939027,-0.005168172227245954,0.007701661504249358,0.0008256922946275413,0.007494711771308499,0.21516493705399511,-1.739649571784549,-0.07707583763594032,-0.21536050602856557,0.0915222089226116,-0.005807185381186435,0.3779436132527948,0.03623983923894597
0.0349396840004751,0.0195642926227232,-0.05180134956488751,0.005541095208428317,-0.005131392652512674,-0.0064332541995319875,-0.025620293686968568,0.05092858294873225,0.0035864944152138962,0.0037188775732089653,-0.014550077778669564,-0.016067472736313926,0.026017933115102358,-0.05177731378207726,-0.002490273059712604,-0.014008814736509704,-0.002214232704539323,0.02953315552607145,-0.04506856826748317,-0.015591819419464274,-0.014001714134996596,-0.015754940541170024,-0.24021315051314024,0.4161849074251898,-0.21900996984408427,0.00018477830221168246,0.026202946082072458,-0.050905991360244686,-0.08761383599246986,-0.6124473256761549,-4.968181174369162,-0.37123868279813665,0.30099179406447835,0.028039767063564848,-0.002775435315480682,-0.040908235911744244,-0.006002662249263055,-0.015279866448204945,0.01369372174646808,-0.005029023737705976,0.0026629078594206964,-0.0002946559232519589,0.006383343360047228,0.08452592921078408,-2.471124368747462,-0.06792565936770985,-0.10942268229448035,0.02905503660362171,-0.0067256449707514656,0.18556931166878163,0.04652614992260706
0.00020509936726353402,0.032099797411206075,-0.042115161956644845,0.007125843445691276,-0.004497581901459201,-0.004826569039270968,-0.005163717683667425,0.08356782797706587,0.004656777270939807,0.006759106542317579,-0.014345597715517099,-0.019252144172841327,0.04268600490322704,-0.02687792182476607,0.0010133918511080675,-0.004879009251827508,-0.0036768029982281016,0.04881625586388837,-0.035081772477569426,-0.00953447669356414,0.2425368849273045,-0.013912969768687016,17.195945597339996,6.371531296454864,2.5261250691108352,-0.01932548406305249,0.4479651621360892,0.018127281092193734,0.43478871488031495,0.7237359461417017,0.5757554476041874,-0.08431142808589095,0.9534510929525563,0.05907146593077918,-0.0032503650658125367,-0.03965194691147804,-0.006431119847783563,-0.01667601795027714,0.01296914859566555,-0.005221133664979979,0.0030551921382899797,0.0010694430256363034,0.005283060428611557,0.28818753907013583,0.5646016140321685,-0.0876052567689233,-0.09810047131288632,1.032659543528572,-0.0048614141680272125,-0.0010432472610873824,0.050225480677228033
0.027696126763462205,0.030095321706516184,-0.07853393472882807,0.01136929151928937,-0.007491461175635044,-0.003096518194990837,-0.03764331795204024,0.08385941988077085,0.008926496537399837,0.012722011907062182,-0.018480591723655286,-0.020837504607523965,0.07065718654977592,-0.0709606467558955,0.0018352102311271262,-0.014665417914119691,0.003563014165265307,0.04156971227803053,-0.055256844145143105,-0.024616008179990587,-0.027127647534867783,-0.01873465823067954,-0.11692642411230249,2.738821658310588,1.2887744860317953,0.1775591942228581,0.6574730367577347,0.06889393998768999,0.2064951668213756,-0.07231573340832467,0.459522565407245,-0.18935923927466783,0.9891929234465934,0.059165472479357994,-0.004979753180214505,-0.04623477126485352,-0.007540563779460386,-0.01842372167271924,0.016016577124201518,-0.005373060886600528,0.002115535536329413,0.0006013274467053588,0.00842915834183807,-0.029745590779320794,-0.19975098009036416,-0.0984649110718006,-0.18963750043949387,0.016134578790174863,-0.008376597872565922,-0.2726309230661402,0.03437913439796623
0.03003932699470627,0.0456041043868693,-0.0354532981557196,0.01781047135704986,-0.0025646224565307996,-0.00609924452954753,-0.018027353459866474,0.08436449043791645,0.0046158413406034195,0.007131053073945685,-0.013186351667422281,-0.019777542419338743,0.03158104943965789,-0.04577372860470394,-0.0002375248624985595,-0.00764946819123855,0.0065054105202564435,0.031501505185879776,-0.02703668608943575,-0.013215353739227338,-0.1996933074924731,-0.017664342830258868,-0.07220558234697409,0.11071270902100018,-2.4891772922862563,0.059730082549266456,0.4982653347805907,-0.0972212421441202,-0.5646089579447249,0.19650207332236344,-0.6122114250079946,0.029759669882891596,0.43495390272519086,0.027186763137082667,-0.0031797025080938087,-0.03887735100887186,-0.006120535238949836,-0.021772145843796813,0.028585508642491132,-0.003967491369531362,0.00565168414707099,0.001846949039048257,0.005369618803864593,-0.3994659875125285,-1.0553019208824248,-0.06599316722084578,-0.10608538264706584,-0.09642654870968224,-0.006098948154848222,-0.2910806182855057,-0.17904164895454602
0.021426374287921438,0.027992285528482912,-0.08948628709225843,0.030285034140543066,-0.009414621776583962,-0.0033517362898473667,-0.04242923468355724,0.07148693959870295,0.011066651526267006,0.01388569921406435,-0.01978772936946179,-0.0200093969774534,0.04415335460196682,-0.07091951082490244,0.0020068822463384602,-0.02003157987086648,0.004072207279832198,0.04094859572859697,-0.05886258640985762,-0.033392289437978465,-0.050801573906309294,-0.02271768605688683,-0.12172885880263264,1.8416905125878986,1.0876940681672933,-0.2512891520659668,0.6012414775316657,-0.09719000346156798,0.11645591291350478,0.15007478987096473,0.41608994889976714,-0.19634881024138143,0.7929959984360733,0.05612120877017944,-0.005101004943240053,-0.05479288723336003,-0.0013013994472734355,-0.01797115288552185,0.014281828529461702,-0.005116201353772495,0.002196808542998514,-9.577607306748625e-05,0.007122992256169711,-0.06952344710081808,-0.25184759116411676,-0.08853921812832086,-0.2503683389469896,-0.259296785777944,-0.0059391768186067406,0.03253590622186036,0.040292617553959624
-0.045007776372611025,0.028010670277395473,-0.06442631198871593,0.03405609948141597,-0.0030375425504383198,-0.003541311572071699,-0.038039523834969814,0.05382557413459184,0.0031299187709228323,0.007915365040149483,-0.018750835980919135,-0.015955399143760228,0.02443149039689773,-0.03738914300365032,-0.002106874679175598,-0.016870933120549284,-0.0029807699573126145,0.024935108746254927,-0.04443926698069932,-0.0060420980273952155,-0.12744574824009144,-0.011246898099751287,-0.09704196501237156,0.9750007722579697,0.2569990320181261,0.10998254480193492,-1.2009007384895787,-0.06654182024499494,-1.5041540440417402,0.0035310757969274076,-1.8072993316049406,0.16233255522123904,0.09973870300315049,0.059306350767456786,-0.004643071071905256,-0.035102282281648,-0.01021378097353928,-0.01873752381523048,0.01429672088596766,-0.007146834173099792,-0.0001015311893730029,0.001107042580345468,0.00404501636209479,0.1852679415952437,-1.071075704415651,-0.053789002209265926,-0.12312268954095301,-0.8365358858448546,-0.00862166277466428,0.04023441715790613,-0.1031175876130968
-0.04066221834704094,0.02440227523360504,-0.11505881096412461,0.0535990101043348,-0.005045588069783769,-0.005108791075613577,-0.027490055080332178,0.07797776252453786,0.008375055125364019,0.01551966403227026,-0.03561208876419754,-0.0235880258462864,0.03252373311225678,-0.06445926469724914,0.0018487469363440755,-0.022380561968474696,0.00336714238037377,0.03191671108160221,-0.0631188765545809,-0.01642850376547089,0.0071537480718338676,-0.014877731566669291,-0.10500324196057392,2.7952277958109972,2.2052861098103937,0.16546519284080502,-1.0554189494971447,-0.05277826115320028,-0.610530777002668,-0.337513039390134,0.31503256092248244,0.60604342549474,0.27788959647778855,0.16364778621419587,-0.005257937990565781,-0.07081732929175463,-0.015591742986602193,-0.013940958579320773,0.01663464780172598,-0.012833795980939242,0.002191174821967999,0.0005757145068967344,0.006991571491494405,0.22802584314222518,-0.2574215038610676,-0.10845031565423438,-0.016958840954556083,-0.3623126527106729,-0.009411106438541232,0.0021185423616893466,0.013024754424625605
-0.029830370964696578,0.024582252709533188,-0.1541063178171203,0.11962327699052569,-0.004058233216876146,-0.00390691328958406,-0.037261192355560496,0.06657572109479708,0.024992738885572276,0.0057246795879366,-0.029160762304642002,-0.018463088618414496,0.03108802587076637,-0.06148879618452445,0.007399811834651032,-0.014242164436126806,0.0014171207771143406,0.0271346536180316,-0.08666051516305626,-0.0143068817697099,-0.010437896498236609,-0.01138269339526753,-0.10643688789771617,-0.2955127378152175,1.3011666515890536,-0.20794996967947907,-1.4295592449359595,-0.15099324089624722,-1.2058265405565554,-0.14619736138643874,0.18306576109988848,0.333261583159418,0.04130276964590109,-1.7998694679210374,-0.0036422403630439835,-0.06868054216354624,-0.006985526595838256,-0.01930516778164824,0.012249053454721506,-0.010166434823768073,0.00042602407101222247,0.0005543265238974975,0.005327878858424937,0.11618460588188986,-0.47323167147068795,-0.08143044739884177,-0.09374161611549273,-4.020147182755912,-0.03841839073016696,0.0023180550226714874,0.026370376532917766
0.05932586658702442,0.033231979137803895,-0.016779353345455838,0.01720108306264558,-0.0016876176219648654,-0.005924894512987359,-0.009707193655951818,0.13539395471415813,0.014612115268095902,0.010041968403817818,-0.017215036148665947,-0.034426032618570836,0.0976565546141803,-0.02507619860033951,0.0012158305435858551,-0.005107155732965046,0.0022084863969305114,0.04193925703005062,-0.029856034231394372,-0.027443302478084554,-0.11219097777177675,-0.022248668538570972,-0.037014480314465276,-0.5379116577655373,-5.549385554499616,0.21541238231737905,0.49250501980999883,0.7118754278286725,0.2058130769996796,0.05341819898321899,0.10224060513555504,0.5908939928112786,0.6788993120560168,0.01543053595620651,-0.0034567553284094027,-0.014063069569443342,-0.0024331238008255284,0.2954398577145657,0.0334878401396799,-0.0023711594066929717,0.012758866539574667,0.0063268438950795725,0.022102596810696772,0.3430442190999862,0.7524410830973419,-0.04005359174926202,0.04269059105797765,0.298906978525418,-0.004242276885243641,0.02359392107338634,0.039195324654032956
0.059897104887817305,0.029454646830483388,-0.018840961151221726,0.02829995629298132,-0.0016452173005273713,-0.007731603291388727,-0.007494927848898283,0.4783768195539029,0.026552802276204015,0.01918391743672976,-0.01383062616629077,-0.025199464328359057,0.11334033367863687,-0.028226582503483883,0.013887132690113853,-0.004719734657923359,0.018282239606075237,0.047723571232457476,-0.03614889781897066,-0.007476918085276413,0.04945179889274182,0.010634206667815898,-0.03924264685477355,-0.49345114141986474,-5.947554240960415,1.0363785834318937,0.7646022290271924,1.3960981318072154,0.02764655562737294,-0.051466081611570964,0.2280199671157185,1.5235965376224416,1.1934752658918062,0.018124621325753817,-0.0023087350359253093,-0.020349152230719845,-0.0011903530312007702,0.4262554881629993,0.10577960508207476,-0.0022070637974251194,0.021159600559811,0.005717479340642869,0.027055240330520036,0.7848609250643467,-1.484893123898744,-0.0464539908096303,0.3143527038011141,0.7288220467623913,-0.005019499348121075,0.021480229653550918,0.03069507324658343
0.09245260841570048,0.06058979425111672,-0.021157086296255498,0.009587790944086199,-0.0032337706510315476,0.003054936991238335,-0.013375524295891431,0.14017257428716898,0.008371509954699265,0.008682265730302693,-0.014295439281408787,-0.014368628700409013,0.07328862747760705,5.707780870281715,0.0015364368856160774,-0.008703569869944361,0.0014149628350766264,0.06870033222141705,-0.03966109173163518,-0.008552754870059662,0.15200158772713238,-0.03566014878802098,-0.06600438350100717,3.025792191695808,2.5444504379694046,0.8496528042444109,0.5145167476457636,0.834529998380073,1.0376355756375357,0.7388918459312614,0.6575604428556455,0.4716952937508484,0.2523718439292326,0.0429166575408887,0.4066125677019637,-0.03387260431705849,-0.0037589786120195475,-0.009792784207299303,0.015027250831369668,-0.004125066968856173,0.003534745196855154,0.0010063186975738177,0.003585531588746735,0.18496788303336495,0.9174054120604003,0.09121294527829198,0.008733256321840218,0.9830016550782603,-0.008517101228370147,0.051500233997410876,0.05207569569207288
0.04361047112298937,0.06043950083407133,-0.018687212021368083,0.009920495560012997,-0.0024597529456447374,-0.005478568015339753,-0.013620091648546167,0.11806501128333002,0.005116277060341514,0.006095544313100027,-0.017706227131517583,-0.04730494124577602,0.07487404116624868,3.128056336938493,-0.001481315430546565,-0.007609556517730487,-0.008855895566120786,0.058761183855429645,-0.04895159641131901,-0.0024626068173736956,-0.14979819710978254,-0.0452459993491496,-0.05869613523426975,-2.4122567809964073,0.4913956054831896,0.06575234725163852,0.1528694990218801,0.28484765399061696,0.12802987406262237,0.05760854272782477,0.47888413962565896,0.22104660241334775,0.16440188706691627,0.025861085961275596,0.2301905231374871,-0.02004627953350435,-0.004617588395225419,-0.012900378326021263,0.01130573855914817,-0.0044993786155787694,0.002595683810639035,0.0025724861544569946,0.006560547636792399,-0.09066133011351787,-0.3820157294943027,-0.029659344993273617,-0.048897114731855595,0.5088353276658596,-0.006174443270286194,-0.05681845959106762,0.037226111378753604
0.10031535966464838,0.042270142754526285,-0.04997606574493598,0.008228409288645917,-0.007111341036608742,0.0017296256141813534,-0.02414169920834866,0.10072756425569293,0.004063368465711869,0.005818022819611742,-0.013562578781088632,-0.015725938412156405,0.074992594809253,7.443815971667402,0.001668398414875536,-0.013431695452822055,0.0009290001349951389,0.04538922016882337,-0.05794924379217442,-0.021845778120100297,0.11762406121950346,-0.005687242454406054,-0.07478171754698078,5.633499140737934,4.569739695673618,0.15692788154142057,0.5117711502287708,1.2102637253573527,1.288994842850877,0.38613868628301296,0.5408852842590013,1.0759116437880671,0.8322505910367379,0.06666195056529063,0.22710830230226578,-0.06449695353856463,-0.003661615738573042,-0.019371264904618525,0.013028074839204474,-0.012836332311567627,0.0012058987229126164,-0.00022374452095549142,0.009314570254974675,0.19268928437145402,0.7539225898225628,0.05237043200011906,-0.0016325596973166864,1.3645396205742246,-0.005162379303965809,0.126059611412928,0.023645111457282278
0.048292280436554,0.0484921941096808,-0.03216078217715173,0.010092795448288104,-0.010491221040443562,-0.0008274296273663245,-0.020211666539325362,0.1304537897381708,0.00595995940182061,0.008848186907530376,-0.02137569958353092,-0.018006150247084157,0.0739980472102081,4.16719188583404,0.0019110979285473873,-0.00918618966579957,0.00454419296570834,0.050397730181925816,-0.05092997740603177,-0.015828910621972864,-0.12835362453488947,-0.06315484664930218,-0.08293007141380775,1.3859748222062023,1.830464726442631,-0.19480785243279086,0.280156033278748,0.07747174440339645,0.10947327297674131,0.26140048496468854,0.5502439314802376,0.26964362457754465,0.2506647757598007,0.043110929776815264,0.11480093466777068,-0.03996448963027654,-0.004284170895985102,-0.021645770355082306,0.015175552847550818,-0.006344580764012607,0.0037401353535272035,0.0010830180717119903,0.007222981466914095,-0.10878635175713401,-0.13135653422951712,0.2336985100094401,-0.17175387514207596,0.6498594750003306,-0.005278687191231423,-0.14593733823002972,0.031458144863643775
0.08291733006403143,0.0252929015476776,-0.01825892178837592,0.020576737949124946,-0.001355170791074495,-0.0050863151768894554,-0.007470603222062713,0.20713349447356183,0.010797500203639737,0.0064423185814279854,-0.009945369280579036,-0.03769753871228698,0.08174680037563947,-0.03582639327938269,0.0028121917144176252,-0.003199379921058371,0.006064912686110447,0.042526635609181136,-0.04156883820038149,0.26694258373960267,-0.09457559220221383,-0.017663364882432107,-0.036941962018712804,-1.5591475728949054,-11.496689466170396,0.20327756060213004,0.2853636843942315,-2.544703670028526,0.11365031464365788,0.15437659307644327,0.2128848704048772,0.35663264672382866,0.2275589932876966,0.017654218969085634,-0.003895364305304455,-0.017707064265221843,-0.001958742901918054,-0.017929301698819355,-0.7679369151664948,-0.001945975814992875,0.018204802434211374,0.00032542207467536606,0.020168423594402022,0.42676527927881625,-1.6519383542566977,-0.038205117939428664,-0.23893045642272123,-0.1172850559916728,-0.004457166012579465,0.008104176379827865,0.010168619854044117
0.06750157178681569,0.03403066371977032,-0.01670049767289984,0.019056714392466086,-0.001961102578555596,-0.00412097804423879,-0.009126573464969577,0.157308758936914,0.013617901527576177,0.007867889127484404,-0.009684838131137324,-0.03232805489781865,0.11455038257209862,-0.024558873455856698,0.0033777111570452993,-0.0009548989791347969,0.006874143130874571,0.04435989920491291,-0.02480790326911456,0.35954753113071625,0.0007631507349959484,-0.015758043627770182,-0.03597034393856199,-0.20364931663056626,-4.9035629429075405,0.34393914465138237,0.6191923786873343,0.8970344943449859,0.8678933455618005,0.41465651827601246,0.34502071464961487,0.4945549665222689,0.8294615177338522,0.016010123117244045,-0.004573313776927273,-0.016099963907692045,-0.0017404425013127387,-0.01614168327090489,-0.33210276452654347,-0.0019428714640931982,0.012708183169603565,0.0052534036097932274,0.02282865776014594,0.40660285829788095,1.2392280690994115,-0.03581880730312026,0.16906379432049287,0.6416384199501362,-0.004419840706423025,0.032418432591755725,0.036829090938976246
0.08214148761515801,0.027800454387344926,-0.01853630615572126,0.02618316918064655,-0.0016436094680875612,-0.005780210834902534,-0.007382816815052942,0.29499934934445293,0.016754173897444352,0.018068311838958278,-0.009873247967100974,-0.02900105932748244,0.11376268045735594,-0.02886436298486685,0.002910362184828702,-0.0028266796718956996,0.009666303918343085,0.05128610008194145,-0.03943736344241725,0.31454782482421945,-0.023076390696527768,-0.014092411603708669,-0.03706644826966186,-0.7131499732310408,-6.314548720247257,0.5713062153458364,0.5391958892209755,1.3117455502660527,0.42311943857488854,0.25423448044058844,0.26567190582718164,1.2421409911947066,1.0132830173325909,0.017547747754409725,-0.003276387788975586,-0.016992386821347235,-0.00028362541856547294,-0.018638852168292627,-0.5232480655194912,-0.002231972321173127,0.02052089158203819,0.0049894206662311385,0.023690145646637056,0.7035932292208247,-0.5063475029496102,-0.036909637803752365,0.09357253991281601,0.6031989587235441,-0.0045641884375011,0.026198694569965344,0.02338203882761171
-0.0687937422602154,0.022472602869483233,-0.080918015463036,0.00502986766588807,-0.016287707052732418,-0.0107514465507838,-0.021290535885532032,0.06913810165599567,0.004050268112905013,0.014966902998947691,-0.026389647345579203,-0.013924916665855196,0.035922032297569205,-0.06626348633197224,0.0002533899031299103,-0.0252722723012082,0.010016440828253008,0.0367310324742585,-0.07606517168768104,-0.02338801793798745,0.36955523426302384,-0.01516021117926128,-0.11987944325116544,4.667858036943266,3.3672919893255266,0.19833364839110168,0.2890400767915999,-0.1842101036143918,0.8004445006494715,-0.5971311751596963,0.3854961583093276,-1.9610394047046695,-0.07585954867137415,0.07223912979298214,-0.003645924493807649,-0.07730200504274762,-0.011548749502015588,-0.023133580613419955,0.0171360651839035,-0.014927770129447545,0.004422741160329962,0.0018225434012878404,0.011209663930995086,0.18907462509256998,-0.6537364921950413,0.6520349743817028,0.27451113582140996,0.9119952389981457,-0.005372361066218908,0.015193060650574927,0.015681357965605363
-0.07700811811266443,0.022053519830316826,-0.10153896290779851,0.013823698076252623,-0.022191449058937447,-0.008125006220301866,-0.030348936083726855,0.05861172846149758,0.0038707214914115275,0.012888445022751297,-0.03439518384566125,-0.01708827226792614,0.034940784204149616,-0.08540939187062323,0.0017009772509070144,-0.03583904771762086,0.0024679919152925515,0.03358339965624934,-0.09051029847624176,-0.033892151537503835,-0.147931161662826,-0.014994244123686905,-0.1253764150599021,2.865857836347871,2.6864948212235205,-0.07527275143741723,0.24176801941487666,-0.8229517987872859,0.08687293478574609,-0.43034861701700805,0.3593166084383455,-0.8794676522421344,-0.22942113527438188,0.0755816799382842,-0.004381623695044668,-0.09375959690673785,-0.02005597074674802,-0.01885638521835277,0.018063346255640628,-0.02568893744512335,0.00312398248515666,-0.00035951130321633043,0.010284486647454533,0.1873708017535777,-0.5777871932676627,0.41520262931875856,-0.06606962239021814,0.7593188687442668,-0.005300384970185393,0.0015170241803870816,0.021641799033528687
-0.06044407802875079,0.029962409830140712,-0.06457875778309481,0.005927243312836194,-0.014860249613354849,-0.006537300148571507,-0.01755319565350111,0.0735143572878065,0.005150799637294633,0.013244129779874231,-0.01760223030619241,-0.0206242540007411,0.05064053390167946,-0.06461053597903728,0.0012280902722994792,-0.012192359295821194,0.001337743124862889,0.047260438150479867,-0.06780618684751062,-0.015862661650405382,0.2366518519329976,-0.014108607701029315,-0.11984054486664376,4.2891534588872915,1.351155978456132,-0.19734843658196655,0.22049965598514334,-0.14630189885103675,1.3643375769595039,-0.5393620616681029,0.42321775272410705,0.3266250271526609,-0.09384770913999713,0.0683503636421226,-0.005617513048185679,-0.06377203997329141,-0.005912025018442815,-0.017122421242571594,0.018285043659650262,-0.008920191483680503,0.0030081089315228617,0.00015831320772016365,0.010899418948198918,0.1575424243108189,-0.5513634971863968,0.45112669942823325,0.20322418048656812,0.7264884710946103,-0.005733764889179067,0.027135805298653726,0.02683383760071702
0.02170315888407935,0.029377879412178513,-0.09643460641466012,0.019738280825924104,-0.008761150424489309,-0.004454443563957749,-0.04262614011364685,0.0759315532729226,0.007563294908845044,0.01677910418534238,-0.01844336586672264,-0.027254250963809835,0.034447678838296934,-0.07253270418487111,0.0010017849393263896,-0.02352331664027933,-0.0004454000267526115,0.03846183011553848,-0.06951739923026194,-0.034126829198747384,-0.04465092686189234,-0.02415114390711251,-0.11321529560728166,1.8153776387853915,0.6405044341741803,0.07329417263825562,0.5485563074542489,-0.22034929298177933,0.13225316837311288,0.0943203366871243,0.3763833942873876,0.4435166765079591,0.504089563851042,0.0643477831370358,-0.004542960050011433,-0.06313697721010476,-0.0073982382069488215,-0.019233406959940164,-0.3180051295958477,-0.005030778778818474,0.0024602237375148965,0.0002619664018273686,0.00836998398587237,0.12090373537370655,-0.0280050227453579,-0.09261412279529749,-0.36247404287644697,-0.21136273246094403,-0.007279816976518608,0.010849708945404761,0.019331598722174877
0.025404137236428714,0.029679155926533845,-0.045511535971649135,0.0176075914571059,-0.003343147444877417,-0.004500167789704166,-0.032584034272414845,0.06669537064688053,0.00414857892484032,0.006060127235256026,-0.01591702371459837,-0.015090880019547177,0.02509682612502644,-0.04180439385043156,-0.00021101333116286676,-0.009080298433486936,0.0016098075029833193,0.03159358155149771,-0.02919038201624936,-0.01818693207106199,-0.038780788503511174,-0.013680840404401522,-0.08667926863176416,1.6962045148614908,-0.7163373286974557,0.0010845908547881717,0.3842025650212474,0.062203298083986086,1.0675935409975548,0.012187570016190908,-3.482863694524031,-0.17353285626184223,0.4830476835677321,0.03070257415078999,-0.005061049235702125,-0.028197085588448894,-0.00555130787677819,-0.012011842200281776,-0.20894224686765228,-0.004907789166852867,0.006547871962340373,0.0006700022642032666,0.007933631365056494,0.1694570474967656,-1.3112146823302984,-0.0367059402766183,-0.027272895399537266,0.5102388930532208,-0.003378532163061795,0.0686231237068479,0.07331910814776867
0.012981869195492844,0.029036297450973598,-0.03004767310256615,0.020794581942133846,-0.0028388095131141283,-0.005754162620795007,-0.005566256065529147,0.1901154962534081,0.012495690122824452,0.010741374764361726,-0.013267298493145998,-0.01455373541401587,0.06329952856351757,-0.0465530449266622,0.0017950120167783638,-0.0049542078600295116,-0.0020396866727649195,0.03345213582460195,-0.04463513863090194,-0.022630755042963153,-0.025699462909231054,-0.0251866823965948,-0.052554345328298654,0.8621703267230989,-10.550250772383418,0.028291875217850745,0.24198279125840028,-0.5700224757728755,0.18425794968417752,-0.752753676668522,0.2231046951800194,0.6042422012314533,0.42577789567951635,0.02729825821953857,-0.004320548104791738,-0.027953614136614922,-0.004122537154629452,-0.02674305255375587,-0.7394774467016065,-0.002964540208934705,0.012071038582858948,0.0021802716823647117,0.015371770376548598,0.47532493717532154,-2.031940631054614,-0.0857291301024007,-0.05515440813591132,-0.13500772903211447,-0.006065195125655363,-0.007612816786256513,0.0243956511748461
0.1323313280724783,0.054869221086393506,-0.03850503057580389,0.011310827624734341,-0.005121414616700831,-0.004590426852400079,-0.017254997896803088,0.16111049534526092,0.0109357522666323,0.014995349918477147,-0.02958482915557801,-0.01786983600183809,0.08816226320207218,-0.0751263871154338,0.0010126217772962003,-0.00579754427065826,-0.00028746540888997693,0.04785089150086198,-0.049006135958815346,-0.010954683397858886,0.04164614385225417,-0.01897056103335471,-0.0836561913331989,2.019014034672063,1.596226752087153,0.44740346171481016,0.649224355504424,0.18347224113569532,0.10074582296821837,0.5672339909314194,0.4707542038953058,0.37233579242818143,0.00397120200159214,0.053005512322677056,-0.0008828732866053887,-0.061116953752640805,-0.008045212586227968,-0.021425952644130858,0.021741200854996295,-0.005933360279288009,0.0028020306359281973,0.002003714712315308,0.006680988599164304,0.44231000793888076,0.9364949430564191,1.0191765519171496,0.05693370374429328,0.705904144438979,-0.00936231859208434,0.040220208375444766,0.05255209488718521
0.09332892926154249,0.04909666525427527,-0.0352874859859852,0.012219508260976014,-0.0034476841576308063,-0.00566043867573579,-0.018736210005656544,0.10639983769964545,0.010275859269798095,0.00941315945018208,-0.01994405621922018,-0.019693331466347323,0.0531387957651261,-0.0678381338974026,0.0011061201054141099,-0.005980139479938644,-0.0035654240760437756,0.05273272138776476,-0.06493255136561035,-0.013384921721278989,0.018462996962860675,-0.03310883863816404,-0.08272808943494772,2.129144661427155,1.548052521806288,0.16151691965596213,0.6537002235169524,0.14512147863899297,-0.03202469394977498,1.0298637562209807,0.45911189900749483,0.3524246798506118,0.13710077934543577,0.042112123725794606,-0.004110869521989658,-0.06227611884902867,-0.006464444528386758,-0.012822131191324802,0.018768428701321414,-0.002041821749601437,0.0024830241801707758,0.0017218926835828583,0.005406324258368324,0.40012245022540904,0.4792092003544086,0.8131552913350154,0.21959830666494323,0.6153092138000213,-0.008782688333171253,0.02388572083066978,0.06624861884661953
0.08423052107883033,0.021881303117629754,-0.10516484535462994,0.04451604737045251,-0.012985161971535077,-0.005411986417732582,-0.03991366132506078,0.0824898304006131,-7.42188964687273e-05,0.014073269147011012,-0.04549048804735995,-0.016400123341244098,0.04360582606919441,-0.08893700711342423,0.002232801865210777,-0.04092266064082859,-2.166833759978226e-05,0.03510940782837252,-0.08802775314003669,-0.02081466926910608,-0.11611094751054693,-0.014916442561246966,-0.12971855028228685,1.826116305426003,1.6290527609087635,-0.3190144746590256,0.35044290737918843,-0.09939841084233846,-1.0576087571054966,-0.2318713391778493,0.31512265442977894,0.37319919239494637,-0.13198792275522186,0.08547693172805793,-0.00312912551474086,-0.11754381561307915,-0.013860624950472855,-0.02787420064335363,0.01948946949941155,-0.018964791292765612,0.0023083084390071802,0.0004976008591307228,0.010461898256444058,0.1353922270617632,0.22069060298020138,-0.20494671934776212,-0.09650035060767849,0.4654859809282232,-0.0050135439083083145,0.0031771428817344363,0.011206336475969735
0.08341507795253333,0.020397513982111044,-0.09226163381686502,0.008173811711544826,-0.008618353663767057,0.1940760209996779,-0.036673107407657835,0.07786659331581561,0.004564533239771124,0.009091487574237535,-0.016319710845350492,-0.015584238265440309,0.032488947305122064,-0.07077275874504196,0.018205125591079608,-0.013429778481612557,-0.0009127172274470481,0.08448502065429127,-0.08789036510361915,-0.026355841403505793,-0.023201778251479403,-0.016455328676240933,-0.1068907203037946,4.853367960440758,3.170222267594251,0.14838205983303915,0.4162635773924265,0.5891649739186335,2.392599051300351,0.20566679902330876,0.35379968925355326,0.7672347641585451,0.21332476769090924,0.06182113088721978,-0.0043212834085522385,-0.08659970127654366,-0.0033430195655283165,-0.02753520206534016,0.01908471610363033,-0.010377290655758356,0.0018647541495112325,0.07812537408962877,0.009494997624672798,-1.2191560897549485,-0.2891754988121433,-0.02886187788780318,0.1321261674145914,0.7237165123918214,-0.01233308142715061,0.047220361849685755,0.02214418091083516
0.0753096070111301,0.04334705013057041,-0.019974212105158123,0.010929093458084752,-0.0022785550503116735,0.1701724771916138,-0.013258890958475206,0.1428676387340421,0.004605121673308186,0.0051705482512882815,-0.0157920601233976,-0.045498006190151,0.06654023676899616,-0.03835700831332897,0.031433839160726035,-0.006822952940018191,-0.004911741564346948,0.11257720255404384,-0.03416817457991868,-0.014490777698202487,-0.01179727312499845,-0.023107078761597958,-0.06295695280345025,-0.9569062104085847,0.8786247509587025,0.2868656582432862,0.3996958724003376,0.5587673816841411,0.9514505020315076,0.6652971881514259,0.5618581444733931,0.26708689037030464,1.3354786704733805,0.017512797633072067,-0.00875084044328169,-0.0229845024105263,-0.0031840326746683705,-0.02949698712932675,0.011187381054112534,-0.003815078056128348,0.0054081341517181365,-0.04079165476822645,0.0047959546028401275,-2.0797335020704613,0.10540019620006263,-0.03371817767206313,-0.08403160434973055,0.545383932801696,-0.018147829310135997,-0.7834887314528335,0.04043189359919444
