/noether/s1/dxb5775/publication_rerun_20260814/scripts/plotting/plot_results.py:113: FutureWarning: DataFrameGroupBy.apply operated on the grouping columns. This behavior is deprecated, and in a future version of pandas the grouping columns will be excluded from the operation. Either pass `include_groups=False` to exclude the groupings or explicitly select the grouping columns after groupby to silence this warning.
  fold_maes = df.groupby("fold").apply(
INFO  maxp pruned
INFO  cmap pruned
INFO  kern dropped
INFO  post pruned
INFO  FFTM dropped
INFO  GPOS pruned
INFO  GSUB pruned
INFO  glyf pruned
INFO  Added gid0 to subset
INFO  Added first four glyphs to subset
INFO  Closing glyph list over 'GSUB': 21 glyphs before
INFO  Glyph names: ['.notdef', '.null', 'A', 'E', 'M', 'N', 'R', 'eight', 'equal', 'five', 'nine', 'nonmarkingreturn', 'one', 'period', 'plusminus', 'seven', 'six', 'space', 'two', 'twosuperior', 'zero']
INFO  Glyph IDs:   [0, 1, 2, 3, 17, 19, 20, 21, 24, 25, 26, 27, 28, 32, 36, 40, 48, 49, 53, 115, 116]
INFO  Closed glyph list over 'GSUB': 21 glyphs after
INFO  Glyph names: ['.notdef', '.null', 'A', 'E', 'M', 'N', 'R', 'eight', 'equal', 'five', 'nine', 'nonmarkingreturn', 'one', 'period', 'plusminus', 'seven', 'six', 'space', 'two', 'twosuperior', 'zero']
INFO  Glyph IDs:   [0, 1, 2, 3, 17, 19, 20, 21, 24, 25, 26, 27, 28, 32, 36, 40, 48, 49, 53, 115, 116]
INFO  Closing glyph list over 'glyf': 21 glyphs before
INFO  Glyph names: ['.notdef', '.null', 'A', 'E', 'M', 'N', 'R', 'eight', 'equal', 'five', 'nine', 'nonmarkingreturn', 'one', 'period', 'plusminus', 'seven', 'six', 'space', 'two', 'twosuperior', 'zero']
INFO  Glyph IDs:   [0, 1, 2, 3, 17, 19, 20, 21, 24, 25, 26, 27, 28, 32, 36, 40, 48, 49, 53, 115, 116]
INFO  Closed glyph list over 'glyf': 21 glyphs after
INFO  Glyph names: ['.notdef', '.null', 'A', 'E', 'M', 'N', 'R', 'eight', 'equal', 'five', 'nine', 'nonmarkingreturn', 'one', 'period', 'plusminus', 'seven', 'six', 'space', 'two', 'twosuperior', 'zero']
INFO  Glyph IDs:   [0, 1, 2, 3, 17, 19, 20, 21, 24, 25, 26, 27, 28, 32, 36, 40, 48, 49, 53, 115, 116]
INFO  Retaining 21 glyphs
INFO  head subsetting not needed
INFO  hhea subsetting not needed
INFO  maxp subsetting not needed
INFO  OS/2 subsetting not needed
INFO  hmtx subsetted
INFO  cmap subsetted
INFO  fpgm subsetting not needed
INFO  prep subsetting not needed
INFO  cvt  subsetting not needed
INFO  loca subsetting not needed
INFO  post subsetted
INFO  gasp subsetting not needed
INFO  GDEF subsetted
INFO  GPOS subsetted
INFO  GSUB subsetted
INFO  name subsetting not needed
INFO  glyf subsetted
INFO  head pruned
INFO  OS/2 Unicode ranges pruned: [0, 1]
INFO  OS/2 CodePage ranges pruned: [0]
INFO  glyf pruned
INFO  GDEF pruned
INFO  GPOS pruned
INFO  GSUB pruned
INFO  name pruned
INFO  maxp pruned
INFO  cmap pruned
INFO  kern dropped
INFO  post pruned
INFO  FFTM dropped
INFO  GPOS pruned
INFO  GSUB pruned
INFO  glyf pruned
INFO  Added gid0 to subset
INFO  Added first four glyphs to subset
INFO  Closing glyph list over 'MATH': 29 glyphs before
INFO  Glyph names: ['.notdef', '.null', 'A', 'E', 'P', 'a', 'c', 'd', 'e', 'eight', 'five', 'k', 'l', 'm', 'nonmarkingreturn', 'o', 'one', 'p', 'parenleft', 'parenright', 'period', 'r', 'six', 'slash', 'space', 'three', 'two', 'x', 'zero']
INFO  Glyph IDs:   [0, 1, 2, 3, 11, 12, 17, 18, 19, 20, 21, 22, 24, 25, 27, 36, 40, 51, 68, 70, 71, 72, 78, 79, 80, 82, 83, 85, 91]
INFO  Closed glyph list over 'MATH': 35 glyphs after
INFO  Glyph names: ['.notdef', '.null', 'A', 'E', 'P', 'a', 'c', 'd', 'e', 'eight', 'five', 'k', 'l', 'm', 'nonmarkingreturn', 'o', 'one', 'p', 'parenleft', 'parenright', 'period', 'r', 'six', 'slash', 'space', 'three', 'two', 'uni239B', 'uni239C', 'uni239D', 'uni239E', 'uni239F', 'uni23A0', 'x', 'zero']
INFO  Glyph IDs:   [0, 1, 2, 3, 11, 12, 17, 18, 19, 20, 21, 22, 24, 25, 27, 36, 40, 51, 68, 70, 71, 72, 78, 79, 80, 82, 83, 85, 91, 3506, 3507, 3508, 3509, 3510, 3511]
INFO  Closing glyph list over 'GSUB': 35 glyphs before
INFO  Glyph names: ['.notdef', '.null', 'A', 'E', 'P', 'a', 'c', 'd', 'e', 'eight', 'five', 'k', 'l', 'm', 'nonmarkingreturn', 'o', 'one', 'p', 'parenleft', 'parenright', 'period', 'r', 'six', 'slash', 'space', 'three', 'two', 'uni239B', 'uni239C', 'uni239D', 'uni239E', 'uni239F', 'uni23A0', 'x', 'zero']
INFO  Glyph IDs:   [0, 1, 2, 3, 11, 12, 17, 18, 19, 20, 21, 22, 24, 25, 27, 36, 40, 51, 68, 70, 71, 72, 78, 79, 80, 82, 83, 85, 91, 3506, 3507, 3508, 3509, 3510, 3511]
INFO  Closed glyph list over 'GSUB': 35 glyphs after
INFO  Glyph names: ['.notdef', '.null', 'A', 'E', 'P', 'a', 'c', 'd', 'e', 'eight', 'five', 'k', 'l', 'm', 'nonmarkingreturn', 'o', 'one', 'p', 'parenleft', 'parenright', 'period', 'r', 'six', 'slash', 'space', 'three', 'two', 'uni239B', 'uni239C', 'uni239D', 'uni239E', 'uni239F', 'uni23A0', 'x', 'zero']
INFO  Glyph IDs:   [0, 1, 2, 3, 11, 12, 17, 18, 19, 20, 21, 22, 24, 25, 27, 36, 40, 51, 68, 70, 71, 72, 78, 79, 80, 82, 83, 85, 91, 3506, 3507, 3508, 3509, 3510, 3511]
INFO  Closing glyph list over 'glyf': 35 glyphs before
INFO  Glyph names: ['.notdef', '.null', 'A', 'E', 'P', 'a', 'c', 'd', 'e', 'eight', 'five', 'k', 'l', 'm', 'nonmarkingreturn', 'o', 'one', 'p', 'parenleft', 'parenright', 'period', 'r', 'six', 'slash', 'space', 'three', 'two', 'uni239B', 'uni239C', 'uni239D', 'uni239E', 'uni239F', 'uni23A0', 'x', 'zero']
INFO  Glyph IDs:   [0, 1, 2, 3, 11, 12, 17, 18, 19, 20, 21, 22, 24, 25, 27, 36, 40, 51, 68, 70, 71, 72, 78, 79, 80, 82, 83, 85, 91, 3506, 3507, 3508, 3509, 3510, 3511]
INFO  Closed glyph list over 'glyf': 35 glyphs after
INFO  Glyph names: ['.notdef', '.null', 'A', 'E', 'P', 'a', 'c', 'd', 'e', 'eight', 'five', 'k', 'l', 'm', 'nonmarkingreturn', 'o', 'one', 'p', 'parenleft', 'parenright', 'period', 'r', 'six', 'slash', 'space', 'three', 'two', 'uni239B', 'uni239C', 'uni239D', 'uni239E', 'uni239F', 'uni23A0', 'x', 'zero']
INFO  Glyph IDs:   [0, 1, 2, 3, 11, 12, 17, 18, 19, 20, 21, 22, 24, 25, 27, 36, 40, 51, 68, 70, 71, 72, 78, 79, 80, 82, 83, 85, 91, 3506, 3507, 3508, 3509, 3510, 3511]
INFO  Retaining 35 glyphs
INFO  head subsetting not needed
INFO  hhea subsetting not needed
INFO  maxp subsetting not needed
INFO  OS/2 subsetting not needed
INFO  hmtx subsetted
INFO  cmap subsetted
INFO  fpgm subsetting not needed
INFO  prep subsetting not needed
INFO  cvt  subsetting not needed
INFO  loca subsetting not needed
INFO  post subsetted
INFO  gasp subsetting not needed
INFO  MATH subsetted
INFO  GDEF subsetted
INFO  GPOS subsetted
INFO  GSUB subsetted
INFO  name subsetting not needed
INFO  glyf subsetted
INFO  head pruned
INFO  OS/2 Unicode ranges pruned: [0]
INFO  OS/2 CodePage ranges pruned: [0]
INFO  glyf pruned
INFO  GDEF pruned
INFO  GPOS pruned
INFO  GSUB pruned
INFO  name pruned
/noether/s1/dxb5775/publication_rerun_20260814/scripts/plotting/plot_results.py:113: FutureWarning: DataFrameGroupBy.apply operated on the grouping columns. This behavior is deprecated, and in a future version of pandas the grouping columns will be excluded from the operation. Either pass `include_groups=False` to exclude the groupings or explicitly select the grouping columns after groupby to silence this warning.
  fold_maes = df.groupby("fold").apply(
INFO  maxp pruned
INFO  cmap pruned
INFO  kern dropped
INFO  post pruned
INFO  FFTM dropped
INFO  GPOS pruned
INFO  GSUB pruned
INFO  glyf pruned
INFO  Added gid0 to subset
INFO  Added first four glyphs to subset
INFO  Closing glyph list over 'GSUB': 21 glyphs before
INFO  Glyph names: ['.notdef', '.null', 'A', 'E', 'M', 'N', 'R', 'eight', 'equal', 'five', 'nine', 'nonmarkingreturn', 'one', 'period', 'plusminus', 'six', 'space', 'three', 'two', 'twosuperior', 'zero']
INFO  Glyph IDs:   [0, 1, 2, 3, 17, 19, 20, 21, 22, 24, 25, 27, 28, 32, 36, 40, 48, 49, 53, 115, 116]
INFO  Closed glyph list over 'GSUB': 21 glyphs after
INFO  Glyph names: ['.notdef', '.null', 'A', 'E', 'M', 'N', 'R', 'eight', 'equal', 'five', 'nine', 'nonmarkingreturn', 'one', 'period', 'plusminus', 'six', 'space', 'three', 'two', 'twosuperior', 'zero']
INFO  Glyph IDs:   [0, 1, 2, 3, 17, 19, 20, 21, 22, 24, 25, 27, 28, 32, 36, 40, 48, 49, 53, 115, 116]
INFO  Closing glyph list over 'glyf': 21 glyphs before
INFO  Glyph names: ['.notdef', '.null', 'A', 'E', 'M', 'N', 'R', 'eight', 'equal', 'five', 'nine', 'nonmarkingreturn', 'one', 'period', 'plusminus', 'six', 'space', 'three', 'two', 'twosuperior', 'zero']
INFO  Glyph IDs:   [0, 1, 2, 3, 17, 19, 20, 21, 22, 24, 25, 27, 28, 32, 36, 40, 48, 49, 53, 115, 116]
INFO  Closed glyph list over 'glyf': 21 glyphs after
INFO  Glyph names: ['.notdef', '.null', 'A', 'E', 'M', 'N', 'R', 'eight', 'equal', 'five', 'nine', 'nonmarkingreturn', 'one', 'period', 'plusminus', 'six', 'space', 'three', 'two', 'twosuperior', 'zero']
INFO  Glyph IDs:   [0, 1, 2, 3, 17, 19, 20, 21, 22, 24, 25, 27, 28, 32, 36, 40, 48, 49, 53, 115, 116]
INFO  Retaining 21 glyphs
INFO  head subsetting not needed
INFO  hhea subsetting not needed
INFO  maxp subsetting not needed
INFO  OS/2 subsetting not needed
INFO  hmtx subsetted
INFO  cmap subsetted
INFO  fpgm subsetting not needed
INFO  prep subsetting not needed
INFO  cvt  subsetting not needed
INFO  loca subsetting not needed
INFO  post subsetted
INFO  gasp subsetting not needed
INFO  GDEF subsetted
INFO  GPOS subsetted
INFO  GSUB subsetted
INFO  name subsetting not needed
INFO  glyf subsetted
INFO  head pruned
INFO  OS/2 Unicode ranges pruned: [0, 1]
INFO  OS/2 CodePage ranges pruned: [0]
INFO  glyf pruned
INFO  GDEF pruned
INFO  GPOS pruned
INFO  GSUB pruned
INFO  name pruned
INFO  maxp pruned
INFO  cmap pruned
INFO  kern dropped
INFO  post pruned
INFO  FFTM dropped
INFO  GPOS pruned
INFO  GSUB pruned
INFO  glyf pruned
INFO  Added gid0 to subset
INFO  Added first four glyphs to subset
INFO  Closing glyph list over 'MATH': 29 glyphs before
INFO  Glyph names: ['.notdef', '.null', 'A', 'E', 'P', 'a', 'c', 'd', 'e', 'eight', 'five', 'k', 'l', 'm', 'nonmarkingreturn', 'o', 'one', 'p', 'parenleft', 'parenright', 'period', 'r', 'six', 'slash', 'space', 'three', 'two', 'x', 'zero']
INFO  Glyph IDs:   [0, 1, 2, 3, 11, 12, 17, 18, 19, 20, 21, 22, 24, 25, 27, 36, 40, 51, 68, 70, 71, 72, 78, 79, 80, 82, 83, 85, 91]
INFO  Closed glyph list over 'MATH': 35 glyphs after
INFO  Glyph names: ['.notdef', '.null', 'A', 'E', 'P', 'a', 'c', 'd', 'e', 'eight', 'five', 'k', 'l', 'm', 'nonmarkingreturn', 'o', 'one', 'p', 'parenleft', 'parenright', 'period', 'r', 'six', 'slash', 'space', 'three', 'two', 'uni239B', 'uni239C', 'uni239D', 'uni239E', 'uni239F', 'uni23A0', 'x', 'zero']
INFO  Glyph IDs:   [0, 1, 2, 3, 11, 12, 17, 18, 19, 20, 21, 22, 24, 25, 27, 36, 40, 51, 68, 70, 71, 72, 78, 79, 80, 82, 83, 85, 91, 3506, 3507, 3508, 3509, 3510, 3511]
INFO  Closing glyph list over 'GSUB': 35 glyphs before
INFO  Glyph names: ['.notdef', '.null', 'A', 'E', 'P', 'a', 'c', 'd', 'e', 'eight', 'five', 'k', 'l', 'm', 'nonmarkingreturn', 'o', 'one', 'p', 'parenleft', 'parenright', 'period', 'r', 'six', 'slash', 'space', 'three', 'two', 'uni239B', 'uni239C', 'uni239D', 'uni239E', 'uni239F', 'uni23A0', 'x', 'zero']
INFO  Glyph IDs:   [0, 1, 2, 3, 11, 12, 17, 18, 19, 20, 21, 22, 24, 25, 27, 36, 40, 51, 68, 70, 71, 72, 78, 79, 80, 82, 83, 85, 91, 3506, 3507, 3508, 3509, 3510, 3511]
INFO  Closed glyph list over 'GSUB': 35 glyphs after
INFO  Glyph names: ['.notdef', '.null', 'A', 'E', 'P', 'a', 'c', 'd', 'e', 'eight', 'five', 'k', 'l', 'm', 'nonmarkingreturn', 'o', 'one', 'p', 'parenleft', 'parenright', 'period', 'r', 'six', 'slash', 'space', 'three', 'two', 'uni239B', 'uni239C', 'uni239D', 'uni239E', 'uni239F', 'uni23A0', 'x', 'zero']
INFO  Glyph IDs:   [0, 1, 2, 3, 11, 12, 17, 18, 19, 20, 21, 22, 24, 25, 27, 36, 40, 51, 68, 70, 71, 72, 78, 79, 80, 82, 83, 85, 91, 3506, 3507, 3508, 3509, 3510, 3511]
INFO  Closing glyph list over 'glyf': 35 glyphs before
INFO  Glyph names: ['.notdef', '.null', 'A', 'E', 'P', 'a', 'c', 'd', 'e', 'eight', 'five', 'k', 'l', 'm', 'nonmarkingreturn', 'o', 'one', 'p', 'parenleft', 'parenright', 'period', 'r', 'six', 'slash', 'space', 'three', 'two', 'uni239B', 'uni239C', 'uni239D', 'uni239E', 'uni239F', 'uni23A0', 'x', 'zero']
INFO  Glyph IDs:   [0, 1, 2, 3, 11, 12, 17, 18, 19, 20, 21, 22, 24, 25, 27, 36, 40, 51, 68, 70, 71, 72, 78, 79, 80, 82, 83, 85, 91, 3506, 3507, 3508, 3509, 3510, 3511]
INFO  Closed glyph list over 'glyf': 35 glyphs after
INFO  Glyph names: ['.notdef', '.null', 'A', 'E', 'P', 'a', 'c', 'd', 'e', 'eight', 'five', 'k', 'l', 'm', 'nonmarkingreturn', 'o', 'one', 'p', 'parenleft', 'parenright', 'period', 'r', 'six', 'slash', 'space', 'three', 'two', 'uni239B', 'uni239C', 'uni239D', 'uni239E', 'uni239F', 'uni23A0', 'x', 'zero']
INFO  Glyph IDs:   [0, 1, 2, 3, 11, 12, 17, 18, 19, 20, 21, 22, 24, 25, 27, 36, 40, 51, 68, 70, 71, 72, 78, 79, 80, 82, 83, 85, 91, 3506, 3507, 3508, 3509, 3510, 3511]
INFO  Retaining 35 glyphs
INFO  head subsetting not needed
INFO  hhea subsetting not needed
INFO  maxp subsetting not needed
INFO  OS/2 subsetting not needed
INFO  hmtx subsetted
INFO  cmap subsetted
INFO  fpgm subsetting not needed
INFO  prep subsetting not needed
INFO  cvt  subsetting not needed
INFO  loca subsetting not needed
INFO  post subsetted
INFO  gasp subsetting not needed
INFO  MATH subsetted
INFO  GDEF subsetted
INFO  GPOS subsetted
INFO  GSUB subsetted
INFO  name subsetting not needed
INFO  glyf subsetted
INFO  head pruned
INFO  OS/2 Unicode ranges pruned: [0]
INFO  OS/2 CodePage ranges pruned: [0]
INFO  glyf pruned
INFO  GDEF pruned
INFO  GPOS pruned
INFO  GSUB pruned
INFO  name pruned
/noether/s1/dxb5775/publication_rerun_20260814/scripts/plotting/plot_results.py:113: FutureWarning: DataFrameGroupBy.apply operated on the grouping columns. This behavior is deprecated, and in a future version of pandas the grouping columns will be excluded from the operation. Either pass `include_groups=False` to exclude the groupings or explicitly select the grouping columns after groupby to silence this warning.
  fold_maes = df.groupby("fold").apply(
INFO  maxp pruned
INFO  cmap pruned
INFO  kern dropped
INFO  post pruned
INFO  FFTM dropped
INFO  GPOS pruned
INFO  GSUB pruned
INFO  glyf pruned
INFO  Added gid0 to subset
INFO  Added first four glyphs to subset
INFO  Closing glyph list over 'GSUB': 26 glyphs before
INFO  Glyph names: ['.notdef', '.null', 'A', 'E', 'M', 'N', 'R', 'S', 'bar', 'e', 'eight', 'equal', 'five', 'four', 'i', 'nonmarkingreturn', 'one', 'period', 'plusminus', 's', 'seven', 'space', 't', 'two', 'twosuperior', 'zero']
INFO  Glyph IDs:   [0, 1, 2, 3, 17, 19, 20, 21, 23, 24, 26, 27, 32, 36, 40, 48, 49, 53, 54, 72, 76, 86, 87, 95, 115, 116]
INFO  Closed glyph list over 'GSUB': 26 glyphs after
INFO  Glyph names: ['.notdef', '.null', 'A', 'E', 'M', 'N', 'R', 'S', 'bar', 'e', 'eight', 'equal', 'five', 'four', 'i', 'nonmarkingreturn', 'one', 'period', 'plusminus', 's', 'seven', 'space', 't', 'two', 'twosuperior', 'zero']
INFO  Glyph IDs:   [0, 1, 2, 3, 17, 19, 20, 21, 23, 24, 26, 27, 32, 36, 40, 48, 49, 53, 54, 72, 76, 86, 87, 95, 115, 116]
INFO  Closing glyph list over 'glyf': 26 glyphs before
INFO  Glyph names: ['.notdef', '.null', 'A', 'E', 'M', 'N', 'R', 'S', 'bar', 'e', 'eight', 'equal', 'five', 'four', 'i', 'nonmarkingreturn', 'one', 'period', 'plusminus', 's', 'seven', 'space', 't', 'two', 'twosuperior', 'zero']
INFO  Glyph IDs:   [0, 1, 2, 3, 17, 19, 20, 21, 23, 24, 26, 27, 32, 36, 40, 48, 49, 53, 54, 72, 76, 86, 87, 95, 115, 116]
INFO  Closed glyph list over 'glyf': 26 glyphs after
INFO  Glyph names: ['.notdef', '.null', 'A', 'E', 'M', 'N', 'R', 'S', 'bar', 'e', 'eight', 'equal', 'five', 'four', 'i', 'nonmarkingreturn', 'one', 'period', 'plusminus', 's', 'seven', 'space', 't', 'two', 'twosuperior', 'zero']
INFO  Glyph IDs:   [0, 1, 2, 3, 17, 19, 20, 21, 23, 24, 26, 27, 32, 36, 40, 48, 49, 53, 54, 72, 76, 86, 87, 95, 115, 116]
INFO  Retaining 26 glyphs
INFO  head subsetting not needed
INFO  hhea subsetting not needed
INFO  maxp subsetting not needed
INFO  OS/2 subsetting not needed
INFO  hmtx subsetted
INFO  cmap subsetted
INFO  fpgm subsetting not needed
INFO  prep subsetting not needed
INFO  cvt  subsetting not needed
INFO  loca subsetting not needed
INFO  post subsetted
INFO  gasp subsetting not needed
INFO  GDEF subsetted
INFO  GPOS subsetted
INFO  GSUB subsetted
INFO  name subsetting not needed
INFO  glyf subsetted
INFO  head pruned
INFO  OS/2 Unicode ranges pruned: [0, 1]
INFO  OS/2 CodePage ranges pruned: [0]
INFO  glyf pruned
INFO  GDEF pruned
INFO  GPOS pruned
INFO  GSUB pruned
INFO  name pruned
INFO  maxp pruned
INFO  cmap pruned
INFO  kern dropped
INFO  post pruned
INFO  FFTM dropped
INFO  GPOS pruned
INFO  GSUB pruned
INFO  glyf pruned
INFO  Added gid0 to subset
INFO  Added first four glyphs to subset
INFO  Closing glyph list over 'MATH': 29 glyphs before
INFO  Glyph names: ['.notdef', '.null', 'A', 'D', 'F', 'P', 'T', 'a', 'c', 'd', 'e', 'eight', 'four', 'k', 'l', 'm', 'nine', 'nonmarkingreturn', 'o', 'one', 'parenleft', 'parenright', 'period', 'r', 'six', 'slash', 'space', 'three', 'two']
INFO  Glyph IDs:   [0, 1, 2, 3, 11, 12, 17, 18, 20, 21, 22, 23, 25, 27, 28, 36, 39, 41, 51, 55, 68, 70, 71, 72, 78, 79, 80, 82, 85]
INFO  Closed glyph list over 'MATH': 35 glyphs after
INFO  Glyph names: ['.notdef', '.null', 'A', 'D', 'F', 'P', 'T', 'a', 'c', 'd', 'e', 'eight', 'four', 'k', 'l', 'm', 'nine', 'nonmarkingreturn', 'o', 'one', 'parenleft', 'parenright', 'period', 'r', 'six', 'slash', 'space', 'three', 'two', 'uni239B', 'uni239C', 'uni239D', 'uni239E', 'uni239F', 'uni23A0']
INFO  Glyph IDs:   [0, 1, 2, 3, 11, 12, 17, 18, 20, 21, 22, 23, 25, 27, 28, 36, 39, 41, 51, 55, 68, 70, 71, 72, 78, 79, 80, 82, 85, 3506, 3507, 3508, 3509, 3510, 3511]
INFO  Closing glyph list over 'GSUB': 35 glyphs before
INFO  Glyph names: ['.notdef', '.null', 'A', 'D', 'F', 'P', 'T', 'a', 'c', 'd', 'e', 'eight', 'four', 'k', 'l', 'm', 'nine', 'nonmarkingreturn', 'o', 'one', 'parenleft', 'parenright', 'period', 'r', 'six', 'slash', 'space', 'three', 'two', 'uni239B', 'uni239C', 'uni239D', 'uni239E', 'uni239F', 'uni23A0']
INFO  Glyph IDs:   [0, 1, 2, 3, 11, 12, 17, 18, 20, 21, 22, 23, 25, 27, 28, 36, 39, 41, 51, 55, 68, 70, 71, 72, 78, 79, 80, 82, 85, 3506, 3507, 3508, 3509, 3510, 3511]
INFO  Closed glyph list over 'GSUB': 35 glyphs after
INFO  Glyph names: ['.notdef', '.null', 'A', 'D', 'F', 'P', 'T', 'a', 'c', 'd', 'e', 'eight', 'four', 'k', 'l', 'm', 'nine', 'nonmarkingreturn', 'o', 'one', 'parenleft', 'parenright', 'period', 'r', 'six', 'slash', 'space', 'three', 'two', 'uni239B', 'uni239C', 'uni239D', 'uni239E', 'uni239F', 'uni23A0']
INFO  Glyph IDs:   [0, 1, 2, 3, 11, 12, 17, 18, 20, 21, 22, 23, 25, 27, 28, 36, 39, 41, 51, 55, 68, 70, 71, 72, 78, 79, 80, 82, 85, 3506, 3507, 3508, 3509, 3510, 3511]
INFO  Closing glyph list over 'glyf': 35 glyphs before
INFO  Glyph names: ['.notdef', '.null', 'A', 'D', 'F', 'P', 'T', 'a', 'c', 'd', 'e', 'eight', 'four', 'k', 'l', 'm', 'nine', 'nonmarkingreturn', 'o', 'one', 'parenleft', 'parenright', 'period', 'r', 'six', 'slash', 'space', 'three', 'two', 'uni239B', 'uni239C', 'uni239D', 'uni239E', 'uni239F', 'uni23A0']
INFO  Glyph IDs:   [0, 1, 2, 3, 11, 12, 17, 18, 20, 21, 22, 23, 25, 27, 28, 36, 39, 41, 51, 55, 68, 70, 71, 72, 78, 79, 80, 82, 85, 3506, 3507, 3508, 3509, 3510, 3511]
INFO  Closed glyph list over 'glyf': 35 glyphs after
INFO  Glyph names: ['.notdef', '.null', 'A', 'D', 'F', 'P', 'T', 'a', 'c', 'd', 'e', 'eight', 'four', 'k', 'l', 'm', 'nine', 'nonmarkingreturn', 'o', 'one', 'parenleft', 'parenright', 'period', 'r', 'six', 'slash', 'space', 'three', 'two', 'uni239B', 'uni239C', 'uni239D', 'uni239E', 'uni239F', 'uni23A0']
INFO  Glyph IDs:   [0, 1, 2, 3, 11, 12, 17, 18, 20, 21, 22, 23, 25, 27, 28, 36, 39, 41, 51, 55, 68, 70, 71, 72, 78, 79, 80, 82, 85, 3506, 3507, 3508, 3509, 3510, 3511]
INFO  Retaining 35 glyphs
INFO  head subsetting not needed
INFO  hhea subsetting not needed
INFO  maxp subsetting not needed
INFO  OS/2 subsetting not needed
INFO  hmtx subsetted
INFO  cmap subsetted
INFO  fpgm subsetting not needed
INFO  prep subsetting not needed
INFO  cvt  subsetting not needed
INFO  loca subsetting not needed
INFO  post subsetted
INFO  gasp subsetting not needed
INFO  MATH subsetted
INFO  GDEF subsetted
INFO  GPOS subsetted
INFO  GSUB subsetted
INFO  name subsetting not needed
INFO  glyf subsetted
INFO  head pruned
INFO  OS/2 Unicode ranges pruned: [0]
INFO  OS/2 CodePage ranges pruned: [0]
INFO  glyf pruned
INFO  GDEF pruned
INFO  GPOS pruned
INFO  GSUB pruned
INFO  name pruned
/noether/s1/dxb5775/publication_rerun_20260814/scripts/plotting/plot_results.py:113: FutureWarning: DataFrameGroupBy.apply operated on the grouping columns. This behavior is deprecated, and in a future version of pandas the grouping columns will be excluded from the operation. Either pass `include_groups=False` to exclude the groupings or explicitly select the grouping columns after groupby to silence this warning.
  fold_maes = df.groupby("fold").apply(
INFO  maxp pruned
INFO  cmap pruned
INFO  kern dropped
INFO  post pruned
INFO  FFTM dropped
INFO  GPOS pruned
INFO  GSUB pruned
INFO  glyf pruned
INFO  Added gid0 to subset
INFO  Added first four glyphs to subset
INFO  Closing glyph list over 'GSUB': 27 glyphs before
INFO  Glyph names: ['.notdef', '.null', 'A', 'E', 'M', 'N', 'R', 'S', 'bar', 'e', 'eight', 'equal', 'five', 'four', 'i', 'nonmarkingreturn', 'one', 'period', 'plusminus', 's', 'seven', 'six', 'space', 't', 'two', 'twosuperior', 'zero']
INFO  Glyph IDs:   [0, 1, 2, 3, 17, 19, 20, 21, 23, 24, 25, 26, 27, 32, 36, 40, 48, 49, 53, 54, 72, 76, 86, 87, 95, 115, 116]
INFO  Closed glyph list over 'GSUB': 27 glyphs after
INFO  Glyph names: ['.notdef', '.null', 'A', 'E', 'M', 'N', 'R', 'S', 'bar', 'e', 'eight', 'equal', 'five', 'four', 'i', 'nonmarkingreturn', 'one', 'period', 'plusminus', 's', 'seven', 'six', 'space', 't', 'two', 'twosuperior', 'zero']
INFO  Glyph IDs:   [0, 1, 2, 3, 17, 19, 20, 21, 23, 24, 25, 26, 27, 32, 36, 40, 48, 49, 53, 54, 72, 76, 86, 87, 95, 115, 116]
INFO  Closing glyph list over 'glyf': 27 glyphs before
INFO  Glyph names: ['.notdef', '.null', 'A', 'E', 'M', 'N', 'R', 'S', 'bar', 'e', 'eight', 'equal', 'five', 'four', 'i', 'nonmarkingreturn', 'one', 'period', 'plusminus', 's', 'seven', 'six', 'space', 't', 'two', 'twosuperior', 'zero']
INFO  Glyph IDs:   [0, 1, 2, 3, 17, 19, 20, 21, 23, 24, 25, 26, 27, 32, 36, 40, 48, 49, 53, 54, 72, 76, 86, 87, 95, 115, 116]
INFO  Closed glyph list over 'glyf': 27 glyphs after
INFO  Glyph names: ['.notdef', '.null', 'A', 'E', 'M', 'N', 'R', 'S', 'bar', 'e', 'eight', 'equal', 'five', 'four', 'i', 'nonmarkingreturn', 'one', 'period', 'plusminus', 's', 'seven', 'six', 'space', 't', 'two', 'twosuperior', 'zero']
INFO  Glyph IDs:   [0, 1, 2, 3, 17, 19, 20, 21, 23, 24, 25, 26, 27, 32, 36, 40, 48, 49, 53, 54, 72, 76, 86, 87, 95, 115, 116]
INFO  Retaining 27 glyphs
INFO  head subsetting not needed
INFO  hhea subsetting not needed
INFO  maxp subsetting not needed
INFO  OS/2 subsetting not needed
INFO  hmtx subsetted
INFO  cmap subsetted
INFO  fpgm subsetting not needed
INFO  prep subsetting not needed
INFO  cvt  subsetting not needed
INFO  loca subsetting not needed
INFO  post subsetted
INFO  gasp subsetting not needed
INFO  GDEF subsetted
INFO  GPOS subsetted
INFO  GSUB subsetted
INFO  name subsetting not needed
INFO  glyf subsetted
INFO  head pruned
INFO  OS/2 Unicode ranges pruned: [0, 1]
INFO  OS/2 CodePage ranges pruned: [0]
INFO  glyf pruned
INFO  GDEF pruned
INFO  GPOS pruned
INFO  GSUB pruned
INFO  name pruned
INFO  maxp pruned
INFO  cmap pruned
INFO  kern dropped
INFO  post pruned
INFO  FFTM dropped
INFO  GPOS pruned
INFO  GSUB pruned
INFO  glyf pruned
INFO  Added gid0 to subset
INFO  Added first four glyphs to subset
INFO  Closing glyph list over 'MATH': 29 glyphs before
INFO  Glyph names: ['.notdef', '.null', 'A', 'D', 'F', 'P', 'T', 'a', 'c', 'd', 'e', 'eight', 'four', 'k', 'l', 'm', 'nine', 'nonmarkingreturn', 'o', 'one', 'parenleft', 'parenright', 'period', 'r', 'six', 'slash', 'space', 'three', 'two']
INFO  Glyph IDs:   [0, 1, 2, 3, 11, 12, 17, 18, 20, 21, 22, 23, 25, 27, 28, 36, 39, 41, 51, 55, 68, 70, 71, 72, 78, 79, 80, 82, 85]
INFO  Closed glyph list over 'MATH': 35 glyphs after
INFO  Glyph names: ['.notdef', '.null', 'A', 'D', 'F', 'P', 'T', 'a', 'c', 'd', 'e', 'eight', 'four', 'k', 'l', 'm', 'nine', 'nonmarkingreturn', 'o', 'one', 'parenleft', 'parenright', 'period', 'r', 'six', 'slash', 'space', 'three', 'two', 'uni239B', 'uni239C', 'uni239D', 'uni239E', 'uni239F', 'uni23A0']
INFO  Glyph IDs:   [0, 1, 2, 3, 11, 12, 17, 18, 20, 21, 22, 23, 25, 27, 28, 36, 39, 41, 51, 55, 68, 70, 71, 72, 78, 79, 80, 82, 85, 3506, 3507, 3508, 3509, 3510, 3511]
INFO  Closing glyph list over 'GSUB': 35 glyphs before
INFO  Glyph names: ['.notdef', '.null', 'A', 'D', 'F', 'P', 'T', 'a', 'c', 'd', 'e', 'eight', 'four', 'k', 'l', 'm', 'nine', 'nonmarkingreturn', 'o', 'one', 'parenleft', 'parenright', 'period', 'r', 'six', 'slash', 'space', 'three', 'two', 'uni239B', 'uni239C', 'uni239D', 'uni239E', 'uni239F', 'uni23A0']
INFO  Glyph IDs:   [0, 1, 2, 3, 11, 12, 17, 18, 20, 21, 22, 23, 25, 27, 28, 36, 39, 41, 51, 55, 68, 70, 71, 72, 78, 79, 80, 82, 85, 3506, 3507, 3508, 3509, 3510, 3511]
INFO  Closed glyph list over 'GSUB': 35 glyphs after
INFO  Glyph names: ['.notdef', '.null', 'A', 'D', 'F', 'P', 'T', 'a', 'c', 'd', 'e', 'eight', 'four', 'k', 'l', 'm', 'nine', 'nonmarkingreturn', 'o', 'one', 'parenleft', 'parenright', 'period', 'r', 'six', 'slash', 'space', 'three', 'two', 'uni239B', 'uni239C', 'uni239D', 'uni239E', 'uni239F', 'uni23A0']
INFO  Glyph IDs:   [0, 1, 2, 3, 11, 12, 17, 18, 20, 21, 22, 23, 25, 27, 28, 36, 39, 41, 51, 55, 68, 70, 71, 72, 78, 79, 80, 82, 85, 3506, 3507, 3508, 3509, 3510, 3511]
INFO  Closing glyph list over 'glyf': 35 glyphs before
INFO  Glyph names: ['.notdef', '.null', 'A', 'D', 'F', 'P', 'T', 'a', 'c', 'd', 'e', 'eight', 'four', 'k', 'l', 'm', 'nine', 'nonmarkingreturn', 'o', 'one', 'parenleft', 'parenright', 'period', 'r', 'six', 'slash', 'space', 'three', 'two', 'uni239B', 'uni239C', 'uni239D', 'uni239E', 'uni239F', 'uni23A0']
INFO  Glyph IDs:   [0, 1, 2, 3, 11, 12, 17, 18, 20, 21, 22, 23, 25, 27, 28, 36, 39, 41, 51, 55, 68, 70, 71, 72, 78, 79, 80, 82, 85, 3506, 3507, 3508, 3509, 3510, 3511]
INFO  Closed glyph list over 'glyf': 35 glyphs after
INFO  Glyph names: ['.notdef', '.null', 'A', 'D', 'F', 'P', 'T', 'a', 'c', 'd', 'e', 'eight', 'four', 'k', 'l', 'm', 'nine', 'nonmarkingreturn', 'o', 'one', 'parenleft', 'parenright', 'period', 'r', 'six', 'slash', 'space', 'three', 'two', 'uni239B', 'uni239C', 'uni239D', 'uni239E', 'uni239F', 'uni23A0']
INFO  Glyph IDs:   [0, 1, 2, 3, 11, 12, 17, 18, 20, 21, 22, 23, 25, 27, 28, 36, 39, 41, 51, 55, 68, 70, 71, 72, 78, 79, 80, 82, 85, 3506, 3507, 3508, 3509, 3510, 3511]
INFO  Retaining 35 glyphs
INFO  head subsetting not needed
INFO  hhea subsetting not needed
INFO  maxp subsetting not needed
INFO  OS/2 subsetting not needed
INFO  hmtx subsetted
INFO  cmap subsetted
INFO  fpgm subsetting not needed
INFO  prep subsetting not needed
INFO  cvt  subsetting not needed
INFO  loca subsetting not needed
INFO  post subsetted
INFO  gasp subsetting not needed
INFO  MATH subsetted
INFO  GDEF subsetted
INFO  GPOS subsetted
INFO  GSUB subsetted
INFO  name subsetting not needed
INFO  glyf subsetted
INFO  head pruned
INFO  OS/2 Unicode ranges pruned: [0]
INFO  OS/2 CodePage ranges pruned: [0]
INFO  glyf pruned
INFO  GDEF pruned
INFO  GPOS pruned
INFO  GSUB pruned
INFO  name pruned
INFO  maxp pruned
INFO  cmap pruned
INFO  kern dropped
INFO  post pruned
INFO  FFTM dropped
INFO  GPOS pruned
INFO  GSUB pruned
INFO  glyf pruned
INFO  Added gid0 to subset
INFO  Added first four glyphs to subset
INFO  Closing glyph list over 'MATH': 43 glyphs before
INFO  Glyph names: ['.notdef', '.null', 'A', 'B', 'C', 'D', 'E', 'F', 'G', 'L', 'M', 'N', 'P', 'R', 'S', 'T', 'V', 'W', 'X', 'a', 'c', 'd', 'e', 'five', 'four', 'g', 'h', 'i', 'l', 'm', 'n', 'nonmarkingreturn', 'o', 'one', 'period', 'r', 's', 'space', 't', 'three', 'x', 'y', 'zero']
INFO  Glyph IDs:   [0, 1, 2, 3, 17, 19, 20, 22, 23, 24, 36, 37, 38, 39, 40, 41, 42, 47, 48, 49, 51, 53, 54, 55, 57, 58, 59, 68, 70, 71, 72, 74, 75, 76, 79, 80, 81, 82, 85, 86, 87, 91, 92]
INFO  Closed glyph list over 'MATH': 43 glyphs after
INFO  Glyph names: ['.notdef', '.null', 'A', 'B', 'C', 'D', 'E', 'F', 'G', 'L', 'M', 'N', 'P', 'R', 'S', 'T', 'V', 'W', 'X', 'a', 'c', 'd', 'e', 'five', 'four', 'g', 'h', 'i', 'l', 'm', 'n', 'nonmarkingreturn', 'o', 'one', 'period', 'r', 's', 'space', 't', 'three', 'x', 'y', 'zero']
INFO  Glyph IDs:   [0, 1, 2, 3, 17, 19, 20, 22, 23, 24, 36, 37, 38, 39, 40, 41, 42, 47, 48, 49, 51, 53, 54, 55, 57, 58, 59, 68, 70, 71, 72, 74, 75, 76, 79, 80, 81, 82, 85, 86, 87, 91, 92]
INFO  Closing glyph list over 'GSUB': 43 glyphs before
INFO  Glyph names: ['.notdef', '.null', 'A', 'B', 'C', 'D', 'E', 'F', 'G', 'L', 'M', 'N', 'P', 'R', 'S', 'T', 'V', 'W', 'X', 'a', 'c', 'd', 'e', 'five', 'four', 'g', 'h', 'i', 'l', 'm', 'n', 'nonmarkingreturn', 'o', 'one', 'period', 'r', 's', 'space', 't', 'three', 'x', 'y', 'zero']
INFO  Glyph IDs:   [0, 1, 2, 3, 17, 19, 20, 22, 23, 24, 36, 37, 38, 39, 40, 41, 42, 47, 48, 49, 51, 53, 54, 55, 57, 58, 59, 68, 70, 71, 72, 74, 75, 76, 79, 80, 81, 82, 85, 86, 87, 91, 92]
INFO  Closed glyph list over 'GSUB': 43 glyphs after
INFO  Glyph names: ['.notdef', '.null', 'A', 'B', 'C', 'D', 'E', 'F', 'G', 'L', 'M', 'N', 'P', 'R', 'S', 'T', 'V', 'W', 'X', 'a', 'c', 'd', 'e', 'five', 'four', 'g', 'h', 'i', 'l', 'm', 'n', 'nonmarkingreturn', 'o', 'one', 'period', 'r', 's', 'space', 't', 'three', 'x', 'y', 'zero']
INFO  Glyph IDs:   [0, 1, 2, 3, 17, 19, 20, 22, 23, 24, 36, 37, 38, 39, 40, 41, 42, 47, 48, 49, 51, 53, 54, 55, 57, 58, 59, 68, 70, 71, 72, 74, 75, 76, 79, 80, 81, 82, 85, 86, 87, 91, 92]
INFO  Closing glyph list over 'glyf': 43 glyphs before
INFO  Glyph names: ['.notdef', '.null', 'A', 'B', 'C', 'D', 'E', 'F', 'G', 'L', 'M', 'N', 'P', 'R', 'S', 'T', 'V', 'W', 'X', 'a', 'c', 'd', 'e', 'five', 'four', 'g', 'h', 'i', 'l', 'm', 'n', 'nonmarkingreturn', 'o', 'one', 'period', 'r', 's', 'space', 't', 'three', 'x', 'y', 'zero']
INFO  Glyph IDs:   [0, 1, 2, 3, 17, 19, 20, 22, 23, 24, 36, 37, 38, 39, 40, 41, 42, 47, 48, 49, 51, 53, 54, 55, 57, 58, 59, 68, 70, 71, 72, 74, 75, 76, 79, 80, 81, 82, 85, 86, 87, 91, 92]
INFO  Closed glyph list over 'glyf': 43 glyphs after
INFO  Glyph names: ['.notdef', '.null', 'A', 'B', 'C', 'D', 'E', 'F', 'G', 'L', 'M', 'N', 'P', 'R', 'S', 'T', 'V', 'W', 'X', 'a', 'c', 'd', 'e', 'five', 'four', 'g', 'h', 'i', 'l', 'm', 'n', 'nonmarkingreturn', 'o', 'one', 'period', 'r', 's', 'space', 't', 'three', 'x', 'y', 'zero']
INFO  Glyph IDs:   [0, 1, 2, 3, 17, 19, 20, 22, 23, 24, 36, 37, 38, 39, 40, 41, 42, 47, 48, 49, 51, 53, 54, 55, 57, 58, 59, 68, 70, 71, 72, 74, 75, 76, 79, 80, 81, 82, 85, 86, 87, 91, 92]
INFO  Retaining 43 glyphs
INFO  head subsetting not needed
INFO  hhea subsetting not needed
INFO  maxp subsetting not needed
INFO  OS/2 subsetting not needed
INFO  hmtx subsetted
INFO  cmap subsetted
INFO  fpgm subsetting not needed
INFO  prep subsetting not needed
INFO  cvt  subsetting not needed
INFO  loca subsetting not needed
INFO  post subsetted
INFO  gasp subsetting not needed
INFO  MATH subsetted
INFO  GDEF subsetted
INFO  GPOS subsetted
INFO  GSUB subsetted
INFO  name subsetting not needed
INFO  glyf subsetted
INFO  head pruned
INFO  OS/2 Unicode ranges pruned: [0]
INFO  OS/2 CodePage ranges pruned: [0]
INFO  glyf pruned
INFO  GDEF pruned
INFO  GPOS pruned
INFO  GSUB pruned
INFO  name pruned
INFO  maxp pruned
INFO  cmap pruned
INFO  kern dropped
INFO  post pruned
INFO  FFTM dropped
INFO  GPOS pruned
INFO  GSUB pruned
INFO  glyf pruned
INFO  Added gid0 to subset
INFO  Added first four glyphs to subset
INFO  Closing glyph list over 'MATH': 43 glyphs before
INFO  Glyph names: ['.notdef', '.null', 'A', 'B', 'C', 'D', 'E', 'F', 'G', 'L', 'M', 'N', 'P', 'R', 'S', 'T', 'V', 'W', 'X', 'a', 'c', 'd', 'e', 'g', 'h', 'i', 'l', 'm', 'n', 'nine', 'nonmarkingreturn', 'o', 'one', 'r', 's', 'six', 'space', 't', 'three', 'two', 'x', 'y', 'zero']
INFO  Glyph IDs:   [0, 1, 2, 3, 19, 20, 21, 22, 25, 28, 36, 37, 38, 39, 40, 41, 42, 47, 48, 49, 51, 53, 54, 55, 57, 58, 59, 68, 70, 71, 72, 74, 75, 76, 79, 80, 81, 82, 85, 86, 87, 91, 92]
INFO  Closed glyph list over 'MATH': 43 glyphs after
INFO  Glyph names: ['.notdef', '.null', 'A', 'B', 'C', 'D', 'E', 'F', 'G', 'L', 'M', 'N', 'P', 'R', 'S', 'T', 'V', 'W', 'X', 'a', 'c', 'd', 'e', 'g', 'h', 'i', 'l', 'm', 'n', 'nine', 'nonmarkingreturn', 'o', 'one', 'r', 's', 'six', 'space', 't', 'three', 'two', 'x', 'y', 'zero']
INFO  Glyph IDs:   [0, 1, 2, 3, 19, 20, 21, 22, 25, 28, 36, 37, 38, 39, 40, 41, 42, 47, 48, 49, 51, 53, 54, 55, 57, 58, 59, 68, 70, 71, 72, 74, 75, 76, 79, 80, 81, 82, 85, 86, 87, 91, 92]
INFO  Closing glyph list over 'GSUB': 43 glyphs before
INFO  Glyph names: ['.notdef', '.null', 'A', 'B', 'C', 'D', 'E', 'F', 'G', 'L', 'M', 'N', 'P', 'R', 'S', 'T', 'V', 'W', 'X', 'a', 'c', 'd', 'e', 'g', 'h', 'i', 'l', 'm', 'n', 'nine', 'nonmarkingreturn', 'o', 'one', 'r', 's', 'six', 'space', 't', 'three', 'two', 'x', 'y', 'zero']
INFO  Glyph IDs:   [0, 1, 2, 3, 19, 20, 21, 22, 25, 28, 36, 37, 38, 39, 40, 41, 42, 47, 48, 49, 51, 53, 54, 55, 57, 58, 59, 68, 70, 71, 72, 74, 75, 76, 79, 80, 81, 82, 85, 86, 87, 91, 92]
INFO  Closed glyph list over 'GSUB': 43 glyphs after
INFO  Glyph names: ['.notdef', '.null', 'A', 'B', 'C', 'D', 'E', 'F', 'G', 'L', 'M', 'N', 'P', 'R', 'S', 'T', 'V', 'W', 'X', 'a', 'c', 'd', 'e', 'g', 'h', 'i', 'l', 'm', 'n', 'nine', 'nonmarkingreturn', 'o', 'one', 'r', 's', 'six', 'space', 't', 'three', 'two', 'x', 'y', 'zero']
INFO  Glyph IDs:   [0, 1, 2, 3, 19, 20, 21, 22, 25, 28, 36, 37, 38, 39, 40, 41, 42, 47, 48, 49, 51, 53, 54, 55, 57, 58, 59, 68, 70, 71, 72, 74, 75, 76, 79, 80, 81, 82, 85, 86, 87, 91, 92]
INFO  Closing glyph list over 'glyf': 43 glyphs before
INFO  Glyph names: ['.notdef', '.null', 'A', 'B', 'C', 'D', 'E', 'F', 'G', 'L', 'M', 'N', 'P', 'R', 'S', 'T', 'V', 'W', 'X', 'a', 'c', 'd', 'e', 'g', 'h', 'i', 'l', 'm', 'n', 'nine', 'nonmarkingreturn', 'o', 'one', 'r', 's', 'six', 'space', 't', 'three', 'two', 'x', 'y', 'zero']
INFO  Glyph IDs:   [0, 1, 2, 3, 19, 20, 21, 22, 25, 28, 36, 37, 38, 39, 40, 41, 42, 47, 48, 49, 51, 53, 54, 55, 57, 58, 59, 68, 70, 71, 72, 74, 75, 76, 79, 80, 81, 82, 85, 86, 87, 91, 92]
INFO  Closed glyph list over 'glyf': 43 glyphs after
INFO  Glyph names: ['.notdef', '.null', 'A', 'B', 'C', 'D', 'E', 'F', 'G', 'L', 'M', 'N', 'P', 'R', 'S', 'T', 'V', 'W', 'X', 'a', 'c', 'd', 'e', 'g', 'h', 'i', 'l', 'm', 'n', 'nine', 'nonmarkingreturn', 'o', 'one', 'r', 's', 'six', 'space', 't', 'three', 'two', 'x', 'y', 'zero']
INFO  Glyph IDs:   [0, 1, 2, 3, 19, 20, 21, 22, 25, 28, 36, 37, 38, 39, 40, 41, 42, 47, 48, 49, 51, 53, 54, 55, 57, 58, 59, 68, 70, 71, 72, 74, 75, 76, 79, 80, 81, 82, 85, 86, 87, 91, 92]
INFO  Retaining 43 glyphs
INFO  head subsetting not needed
INFO  hhea subsetting not needed
INFO  maxp subsetting not needed
INFO  OS/2 subsetting not needed
INFO  hmtx subsetted
INFO  cmap subsetted
INFO  fpgm subsetting not needed
INFO  prep subsetting not needed
INFO  cvt  subsetting not needed
INFO  loca subsetting not needed
INFO  post subsetted
INFO  gasp subsetting not needed
INFO  MATH subsetted
INFO  GDEF subsetted
INFO  GPOS subsetted
INFO  GSUB subsetted
INFO  name subsetting not needed
INFO  glyf subsetted
INFO  head pruned
INFO  OS/2 Unicode ranges pruned: [0]
INFO  OS/2 CodePage ranges pruned: [0]
INFO  glyf pruned
INFO  GDEF pruned
INFO  GPOS pruned
INFO  GSUB pruned
INFO  name pruned
INFO    Saved individual panels to /noether/s1/dxb5775/publication_rerun_20260814/figures/model_performance/individual_panels
/noether/s1/dxb5775/publication_rerun_20260814/scripts/plotting/plot_results.py:113: FutureWarning: DataFrameGroupBy.apply operated on the grouping columns. This behavior is deprecated, and in a future version of pandas the grouping columns will be excluded from the operation. Either pass `include_groups=False` to exclude the groupings or explicitly select the grouping columns after groupby to silence this warning.
  fold_maes = df.groupby("fold").apply(
/noether/s1/dxb5775/publication_rerun_20260814/scripts/plotting/plot_results.py:113: FutureWarning: DataFrameGroupBy.apply operated on the grouping columns. This behavior is deprecated, and in a future version of pandas the grouping columns will be excluded from the operation. Either pass `include_groups=False` to exclude the groupings or explicitly select the grouping columns after groupby to silence this warning.
  fold_maes = df.groupby("fold").apply(
/noether/s1/dxb5775/publication_rerun_20260814/scripts/plotting/plot_results.py:113: FutureWarning: DataFrameGroupBy.apply operated on the grouping columns. This behavior is deprecated, and in a future version of pandas the grouping columns will be excluded from the operation. Either pass `include_groups=False` to exclude the groupings or explicitly select the grouping columns after groupby to silence this warning.
  fold_maes = df.groupby("fold").apply(
/noether/s1/dxb5775/publication_rerun_20260814/scripts/plotting/plot_results.py:113: FutureWarning: DataFrameGroupBy.apply operated on the grouping columns. This behavior is deprecated, and in a future version of pandas the grouping columns will be excluded from the operation. Either pass `include_groups=False` to exclude the groupings or explicitly select the grouping columns after groupby to silence this warning.
  fold_maes = df.groupby("fold").apply(
INFO  maxp pruned
INFO  cmap pruned
INFO  kern dropped
INFO  post pruned
INFO  FFTM dropped
INFO  GPOS pruned
INFO  GSUB pruned
INFO  glyf pruned
INFO  Added gid0 to subset
INFO  Added first four glyphs to subset
INFO  Closing glyph list over 'GSUB': 48 glyphs before
INFO  Glyph names: ['.notdef', '.null', 'A', 'D', 'E', 'F', 'I', 'M', 'N', 'R', 'S', 'T', 'a', 'b', 'bar', 'c', 'd', 'e', 'eight', 'equal', 'f', 'five', 'four', 'hyphen', 'i', 'k', 'l', 'm', 'n', 'nine', 'nonmarkingreturn', 'o', 'one', 'p', 'parenleft', 'parenright', 'period', 'plus', 'plusminus', 's', 'seven', 'six', 'space', 't', 'three', 'two', 'twosuperior', 'zero']
INFO  Glyph IDs:   [0, 1, 2, 3, 11, 12, 14, 16, 17, 19, 20, 21, 22, 23, 24, 25, 26, 27, 28, 32, 36, 39, 40, 41, 44, 48, 49, 53, 54, 55, 68, 69, 70, 71, 72, 73, 76, 78, 79, 80, 81, 82, 83, 86, 87, 95, 115, 116]
INFO  Closed glyph list over 'GSUB': 53 glyphs after
INFO  Glyph names: ['.notdef', '.null', 'A', 'D', 'E', 'F', 'I', 'M', 'N', 'R', 'S', 'T', 'a', 'b', 'bar', 'c', 'd', 'e', 'eight', 'equal', 'f', 'fi', 'five', 'fl', 'four', 'hyphen', 'i', 'k', 'l', 'm', 'n', 'nine', 'nonmarkingreturn', 'o', 'one', 'p', 'parenleft', 'parenright', 'period', 'plus', 'plusminus', 's', 'seven', 'six', 'space', 't', 'three', 'two', 'twosuperior', 'uniFB00', 'uniFB03', 'uniFB04', 'zero']
INFO  Glyph IDs:   [0, 1, 2, 3, 11, 12, 14, 16, 17, 19, 20, 21, 22, 23, 24, 25, 26, 27, 28, 32, 36, 39, 40, 41, 44, 48, 49, 53, 54, 55, 68, 69, 70, 71, 72, 73, 76, 78, 79, 80, 81, 82, 83, 86, 87, 95, 115, 116, 5034, 5035, 5036, 5037, 5038]
INFO  Closing glyph list over 'glyf': 53 glyphs before
INFO  Glyph names: ['.notdef', '.null', 'A', 'D', 'E', 'F', 'I', 'M', 'N', 'R', 'S', 'T', 'a', 'b', 'bar', 'c', 'd', 'e', 'eight', 'equal', 'f', 'fi', 'five', 'fl', 'four', 'hyphen', 'i', 'k', 'l', 'm', 'n', 'nine', 'nonmarkingreturn', 'o', 'one', 'p', 'parenleft', 'parenright', 'period', 'plus', 'plusminus', 's', 'seven', 'six', 'space', 't', 'three', 'two', 'twosuperior', 'uniFB00', 'uniFB03', 'uniFB04', 'zero']
INFO  Glyph IDs:   [0, 1, 2, 3, 11, 12, 14, 16, 17, 19, 20, 21, 22, 23, 24, 25, 26, 27, 28, 32, 36, 39, 40, 41, 44, 48, 49, 53, 54, 55, 68, 69, 70, 71, 72, 73, 76, 78, 79, 80, 81, 82, 83, 86, 87, 95, 115, 116, 5034, 5035, 5036, 5037, 5038]
INFO  Closed glyph list over 'glyf': 53 glyphs after
INFO  Glyph names: ['.notdef', '.null', 'A', 'D', 'E', 'F', 'I', 'M', 'N', 'R', 'S', 'T', 'a', 'b', 'bar', 'c', 'd', 'e', 'eight', 'equal', 'f', 'fi', 'five', 'fl', 'four', 'hyphen', 'i', 'k', 'l', 'm', 'n', 'nine', 'nonmarkingreturn', 'o', 'one', 'p', 'parenleft', 'parenright', 'period', 'plus', 'plusminus', 's', 'seven', 'six', 'space', 't', 'three', 'two', 'twosuperior', 'uniFB00', 'uniFB03', 'uniFB04', 'zero']
INFO  Glyph IDs:   [0, 1, 2, 3, 11, 12, 14, 16, 17, 19, 20, 21, 22, 23, 24, 25, 26, 27, 28, 32, 36, 39, 40, 41, 44, 48, 49, 53, 54, 55, 68, 69, 70, 71, 72, 73, 76, 78, 79, 80, 81, 82, 83, 86, 87, 95, 115, 116, 5034, 5035, 5036, 5037, 5038]
INFO  Retaining 53 glyphs
INFO  head subsetting not needed
INFO  hhea subsetting not needed
INFO  maxp subsetting not needed
INFO  OS/2 subsetting not needed
INFO  hmtx subsetted
INFO  cmap subsetted
INFO  fpgm subsetting not needed
INFO  prep subsetting not needed
INFO  cvt  subsetting not needed
INFO  loca subsetting not needed
INFO  post subsetted
INFO  gasp subsetting not needed
INFO  GDEF subsetted
INFO  GPOS subsetted
INFO  GSUB subsetted
INFO  name subsetting not needed
INFO  glyf subsetted
INFO  head pruned
INFO  OS/2 Unicode ranges pruned: [0, 1]
INFO  OS/2 CodePage ranges pruned: [0]
INFO  glyf pruned
INFO  GDEF pruned
INFO  GPOS pruned
INFO  GSUB pruned
INFO  name pruned
INFO  maxp pruned
INFO  cmap pruned
INFO  kern dropped
INFO  post pruned
INFO  FFTM dropped
INFO  GPOS pruned
INFO  GSUB pruned
INFO  glyf pruned
INFO  Added gid0 to subset
INFO  Added first four glyphs to subset
INFO  Closing glyph list over 'MATH': 52 glyphs before
INFO  Glyph names: ['.notdef', '.null', 'A', 'B', 'C', 'D', 'E', 'F', 'G', 'L', 'M', 'N', 'P', 'R', 'S', 'T', 'V', 'W', 'X', 'a', 'c', 'd', 'e', 'eight', 'five', 'four', 'g', 'h', 'i', 'k', 'l', 'm', 'n', 'nine', 'nonmarkingreturn', 'o', 'one', 'p', 'parenleft', 'parenright', 'period', 'r', 's', 'six', 'slash', 'space', 't', 'three', 'two', 'x', 'y', 'zero']
INFO  Glyph IDs:   [0, 1, 2, 3, 11, 12, 17, 18, 19, 20, 21, 22, 23, 24, 25, 27, 28, 36, 37, 38, 39, 40, 41, 42, 47, 48, 49, 51, 53, 54, 55, 57, 58, 59, 68, 70, 71, 72, 74, 75, 76, 78, 79, 80, 81, 82, 83, 85, 86, 87, 91, 92]
INFO  Closed glyph list over 'MATH': 58 glyphs after
INFO  Glyph names: ['.notdef', '.null', 'A', 'B', 'C', 'D', 'E', 'F', 'G', 'L', 'M', 'N', 'P', 'R', 'S', 'T', 'V', 'W', 'X', 'a', 'c', 'd', 'e', 'eight', 'five', 'four', 'g', 'h', 'i', 'k', 'l', 'm', 'n', 'nine', 'nonmarkingreturn', 'o', 'one', 'p', 'parenleft', 'parenright', 'period', 'r', 's', 'six', 'slash', 'space', 't', 'three', 'two', 'uni239B', 'uni239C', 'uni239D', 'uni239E', 'uni239F', 'uni23A0', 'x', 'y', 'zero']
INFO  Glyph IDs:   [0, 1, 2, 3, 11, 12, 17, 18, 19, 20, 21, 22, 23, 24, 25, 27, 28, 36, 37, 38, 39, 40, 41, 42, 47, 48, 49, 51, 53, 54, 55, 57, 58, 59, 68, 70, 71, 72, 74, 75, 76, 78, 79, 80, 81, 82, 83, 85, 86, 87, 91, 92, 3506, 3507, 3508, 3509, 3510, 3511]
INFO  Closing glyph list over 'GSUB': 58 glyphs before
INFO  Glyph names: ['.notdef', '.null', 'A', 'B', 'C', 'D', 'E', 'F', 'G', 'L', 'M', 'N', 'P', 'R', 'S', 'T', 'V', 'W', 'X', 'a', 'c', 'd', 'e', 'eight', 'five', 'four', 'g', 'h', 'i', 'k', 'l', 'm', 'n', 'nine', 'nonmarkingreturn', 'o', 'one', 'p', 'parenleft', 'parenright', 'period', 'r', 's', 'six', 'slash', 'space', 't', 'three', 'two', 'uni239B', 'uni239C', 'uni239D', 'uni239E', 'uni239F', 'uni23A0', 'x', 'y', 'zero']
INFO  Glyph IDs:   [0, 1, 2, 3, 11, 12, 17, 18, 19, 20, 21, 22, 23, 24, 25, 27, 28, 36, 37, 38, 39, 40, 41, 42, 47, 48, 49, 51, 53, 54, 55, 57, 58, 59, 68, 70, 71, 72, 74, 75, 76, 78, 79, 80, 81, 82, 83, 85, 86, 87, 91, 92, 3506, 3507, 3508, 3509, 3510, 3511]
INFO  Closed glyph list over 'GSUB': 58 glyphs after
INFO  Glyph names: ['.notdef', '.null', 'A', 'B', 'C', 'D', 'E', 'F', 'G', 'L', 'M', 'N', 'P', 'R', 'S', 'T', 'V', 'W', 'X', 'a', 'c', 'd', 'e', 'eight', 'five', 'four', 'g', 'h', 'i', 'k', 'l', 'm', 'n', 'nine', 'nonmarkingreturn', 'o', 'one', 'p', 'parenleft', 'parenright', 'period', 'r', 's', 'six', 'slash', 'space', 't', 'three', 'two', 'uni239B', 'uni239C', 'uni239D', 'uni239E', 'uni239F', 'uni23A0', 'x', 'y', 'zero']
INFO  Glyph IDs:   [0, 1, 2, 3, 11, 12, 17, 18, 19, 20, 21, 22, 23, 24, 25, 27, 28, 36, 37, 38, 39, 40, 41, 42, 47, 48, 49, 51, 53, 54, 55, 57, 58, 59, 68, 70, 71, 72, 74, 75, 76, 78, 79, 80, 81, 82, 83, 85, 86, 87, 91, 92, 3506, 3507, 3508, 3509, 3510, 3511]
INFO  Closing glyph list over 'glyf': 58 glyphs before
INFO  Glyph names: ['.notdef', '.null', 'A', 'B', 'C', 'D', 'E', 'F', 'G', 'L', 'M', 'N', 'P', 'R', 'S', 'T', 'V', 'W', 'X', 'a', 'c', 'd', 'e', 'eight', 'five', 'four', 'g', 'h', 'i', 'k', 'l', 'm', 'n', 'nine', 'nonmarkingreturn', 'o', 'one', 'p', 'parenleft', 'parenright', 'period', 'r', 's', 'six', 'slash', 'space', 't', 'three', 'two', 'uni239B', 'uni239C', 'uni239D', 'uni239E', 'uni239F', 'uni23A0', 'x', 'y', 'zero']
INFO  Glyph IDs:   [0, 1, 2, 3, 11, 12, 17, 18, 19, 20, 21, 22, 23, 24, 25, 27, 28, 36, 37, 38, 39, 40, 41, 42, 47, 48, 49, 51, 53, 54, 55, 57, 58, 59, 68, 70, 71, 72, 74, 75, 76, 78, 79, 80, 81, 82, 83, 85, 86, 87, 91, 92, 3506, 3507, 3508, 3509, 3510, 3511]
INFO  Closed glyph list over 'glyf': 58 glyphs after
INFO  Glyph names: ['.notdef', '.null', 'A', 'B', 'C', 'D', 'E', 'F', 'G', 'L', 'M', 'N', 'P', 'R', 'S', 'T', 'V', 'W', 'X', 'a', 'c', 'd', 'e', 'eight', 'five', 'four', 'g', 'h', 'i', 'k', 'l', 'm', 'n', 'nine', 'nonmarkingreturn', 'o', 'one', 'p', 'parenleft', 'parenright', 'period', 'r', 's', 'six', 'slash', 'space', 't', 'three', 'two', 'uni239B', 'uni239C', 'uni239D', 'uni239E', 'uni239F', 'uni23A0', 'x', 'y', 'zero']
INFO  Glyph IDs:   [0, 1, 2, 3, 11, 12, 17, 18, 19, 20, 21, 22, 23, 24, 25, 27, 28, 36, 37, 38, 39, 40, 41, 42, 47, 48, 49, 51, 53, 54, 55, 57, 58, 59, 68, 70, 71, 72, 74, 75, 76, 78, 79, 80, 81, 82, 83, 85, 86, 87, 91, 92, 3506, 3507, 3508, 3509, 3510, 3511]
INFO  Retaining 58 glyphs
INFO  head subsetting not needed
INFO  hhea subsetting not needed
INFO  maxp subsetting not needed
INFO  OS/2 subsetting not needed
INFO  hmtx subsetted
INFO  cmap subsetted
INFO  fpgm subsetting not needed
INFO  prep subsetting not needed
INFO  cvt  subsetting not needed
INFO  loca subsetting not needed
INFO  post subsetted
INFO  gasp subsetting not needed
INFO  MATH subsetted
INFO  GDEF subsetted
INFO  GPOS subsetted
INFO  GSUB subsetted
INFO  name subsetting not needed
INFO  glyf subsetted
INFO  head pruned
INFO  OS/2 Unicode ranges pruned: [0]
INFO  OS/2 CodePage ranges pruned: [0]
INFO  glyf pruned
INFO  GDEF pruned
INFO  GPOS pruned
INFO  GSUB pruned
INFO  name pruned
INFO    Saved /noether/s1/dxb5775/publication_rerun_20260814/figures/model_performance/parity_six_panel_journal.pdf
/noether/s1/dxb5775/publication_rerun_20260814/scripts/plotting/plot_results.py:113: FutureWarning: DataFrameGroupBy.apply operated on the grouping columns. This behavior is deprecated, and in a future version of pandas the grouping columns will be excluded from the operation. Either pass `include_groups=False` to exclude the groupings or explicitly select the grouping columns after groupby to silence this warning.
  fold_maes = df.groupby("fold").apply(
/noether/s1/dxb5775/publication_rerun_20260814/scripts/plotting/plot_results.py:113: FutureWarning: DataFrameGroupBy.apply operated on the grouping columns. This behavior is deprecated, and in a future version of pandas the grouping columns will be excluded from the operation. Either pass `include_groups=False` to exclude the groupings or explicitly select the grouping columns after groupby to silence this warning.
  fold_maes = df.groupby("fold").apply(
/noether/s1/dxb5775/publication_rerun_20260814/scripts/plotting/plot_results.py:113: FutureWarning: DataFrameGroupBy.apply operated on the grouping columns. This behavior is deprecated, and in a future version of pandas the grouping columns will be excluded from the operation. Either pass `include_groups=False` to exclude the groupings or explicitly select the grouping columns after groupby to silence this warning.
  fold_maes = df.groupby("fold").apply(
/noether/s1/dxb5775/publication_rerun_20260814/scripts/plotting/plot_results.py:113: FutureWarning: DataFrameGroupBy.apply operated on the grouping columns. This behavior is deprecated, and in a future version of pandas the grouping columns will be excluded from the operation. Either pass `include_groups=False` to exclude the groupings or explicitly select the grouping columns after groupby to silence this warning.
  fold_maes = df.groupby("fold").apply(
INFO  maxp pruned
INFO  cmap pruned
INFO  kern dropped
INFO  post pruned
INFO  FFTM dropped
INFO  GPOS pruned
INFO  GSUB pruned
INFO  glyf pruned
INFO  Added gid0 to subset
INFO  Added first four glyphs to subset
INFO  Closing glyph list over 'GSUB': 51 glyphs before
INFO  Glyph names: ['.notdef', '.null', 'A', 'D', 'E', 'F', 'I', 'M', 'N', 'R', 'S', 'T', 'W', 'a', 'b', 'bar', 'c', 'd', 'e', 'eight', 'equal', 'f', 'five', 'four', 'h', 'hyphen', 'i', 'k', 'l', 'm', 'n', 'nine', 'nonmarkingreturn', 'o', 'one', 'p', 'parenleft', 'parenright', 'period', 'plusminus', 'r', 's', 'seven', 'six', 'space', 't', 'three', 'two', 'twosuperior', 'u', 'zero']
INFO  Glyph IDs:   [0, 1, 2, 3, 11, 12, 16, 17, 19, 20, 21, 22, 23, 24, 25, 26, 27, 28, 32, 36, 39, 40, 41, 44, 48, 49, 53, 54, 55, 58, 68, 69, 70, 71, 72, 73, 75, 76, 78, 79, 80, 81, 82, 83, 85, 86, 87, 88, 95, 115, 116]
INFO  Closed glyph list over 'GSUB': 56 glyphs after
INFO  Glyph names: ['.notdef', '.null', 'A', 'D', 'E', 'F', 'I', 'M', 'N', 'R', 'S', 'T', 'W', 'a', 'b', 'bar', 'c', 'd', 'e', 'eight', 'equal', 'f', 'fi', 'five', 'fl', 'four', 'h', 'hyphen', 'i', 'k', 'l', 'm', 'n', 'nine', 'nonmarkingreturn', 'o', 'one', 'p', 'parenleft', 'parenright', 'period', 'plusminus', 'r', 's', 'seven', 'six', 'space', 't', 'three', 'two', 'twosuperior', 'u', 'uniFB00', 'uniFB03', 'uniFB04', 'zero']
INFO  Glyph IDs:   [0, 1, 2, 3, 11, 12, 16, 17, 19, 20, 21, 22, 23, 24, 25, 26, 27, 28, 32, 36, 39, 40, 41, 44, 48, 49, 53, 54, 55, 58, 68, 69, 70, 71, 72, 73, 75, 76, 78, 79, 80, 81, 82, 83, 85, 86, 87, 88, 95, 115, 116, 5034, 5035, 5036, 5037, 5038]
INFO  Closing glyph list over 'glyf': 56 glyphs before
INFO  Glyph names: ['.notdef', '.null', 'A', 'D', 'E', 'F', 'I', 'M', 'N', 'R', 'S', 'T', 'W', 'a', 'b', 'bar', 'c', 'd', 'e', 'eight', 'equal', 'f', 'fi', 'five', 'fl', 'four', 'h', 'hyphen', 'i', 'k', 'l', 'm', 'n', 'nine', 'nonmarkingreturn', 'o', 'one', 'p', 'parenleft', 'parenright', 'period', 'plusminus', 'r', 's', 'seven', 'six', 'space', 't', 'three', 'two', 'twosuperior', 'u', 'uniFB00', 'uniFB03', 'uniFB04', 'zero']
INFO  Glyph IDs:   [0, 1, 2, 3, 11, 12, 16, 17, 19, 20, 21, 22, 23, 24, 25, 26, 27, 28, 32, 36, 39, 40, 41, 44, 48, 49, 53, 54, 55, 58, 68, 69, 70, 71, 72, 73, 75, 76, 78, 79, 80, 81, 82, 83, 85, 86, 87, 88, 95, 115, 116, 5034, 5035, 5036, 5037, 5038]
INFO  Closed glyph list over 'glyf': 56 glyphs after
INFO  Glyph names: ['.notdef', '.null', 'A', 'D', 'E', 'F', 'I', 'M', 'N', 'R', 'S', 'T', 'W', 'a', 'b', 'bar', 'c', 'd', 'e', 'eight', 'equal', 'f', 'fi', 'five', 'fl', 'four', 'h', 'hyphen', 'i', 'k', 'l', 'm', 'n', 'nine', 'nonmarkingreturn', 'o', 'one', 'p', 'parenleft', 'parenright', 'period', 'plusminus', 'r', 's', 'seven', 'six', 'space', 't', 'three', 'two', 'twosuperior', 'u', 'uniFB00', 'uniFB03', 'uniFB04', 'zero']
INFO  Glyph IDs:   [0, 1, 2, 3, 11, 12, 16, 17, 19, 20, 21, 22, 23, 24, 25, 26, 27, 28, 32, 36, 39, 40, 41, 44, 48, 49, 53, 54, 55, 58, 68, 69, 70, 71, 72, 73, 75, 76, 78, 79, 80, 81, 82, 83, 85, 86, 87, 88, 95, 115, 116, 5034, 5035, 5036, 5037, 5038]
INFO  Retaining 56 glyphs
INFO  head subsetting not needed
INFO  hhea subsetting not needed
INFO  maxp subsetting not needed
INFO  OS/2 subsetting not needed
INFO  hmtx subsetted
INFO  cmap subsetted
INFO  fpgm subsetting not needed
INFO  prep subsetting not needed
INFO  cvt  subsetting not needed
INFO  loca subsetting not needed
INFO  post subsetted
INFO  gasp subsetting not needed
INFO  GDEF subsetted
INFO  GPOS subsetted
INFO  GSUB subsetted
INFO  name subsetting not needed
INFO  glyf subsetted
INFO  head pruned
INFO  OS/2 Unicode ranges pruned: [0, 1]
INFO  OS/2 CodePage ranges pruned: [0]
INFO  glyf pruned
INFO  GDEF pruned
INFO  GPOS pruned
INFO  GSUB pruned
INFO  name pruned
INFO  maxp pruned
INFO  cmap pruned
INFO  kern dropped
INFO  post pruned
INFO  FFTM dropped
INFO  GPOS pruned
INFO  GSUB pruned
INFO  glyf pruned
INFO  Added gid0 to subset
INFO  Added first four glyphs to subset
INFO  Closing glyph list over 'MATH': 52 glyphs before
INFO  Glyph names: ['.notdef', '.null', 'A', 'B', 'C', 'D', 'E', 'F', 'G', 'L', 'M', 'N', 'P', 'R', 'S', 'T', 'V', 'W', 'X', 'a', 'c', 'd', 'e', 'eight', 'five', 'four', 'g', 'h', 'i', 'k', 'l', 'm', 'n', 'nine', 'nonmarkingreturn', 'o', 'one', 'p', 'parenleft', 'parenright', 'period', 'r', 's', 'six', 'slash', 'space', 't', 'three', 'two', 'x', 'y', 'zero']
INFO  Glyph IDs:   [0, 1, 2, 3, 11, 12, 17, 18, 19, 20, 21, 22, 23, 24, 25, 27, 28, 36, 37, 38, 39, 40, 41, 42, 47, 48, 49, 51, 53, 54, 55, 57, 58, 59, 68, 70, 71, 72, 74, 75, 76, 78, 79, 80, 81, 82, 83, 85, 86, 87, 91, 92]
INFO  Closed glyph list over 'MATH': 58 glyphs after
INFO  Glyph names: ['.notdef', '.null', 'A', 'B', 'C', 'D', 'E', 'F', 'G', 'L', 'M', 'N', 'P', 'R', 'S', 'T', 'V', 'W', 'X', 'a', 'c', 'd', 'e', 'eight', 'five', 'four', 'g', 'h', 'i', 'k', 'l', 'm', 'n', 'nine', 'nonmarkingreturn', 'o', 'one', 'p', 'parenleft', 'parenright', 'period', 'r', 's', 'six', 'slash', 'space', 't', 'three', 'two', 'uni239B', 'uni239C', 'uni239D', 'uni239E', 'uni239F', 'uni23A0', 'x', 'y', 'zero']
INFO  Glyph IDs:   [0, 1, 2, 3, 11, 12, 17, 18, 19, 20, 21, 22, 23, 24, 25, 27, 28, 36, 37, 38, 39, 40, 41, 42, 47, 48, 49, 51, 53, 54, 55, 57, 58, 59, 68, 70, 71, 72, 74, 75, 76, 78, 79, 80, 81, 82, 83, 85, 86, 87, 91, 92, 3506, 3507, 3508, 3509, 3510, 3511]
INFO  Closing glyph list over 'GSUB': 58 glyphs before
INFO  Glyph names: ['.notdef', '.null', 'A', 'B', 'C', 'D', 'E', 'F', 'G', 'L', 'M', 'N', 'P', 'R', 'S', 'T', 'V', 'W', 'X', 'a', 'c', 'd', 'e', 'eight', 'five', 'four', 'g', 'h', 'i', 'k', 'l', 'm', 'n', 'nine', 'nonmarkingreturn', 'o', 'one', 'p', 'parenleft', 'parenright', 'period', 'r', 's', 'six', 'slash', 'space', 't', 'three', 'two', 'uni239B', 'uni239C', 'uni239D', 'uni239E', 'uni239F', 'uni23A0', 'x', 'y', 'zero']
INFO  Glyph IDs:   [0, 1, 2, 3, 11, 12, 17, 18, 19, 20, 21, 22, 23, 24, 25, 27, 28, 36, 37, 38, 39, 40, 41, 42, 47, 48, 49, 51, 53, 54, 55, 57, 58, 59, 68, 70, 71, 72, 74, 75, 76, 78, 79, 80, 81, 82, 83, 85, 86, 87, 91, 92, 3506, 3507, 3508, 3509, 3510, 3511]
INFO  Closed glyph list over 'GSUB': 58 glyphs after
INFO  Glyph names: ['.notdef', '.null', 'A', 'B', 'C', 'D', 'E', 'F', 'G', 'L', 'M', 'N', 'P', 'R', 'S', 'T', 'V', 'W', 'X', 'a', 'c', 'd', 'e', 'eight', 'five', 'four', 'g', 'h', 'i', 'k', 'l', 'm', 'n', 'nine', 'nonmarkingreturn', 'o', 'one', 'p', 'parenleft', 'parenright', 'period', 'r', 's', 'six', 'slash', 'space', 't', 'three', 'two', 'uni239B', 'uni239C', 'uni239D', 'uni239E', 'uni239F', 'uni23A0', 'x', 'y', 'zero']
INFO  Glyph IDs:   [0, 1, 2, 3, 11, 12, 17, 18, 19, 20, 21, 22, 23, 24, 25, 27, 28, 36, 37, 38, 39, 40, 41, 42, 47, 48, 49, 51, 53, 54, 55, 57, 58, 59, 68, 70, 71, 72, 74, 75, 76, 78, 79, 80, 81, 82, 83, 85, 86, 87, 91, 92, 3506, 3507, 3508, 3509, 3510, 3511]
INFO  Closing glyph list over 'glyf': 58 glyphs before
INFO  Glyph names: ['.notdef', '.null', 'A', 'B', 'C', 'D', 'E', 'F', 'G', 'L', 'M', 'N', 'P', 'R', 'S', 'T', 'V', 'W', 'X', 'a', 'c', 'd', 'e', 'eight', 'five', 'four', 'g', 'h', 'i', 'k', 'l', 'm', 'n', 'nine', 'nonmarkingreturn', 'o', 'one', 'p', 'parenleft', 'parenright', 'period', 'r', 's', 'six', 'slash', 'space', 't', 'three', 'two', 'uni239B', 'uni239C', 'uni239D', 'uni239E', 'uni239F', 'uni23A0', 'x', 'y', 'zero']
INFO  Glyph IDs:   [0, 1, 2, 3, 11, 12, 17, 18, 19, 20, 21, 22, 23, 24, 25, 27, 28, 36, 37, 38, 39, 40, 41, 42, 47, 48, 49, 51, 53, 54, 55, 57, 58, 59, 68, 70, 71, 72, 74, 75, 76, 78, 79, 80, 81, 82, 83, 85, 86, 87, 91, 92, 3506, 3507, 3508, 3509, 3510, 3511]
INFO  Closed glyph list over 'glyf': 58 glyphs after
INFO  Glyph names: ['.notdef', '.null', 'A', 'B', 'C', 'D', 'E', 'F', 'G', 'L', 'M', 'N', 'P', 'R', 'S', 'T', 'V', 'W', 'X', 'a', 'c', 'd', 'e', 'eight', 'five', 'four', 'g', 'h', 'i', 'k', 'l', 'm', 'n', 'nine', 'nonmarkingreturn', 'o', 'one', 'p', 'parenleft', 'parenright', 'period', 'r', 's', 'six', 'slash', 'space', 't', 'three', 'two', 'uni239B', 'uni239C', 'uni239D', 'uni239E', 'uni239F', 'uni23A0', 'x', 'y', 'zero']
INFO  Glyph IDs:   [0, 1, 2, 3, 11, 12, 17, 18, 19, 20, 21, 22, 23, 24, 25, 27, 28, 36, 37, 38, 39, 40, 41, 42, 47, 48, 49, 51, 53, 54, 55, 57, 58, 59, 68, 70, 71, 72, 74, 75, 76, 78, 79, 80, 81, 82, 83, 85, 86, 87, 91, 92, 3506, 3507, 3508, 3509, 3510, 3511]
INFO  Retaining 58 glyphs
INFO  head subsetting not needed
INFO  hhea subsetting not needed
INFO  maxp subsetting not needed
INFO  OS/2 subsetting not needed
INFO  hmtx subsetted
INFO  cmap subsetted
INFO  fpgm subsetting not needed
INFO  prep subsetting not needed
INFO  cvt  subsetting not needed
INFO  loca subsetting not needed
INFO  post subsetted
INFO  gasp subsetting not needed
INFO  MATH subsetted
INFO  GDEF subsetted
INFO  GPOS subsetted
INFO  GSUB subsetted
INFO  name subsetting not needed
INFO  glyf subsetted
INFO  head pruned
INFO  OS/2 Unicode ranges pruned: [0]
INFO  OS/2 CodePage ranges pruned: [0]
INFO  glyf pruned
INFO  GDEF pruned
INFO  GPOS pruned
INFO  GSUB pruned
INFO  name pruned
INFO    Saved /noether/s1/dxb5775/publication_rerun_20260814/figures/model_performance/parity_combined.pdf
INFO  Loading NIST learning curve data ...
INFO    Loaded /noether/s1/dxb5775/publication_rerun_20260814/results/learning_curve_nist_pm7/learning_curve_data.csv
INFO    Loaded /noether/s1/dxb5775/publication_rerun_20260814/results/learning_curve_nist_dft/learning_curve_data.csv
INFO    Reference MAE from nist1155: ExtraTrees = 2.873 kcal/mol
INFO    Reference MAE from nist1155_dft: ExtraTrees = 2.860 kcal/mol
INFO    Saved /noether/s1/dxb5775/publication_rerun_20260814/figures/model_performance/learning_curve_nist_pm7.pdf
INFO    Saved /noether/s1/dxb5775/publication_rerun_20260814/figures/model_performance/learning_curve_nist_dft.pdf
INFO  Loading k-means learning curve data ...
INFO    Loaded /noether/s1/dxb5775/publication_rerun_20260814/results/learning_curve_kmeans_pm7/learning_curve_data.csv
INFO    Loaded /noether/s1/dxb5775/publication_rerun_20260814/results/learning_curve_kmeans_dft/learning_curve_data.csv
INFO    Reference MAE from kmeans251: RandomForest = 7.436 kcal/mol
INFO    Reference MAE from kmeans251_dft: CatBoost = 5.614 kcal/mol
INFO    Saved /noether/s1/dxb5775/publication_rerun_20260814/figures/model_performance/learning_curve_kmeans_pm7.pdf
INFO    Saved /noether/s1/dxb5775/publication_rerun_20260814/figures/model_performance/learning_curve_kmeans_dft.pdf
INFO  Generating combined 2x2 subplot ...
INFO    Saved /noether/s1/dxb5775/publication_rerun_20260814/figures/model_performance/learning_curve_combined.pdf
INFO  Loading NIST SHAP data ...
INFO    Loaded nist1155: 1155 samples, 150 features
INFO  maxp pruned
INFO  cmap pruned
INFO  kern dropped
INFO  post pruned
INFO  FFTM dropped
INFO  GPOS pruned
INFO  GSUB pruned
INFO  glyf pruned
INFO  Added gid0 to subset
INFO  Added first four glyphs to subset
INFO  Closing glyph list over 'GSUB': 29 glyphs before
INFO  Glyph names: ['.notdef', '.null', 'A', 'H', 'I', 'M', 'N', 'P', 'S', 'T', 'a', 'c', 'e', 'emdash', 'f', 'l', 'm', 'nonmarkingreturn', 'o', 'parenleft', 'parenright', 'plus', 'r', 's', 'seven', 'space', 't', 'u', 'y']
INFO  Glyph IDs:   [0, 1, 2, 3, 11, 12, 14, 26, 36, 43, 44, 48, 49, 51, 54, 55, 68, 70, 72, 73, 79, 80, 82, 85, 86, 87, 88, 92, 2806]
INFO  Closed glyph list over 'GSUB': 32 glyphs after
INFO  Glyph names: ['.notdef', '.null', 'A', 'H', 'I', 'M', 'N', 'P', 'S', 'T', 'a', 'c', 'e', 'emdash', 'f', 'fl', 'l', 'm', 'nonmarkingreturn', 'o', 'parenleft', 'parenright', 'plus', 'r', 's', 'seven', 'space', 't', 'u', 'uniFB00', 'uniFB04', 'y']
INFO  Glyph IDs:   [0, 1, 2, 3, 11, 12, 14, 26, 36, 43, 44, 48, 49, 51, 54, 55, 68, 70, 72, 73, 79, 80, 82, 85, 86, 87, 88, 92, 2806, 5034, 5036, 5038]
INFO  Closing glyph list over 'glyf': 32 glyphs before
INFO  Glyph names: ['.notdef', '.null', 'A', 'H', 'I', 'M', 'N', 'P', 'S', 'T', 'a', 'c', 'e', 'emdash', 'f', 'fl', 'l', 'm', 'nonmarkingreturn', 'o', 'parenleft', 'parenright', 'plus', 'r', 's', 'seven', 'space', 't', 'u', 'uniFB00', 'uniFB04', 'y']
INFO  Glyph IDs:   [0, 1, 2, 3, 11, 12, 14, 26, 36, 43, 44, 48, 49, 51, 54, 55, 68, 70, 72, 73, 79, 80, 82, 85, 86, 87, 88, 92, 2806, 5034, 5036, 5038]
INFO  Closed glyph list over 'glyf': 32 glyphs after
INFO  Glyph names: ['.notdef', '.null', 'A', 'H', 'I', 'M', 'N', 'P', 'S', 'T', 'a', 'c', 'e', 'emdash', 'f', 'fl', 'l', 'm', 'nonmarkingreturn', 'o', 'parenleft', 'parenright', 'plus', 'r', 's', 'seven', 'space', 't', 'u', 'uniFB00', 'uniFB04', 'y']
INFO  Glyph IDs:   [0, 1, 2, 3, 11, 12, 14, 26, 36, 43, 44, 48, 49, 51, 54, 55, 68, 70, 72, 73, 79, 80, 82, 85, 86, 87, 88, 92, 2806, 5034, 5036, 5038]
INFO  Retaining 32 glyphs
INFO  head subsetting not needed
INFO  hhea subsetting not needed
INFO  maxp subsetting not needed
INFO  OS/2 subsetting not needed
INFO  hmtx subsetted
INFO  cmap subsetted
INFO  fpgm subsetting not needed
INFO  prep subsetting not needed
INFO  cvt  subsetting not needed
INFO  loca subsetting not needed
INFO  post subsetted
INFO  gasp subsetting not needed
INFO  GDEF subsetted
INFO  GPOS subsetted
INFO  GSUB subsetted
INFO  name subsetting not needed
INFO  glyf subsetted
INFO  head pruned
INFO  OS/2 Unicode ranges pruned: [0, 31]
INFO  OS/2 CodePage ranges pruned: [0]
INFO  glyf pruned
INFO  GDEF pruned
INFO  GPOS pruned
INFO  GSUB pruned
INFO  name pruned
INFO  maxp pruned
INFO  cmap pruned
INFO  kern dropped
INFO  post pruned
INFO  FFTM dropped
INFO  GPOS pruned
INFO  GSUB pruned
INFO  glyf pruned
INFO  Added gid0 to subset
INFO  Added first four glyphs to subset
INFO  Closing glyph list over 'MATH': 58 glyphs before
INFO  Glyph names: ['.notdef', '.null', 'A', 'B', 'C', 'F', 'H', 'L', 'M', 'N', 'O', 'P', 'R', 'S', 'T', 'U', 'V', 'a', 'b', 'c', 'd', 'e', 'eight', 'f', 'five', 'four', 'g', 'h', 'hyphen', 'i', 'k', 'l', 'm', 'minus', 'n', 'nine', 'nonmarkingreturn', 'o', 'one', 'p', 'parenleft', 'parenright', 'r', 's', 'seven', 'six', 'slash', 'space', 't', 'three', 'two', 'u', 'underscore', 'v', 'w', 'x', 'y', 'zero']
INFO  Glyph IDs:   [0, 1, 2, 3, 11, 12, 16, 18, 19, 20, 21, 22, 23, 24, 25, 26, 27, 28, 36, 37, 38, 41, 43, 47, 48, 49, 50, 51, 53, 54, 55, 56, 57, 66, 68, 69, 70, 71, 72, 73, 74, 75, 76, 78, 79, 80, 81, 82, 83, 85, 86, 87, 88, 89, 90, 91, 92, 3228]
INFO  Closed glyph list over 'MATH': 64 glyphs after
INFO  Glyph names: ['.notdef', '.null', 'A', 'B', 'C', 'F', 'H', 'L', 'M', 'N', 'O', 'P', 'R', 'S', 'T', 'U', 'V', 'a', 'b', 'c', 'd', 'e', 'eight', 'f', 'five', 'four', 'g', 'h', 'hyphen', 'i', 'k', 'l', 'm', 'minus', 'n', 'nine', 'nonmarkingreturn', 'o', 'one', 'p', 'parenleft', 'parenright', 'r', 's', 'seven', 'six', 'slash', 'space', 't', 'three', 'two', 'u', 'underscore', 'uni239B', 'uni239C', 'uni239D', 'uni239E', 'uni239F', 'uni23A0', 'v', 'w', 'x', 'y', 'zero']
INFO  Glyph IDs:   [0, 1, 2, 3, 11, 12, 16, 18, 19, 20, 21, 22, 23, 24, 25, 26, 27, 28, 36, 37, 38, 41, 43, 47, 48, 49, 50, 51, 53, 54, 55, 56, 57, 66, 68, 69, 70, 71, 72, 73, 74, 75, 76, 78, 79, 80, 81, 82, 83, 85, 86, 87, 88, 89, 90, 91, 92, 3228, 3506, 3507, 3508, 3509, 3510, 3511]
INFO  Closing glyph list over 'GSUB': 64 glyphs before
INFO  Glyph names: ['.notdef', '.null', 'A', 'B', 'C', 'F', 'H', 'L', 'M', 'N', 'O', 'P', 'R', 'S', 'T', 'U', 'V', 'a', 'b', 'c', 'd', 'e', 'eight', 'f', 'five', 'four', 'g', 'h', 'hyphen', 'i', 'k', 'l', 'm', 'minus', 'n', 'nine', 'nonmarkingreturn', 'o', 'one', 'p', 'parenleft', 'parenright', 'r', 's', 'seven', 'six', 'slash', 'space', 't', 'three', 'two', 'u', 'underscore', 'uni239B', 'uni239C', 'uni239D', 'uni239E', 'uni239F', 'uni23A0', 'v', 'w', 'x', 'y', 'zero']
INFO  Glyph IDs:   [0, 1, 2, 3, 11, 12, 16, 18, 19, 20, 21, 22, 23, 24, 25, 26, 27, 28, 36, 37, 38, 41, 43, 47, 48, 49, 50, 51, 53, 54, 55, 56, 57, 66, 68, 69, 70, 71, 72, 73, 74, 75, 76, 78, 79, 80, 81, 82, 83, 85, 86, 87, 88, 89, 90, 91, 92, 3228, 3506, 3507, 3508, 3509, 3510, 3511]
INFO  Closed glyph list over 'GSUB': 69 glyphs after
INFO  Glyph names: ['.notdef', '.null', 'A', 'B', 'C', 'F', 'H', 'L', 'M', 'N', 'O', 'P', 'R', 'S', 'T', 'U', 'V', 'a', 'b', 'c', 'd', 'e', 'eight', 'f', 'fi', 'five', 'fl', 'four', 'g', 'h', 'hyphen', 'i', 'k', 'l', 'm', 'minus', 'n', 'nine', 'nonmarkingreturn', 'o', 'one', 'p', 'parenleft', 'parenright', 'r', 's', 'seven', 'six', 'slash', 'space', 't', 'three', 'two', 'u', 'underscore', 'uni239B', 'uni239C', 'uni239D', 'uni239E', 'uni239F', 'uni23A0', 'uniFB00', 'uniFB03', 'uniFB04', 'v', 'w', 'x', 'y', 'zero']
INFO  Glyph IDs:   [0, 1, 2, 3, 11, 12, 16, 18, 19, 20, 21, 22, 23, 24, 25, 26, 27, 28, 36, 37, 38, 41, 43, 47, 48, 49, 50, 51, 53, 54, 55, 56, 57, 66, 68, 69, 70, 71, 72, 73, 74, 75, 76, 78, 79, 80, 81, 82, 83, 85, 86, 87, 88, 89, 90, 91, 92, 3228, 3506, 3507, 3508, 3509, 3510, 3511, 5038, 5039, 5040, 5041, 5042]
INFO  Closing glyph list over 'glyf': 69 glyphs before
INFO  Glyph names: ['.notdef', '.null', 'A', 'B', 'C', 'F', 'H', 'L', 'M', 'N', 'O', 'P', 'R', 'S', 'T', 'U', 'V', 'a', 'b', 'c', 'd', 'e', 'eight', 'f', 'fi', 'five', 'fl', 'four', 'g', 'h', 'hyphen', 'i', 'k', 'l', 'm', 'minus', 'n', 'nine', 'nonmarkingreturn', 'o', 'one', 'p', 'parenleft', 'parenright', 'r', 's', 'seven', 'six', 'slash', 'space', 't', 'three', 'two', 'u', 'underscore', 'uni239B', 'uni239C', 'uni239D', 'uni239E', 'uni239F', 'uni23A0', 'uniFB00', 'uniFB03', 'uniFB04', 'v', 'w', 'x', 'y', 'zero']
INFO  Glyph IDs:   [0, 1, 2, 3, 11, 12, 16, 18, 19, 20, 21, 22, 23, 24, 25, 26, 27, 28, 36, 37, 38, 41, 43, 47, 48, 49, 50, 51, 53, 54, 55, 56, 57, 66, 68, 69, 70, 71, 72, 73, 74, 75, 76, 78, 79, 80, 81, 82, 83, 85, 86, 87, 88, 89, 90, 91, 92, 3228, 3506, 3507, 3508, 3509, 3510, 3511, 5038, 5039, 5040, 5041, 5042]
INFO  Closed glyph list over 'glyf': 69 glyphs after
INFO  Glyph names: ['.notdef', '.null', 'A', 'B', 'C', 'F', 'H', 'L', 'M', 'N', 'O', 'P', 'R', 'S', 'T', 'U', 'V', 'a', 'b', 'c', 'd', 'e', 'eight', 'f', 'fi', 'five', 'fl', 'four', 'g', 'h', 'hyphen', 'i', 'k', 'l', 'm', 'minus', 'n', 'nine', 'nonmarkingreturn', 'o', 'one', 'p', 'parenleft', 'parenright', 'r', 's', 'seven', 'six', 'slash', 'space', 't', 'three', 'two', 'u', 'underscore', 'uni239B', 'uni239C', 'uni239D', 'uni239E', 'uni239F', 'uni23A0', 'uniFB00', 'uniFB03', 'uniFB04', 'v', 'w', 'x', 'y', 'zero']
INFO  Glyph IDs:   [0, 1, 2, 3, 11, 12, 16, 18, 19, 20, 21, 22, 23, 24, 25, 26, 27, 28, 36, 37, 38, 41, 43, 47, 48, 49, 50, 51, 53, 54, 55, 56, 57, 66, 68, 69, 70, 71, 72, 73, 74, 75, 76, 78, 79, 80, 81, 82, 83, 85, 86, 87, 88, 89, 90, 91, 92, 3228, 3506, 3507, 3508, 3509, 3510, 3511, 5038, 5039, 5040, 5041, 5042]
INFO  Retaining 69 glyphs
INFO  head subsetting not needed
INFO  hhea subsetting not needed
INFO  maxp subsetting not needed
INFO  OS/2 subsetting not needed
INFO  hmtx subsetted
INFO  cmap subsetted
INFO  fpgm subsetting not needed
INFO  prep subsetting not needed
INFO  cvt  subsetting not needed
INFO  loca subsetting not needed
INFO  post subsetted
INFO  gasp subsetting not needed
INFO  MATH subsetted
INFO  GDEF subsetted
INFO  GPOS subsetted
INFO  GSUB subsetted
INFO  name subsetting not needed
INFO  glyf subsetted
INFO  head pruned
INFO  OS/2 Unicode ranges pruned: [0, 38]
INFO  OS/2 CodePage ranges pruned: [0]
INFO  glyf pruned
INFO  GDEF pruned
INFO  GPOS pruned
INFO  GSUB pruned
INFO  name pruned
INFO    Saved /noether/s1/dxb5775/publication_rerun_20260814/figures/shap/shap_beeswarm_nist.pdf
INFO  maxp pruned
INFO  cmap pruned
INFO  kern dropped
INFO  post pruned
INFO  FFTM dropped
INFO  GPOS pruned
INFO  GSUB pruned
INFO  glyf pruned
INFO  Added gid0 to subset
INFO  Added first four glyphs to subset
INFO  Closing glyph list over 'GSUB': 30 glyphs before
INFO  Glyph names: ['.notdef', '.null', 'F', 'I', 'M', 'N', 'P', 'S', 'T', 'a', 'c', 'e', 'emdash', 'f', 'i', 'l', 'm', 'n', 'nonmarkingreturn', 'o', 'p', 'parenleft', 'parenright', 'plus', 'r', 's', 'seven', 'space', 't', 'u']
INFO  Glyph IDs:   [0, 1, 2, 3, 11, 12, 14, 26, 41, 44, 48, 49, 51, 54, 55, 68, 70, 72, 73, 76, 79, 80, 81, 82, 83, 85, 86, 87, 88, 2806]
INFO  Closed glyph list over 'GSUB': 35 glyphs after
INFO  Glyph names: ['.notdef', '.null', 'F', 'I', 'M', 'N', 'P', 'S', 'T', 'a', 'c', 'e', 'emdash', 'f', 'fi', 'fl', 'i', 'l', 'm', 'n', 'nonmarkingreturn', 'o', 'p', 'parenleft', 'parenright', 'plus', 'r', 's', 'seven', 'space', 't', 'u', 'uniFB00', 'uniFB03', 'uniFB04']
INFO  Glyph IDs:   [0, 1, 2, 3, 11, 12, 14, 26, 41, 44, 48, 49, 51, 54, 55, 68, 70, 72, 73, 76, 79, 80, 81, 82, 83, 85, 86, 87, 88, 2806, 5034, 5035, 5036, 5037, 5038]
INFO  Closing glyph list over 'glyf': 35 glyphs before
INFO  Glyph names: ['.notdef', '.null', 'F', 'I', 'M', 'N', 'P', 'S', 'T', 'a', 'c', 'e', 'emdash', 'f', 'fi', 'fl', 'i', 'l', 'm', 'n', 'nonmarkingreturn', 'o', 'p', 'parenleft', 'parenright', 'plus', 'r', 's', 'seven', 'space', 't', 'u', 'uniFB00', 'uniFB03', 'uniFB04']
INFO  Glyph IDs:   [0, 1, 2, 3, 11, 12, 14, 26, 41, 44, 48, 49, 51, 54, 55, 68, 70, 72, 73, 76, 79, 80, 81, 82, 83, 85, 86, 87, 88, 2806, 5034, 5035, 5036, 5037, 5038]
INFO  Closed glyph list over 'glyf': 35 glyphs after
INFO  Glyph names: ['.notdef', '.null', 'F', 'I', 'M', 'N', 'P', 'S', 'T', 'a', 'c', 'e', 'emdash', 'f', 'fi', 'fl', 'i', 'l', 'm', 'n', 'nonmarkingreturn', 'o', 'p', 'parenleft', 'parenright', 'plus', 'r', 's', 'seven', 'space', 't', 'u', 'uniFB00', 'uniFB03', 'uniFB04']
INFO  Glyph IDs:   [0, 1, 2, 3, 11, 12, 14, 26, 41, 44, 48, 49, 51, 54, 55, 68, 70, 72, 73, 76, 79, 80, 81, 82, 83, 85, 86, 87, 88, 2806, 5034, 5035, 5036, 5037, 5038]
INFO  Retaining 35 glyphs
INFO  head subsetting not needed
INFO  hhea subsetting not needed
INFO  maxp subsetting not needed
INFO  OS/2 subsetting not needed
INFO  hmtx subsetted
INFO  cmap subsetted
INFO  fpgm subsetting not needed
INFO  prep subsetting not needed
INFO  cvt  subsetting not needed
INFO  loca subsetting not needed
INFO  post subsetted
INFO  gasp subsetting not needed
INFO  GDEF subsetted
INFO  GPOS subsetted
INFO  GSUB subsetted
INFO  name subsetting not needed
INFO  glyf subsetted
INFO  head pruned
INFO  OS/2 Unicode ranges pruned: [0, 31]
INFO  OS/2 CodePage ranges pruned: [0]
INFO  glyf pruned
INFO  GDEF pruned
INFO  GPOS pruned
INFO  GSUB pruned
INFO  name pruned
INFO  maxp pruned
INFO  cmap pruned
INFO  kern dropped
INFO  post pruned
INFO  FFTM dropped
INFO  GPOS pruned
INFO  GSUB pruned
INFO  glyf pruned
INFO  Added gid0 to subset
INFO  Added first four glyphs to subset
INFO  Closing glyph list over 'MATH': 56 glyphs before
INFO  Glyph names: ['.notdef', '.null', 'A', 'B', 'C', 'H', 'M', 'N', 'O', 'P', 'R', 'S', 'T', 'U', 'V', 'a', 'b', 'bar', 'c', 'd', 'e', 'eight', 'f', 'five', 'four', 'g', 'h', 'hyphen', 'i', 'k', 'l', 'm', 'n', 'nine', 'nonmarkingreturn', 'o', 'one', 'p', 'parenleft', 'parenright', 'period', 'r', 's', 'seven', 'six', 'slash', 'space', 't', 'three', 'two', 'u', 'underscore', 'v', 'x', 'y', 'zero']
INFO  Glyph IDs:   [0, 1, 2, 3, 11, 12, 16, 17, 18, 19, 20, 21, 22, 23, 24, 25, 26, 27, 28, 36, 37, 38, 43, 48, 49, 50, 51, 53, 54, 55, 56, 57, 66, 68, 69, 70, 71, 72, 73, 74, 75, 76, 78, 79, 80, 81, 82, 83, 85, 86, 87, 88, 89, 91, 92, 95]
INFO  Closed glyph list over 'MATH': 62 glyphs after
INFO  Glyph names: ['.notdef', '.null', 'A', 'B', 'C', 'H', 'M', 'N', 'O', 'P', 'R', 'S', 'T', 'U', 'V', 'a', 'b', 'bar', 'c', 'd', 'e', 'eight', 'f', 'five', 'four', 'g', 'h', 'hyphen', 'i', 'k', 'l', 'm', 'n', 'nine', 'nonmarkingreturn', 'o', 'one', 'p', 'parenleft', 'parenright', 'period', 'r', 's', 'seven', 'six', 'slash', 'space', 't', 'three', 'two', 'u', 'underscore', 'uni239B', 'uni239C', 'uni239D', 'uni239E', 'uni239F', 'uni23A0', 'v', 'x', 'y', 'zero']
INFO  Glyph IDs:   [0, 1, 2, 3, 11, 12, 16, 17, 18, 19, 20, 21, 22, 23, 24, 25, 26, 27, 28, 36, 37, 38, 43, 48, 49, 50, 51, 53, 54, 55, 56, 57, 66, 68, 69, 70, 71, 72, 73, 74, 75, 76, 78, 79, 80, 81, 82, 83, 85, 86, 87, 88, 89, 91, 92, 95, 3506, 3507, 3508, 3509, 3510, 3511]
INFO  Closing glyph list over 'GSUB': 62 glyphs before
INFO  Glyph names: ['.notdef', '.null', 'A', 'B', 'C', 'H', 'M', 'N', 'O', 'P', 'R', 'S', 'T', 'U', 'V', 'a', 'b', 'bar', 'c', 'd', 'e', 'eight', 'f', 'five', 'four', 'g', 'h', 'hyphen', 'i', 'k', 'l', 'm', 'n', 'nine', 'nonmarkingreturn', 'o', 'one', 'p', 'parenleft', 'parenright', 'period', 'r', 's', 'seven', 'six', 'slash', 'space', 't', 'three', 'two', 'u', 'underscore', 'uni239B', 'uni239C', 'uni239D', 'uni239E', 'uni239F', 'uni23A0', 'v', 'x', 'y', 'zero']
INFO  Glyph IDs:   [0, 1, 2, 3, 11, 12, 16, 17, 18, 19, 20, 21, 22, 23, 24, 25, 26, 27, 28, 36, 37, 38, 43, 48, 49, 50, 51, 53, 54, 55, 56, 57, 66, 68, 69, 70, 71, 72, 73, 74, 75, 76, 78, 79, 80, 81, 82, 83, 85, 86, 87, 88, 89, 91, 92, 95, 3506, 3507, 3508, 3509, 3510, 3511]
INFO  Closed glyph list over 'GSUB': 67 glyphs after
INFO  Glyph names: ['.notdef', '.null', 'A', 'B', 'C', 'H', 'M', 'N', 'O', 'P', 'R', 'S', 'T', 'U', 'V', 'a', 'b', 'bar', 'c', 'd', 'e', 'eight', 'f', 'fi', 'five', 'fl', 'four', 'g', 'h', 'hyphen', 'i', 'k', 'l', 'm', 'n', 'nine', 'nonmarkingreturn', 'o', 'one', 'p', 'parenleft', 'parenright', 'period', 'r', 's', 'seven', 'six', 'slash', 'space', 't', 'three', 'two', 'u', 'underscore', 'uni239B', 'uni239C', 'uni239D', 'uni239E', 'uni239F', 'uni23A0', 'uniFB00', 'uniFB03', 'uniFB04', 'v', 'x', 'y', 'zero']
INFO  Glyph IDs:   [0, 1, 2, 3, 11, 12, 16, 17, 18, 19, 20, 21, 22, 23, 24, 25, 26, 27, 28, 36, 37, 38, 43, 48, 49, 50, 51, 53, 54, 55, 56, 57, 66, 68, 69, 70, 71, 72, 73, 74, 75, 76, 78, 79, 80, 81, 82, 83, 85, 86, 87, 88, 89, 91, 92, 95, 3506, 3507, 3508, 3509, 3510, 3511, 5038, 5039, 5040, 5041, 5042]
INFO  Closing glyph list over 'glyf': 67 glyphs before
INFO  Glyph names: ['.notdef', '.null', 'A', 'B', 'C', 'H', 'M', 'N', 'O', 'P', 'R', 'S', 'T', 'U', 'V', 'a', 'b', 'bar', 'c', 'd', 'e', 'eight', 'f', 'fi', 'five', 'fl', 'four', 'g', 'h', 'hyphen', 'i', 'k', 'l', 'm', 'n', 'nine', 'nonmarkingreturn', 'o', 'one', 'p', 'parenleft', 'parenright', 'period', 'r', 's', 'seven', 'six', 'slash', 'space', 't', 'three', 'two', 'u', 'underscore', 'uni239B', 'uni239C', 'uni239D', 'uni239E', 'uni239F', 'uni23A0', 'uniFB00', 'uniFB03', 'uniFB04', 'v', 'x', 'y', 'zero']
INFO  Glyph IDs:   [0, 1, 2, 3, 11, 12, 16, 17, 18, 19, 20, 21, 22, 23, 24, 25, 26, 27, 28, 36, 37, 38, 43, 48, 49, 50, 51, 53, 54, 55, 56, 57, 66, 68, 69, 70, 71, 72, 73, 74, 75, 76, 78, 79, 80, 81, 82, 83, 85, 86, 87, 88, 89, 91, 92, 95, 3506, 3507, 3508, 3509, 3510, 3511, 5038, 5039, 5040, 5041, 5042]
INFO  Closed glyph list over 'glyf': 67 glyphs after
INFO  Glyph names: ['.notdef', '.null', 'A', 'B', 'C', 'H', 'M', 'N', 'O', 'P', 'R', 'S', 'T', 'U', 'V', 'a', 'b', 'bar', 'c', 'd', 'e', 'eight', 'f', 'fi', 'five', 'fl', 'four', 'g', 'h', 'hyphen', 'i', 'k', 'l', 'm', 'n', 'nine', 'nonmarkingreturn', 'o', 'one', 'p', 'parenleft', 'parenright', 'period', 'r', 's', 'seven', 'six', 'slash', 'space', 't', 'three', 'two', 'u', 'underscore', 'uni239B', 'uni239C', 'uni239D', 'uni239E', 'uni239F', 'uni23A0', 'uniFB00', 'uniFB03', 'uniFB04', 'v', 'x', 'y', 'zero']
INFO  Glyph IDs:   [0, 1, 2, 3, 11, 12, 16, 17, 18, 19, 20, 21, 22, 23, 24, 25, 26, 27, 28, 36, 37, 38, 43, 48, 49, 50, 51, 53, 54, 55, 56, 57, 66, 68, 69, 70, 71, 72, 73, 74, 75, 76, 78, 79, 80, 81, 82, 83, 85, 86, 87, 88, 89, 91, 92, 95, 3506, 3507, 3508, 3509, 3510, 3511, 5038, 5039, 5040, 5041, 5042]
INFO  Retaining 67 glyphs
INFO  head subsetting not needed
INFO  hhea subsetting not needed
INFO  maxp subsetting not needed
INFO  OS/2 subsetting not needed
INFO  hmtx subsetted
INFO  cmap subsetted
INFO  fpgm subsetting not needed
INFO  prep subsetting not needed
INFO  cvt  subsetting not needed
INFO  loca subsetting not needed
INFO  post subsetted
INFO  gasp subsetting not needed
INFO  MATH subsetted
INFO  GDEF subsetted
INFO  GPOS subsetted
INFO  GSUB subsetted
INFO  name subsetting not needed
INFO  glyf subsetted
INFO  head pruned
INFO  OS/2 Unicode ranges pruned: [0]
INFO  OS/2 CodePage ranges pruned: [0]
INFO  glyf pruned
INFO  GDEF pruned
INFO  GPOS pruned
INFO  GSUB pruned
INFO  name pruned
INFO    Saved /noether/s1/dxb5775/publication_rerun_20260814/figures/shap/shap_importance_nist.pdf
INFO  maxp pruned
INFO  cmap pruned
INFO  kern dropped
INFO  post pruned
INFO  FFTM dropped
INFO  GPOS pruned
INFO  GSUB pruned
INFO  glyf pruned
INFO  Added gid0 to subset
INFO  Added first four glyphs to subset
INFO  Closing glyph list over 'GSUB': 27 glyphs before
INFO  Glyph names: ['.notdef', '.null', 'A', 'H', 'I', 'N', 'P', 'S', 'T', 'a', 'c', 'd', 'e', 'emdash', 'f', 'five', 'n', 'nonmarkingreturn', 'o', 'p', 'parenleft', 'parenright', 'r', 's', 'space', 't', 'u']
INFO  Glyph IDs:   [0, 1, 2, 3, 11, 12, 24, 36, 43, 44, 49, 51, 54, 55, 68, 70, 71, 72, 73, 81, 82, 83, 85, 86, 87, 88, 2806]
INFO  Closed glyph list over 'GSUB': 28 glyphs after
INFO  Glyph names: ['.notdef', '.null', 'A', 'H', 'I', 'N', 'P', 'S', 'T', 'a', 'c', 'd', 'e', 'emdash', 'f', 'five', 'n', 'nonmarkingreturn', 'o', 'p', 'parenleft', 'parenright', 'r', 's', 'space', 't', 'u', 'uniFB00']
INFO  Glyph IDs:   [0, 1, 2, 3, 11, 12, 24, 36, 43, 44, 49, 51, 54, 55, 68, 70, 71, 72, 73, 81, 82, 83, 85, 86, 87, 88, 2806, 5034]
INFO  Closing glyph list over 'glyf': 28 glyphs before
INFO  Glyph names: ['.notdef', '.null', 'A', 'H', 'I', 'N', 'P', 'S', 'T', 'a', 'c', 'd', 'e', 'emdash', 'f', 'five', 'n', 'nonmarkingreturn', 'o', 'p', 'parenleft', 'parenright', 'r', 's', 'space', 't', 'u', 'uniFB00']
INFO  Glyph IDs:   [0, 1, 2, 3, 11, 12, 24, 36, 43, 44, 49, 51, 54, 55, 68, 70, 71, 72, 73, 81, 82, 83, 85, 86, 87, 88, 2806, 5034]
INFO  Closed glyph list over 'glyf': 28 glyphs after
INFO  Glyph names: ['.notdef', '.null', 'A', 'H', 'I', 'N', 'P', 'S', 'T', 'a', 'c', 'd', 'e', 'emdash', 'f', 'five', 'n', 'nonmarkingreturn', 'o', 'p', 'parenleft', 'parenright', 'r', 's', 'space', 't', 'u', 'uniFB00']
INFO  Glyph IDs:   [0, 1, 2, 3, 11, 12, 24, 36, 43, 44, 49, 51, 54, 55, 68, 70, 71, 72, 73, 81, 82, 83, 85, 86, 87, 88, 2806, 5034]
INFO  Retaining 28 glyphs
INFO  head subsetting not needed
INFO  hhea subsetting not needed
INFO  maxp subsetting not needed
INFO  OS/2 subsetting not needed
INFO  hmtx subsetted
INFO  cmap subsetted
INFO  fpgm subsetting not needed
INFO  prep subsetting not needed
INFO  cvt  subsetting not needed
INFO  loca subsetting not needed
INFO  post subsetted
INFO  gasp subsetting not needed
INFO  GDEF subsetted
INFO  GPOS subsetted
INFO  GSUB subsetted
INFO  name subsetting not needed
INFO  glyf subsetted
INFO  head pruned
INFO  OS/2 Unicode ranges pruned: [0, 31]
INFO  OS/2 CodePage ranges pruned: [0]
INFO  glyf pruned
INFO  GDEF pruned
INFO  GPOS pruned
INFO  GSUB pruned
INFO  name pruned
INFO  maxp pruned
INFO  cmap pruned
INFO  kern dropped
INFO  post pruned
INFO  FFTM dropped
INFO  GPOS pruned
INFO  GSUB pruned
INFO  glyf pruned
INFO  Added gid0 to subset
INFO  Added first four glyphs to subset
INFO  Closing glyph list over 'MATH': 42 glyphs before
INFO  Glyph names: ['.notdef', '.null', 'A', 'B', 'C', 'H', 'M', 'O', 'P', 'R', 'S', 'T', 'U', 'V', 'a', 'c', 'd', 'e', 'f', 'five', 'four', 'hyphen', 'k', 'l', 'm', 'minus', 'nonmarkingreturn', 'o', 'one', 'parenleft', 'parenright', 'period', 'r', 's', 'slash', 'space', 'three', 'two', 'u', 'underscore', 'v', 'zero']
INFO  Glyph IDs:   [0, 1, 2, 3, 11, 12, 16, 17, 18, 19, 20, 21, 22, 23, 24, 36, 37, 38, 43, 48, 50, 51, 53, 54, 55, 56, 57, 66, 68, 70, 71, 72, 73, 78, 79, 80, 82, 85, 86, 88, 89, 3228]
INFO  Closed glyph list over 'MATH': 48 glyphs after
INFO  Glyph names: ['.notdef', '.null', 'A', 'B', 'C', 'H', 'M', 'O', 'P', 'R', 'S', 'T', 'U', 'V', 'a', 'c', 'd', 'e', 'f', 'five', 'four', 'hyphen', 'k', 'l', 'm', 'minus', 'nonmarkingreturn', 'o', 'one', 'parenleft', 'parenright', 'period', 'r', 's', 'slash', 'space', 'three', 'two', 'u', 'underscore', 'uni239B', 'uni239C', 'uni239D', 'uni239E', 'uni239F', 'uni23A0', 'v', 'zero']
INFO  Glyph IDs:   [0, 1, 2, 3, 11, 12, 16, 17, 18, 19, 20, 21, 22, 23, 24, 36, 37, 38, 43, 48, 50, 51, 53, 54, 55, 56, 57, 66, 68, 70, 71, 72, 73, 78, 79, 80, 82, 85, 86, 88, 89, 3228, 3506, 3507, 3508, 3509, 3510, 3511]
INFO  Closing glyph list over 'GSUB': 48 glyphs before
INFO  Glyph names: ['.notdef', '.null', 'A', 'B', 'C', 'H', 'M', 'O', 'P', 'R', 'S', 'T', 'U', 'V', 'a', 'c', 'd', 'e', 'f', 'five', 'four', 'hyphen', 'k', 'l', 'm', 'minus', 'nonmarkingreturn', 'o', 'one', 'parenleft', 'parenright', 'period', 'r', 's', 'slash', 'space', 'three', 'two', 'u', 'underscore', 'uni239B', 'uni239C', 'uni239D', 'uni239E', 'uni239F', 'uni23A0', 'v', 'zero']
INFO  Glyph IDs:   [0, 1, 2, 3, 11, 12, 16, 17, 18, 19, 20, 21, 22, 23, 24, 36, 37, 38, 43, 48, 50, 51, 53, 54, 55, 56, 57, 66, 68, 70, 71, 72, 73, 78, 79, 80, 82, 85, 86, 88, 89, 3228, 3506, 3507, 3508, 3509, 3510, 3511]
INFO  Closed glyph list over 'GSUB': 51 glyphs after
INFO  Glyph names: ['.notdef', '.null', 'A', 'B', 'C', 'H', 'M', 'O', 'P', 'R', 'S', 'T', 'U', 'V', 'a', 'c', 'd', 'e', 'f', 'five', 'fl', 'four', 'hyphen', 'k', 'l', 'm', 'minus', 'nonmarkingreturn', 'o', 'one', 'parenleft', 'parenright', 'period', 'r', 's', 'slash', 'space', 'three', 'two', 'u', 'underscore', 'uni239B', 'uni239C', 'uni239D', 'uni239E', 'uni239F', 'uni23A0', 'uniFB00', 'uniFB04', 'v', 'zero']
INFO  Glyph IDs:   [0, 1, 2, 3, 11, 12, 16, 17, 18, 19, 20, 21, 22, 23, 24, 36, 37, 38, 43, 48, 50, 51, 53, 54, 55, 56, 57, 66, 68, 70, 71, 72, 73, 78, 79, 80, 82, 85, 86, 88, 89, 3228, 3506, 3507, 3508, 3509, 3510, 3511, 5038, 5040, 5042]
INFO  Closing glyph list over 'glyf': 51 glyphs before
INFO  Glyph names: ['.notdef', '.null', 'A', 'B', 'C', 'H', 'M', 'O', 'P', 'R', 'S', 'T', 'U', 'V', 'a', 'c', 'd', 'e', 'f', 'five', 'fl', 'four', 'hyphen', 'k', 'l', 'm', 'minus', 'nonmarkingreturn', 'o', 'one', 'parenleft', 'parenright', 'period', 'r', 's', 'slash', 'space', 'three', 'two', 'u', 'underscore', 'uni239B', 'uni239C', 'uni239D', 'uni239E', 'uni239F', 'uni23A0', 'uniFB00', 'uniFB04', 'v', 'zero']
INFO  Glyph IDs:   [0, 1, 2, 3, 11, 12, 16, 17, 18, 19, 20, 21, 22, 23, 24, 36, 37, 38, 43, 48, 50, 51, 53, 54, 55, 56, 57, 66, 68, 70, 71, 72, 73, 78, 79, 80, 82, 85, 86, 88, 89, 3228, 3506, 3507, 3508, 3509, 3510, 3511, 5038, 5040, 5042]
INFO  Closed glyph list over 'glyf': 51 glyphs after
INFO  Glyph names: ['.notdef', '.null', 'A', 'B', 'C', 'H', 'M', 'O', 'P', 'R', 'S', 'T', 'U', 'V', 'a', 'c', 'd', 'e', 'f', 'five', 'fl', 'four', 'hyphen', 'k', 'l', 'm', 'minus', 'nonmarkingreturn', 'o', 'one', 'parenleft', 'parenright', 'period', 'r', 's', 'slash', 'space', 'three', 'two', 'u', 'underscore', 'uni239B', 'uni239C', 'uni239D', 'uni239E', 'uni239F', 'uni23A0', 'uniFB00', 'uniFB04', 'v', 'zero']
INFO  Glyph IDs:   [0, 1, 2, 3, 11, 12, 16, 17, 18, 19, 20, 21, 22, 23, 24, 36, 37, 38, 43, 48, 50, 51, 53, 54, 55, 56, 57, 66, 68, 70, 71, 72, 73, 78, 79, 80, 82, 85, 86, 88, 89, 3228, 3506, 3507, 3508, 3509, 3510, 3511, 5038, 5040, 5042]
INFO  Retaining 51 glyphs
INFO  head subsetting not needed
INFO  hhea subsetting not needed
INFO  maxp subsetting not needed
INFO  OS/2 subsetting not needed
INFO  hmtx subsetted
INFO  cmap subsetted
INFO  fpgm subsetting not needed
INFO  prep subsetting not needed
INFO  cvt  subsetting not needed
INFO  loca subsetting not needed
INFO  post subsetted
INFO  gasp subsetting not needed
INFO  MATH subsetted
INFO  GDEF subsetted
INFO  GPOS subsetted
INFO  GSUB subsetted
INFO  name subsetting not needed
INFO  glyf subsetted
INFO  head pruned
INFO  OS/2 Unicode ranges pruned: [0, 38]
INFO  OS/2 CodePage ranges pruned: [0]
INFO  glyf pruned
INFO  GDEF pruned
INFO  GPOS pruned
INFO  GSUB pruned
INFO  name pruned
INFO    Saved /noether/s1/dxb5775/publication_rerun_20260814/figures/shap/shap_dependence_nist.pdf
INFO  Loading k-means SHAP data ...
INFO    Loaded kmeans251: 821 samples, 51 features
INFO  maxp pruned
INFO  cmap pruned
INFO  kern dropped
INFO  post pruned
INFO  FFTM dropped
INFO  GPOS pruned
INFO  GSUB pruned
INFO  glyf pruned
INFO  Added gid0 to subset
INFO  Added first four glyphs to subset
INFO  Closing glyph list over 'GSUB': 29 glyphs before
INFO  Glyph names: ['.notdef', '.null', 'A', 'H', 'M', 'P', 'S', 'a', 'c', 'e', 'emdash', 'f', 'hyphen', 'k', 'l', 'm', 'n', 'nonmarkingreturn', 'o', 'parenleft', 'parenright', 'plus', 'r', 's', 'seven', 'space', 't', 'u', 'y']
INFO  Glyph IDs:   [0, 1, 2, 3, 11, 12, 14, 16, 26, 36, 43, 48, 51, 54, 68, 70, 72, 73, 78, 79, 80, 81, 82, 85, 86, 87, 88, 92, 2806]
INFO  Closed glyph list over 'GSUB': 32 glyphs after
INFO  Glyph names: ['.notdef', '.null', 'A', 'H', 'M', 'P', 'S', 'a', 'c', 'e', 'emdash', 'f', 'fl', 'hyphen', 'k', 'l', 'm', 'n', 'nonmarkingreturn', 'o', 'parenleft', 'parenright', 'plus', 'r', 's', 'seven', 'space', 't', 'u', 'uniFB00', 'uniFB04', 'y']
INFO  Glyph IDs:   [0, 1, 2, 3, 11, 12, 14, 16, 26, 36, 43, 48, 51, 54, 68, 70, 72, 73, 78, 79, 80, 81, 82, 85, 86, 87, 88, 92, 2806, 5034, 5036, 5038]
INFO  Closing glyph list over 'glyf': 32 glyphs before
INFO  Glyph names: ['.notdef', '.null', 'A', 'H', 'M', 'P', 'S', 'a', 'c', 'e', 'emdash', 'f', 'fl', 'hyphen', 'k', 'l', 'm', 'n', 'nonmarkingreturn', 'o', 'parenleft', 'parenright', 'plus', 'r', 's', 'seven', 'space', 't', 'u', 'uniFB00', 'uniFB04', 'y']
INFO  Glyph IDs:   [0, 1, 2, 3, 11, 12, 14, 16, 26, 36, 43, 48, 51, 54, 68, 70, 72, 73, 78, 79, 80, 81, 82, 85, 86, 87, 88, 92, 2806, 5034, 5036, 5038]
INFO  Closed glyph list over 'glyf': 32 glyphs after
INFO  Glyph names: ['.notdef', '.null', 'A', 'H', 'M', 'P', 'S', 'a', 'c', 'e', 'emdash', 'f', 'fl', 'hyphen', 'k', 'l', 'm', 'n', 'nonmarkingreturn', 'o', 'parenleft', 'parenright', 'plus', 'r', 's', 'seven', 'space', 't', 'u', 'uniFB00', 'uniFB04', 'y']
INFO  Glyph IDs:   [0, 1, 2, 3, 11, 12, 14, 16, 26, 36, 43, 48, 51, 54, 68, 70, 72, 73, 78, 79, 80, 81, 82, 85, 86, 87, 88, 92, 2806, 5034, 5036, 5038]
INFO  Retaining 32 glyphs
INFO  head subsetting not needed
INFO  hhea subsetting not needed
INFO  maxp subsetting not needed
INFO  OS/2 subsetting not needed
INFO  hmtx subsetted
INFO  cmap subsetted
INFO  fpgm subsetting not needed
INFO  prep subsetting not needed
INFO  cvt  subsetting not needed
INFO  loca subsetting not needed
INFO  post subsetted
INFO  gasp subsetting not needed
INFO  GDEF subsetted
INFO  GPOS subsetted
INFO  GSUB subsetted
INFO  name subsetting not needed
INFO  glyf subsetted
INFO  head pruned
INFO  OS/2 Unicode ranges pruned: [0, 31]
INFO  OS/2 CodePage ranges pruned: [0]
INFO  glyf pruned
INFO  GDEF pruned
INFO  GPOS pruned
INFO  GSUB pruned
INFO  name pruned
INFO  maxp pruned
INFO  cmap pruned
INFO  kern dropped
INFO  post pruned
INFO  FFTM dropped
INFO  GPOS pruned
INFO  GSUB pruned
INFO  glyf pruned
INFO  Added gid0 to subset
INFO  Added first four glyphs to subset
INFO  Closing glyph list over 'MATH': 62 glyphs before
INFO  Glyph names: ['.notdef', '.null', 'A', 'B', 'C', 'D', 'E', 'F', 'G', 'H', 'I', 'L', 'M', 'N', 'O', 'P', 'S', 'T', 'U', 'V', 'W', 'Z', 'a', 'b', 'c', 'd', 'e', 'eight', 'f', 'five', 'four', 'g', 'h', 'hyphen', 'i', 'k', 'l', 'm', 'minus', 'n', 'nine', 'nonmarkingreturn', 'o', 'one', 'p', 'parenleft', 'parenright', 'r', 's', 'six', 'slash', 'space', 't', 'three', 'two', 'u', 'underscore', 'v', 'w', 'y', 'z', 'zero']
INFO  Glyph IDs:   [0, 1, 2, 3, 11, 12, 16, 18, 19, 20, 21, 22, 23, 24, 25, 27, 28, 36, 37, 38, 39, 40, 41, 42, 43, 44, 47, 48, 49, 50, 51, 54, 55, 56, 57, 58, 61, 66, 68, 69, 70, 71, 72, 73, 74, 75, 76, 78, 79, 80, 81, 82, 83, 85, 86, 87, 88, 89, 90, 92, 93, 3228]
INFO  Closed glyph list over 'MATH': 68 glyphs after
INFO  Glyph names: ['.notdef', '.null', 'A', 'B', 'C', 'D', 'E', 'F', 'G', 'H', 'I', 'L', 'M', 'N', 'O', 'P', 'S', 'T', 'U', 'V', 'W', 'Z', 'a', 'b', 'c', 'd', 'e', 'eight', 'f', 'five', 'four', 'g', 'h', 'hyphen', 'i', 'k', 'l', 'm', 'minus', 'n', 'nine', 'nonmarkingreturn', 'o', 'one', 'p', 'parenleft', 'parenright', 'r', 's', 'six', 'slash', 'space', 't', 'three', 'two', 'u', 'underscore', 'uni239B', 'uni239C', 'uni239D', 'uni239E', 'uni239F', 'uni23A0', 'v', 'w', 'y', 'z', 'zero']
INFO  Glyph IDs:   [0, 1, 2, 3, 11, 12, 16, 18, 19, 20, 21, 22, 23, 24, 25, 27, 28, 36, 37, 38, 39, 40, 41, 42, 43, 44, 47, 48, 49, 50, 51, 54, 55, 56, 57, 58, 61, 66, 68, 69, 70, 71, 72, 73, 74, 75, 76, 78, 79, 80, 81, 82, 83, 85, 86, 87, 88, 89, 90, 92, 93, 3228, 3506, 3507, 3508, 3509, 3510, 3511]
INFO  Closing glyph list over 'GSUB': 68 glyphs before
INFO  Glyph names: ['.notdef', '.null', 'A', 'B', 'C', 'D', 'E', 'F', 'G', 'H', 'I', 'L', 'M', 'N', 'O', 'P', 'S', 'T', 'U', 'V', 'W', 'Z', 'a', 'b', 'c', 'd', 'e', 'eight', 'f', 'five', 'four', 'g', 'h', 'hyphen', 'i', 'k', 'l', 'm', 'minus', 'n', 'nine', 'nonmarkingreturn', 'o', 'one', 'p', 'parenleft', 'parenright', 'r', 's', 'six', 'slash', 'space', 't', 'three', 'two', 'u', 'underscore', 'uni239B', 'uni239C', 'uni239D', 'uni239E', 'uni239F', 'uni23A0', 'v', 'w', 'y', 'z', 'zero']
INFO  Glyph IDs:   [0, 1, 2, 3, 11, 12, 16, 18, 19, 20, 21, 22, 23, 24, 25, 27, 28, 36, 37, 38, 39, 40, 41, 42, 43, 44, 47, 48, 49, 50, 51, 54, 55, 56, 57, 58, 61, 66, 68, 69, 70, 71, 72, 73, 74, 75, 76, 78, 79, 80, 81, 82, 83, 85, 86, 87, 88, 89, 90, 92, 93, 3228, 3506, 3507, 3508, 3509, 3510, 3511]
INFO  Closed glyph list over 'GSUB': 73 glyphs after
INFO  Glyph names: ['.notdef', '.null', 'A', 'B', 'C', 'D', 'E', 'F', 'G', 'H', 'I', 'L', 'M', 'N', 'O', 'P', 'S', 'T', 'U', 'V', 'W', 'Z', 'a', 'b', 'c', 'd', 'e', 'eight', 'f', 'fi', 'five', 'fl', 'four', 'g', 'h', 'hyphen', 'i', 'k', 'l', 'm', 'minus', 'n', 'nine', 'nonmarkingreturn', 'o', 'one', 'p', 'parenleft', 'parenright', 'r', 's', 'six', 'slash', 'space', 't', 'three', 'two', 'u', 'underscore', 'uni239B', 'uni239C', 'uni239D', 'uni239E', 'uni239F', 'uni23A0', 'uniFB00', 'uniFB03', 'uniFB04', 'v', 'w', 'y', 'z', 'zero']
INFO  Glyph IDs:   [0, 1, 2, 3, 11, 12, 16, 18, 19, 20, 21, 22, 23, 24, 25, 27, 28, 36, 37, 38, 39, 40, 41, 42, 43, 44, 47, 48, 49, 50, 51, 54, 55, 56, 57, 58, 61, 66, 68, 69, 70, 71, 72, 73, 74, 75, 76, 78, 79, 80, 81, 82, 83, 85, 86, 87, 88, 89, 90, 92, 93, 3228, 3506, 3507, 3508, 3509, 3510, 3511, 5038, 5039, 5040, 5041, 5042]
INFO  Closing glyph list over 'glyf': 73 glyphs before
INFO  Glyph names: ['.notdef', '.null', 'A', 'B', 'C', 'D', 'E', 'F', 'G', 'H', 'I', 'L', 'M', 'N', 'O', 'P', 'S', 'T', 'U', 'V', 'W', 'Z', 'a', 'b', 'c', 'd', 'e', 'eight', 'f', 'fi', 'five', 'fl', 'four', 'g', 'h', 'hyphen', 'i', 'k', 'l', 'm', 'minus', 'n', 'nine', 'nonmarkingreturn', 'o', 'one', 'p', 'parenleft', 'parenright', 'r', 's', 'six', 'slash', 'space', 't', 'three', 'two', 'u', 'underscore', 'uni239B', 'uni239C', 'uni239D', 'uni239E', 'uni239F', 'uni23A0', 'uniFB00', 'uniFB03', 'uniFB04', 'v', 'w', 'y', 'z', 'zero']
INFO  Glyph IDs:   [0, 1, 2, 3, 11, 12, 16, 18, 19, 20, 21, 22, 23, 24, 25, 27, 28, 36, 37, 38, 39, 40, 41, 42, 43, 44, 47, 48, 49, 50, 51, 54, 55, 56, 57, 58, 61, 66, 68, 69, 70, 71, 72, 73, 74, 75, 76, 78, 79, 80, 81, 82, 83, 85, 86, 87, 88, 89, 90, 92, 93, 3228, 3506, 3507, 3508, 3509, 3510, 3511, 5038, 5039, 5040, 5041, 5042]
INFO  Closed glyph list over 'glyf': 73 glyphs after
INFO  Glyph names: ['.notdef', '.null', 'A', 'B', 'C', 'D', 'E', 'F', 'G', 'H', 'I', 'L', 'M', 'N', 'O', 'P', 'S', 'T', 'U', 'V', 'W', 'Z', 'a', 'b', 'c', 'd', 'e', 'eight', 'f', 'fi', 'five', 'fl', 'four', 'g', 'h', 'hyphen', 'i', 'k', 'l', 'm', 'minus', 'n', 'nine', 'nonmarkingreturn', 'o', 'one', 'p', 'parenleft', 'parenright', 'r', 's', 'six', 'slash', 'space', 't', 'three', 'two', 'u', 'underscore', 'uni239B', 'uni239C', 'uni239D', 'uni239E', 'uni239F', 'uni23A0', 'uniFB00', 'uniFB03', 'uniFB04', 'v', 'w', 'y', 'z', 'zero']
INFO  Glyph IDs:   [0, 1, 2, 3, 11, 12, 16, 18, 19, 20, 21, 22, 23, 24, 25, 27, 28, 36, 37, 38, 39, 40, 41, 42, 43, 44, 47, 48, 49, 50, 51, 54, 55, 56, 57, 58, 61, 66, 68, 69, 70, 71, 72, 73, 74, 75, 76, 78, 79, 80, 81, 82, 83, 85, 86, 87, 88, 89, 90, 92, 93, 3228, 3506, 3507, 3508, 3509, 3510, 3511, 5038, 5039, 5040, 5041, 5042]
INFO  Retaining 73 glyphs
INFO  head subsetting not needed
INFO  hhea subsetting not needed
INFO  maxp subsetting not needed
INFO  OS/2 subsetting not needed
INFO  hmtx subsetted
INFO  cmap subsetted
INFO  fpgm subsetting not needed
INFO  prep subsetting not needed
INFO  cvt  subsetting not needed
INFO  loca subsetting not needed
INFO  post subsetted
INFO  gasp subsetting not needed
INFO  MATH subsetted
INFO  GDEF subsetted
INFO  GPOS subsetted
INFO  GSUB subsetted
INFO  name subsetting not needed
INFO  glyf subsetted
INFO  head pruned
INFO  OS/2 Unicode ranges pruned: [0, 38]
INFO  OS/2 CodePage ranges pruned: [0]
INFO  glyf pruned
INFO  GDEF pruned
INFO  GPOS pruned
INFO  GSUB pruned
INFO  name pruned
INFO    Saved /noether/s1/dxb5775/publication_rerun_20260814/figures/shap/shap_beeswarm_kmeans.pdf
INFO  maxp pruned
INFO  cmap pruned
INFO  kern dropped
INFO  post pruned
INFO  FFTM dropped
INFO  GPOS pruned
INFO  GSUB pruned
INFO  glyf pruned
INFO  Added gid0 to subset
INFO  Added first four glyphs to subset
INFO  Closing glyph list over 'GSUB': 28 glyphs before
INFO  Glyph names: ['.notdef', '.null', 'F', 'M', 'P', 'a', 'c', 'e', 'emdash', 'f', 'hyphen', 'i', 'k', 'l', 'm', 'n', 'nonmarkingreturn', 'o', 'p', 'parenleft', 'parenright', 'plus', 'r', 's', 'seven', 'space', 't', 'u']
INFO  Glyph IDs:   [0, 1, 2, 3, 11, 12, 14, 16, 26, 41, 48, 51, 68, 70, 72, 73, 76, 78, 79, 80, 81, 82, 83, 85, 86, 87, 88, 2806]
INFO  Closed glyph list over 'GSUB': 33 glyphs after
INFO  Glyph names: ['.notdef', '.null', 'F', 'M', 'P', 'a', 'c', 'e', 'emdash', 'f', 'fi', 'fl', 'hyphen', 'i', 'k', 'l', 'm', 'n', 'nonmarkingreturn', 'o', 'p', 'parenleft', 'parenright', 'plus', 'r', 's', 'seven', 'space', 't', 'u', 'uniFB00', 'uniFB03', 'uniFB04']
INFO  Glyph IDs:   [0, 1, 2, 3, 11, 12, 14, 16, 26, 41, 48, 51, 68, 70, 72, 73, 76, 78, 79, 80, 81, 82, 83, 85, 86, 87, 88, 2806, 5034, 5035, 5036, 5037, 5038]
INFO  Closing glyph list over 'glyf': 33 glyphs before
INFO  Glyph names: ['.notdef', '.null', 'F', 'M', 'P', 'a', 'c', 'e', 'emdash', 'f', 'fi', 'fl', 'hyphen', 'i', 'k', 'l', 'm', 'n', 'nonmarkingreturn', 'o', 'p', 'parenleft', 'parenright', 'plus', 'r', 's', 'seven', 'space', 't', 'u', 'uniFB00', 'uniFB03', 'uniFB04']
INFO  Glyph IDs:   [0, 1, 2, 3, 11, 12, 14, 16, 26, 41, 48, 51, 68, 70, 72, 73, 76, 78, 79, 80, 81, 82, 83, 85, 86, 87, 88, 2806, 5034, 5035, 5036, 5037, 5038]
INFO  Closed glyph list over 'glyf': 33 glyphs after
INFO  Glyph names: ['.notdef', '.null', 'F', 'M', 'P', 'a', 'c', 'e', 'emdash', 'f', 'fi', 'fl', 'hyphen', 'i', 'k', 'l', 'm', 'n', 'nonmarkingreturn', 'o', 'p', 'parenleft', 'parenright', 'plus', 'r', 's', 'seven', 'space', 't', 'u', 'uniFB00', 'uniFB03', 'uniFB04']
INFO  Glyph IDs:   [0, 1, 2, 3, 11, 12, 14, 16, 26, 41, 48, 51, 68, 70, 72, 73, 76, 78, 79, 80, 81, 82, 83, 85, 86, 87, 88, 2806, 5034, 5035, 5036, 5037, 5038]
INFO  Retaining 33 glyphs
INFO  head subsetting not needed
INFO  hhea subsetting not needed
INFO  maxp subsetting not needed
INFO  OS/2 subsetting not needed
INFO  hmtx subsetted
INFO  cmap subsetted
INFO  fpgm subsetting not needed
INFO  prep subsetting not needed
INFO  cvt  subsetting not needed
INFO  loca subsetting not needed
INFO  post subsetted
INFO  gasp subsetting not needed
INFO  GDEF subsetted
INFO  GPOS subsetted
INFO  GSUB subsetted
INFO  name subsetting not needed
INFO  glyf subsetted
INFO  head pruned
INFO  OS/2 Unicode ranges pruned: [0, 31]
INFO  OS/2 CodePage ranges pruned: [0]
INFO  glyf pruned
INFO  GDEF pruned
INFO  GPOS pruned
INFO  GSUB pruned
INFO  name pruned
INFO  maxp pruned
INFO  cmap pruned
INFO  kern dropped
INFO  post pruned
INFO  FFTM dropped
INFO  GPOS pruned
INFO  GSUB pruned
INFO  glyf pruned
INFO  Added gid0 to subset
INFO  Added first four glyphs to subset
INFO  Closing glyph list over 'MATH': 60 glyphs before
INFO  Glyph names: ['.notdef', '.null', 'A', 'B', 'C', 'D', 'E', 'G', 'H', 'I', 'L', 'M', 'N', 'O', 'P', 'S', 'T', 'U', 'V', 'W', 'Z', 'a', 'b', 'bar', 'c', 'd', 'e', 'eight', 'f', 'five', 'four', 'g', 'h', 'hyphen', 'i', 'k', 'l', 'm', 'n', 'nine', 'nonmarkingreturn', 'o', 'one', 'p', 'parenleft', 'parenright', 'r', 's', 'six', 'slash', 'space', 't', 'three', 'two', 'u', 'underscore', 'v', 'y', 'z', 'zero']
INFO  Glyph IDs:   [0, 1, 2, 3, 11, 12, 16, 18, 19, 20, 21, 22, 23, 24, 25, 27, 28, 36, 37, 38, 39, 40, 42, 43, 44, 47, 48, 49, 50, 51, 54, 55, 56, 57, 58, 61, 66, 68, 69, 70, 71, 72, 73, 74, 75, 76, 78, 79, 80, 81, 82, 83, 85, 86, 87, 88, 89, 92, 93, 95]
INFO  Closed glyph list over 'MATH': 66 glyphs after
INFO  Glyph names: ['.notdef', '.null', 'A', 'B', 'C', 'D', 'E', 'G', 'H', 'I', 'L', 'M', 'N', 'O', 'P', 'S', 'T', 'U', 'V', 'W', 'Z', 'a', 'b', 'bar', 'c', 'd', 'e', 'eight', 'f', 'five', 'four', 'g', 'h', 'hyphen', 'i', 'k', 'l', 'm', 'n', 'nine', 'nonmarkingreturn', 'o', 'one', 'p', 'parenleft', 'parenright', 'r', 's', 'six', 'slash', 'space', 't', 'three', 'two', 'u', 'underscore', 'uni239B', 'uni239C', 'uni239D', 'uni239E', 'uni239F', 'uni23A0', 'v', 'y', 'z', 'zero']
INFO  Glyph IDs:   [0, 1, 2, 3, 11, 12, 16, 18, 19, 20, 21, 22, 23, 24, 25, 27, 28, 36, 37, 38, 39, 40, 42, 43, 44, 47, 48, 49, 50, 51, 54, 55, 56, 57, 58, 61, 66, 68, 69, 70, 71, 72, 73, 74, 75, 76, 78, 79, 80, 81, 82, 83, 85, 86, 87, 88, 89, 92, 93, 95, 3506, 3507, 3508, 3509, 3510, 3511]
INFO  Closing glyph list over 'GSUB': 66 glyphs before
INFO  Glyph names: ['.notdef', '.null', 'A', 'B', 'C', 'D', 'E', 'G', 'H', 'I', 'L', 'M', 'N', 'O', 'P', 'S', 'T', 'U', 'V', 'W', 'Z', 'a', 'b', 'bar', 'c', 'd', 'e', 'eight', 'f', 'five', 'four', 'g', 'h', 'hyphen', 'i', 'k', 'l', 'm', 'n', 'nine', 'nonmarkingreturn', 'o', 'one', 'p', 'parenleft', 'parenright', 'r', 's', 'six', 'slash', 'space', 't', 'three', 'two', 'u', 'underscore', 'uni239B', 'uni239C', 'uni239D', 'uni239E', 'uni239F', 'uni23A0', 'v', 'y', 'z', 'zero']
INFO  Glyph IDs:   [0, 1, 2, 3, 11, 12, 16, 18, 19, 20, 21, 22, 23, 24, 25, 27, 28, 36, 37, 38, 39, 40, 42, 43, 44, 47, 48, 49, 50, 51, 54, 55, 56, 57, 58, 61, 66, 68, 69, 70, 71, 72, 73, 74, 75, 76, 78, 79, 80, 81, 82, 83, 85, 86, 87, 88, 89, 92, 93, 95, 3506, 3507, 3508, 3509, 3510, 3511]
INFO  Closed glyph list over 'GSUB': 71 glyphs after
INFO  Glyph names: ['.notdef', '.null', 'A', 'B', 'C', 'D', 'E', 'G', 'H', 'I', 'L', 'M', 'N', 'O', 'P', 'S', 'T', 'U', 'V', 'W', 'Z', 'a', 'b', 'bar', 'c', 'd', 'e', 'eight', 'f', 'fi', 'five', 'fl', 'four', 'g', 'h', 'hyphen', 'i', 'k', 'l', 'm', 'n', 'nine', 'nonmarkingreturn', 'o', 'one', 'p', 'parenleft', 'parenright', 'r', 's', 'six', 'slash', 'space', 't', 'three', 'two', 'u', 'underscore', 'uni239B', 'uni239C', 'uni239D', 'uni239E', 'uni239F', 'uni23A0', 'uniFB00', 'uniFB03', 'uniFB04', 'v', 'y', 'z', 'zero']
INFO  Glyph IDs:   [0, 1, 2, 3, 11, 12, 16, 18, 19, 20, 21, 22, 23, 24, 25, 27, 28, 36, 37, 38, 39, 40, 42, 43, 44, 47, 48, 49, 50, 51, 54, 55, 56, 57, 58, 61, 66, 68, 69, 70, 71, 72, 73, 74, 75, 76, 78, 79, 80, 81, 82, 83, 85, 86, 87, 88, 89, 92, 93, 95, 3506, 3507, 3508, 3509, 3510, 3511, 5038, 5039, 5040, 5041, 5042]
INFO  Closing glyph list over 'glyf': 71 glyphs before
INFO  Glyph names: ['.notdef', '.null', 'A', 'B', 'C', 'D', 'E', 'G', 'H', 'I', 'L', 'M', 'N', 'O', 'P', 'S', 'T', 'U', 'V', 'W', 'Z', 'a', 'b', 'bar', 'c', 'd', 'e', 'eight', 'f', 'fi', 'five', 'fl', 'four', 'g', 'h', 'hyphen', 'i', 'k', 'l', 'm', 'n', 'nine', 'nonmarkingreturn', 'o', 'one', 'p', 'parenleft', 'parenright', 'r', 's', 'six', 'slash', 'space', 't', 'three', 'two', 'u', 'underscore', 'uni239B', 'uni239C', 'uni239D', 'uni239E', 'uni239F', 'uni23A0', 'uniFB00', 'uniFB03', 'uniFB04', 'v', 'y', 'z', 'zero']
INFO  Glyph IDs:   [0, 1, 2, 3, 11, 12, 16, 18, 19, 20, 21, 22, 23, 24, 25, 27, 28, 36, 37, 38, 39, 40, 42, 43, 44, 47, 48, 49, 50, 51, 54, 55, 56, 57, 58, 61, 66, 68, 69, 70, 71, 72, 73, 74, 75, 76, 78, 79, 80, 81, 82, 83, 85, 86, 87, 88, 89, 92, 93, 95, 3506, 3507, 3508, 3509, 3510, 3511, 5038, 5039, 5040, 5041, 5042]
INFO  Closed glyph list over 'glyf': 71 glyphs after
INFO  Glyph names: ['.notdef', '.null', 'A', 'B', 'C', 'D', 'E', 'G', 'H', 'I', 'L', 'M', 'N', 'O', 'P', 'S', 'T', 'U', 'V', 'W', 'Z', 'a', 'b', 'bar', 'c', 'd', 'e', 'eight', 'f', 'fi', 'five', 'fl', 'four', 'g', 'h', 'hyphen', 'i', 'k', 'l', 'm', 'n', 'nine', 'nonmarkingreturn', 'o', 'one', 'p', 'parenleft', 'parenright', 'r', 's', 'six', 'slash', 'space', 't', 'three', 'two', 'u', 'underscore', 'uni239B', 'uni239C', 'uni239D', 'uni239E', 'uni239F', 'uni23A0', 'uniFB00', 'uniFB03', 'uniFB04', 'v', 'y', 'z', 'zero']
INFO  Glyph IDs:   [0, 1, 2, 3, 11, 12, 16, 18, 19, 20, 21, 22, 23, 24, 25, 27, 28, 36, 37, 38, 39, 40, 42, 43, 44, 47, 48, 49, 50, 51, 54, 55, 56, 57, 58, 61, 66, 68, 69, 70, 71, 72, 73, 74, 75, 76, 78, 79, 80, 81, 82, 83, 85, 86, 87, 88, 89, 92, 93, 95, 3506, 3507, 3508, 3509, 3510, 3511, 5038, 5039, 5040, 5041, 5042]
INFO  Retaining 71 glyphs
INFO  head subsetting not needed
INFO  hhea subsetting not needed
INFO  maxp subsetting not needed
INFO  OS/2 subsetting not needed
INFO  hmtx subsetted
INFO  cmap subsetted
INFO  fpgm subsetting not needed
INFO  prep subsetting not needed
INFO  cvt  subsetting not needed
INFO  loca subsetting not needed
INFO  post subsetted
INFO  gasp subsetting not needed
INFO  MATH subsetted
INFO  GDEF subsetted
INFO  GPOS subsetted
INFO  GSUB subsetted
INFO  name subsetting not needed
INFO  glyf subsetted
INFO  head pruned
INFO  OS/2 Unicode ranges pruned: [0]
INFO  OS/2 CodePage ranges pruned: [0]
INFO  glyf pruned
INFO  GDEF pruned
INFO  GPOS pruned
INFO  GSUB pruned
INFO  name pruned
INFO    Saved /noether/s1/dxb5775/publication_rerun_20260814/figures/shap/shap_importance_kmeans.pdf
INFO  maxp pruned
INFO  cmap pruned
INFO  kern dropped
INFO  post pruned
INFO  FFTM dropped
INFO  GPOS pruned
INFO  GSUB pruned
INFO  glyf pruned
INFO  Added gid0 to subset
INFO  Added first four glyphs to subset
INFO  Closing glyph list over 'GSUB': 27 glyphs before
INFO  Glyph names: ['.notdef', '.null', 'A', 'H', 'P', 'S', 'a', 'c', 'd', 'e', 'emdash', 'f', 'five', 'hyphen', 'k', 'm', 'n', 'nonmarkingreturn', 'o', 'p', 'parenleft', 'parenright', 'r', 's', 'space', 't', 'u']
INFO  Glyph IDs:   [0, 1, 2, 3, 11, 12, 16, 24, 36, 43, 51, 54, 68, 70, 71, 72, 73, 78, 80, 81, 82, 83, 85, 86, 87, 88, 2806]
INFO  Closed glyph list over 'GSUB': 28 glyphs after
INFO  Glyph names: ['.notdef', '.null', 'A', 'H', 'P', 'S', 'a', 'c', 'd', 'e', 'emdash', 'f', 'five', 'hyphen', 'k', 'm', 'n', 'nonmarkingreturn', 'o', 'p', 'parenleft', 'parenright', 'r', 's', 'space', 't', 'u', 'uniFB00']
INFO  Glyph IDs:   [0, 1, 2, 3, 11, 12, 16, 24, 36, 43, 51, 54, 68, 70, 71, 72, 73, 78, 80, 81, 82, 83, 85, 86, 87, 88, 2806, 5034]
INFO  Closing glyph list over 'glyf': 28 glyphs before
INFO  Glyph names: ['.notdef', '.null', 'A', 'H', 'P', 'S', 'a', 'c', 'd', 'e', 'emdash', 'f', 'five', 'hyphen', 'k', 'm', 'n', 'nonmarkingreturn', 'o', 'p', 'parenleft', 'parenright', 'r', 's', 'space', 't', 'u', 'uniFB00']
INFO  Glyph IDs:   [0, 1, 2, 3, 11, 12, 16, 24, 36, 43, 51, 54, 68, 70, 71, 72, 73, 78, 80, 81, 82, 83, 85, 86, 87, 88, 2806, 5034]
INFO  Closed glyph list over 'glyf': 28 glyphs after
INFO  Glyph names: ['.notdef', '.null', 'A', 'H', 'P', 'S', 'a', 'c', 'd', 'e', 'emdash', 'f', 'five', 'hyphen', 'k', 'm', 'n', 'nonmarkingreturn', 'o', 'p', 'parenleft', 'parenright', 'r', 's', 'space', 't', 'u', 'uniFB00']
INFO  Glyph IDs:   [0, 1, 2, 3, 11, 12, 16, 24, 36, 43, 51, 54, 68, 70, 71, 72, 73, 78, 80, 81, 82, 83, 85, 86, 87, 88, 2806, 5034]
INFO  Retaining 28 glyphs
INFO  head subsetting not needed
INFO  hhea subsetting not needed
INFO  maxp subsetting not needed
INFO  OS/2 subsetting not needed
INFO  hmtx subsetted
INFO  cmap subsetted
INFO  fpgm subsetting not needed
INFO  prep subsetting not needed
INFO  cvt  subsetting not needed
INFO  loca subsetting not needed
INFO  post subsetted
INFO  gasp subsetting not needed
INFO  GDEF subsetted
INFO  GPOS subsetted
INFO  GSUB subsetted
INFO  name subsetting not needed
INFO  glyf subsetted
INFO  head pruned
INFO  OS/2 Unicode ranges pruned: [0, 31]
INFO  OS/2 CodePage ranges pruned: [0]
INFO  glyf pruned
INFO  GDEF pruned
INFO  GPOS pruned
INFO  GSUB pruned
INFO  name pruned
INFO  maxp pruned
INFO  cmap pruned
INFO  kern dropped
INFO  post pruned
INFO  FFTM dropped
INFO  GPOS pruned
INFO  GSUB pruned
INFO  glyf pruned
INFO  Added gid0 to subset
INFO  Added first four glyphs to subset
INFO  Closing glyph list over 'MATH': 48 glyphs before
INFO  Glyph names: ['.notdef', '.null', 'A', 'B', 'C', 'D', 'G', 'H', 'L', 'M', 'O', 'P', 'S', 'T', 'U', 'V', 'W', 'a', 'c', 'e', 'five', 'four', 'g', 'hyphen', 'k', 'l', 'm', 'minus', 'nonmarkingreturn', 'o', 'one', 'p', 'parenleft', 'parenright', 'period', 'r', 's', 'seven', 'six', 'slash', 'space', 't', 'three', 'two', 'u', 'underscore', 'v', 'zero']
INFO  Glyph IDs:   [0, 1, 2, 3, 11, 12, 16, 17, 18, 19, 20, 21, 22, 23, 24, 25, 26, 36, 37, 38, 39, 42, 43, 47, 48, 50, 51, 54, 55, 56, 57, 58, 66, 68, 70, 72, 74, 78, 79, 80, 82, 83, 85, 86, 87, 88, 89, 3228]
INFO  Closed glyph list over 'MATH': 54 glyphs after
INFO  Glyph names: ['.notdef', '.null', 'A', 'B', 'C', 'D', 'G', 'H', 'L', 'M', 'O', 'P', 'S', 'T', 'U', 'V', 'W', 'a', 'c', 'e', 'five', 'four', 'g', 'hyphen', 'k', 'l', 'm', 'minus', 'nonmarkingreturn', 'o', 'one', 'p', 'parenleft', 'parenright', 'period', 'r', 's', 'seven', 'six', 'slash', 'space', 't', 'three', 'two', 'u', 'underscore', 'uni239B', 'uni239C', 'uni239D', 'uni239E', 'uni239F', 'uni23A0', 'v', 'zero']
INFO  Glyph IDs:   [0, 1, 2, 3, 11, 12, 16, 17, 18, 19, 20, 21, 22, 23, 24, 25, 26, 36, 37, 38, 39, 42, 43, 47, 48, 50, 51, 54, 55, 56, 57, 58, 66, 68, 70, 72, 74, 78, 79, 80, 82, 83, 85, 86, 87, 88, 89, 3228, 3506, 3507, 3508, 3509, 3510, 3511]
INFO  Closing glyph list over 'GSUB': 54 glyphs before
INFO  Glyph names: ['.notdef', '.null', 'A', 'B', 'C', 'D', 'G', 'H', 'L', 'M', 'O', 'P', 'S', 'T', 'U', 'V', 'W', 'a', 'c', 'e', 'five', 'four', 'g', 'hyphen', 'k', 'l', 'm', 'minus', 'nonmarkingreturn', 'o', 'one', 'p', 'parenleft', 'parenright', 'period', 'r', 's', 'seven', 'six', 'slash', 'space', 't', 'three', 'two', 'u', 'underscore', 'uni239B', 'uni239C', 'uni239D', 'uni239E', 'uni239F', 'uni23A0', 'v', 'zero']
INFO  Glyph IDs:   [0, 1, 2, 3, 11, 12, 16, 17, 18, 19, 20, 21, 22, 23, 24, 25, 26, 36, 37, 38, 39, 42, 43, 47, 48, 50, 51, 54, 55, 56, 57, 58, 66, 68, 70, 72, 74, 78, 79, 80, 82, 83, 85, 86, 87, 88, 89, 3228, 3506, 3507, 3508, 3509, 3510, 3511]
INFO  Closed glyph list over 'GSUB': 54 glyphs after
INFO  Glyph names: ['.notdef', '.null', 'A', 'B', 'C', 'D', 'G', 'H', 'L', 'M', 'O', 'P', 'S', 'T', 'U', 'V', 'W', 'a', 'c', 'e', 'five', 'four', 'g', 'hyphen', 'k', 'l', 'm', 'minus', 'nonmarkingreturn', 'o', 'one', 'p', 'parenleft', 'parenright', 'period', 'r', 's', 'seven', 'six', 'slash', 'space', 't', 'three', 'two', 'u', 'underscore', 'uni239B', 'uni239C', 'uni239D', 'uni239E', 'uni239F', 'uni23A0', 'v', 'zero']
INFO  Glyph IDs:   [0, 1, 2, 3, 11, 12, 16, 17, 18, 19, 20, 21, 22, 23, 24, 25, 26, 36, 37, 38, 39, 42, 43, 47, 48, 50, 51, 54, 55, 56, 57, 58, 66, 68, 70, 72, 74, 78, 79, 80, 82, 83, 85, 86, 87, 88, 89, 3228, 3506, 3507, 3508, 3509, 3510, 3511]
INFO  Closing glyph list over 'glyf': 54 glyphs before
INFO  Glyph names: ['.notdef', '.null', 'A', 'B', 'C', 'D', 'G', 'H', 'L', 'M', 'O', 'P', 'S', 'T', 'U', 'V', 'W', 'a', 'c', 'e', 'five', 'four', 'g', 'hyphen', 'k', 'l', 'm', 'minus', 'nonmarkingreturn', 'o', 'one', 'p', 'parenleft', 'parenright', 'period', 'r', 's', 'seven', 'six', 'slash', 'space', 't', 'three', 'two', 'u', 'underscore', 'uni239B', 'uni239C', 'uni239D', 'uni239E', 'uni239F', 'uni23A0', 'v', 'zero']
INFO  Glyph IDs:   [0, 1, 2, 3, 11, 12, 16, 17, 18, 19, 20, 21, 22, 23, 24, 25, 26, 36, 37, 38, 39, 42, 43, 47, 48, 50, 51, 54, 55, 56, 57, 58, 66, 68, 70, 72, 74, 78, 79, 80, 82, 83, 85, 86, 87, 88, 89, 3228, 3506, 3507, 3508, 3509, 3510, 3511]
INFO  Closed glyph list over 'glyf': 54 glyphs after
INFO  Glyph names: ['.notdef', '.null', 'A', 'B', 'C', 'D', 'G', 'H', 'L', 'M', 'O', 'P', 'S', 'T', 'U', 'V', 'W', 'a', 'c', 'e', 'five', 'four', 'g', 'hyphen', 'k', 'l', 'm', 'minus', 'nonmarkingreturn', 'o', 'one', 'p', 'parenleft', 'parenright', 'period', 'r', 's', 'seven', 'six', 'slash', 'space', 't', 'three', 'two', 'u', 'underscore', 'uni239B', 'uni239C', 'uni239D', 'uni239E', 'uni239F', 'uni23A0', 'v', 'zero']
INFO  Glyph IDs:   [0, 1, 2, 3, 11, 12, 16, 17, 18, 19, 20, 21, 22, 23, 24, 25, 26, 36, 37, 38, 39, 42, 43, 47, 48, 50, 51, 54, 55, 56, 57, 58, 66, 68, 70, 72, 74, 78, 79, 80, 82, 83, 85, 86, 87, 88, 89, 3228, 3506, 3507, 3508, 3509, 3510, 3511]
INFO  Retaining 54 glyphs
INFO  head subsetting not needed
INFO  hhea subsetting not needed
INFO  maxp subsetting not needed
INFO  OS/2 subsetting not needed
INFO  hmtx subsetted
INFO  cmap subsetted
INFO  fpgm subsetting not needed
INFO  prep subsetting not needed
INFO  cvt  subsetting not needed
INFO  loca subsetting not needed
INFO  post subsetted
INFO  gasp subsetting not needed
INFO  MATH subsetted
INFO  GDEF subsetted
INFO  GPOS subsetted
INFO  GSUB subsetted
INFO  name subsetting not needed
INFO  glyf subsetted
INFO  head pruned
INFO  OS/2 Unicode ranges pruned: [0, 38]
INFO  OS/2 CodePage ranges pruned: [0]
INFO  glyf pruned
INFO  GDEF pruned
INFO  GPOS pruned
INFO  GSUB pruned
INFO  name pruned
INFO    Saved /noether/s1/dxb5775/publication_rerun_20260814/figures/shap/shap_dependence_kmeans.pdf
INFO  Generating combined beeswarm ...
INFO  maxp pruned
INFO  cmap pruned
INFO  kern dropped
INFO  post pruned
INFO  FFTM dropped
INFO  GPOS pruned
INFO  GSUB pruned
INFO  glyf pruned
INFO  Added gid0 to subset
INFO  Added first four glyphs to subset
INFO  Closing glyph list over 'GSUB': 20 glyphs before
INFO  Glyph names: ['.notdef', '.null', 'I', 'N', 'S', 'T', 'a', 'b', 'd', 'e', 'hyphen', 'k', 'm', 'n', 'nonmarkingreturn', 'parenleft', 'parenright', 's', 'space', 't']
INFO  Glyph IDs:   [0, 1, 2, 3, 11, 12, 16, 44, 49, 54, 55, 68, 69, 71, 72, 78, 80, 81, 86, 87]
INFO  Closed glyph list over 'GSUB': 20 glyphs after
INFO  Glyph names: ['.notdef', '.null', 'I', 'N', 'S', 'T', 'a', 'b', 'd', 'e', 'hyphen', 'k', 'm', 'n', 'nonmarkingreturn', 'parenleft', 'parenright', 's', 'space', 't']
INFO  Glyph IDs:   [0, 1, 2, 3, 11, 12, 16, 44, 49, 54, 55, 68, 69, 71, 72, 78, 80, 81, 86, 87]
INFO  Closing glyph list over 'glyf': 20 glyphs before
INFO  Glyph names: ['.notdef', '.null', 'I', 'N', 'S', 'T', 'a', 'b', 'd', 'e', 'hyphen', 'k', 'm', 'n', 'nonmarkingreturn', 'parenleft', 'parenright', 's', 'space', 't']
INFO  Glyph IDs:   [0, 1, 2, 3, 11, 12, 16, 44, 49, 54, 55, 68, 69, 71, 72, 78, 80, 81, 86, 87]
INFO  Closed glyph list over 'glyf': 20 glyphs after
INFO  Glyph names: ['.notdef', '.null', 'I', 'N', 'S', 'T', 'a', 'b', 'd', 'e', 'hyphen', 'k', 'm', 'n', 'nonmarkingreturn', 'parenleft', 'parenright', 's', 'space', 't']
INFO  Glyph IDs:   [0, 1, 2, 3, 11, 12, 16, 44, 49, 54, 55, 68, 69, 71, 72, 78, 80, 81, 86, 87]
INFO  Retaining 20 glyphs
INFO  head subsetting not needed
INFO  hhea subsetting not needed
INFO  maxp subsetting not needed
INFO  OS/2 subsetting not needed
INFO  hmtx subsetted
INFO  cmap subsetted
INFO  fpgm subsetting not needed
INFO  prep subsetting not needed
INFO  cvt  subsetting not needed
INFO  loca subsetting not needed
INFO  post subsetted
INFO  gasp subsetting not needed
INFO  GDEF subsetted
INFO  GPOS subsetted
INFO  GSUB subsetted
INFO  name subsetting not needed
INFO  glyf subsetted
INFO  head pruned
INFO  OS/2 Unicode ranges pruned: [0]
INFO  OS/2 CodePage ranges pruned: [0]
INFO  glyf pruned
INFO  GDEF pruned
INFO  GPOS pruned
INFO  GSUB pruned
INFO  name pruned
INFO  maxp pruned
INFO  cmap pruned
INFO  kern dropped
INFO  post pruned
INFO  FFTM dropped
INFO  GPOS pruned
INFO  GSUB pruned
INFO  glyf pruned
INFO  Added gid0 to subset
INFO  Added first four glyphs to subset
INFO  Closing glyph list over 'MATH': 65 glyphs before
INFO  Glyph names: ['.notdef', '.null', 'A', 'B', 'C', 'D', 'E', 'F', 'G', 'H', 'I', 'L', 'M', 'N', 'O', 'P', 'R', 'S', 'T', 'U', 'V', 'W', 'Z', 'a', 'b', 'c', 'd', 'e', 'eight', 'f', 'five', 'four', 'g', 'h', 'hyphen', 'i', 'k', 'l', 'm', 'minus', 'n', 'nine', 'nonmarkingreturn', 'o', 'one', 'p', 'parenleft', 'parenright', 'r', 's', 'seven', 'six', 'slash', 'space', 't', 'three', 'two', 'u', 'underscore', 'v', 'w', 'x', 'y', 'z', 'zero']
INFO  Glyph IDs:   [0, 1, 2, 3, 11, 12, 16, 18, 19, 20, 21, 22, 23, 24, 25, 26, 27, 28, 36, 37, 38, 39, 40, 41, 42, 43, 44, 47, 48, 49, 50, 51, 53, 54, 55, 56, 57, 58, 61, 66, 68, 69, 70, 71, 72, 73, 74, 75, 76, 78, 79, 80, 81, 82, 83, 85, 86, 87, 88, 89, 90, 91, 92, 93, 3228]
INFO  Closed glyph list over 'MATH': 71 glyphs after
INFO  Glyph names: ['.notdef', '.null', 'A', 'B', 'C', 'D', 'E', 'F', 'G', 'H', 'I', 'L', 'M', 'N', 'O', 'P', 'R', 'S', 'T', 'U', 'V', 'W', 'Z', 'a', 'b', 'c', 'd', 'e', 'eight', 'f', 'five', 'four', 'g', 'h', 'hyphen', 'i', 'k', 'l', 'm', 'minus', 'n', 'nine', 'nonmarkingreturn', 'o', 'one', 'p', 'parenleft', 'parenright', 'r', 's', 'seven', 'six', 'slash', 'space', 't', 'three', 'two', 'u', 'underscore', 'uni239B', 'uni239C', 'uni239D', 'uni239E', 'uni239F', 'uni23A0', 'v', 'w', 'x', 'y', 'z', 'zero']
INFO  Glyph IDs:   [0, 1, 2, 3, 11, 12, 16, 18, 19, 20, 21, 22, 23, 24, 25, 26, 27, 28, 36, 37, 38, 39, 40, 41, 42, 43, 44, 47, 48, 49, 50, 51, 53, 54, 55, 56, 57, 58, 61, 66, 68, 69, 70, 71, 72, 73, 74, 75, 76, 78, 79, 80, 81, 82, 83, 85, 86, 87, 88, 89, 90, 91, 92, 93, 3228, 3506, 3507, 3508, 3509, 3510, 3511]
INFO  Closing glyph list over 'GSUB': 71 glyphs before
INFO  Glyph names: ['.notdef', '.null', 'A', 'B', 'C', 'D', 'E', 'F', 'G', 'H', 'I', 'L', 'M', 'N', 'O', 'P', 'R', 'S', 'T', 'U', 'V', 'W', 'Z', 'a', 'b', 'c', 'd', 'e', 'eight', 'f', 'five', 'four', 'g', 'h', 'hyphen', 'i', 'k', 'l', 'm', 'minus', 'n', 'nine', 'nonmarkingreturn', 'o', 'one', 'p', 'parenleft', 'parenright', 'r', 's', 'seven', 'six', 'slash', 'space', 't', 'three', 'two', 'u', 'underscore', 'uni239B', 'uni239C', 'uni239D', 'uni239E', 'uni239F', 'uni23A0', 'v', 'w', 'x', 'y', 'z', 'zero']
INFO  Glyph IDs:   [0, 1, 2, 3, 11, 12, 16, 18, 19, 20, 21, 22, 23, 24, 25, 26, 27, 28, 36, 37, 38, 39, 40, 41, 42, 43, 44, 47, 48, 49, 50, 51, 53, 54, 55, 56, 57, 58, 61, 66, 68, 69, 70, 71, 72, 73, 74, 75, 76, 78, 79, 80, 81, 82, 83, 85, 86, 87, 88, 89, 90, 91, 92, 93, 3228, 3506, 3507, 3508, 3509, 3510, 3511]
INFO  Closed glyph list over 'GSUB': 76 glyphs after
INFO  Glyph names: ['.notdef', '.null', 'A', 'B', 'C', 'D', 'E', 'F', 'G', 'H', 'I', 'L', 'M', 'N', 'O', 'P', 'R', 'S', 'T', 'U', 'V', 'W', 'Z', 'a', 'b', 'c', 'd', 'e', 'eight', 'f', 'fi', 'five', 'fl', 'four', 'g', 'h', 'hyphen', 'i', 'k', 'l', 'm', 'minus', 'n', 'nine', 'nonmarkingreturn', 'o', 'one', 'p', 'parenleft', 'parenright', 'r', 's', 'seven', 'six', 'slash', 'space', 't', 'three', 'two', 'u', 'underscore', 'uni239B', 'uni239C', 'uni239D', 'uni239E', 'uni239F', 'uni23A0', 'uniFB00', 'uniFB03', 'uniFB04', 'v', 'w', 'x', 'y', 'z', 'zero']
INFO  Glyph IDs:   [0, 1, 2, 3, 11, 12, 16, 18, 19, 20, 21, 22, 23, 24, 25, 26, 27, 28, 36, 37, 38, 39, 40, 41, 42, 43, 44, 47, 48, 49, 50, 51, 53, 54, 55, 56, 57, 58, 61, 66, 68, 69, 70, 71, 72, 73, 74, 75, 76, 78, 79, 80, 81, 82, 83, 85, 86, 87, 88, 89, 90, 91, 92, 93, 3228, 3506, 3507, 3508, 3509, 3510, 3511, 5038, 5039, 5040, 5041, 5042]
INFO  Closing glyph list over 'glyf': 76 glyphs before
INFO  Glyph names: ['.notdef', '.null', 'A', 'B', 'C', 'D', 'E', 'F', 'G', 'H', 'I', 'L', 'M', 'N', 'O', 'P', 'R', 'S', 'T', 'U', 'V', 'W', 'Z', 'a', 'b', 'c', 'd', 'e', 'eight', 'f', 'fi', 'five', 'fl', 'four', 'g', 'h', 'hyphen', 'i', 'k', 'l', 'm', 'minus', 'n', 'nine', 'nonmarkingreturn', 'o', 'one', 'p', 'parenleft', 'parenright', 'r', 's', 'seven', 'six', 'slash', 'space', 't', 'three', 'two', 'u', 'underscore', 'uni239B', 'uni239C', 'uni239D', 'uni239E', 'uni239F', 'uni23A0', 'uniFB00', 'uniFB03', 'uniFB04', 'v', 'w', 'x', 'y', 'z', 'zero']
INFO  Glyph IDs:   [0, 1, 2, 3, 11, 12, 16, 18, 19, 20, 21, 22, 23, 24, 25, 26, 27, 28, 36, 37, 38, 39, 40, 41, 42, 43, 44, 47, 48, 49, 50, 51, 53, 54, 55, 56, 57, 58, 61, 66, 68, 69, 70, 71, 72, 73, 74, 75, 76, 78, 79, 80, 81, 82, 83, 85, 86, 87, 88, 89, 90, 91, 92, 93, 3228, 3506, 3507, 3508, 3509, 3510, 3511, 5038, 5039, 5040, 5041, 5042]
INFO  Closed glyph list over 'glyf': 76 glyphs after
INFO  Glyph names: ['.notdef', '.null', 'A', 'B', 'C', 'D', 'E', 'F', 'G', 'H', 'I', 'L', 'M', 'N', 'O', 'P', 'R', 'S', 'T', 'U', 'V', 'W', 'Z', 'a', 'b', 'c', 'd', 'e', 'eight', 'f', 'fi', 'five', 'fl', 'four', 'g', 'h', 'hyphen', 'i', 'k', 'l', 'm', 'minus', 'n', 'nine', 'nonmarkingreturn', 'o', 'one', 'p', 'parenleft', 'parenright', 'r', 's', 'seven', 'six', 'slash', 'space', 't', 'three', 'two', 'u', 'underscore', 'uni239B', 'uni239C', 'uni239D', 'uni239E', 'uni239F', 'uni23A0', 'uniFB00', 'uniFB03', 'uniFB04', 'v', 'w', 'x', 'y', 'z', 'zero']
INFO  Glyph IDs:   [0, 1, 2, 3, 11, 12, 16, 18, 19, 20, 21, 22, 23, 24, 25, 26, 27, 28, 36, 37, 38, 39, 40, 41, 42, 43, 44, 47, 48, 49, 50, 51, 53, 54, 55, 56, 57, 58, 61, 66, 68, 69, 70, 71, 72, 73, 74, 75, 76, 78, 79, 80, 81, 82, 83, 85, 86, 87, 88, 89, 90, 91, 92, 93, 3228, 3506, 3507, 3508, 3509, 3510, 3511, 5038, 5039, 5040, 5041, 5042]
INFO  Retaining 76 glyphs
INFO  head subsetting not needed
INFO  hhea subsetting not needed
INFO  maxp subsetting not needed
INFO  OS/2 subsetting not needed
INFO  hmtx subsetted
INFO  cmap subsetted
INFO  fpgm subsetting not needed
INFO  prep subsetting not needed
INFO  cvt  subsetting not needed
INFO  loca subsetting not needed
INFO  post subsetted
INFO  gasp subsetting not needed
INFO  MATH subsetted
INFO  GDEF subsetted
INFO  GPOS subsetted
INFO  GSUB subsetted
INFO  name subsetting not needed
INFO  glyf subsetted
INFO  head pruned
INFO  OS/2 Unicode ranges pruned: [0, 38]
INFO  OS/2 CodePage ranges pruned: [0]
INFO  glyf pruned
INFO  GDEF pruned
INFO  GPOS pruned
INFO  GSUB pruned
INFO  name pruned
INFO    Saved /noether/s1/dxb5775/publication_rerun_20260814/figures/shap/shap_beeswarm_combined.pdf
INFO  Generating combined dependence figure ...
INFO  maxp pruned
INFO  cmap pruned
INFO  kern dropped
INFO  post pruned
INFO  FFTM dropped
INFO  GPOS pruned
INFO  GSUB pruned
INFO  glyf pruned
INFO  Added gid0 to subset
INFO  Added first four glyphs to subset
INFO  Closing glyph list over 'GSUB': 8 glyphs before
INFO  Glyph names: ['.notdef', '.null', 'a', 'b', 'nonmarkingreturn', 'parenleft', 'parenright', 'space']
INFO  Glyph IDs:   [0, 1, 2, 3, 11, 12, 68, 69]
INFO  Closed glyph list over 'GSUB': 8 glyphs after
INFO  Glyph names: ['.notdef', '.null', 'a', 'b', 'nonmarkingreturn', 'parenleft', 'parenright', 'space']
INFO  Glyph IDs:   [0, 1, 2, 3, 11, 12, 68, 69]
INFO  Closing glyph list over 'glyf': 8 glyphs before
INFO  Glyph names: ['.notdef', '.null', 'a', 'b', 'nonmarkingreturn', 'parenleft', 'parenright', 'space']
INFO  Glyph IDs:   [0, 1, 2, 3, 11, 12, 68, 69]
INFO  Closed glyph list over 'glyf': 8 glyphs after
INFO  Glyph names: ['.notdef', '.null', 'a', 'b', 'nonmarkingreturn', 'parenleft', 'parenright', 'space']
INFO  Glyph IDs:   [0, 1, 2, 3, 11, 12, 68, 69]
INFO  Retaining 8 glyphs
INFO  head subsetting not needed
INFO  hhea subsetting not needed
INFO  maxp subsetting not needed
INFO  OS/2 subsetting not needed
INFO  hmtx subsetted
INFO  cmap subsetted
INFO  fpgm subsetting not needed
INFO  prep subsetting not needed
INFO  cvt  subsetting not needed
INFO  loca subsetting not needed
INFO  post subsetted
INFO  gasp subsetting not needed
INFO  GDEF subsetted
INFO  GPOS subsetted
INFO  GSUB subsetted
INFO  name subsetting not needed
INFO  glyf subsetted
INFO  head pruned
INFO  OS/2 Unicode ranges pruned: [0]
INFO  OS/2 CodePage ranges pruned: [0]
INFO  glyf pruned
INFO  GDEF pruned
INFO  GPOS pruned
INFO  GSUB pruned
INFO  name pruned
INFO  maxp pruned
INFO  cmap pruned
INFO  kern dropped
INFO  post pruned
INFO  FFTM dropped
INFO  GPOS pruned
INFO  GSUB pruned
INFO  glyf pruned
INFO  Added gid0 to subset
INFO  Added first four glyphs to subset
INFO  Closing glyph list over 'MATH': 51 glyphs before
INFO  Glyph names: ['.notdef', '.null', 'A', 'B', 'C', 'D', 'G', 'H', 'L', 'M', 'O', 'P', 'R', 'S', 'T', 'U', 'V', 'W', 'a', 'c', 'd', 'e', 'f', 'five', 'four', 'g', 'hyphen', 'k', 'l', 'm', 'minus', 'nonmarkingreturn', 'o', 'one', 'p', 'parenleft', 'parenright', 'period', 'r', 's', 'seven', 'six', 'slash', 'space', 't', 'three', 'two', 'u', 'underscore', 'v', 'zero']
INFO  Glyph IDs:   [0, 1, 2, 3, 11, 12, 16, 17, 18, 19, 20, 21, 22, 23, 24, 25, 26, 36, 37, 38, 39, 42, 43, 47, 48, 50, 51, 53, 54, 55, 56, 57, 58, 66, 68, 70, 71, 72, 73, 74, 78, 79, 80, 82, 83, 85, 86, 87, 88, 89, 3228]
INFO  Closed glyph list over 'MATH': 57 glyphs after
INFO  Glyph names: ['.notdef', '.null', 'A', 'B', 'C', 'D', 'G', 'H', 'L', 'M', 'O', 'P', 'R', 'S', 'T', 'U', 'V', 'W', 'a', 'c', 'd', 'e', 'f', 'five', 'four', 'g', 'hyphen', 'k', 'l', 'm', 'minus', 'nonmarkingreturn', 'o', 'one', 'p', 'parenleft', 'parenright', 'period', 'r', 's', 'seven', 'six', 'slash', 'space', 't', 'three', 'two', 'u', 'underscore', 'uni239B', 'uni239C', 'uni239D', 'uni239E', 'uni239F', 'uni23A0', 'v', 'zero']
INFO  Glyph IDs:   [0, 1, 2, 3, 11, 12, 16, 17, 18, 19, 20, 21, 22, 23, 24, 25, 26, 36, 37, 38, 39, 42, 43, 47, 48, 50, 51, 53, 54, 55, 56, 57, 58, 66, 68, 70, 71, 72, 73, 74, 78, 79, 80, 82, 83, 85, 86, 87, 88, 89, 3228, 3506, 3507, 3508, 3509, 3510, 3511]
INFO  Closing glyph list over 'GSUB': 57 glyphs before
INFO  Glyph names: ['.notdef', '.null', 'A', 'B', 'C', 'D', 'G', 'H', 'L', 'M', 'O', 'P', 'R', 'S', 'T', 'U', 'V', 'W', 'a', 'c', 'd', 'e', 'f', 'five', 'four', 'g', 'hyphen', 'k', 'l', 'm', 'minus', 'nonmarkingreturn', 'o', 'one', 'p', 'parenleft', 'parenright', 'period', 'r', 's', 'seven', 'six', 'slash', 'space', 't', 'three', 'two', 'u', 'underscore', 'uni239B', 'uni239C', 'uni239D', 'uni239E', 'uni239F', 'uni23A0', 'v', 'zero']
INFO  Glyph IDs:   [0, 1, 2, 3, 11, 12, 16, 17, 18, 19, 20, 21, 22, 23, 24, 25, 26, 36, 37, 38, 39, 42, 43, 47, 48, 50, 51, 53, 54, 55, 56, 57, 58, 66, 68, 70, 71, 72, 73, 74, 78, 79, 80, 82, 83, 85, 86, 87, 88, 89, 3228, 3506, 3507, 3508, 3509, 3510, 3511]
INFO  Closed glyph list over 'GSUB': 60 glyphs after
INFO  Glyph names: ['.notdef', '.null', 'A', 'B', 'C', 'D', 'G', 'H', 'L', 'M', 'O', 'P', 'R', 'S', 'T', 'U', 'V', 'W', 'a', 'c', 'd', 'e', 'f', 'five', 'fl', 'four', 'g', 'hyphen', 'k', 'l', 'm', 'minus', 'nonmarkingreturn', 'o', 'one', 'p', 'parenleft', 'parenright', 'period', 'r', 's', 'seven', 'six', 'slash', 'space', 't', 'three', 'two', 'u', 'underscore', 'uni239B', 'uni239C', 'uni239D', 'uni239E', 'uni239F', 'uni23A0', 'uniFB00', 'uniFB04', 'v', 'zero']
INFO  Glyph IDs:   [0, 1, 2, 3, 11, 12, 16, 17, 18, 19, 20, 21, 22, 23, 24, 25, 26, 36, 37, 38, 39, 42, 43, 47, 48, 50, 51, 53, 54, 55, 56, 57, 58, 66, 68, 70, 71, 72, 73, 74, 78, 79, 80, 82, 83, 85, 86, 87, 88, 89, 3228, 3506, 3507, 3508, 3509, 3510, 3511, 5038, 5040, 5042]
INFO  Closing glyph list over 'glyf': 60 glyphs before
INFO  Glyph names: ['.notdef', '.null', 'A', 'B', 'C', 'D', 'G', 'H', 'L', 'M', 'O', 'P', 'R', 'S', 'T', 'U', 'V', 'W', 'a', 'c', 'd', 'e', 'f', 'five', 'fl', 'four', 'g', 'hyphen', 'k', 'l', 'm', 'minus', 'nonmarkingreturn', 'o', 'one', 'p', 'parenleft', 'parenright', 'period', 'r', 's', 'seven', 'six', 'slash', 'space', 't', 'three', 'two', 'u', 'underscore', 'uni239B', 'uni239C', 'uni239D', 'uni239E', 'uni239F', 'uni23A0', 'uniFB00', 'uniFB04', 'v', 'zero']
INFO  Glyph IDs:   [0, 1, 2, 3, 11, 12, 16, 17, 18, 19, 20, 21, 22, 23, 24, 25, 26, 36, 37, 38, 39, 42, 43, 47, 48, 50, 51, 53, 54, 55, 56, 57, 58, 66, 68, 70, 71, 72, 73, 74, 78, 79, 80, 82, 83, 85, 86, 87, 88, 89, 3228, 3506, 3507, 3508, 3509, 3510, 3511, 5038, 5040, 5042]
INFO  Closed glyph list over 'glyf': 60 glyphs after
INFO  Glyph names: ['.notdef', '.null', 'A', 'B', 'C', 'D', 'G', 'H', 'L', 'M', 'O', 'P', 'R', 'S', 'T', 'U', 'V', 'W', 'a', 'c', 'd', 'e', 'f', 'five', 'fl', 'four', 'g', 'hyphen', 'k', 'l', 'm', 'minus', 'nonmarkingreturn', 'o', 'one', 'p', 'parenleft', 'parenright', 'period', 'r', 's', 'seven', 'six', 'slash', 'space', 't', 'three', 'two', 'u', 'underscore', 'uni239B', 'uni239C', 'uni239D', 'uni239E', 'uni239F', 'uni23A0', 'uniFB00', 'uniFB04', 'v', 'zero']
INFO  Glyph IDs:   [0, 1, 2, 3, 11, 12, 16, 17, 18, 19, 20, 21, 22, 23, 24, 25, 26, 36, 37, 38, 39, 42, 43, 47, 48, 50, 51, 53, 54, 55, 56, 57, 58, 66, 68, 70, 71, 72, 73, 74, 78, 79, 80, 82, 83, 85, 86, 87, 88, 89, 3228, 3506, 3507, 3508, 3509, 3510, 3511, 5038, 5040, 5042]
INFO  Retaining 60 glyphs
INFO  head subsetting not needed
INFO  hhea subsetting not needed
INFO  maxp subsetting not needed
INFO  OS/2 subsetting not needed
INFO  hmtx subsetted
INFO  cmap subsetted
INFO  fpgm subsetting not needed
INFO  prep subsetting not needed
INFO  cvt  subsetting not needed
INFO  loca subsetting not needed
INFO  post subsetted
INFO  gasp subsetting not needed
INFO  MATH subsetted
INFO  GDEF subsetted
INFO  GPOS subsetted
INFO  GSUB subsetted
INFO  name subsetting not needed
INFO  glyf subsetted
INFO  head pruned
INFO  OS/2 Unicode ranges pruned: [0, 38]
INFO  OS/2 CodePage ranges pruned: [0]
INFO  glyf pruned
INFO  GDEF pruned
INFO  GPOS pruned
INFO  GSUB pruned
INFO  name pruned
INFO    Saved /noether/s1/dxb5775/publication_rerun_20260814/figures/shap/shap_dependence_combined.pdf
INFO  Generating 4-panel paper figure ...
INFO  maxp pruned
INFO  cmap pruned
INFO  kern dropped
INFO  post pruned
INFO  FFTM dropped
INFO  GPOS pruned
INFO  GSUB pruned
INFO  glyf pruned
INFO  Added gid0 to subset
INFO  Added first four glyphs to subset
INFO  Closing glyph list over 'GSUB': 34 glyphs before
INFO  Glyph names: ['.notdef', '.null', 'F', 'I', 'M', 'N', 'P', 'S', 'T', 'a', 'b', 'c', 'd', 'e', 'emdash', 'f', 'hyphen', 'i', 'k', 'l', 'm', 'n', 'nonmarkingreturn', 'o', 'p', 'parenleft', 'parenright', 'plus', 'r', 's', 'seven', 'space', 't', 'u']
INFO  Glyph IDs:   [0, 1, 2, 3, 11, 12, 14, 16, 26, 41, 44, 48, 49, 51, 54, 55, 68, 69, 70, 71, 72, 73, 76, 78, 79, 80, 81, 82, 83, 85, 86, 87, 88, 2806]
INFO  Closed glyph list over 'GSUB': 39 glyphs after
INFO  Glyph names: ['.notdef', '.null', 'F', 'I', 'M', 'N', 'P', 'S', 'T', 'a', 'b', 'c', 'd', 'e', 'emdash', 'f', 'fi', 'fl', 'hyphen', 'i', 'k', 'l', 'm', 'n', 'nonmarkingreturn', 'o', 'p', 'parenleft', 'parenright', 'plus', 'r', 's', 'seven', 'space', 't', 'u', 'uniFB00', 'uniFB03', 'uniFB04']
INFO  Glyph IDs:   [0, 1, 2, 3, 11, 12, 14, 16, 26, 41, 44, 48, 49, 51, 54, 55, 68, 69, 70, 71, 72, 73, 76, 78, 79, 80, 81, 82, 83, 85, 86, 87, 88, 2806, 5034, 5035, 5036, 5037, 5038]
INFO  Closing glyph list over 'glyf': 39 glyphs before
INFO  Glyph names: ['.notdef', '.null', 'F', 'I', 'M', 'N', 'P', 'S', 'T', 'a', 'b', 'c', 'd', 'e', 'emdash', 'f', 'fi', 'fl', 'hyphen', 'i', 'k', 'l', 'm', 'n', 'nonmarkingreturn', 'o', 'p', 'parenleft', 'parenright', 'plus', 'r', 's', 'seven', 'space', 't', 'u', 'uniFB00', 'uniFB03', 'uniFB04']
INFO  Glyph IDs:   [0, 1, 2, 3, 11, 12, 14, 16, 26, 41, 44, 48, 49, 51, 54, 55, 68, 69, 70, 71, 72, 73, 76, 78, 79, 80, 81, 82, 83, 85, 86, 87, 88, 2806, 5034, 5035, 5036, 5037, 5038]
INFO  Closed glyph list over 'glyf': 39 glyphs after
INFO  Glyph names: ['.notdef', '.null', 'F', 'I', 'M', 'N', 'P', 'S', 'T', 'a', 'b', 'c', 'd', 'e', 'emdash', 'f', 'fi', 'fl', 'hyphen', 'i', 'k', 'l', 'm', 'n', 'nonmarkingreturn', 'o', 'p', 'parenleft', 'parenright', 'plus', 'r', 's', 'seven', 'space', 't', 'u', 'uniFB00', 'uniFB03', 'uniFB04']
INFO  Glyph IDs:   [0, 1, 2, 3, 11, 12, 14, 16, 26, 41, 44, 48, 49, 51, 54, 55, 68, 69, 70, 71, 72, 73, 76, 78, 79, 80, 81, 82, 83, 85, 86, 87, 88, 2806, 5034, 5035, 5036, 5037, 5038]
INFO  Retaining 39 glyphs
INFO  head subsetting not needed
INFO  hhea subsetting not needed
INFO  maxp subsetting not needed
INFO  OS/2 subsetting not needed
INFO  hmtx subsetted
INFO  cmap subsetted
INFO  fpgm subsetting not needed
INFO  prep subsetting not needed
INFO  cvt  subsetting not needed
INFO  loca subsetting not needed
INFO  post subsetted
INFO  gasp subsetting not needed
INFO  GDEF subsetted
INFO  GPOS subsetted
INFO  GSUB subsetted
INFO  name subsetting not needed
INFO  glyf subsetted
INFO  head pruned
INFO  OS/2 Unicode ranges pruned: [0, 31]
INFO  OS/2 CodePage ranges pruned: [0]
INFO  glyf pruned
INFO  GDEF pruned
INFO  GPOS pruned
INFO  GSUB pruned
INFO  name pruned
INFO  maxp pruned
INFO  cmap pruned
INFO  kern dropped
INFO  post pruned
INFO  FFTM dropped
INFO  GPOS pruned
INFO  GSUB pruned
INFO  glyf pruned
INFO  Added gid0 to subset
INFO  Added first four glyphs to subset
INFO  Closing glyph list over 'MATH': 66 glyphs before
INFO  Glyph names: ['.notdef', '.null', 'A', 'B', 'C', 'D', 'E', 'F', 'G', 'H', 'I', 'L', 'M', 'N', 'O', 'P', 'R', 'S', 'T', 'U', 'V', 'W', 'Z', 'a', 'b', 'bar', 'c', 'd', 'e', 'eight', 'f', 'five', 'four', 'g', 'h', 'hyphen', 'i', 'k', 'l', 'm', 'minus', 'n', 'nine', 'nonmarkingreturn', 'o', 'one', 'p', 'parenleft', 'parenright', 'period', 'r', 's', 'seven', 'six', 'slash', 'space', 't', 'three', 'two', 'u', 'underscore', 'v', 'w', 'x', 'y', 'zero']
INFO  Glyph IDs:   [0, 1, 2, 3, 11, 12, 16, 17, 18, 19, 20, 21, 22, 23, 24, 25, 26, 27, 28, 36, 37, 38, 39, 40, 41, 42, 43, 44, 47, 48, 49, 50, 51, 53, 54, 55, 56, 57, 58, 61, 66, 68, 69, 70, 71, 72, 73, 74, 75, 76, 78, 79, 80, 81, 82, 83, 85, 86, 87, 88, 89, 90, 91, 92, 95, 3228]
INFO  Closed glyph list over 'MATH': 72 glyphs after
INFO  Glyph names: ['.notdef', '.null', 'A', 'B', 'C', 'D', 'E', 'F', 'G', 'H', 'I', 'L', 'M', 'N', 'O', 'P', 'R', 'S', 'T', 'U', 'V', 'W', 'Z', 'a', 'b', 'bar', 'c', 'd', 'e', 'eight', 'f', 'five', 'four', 'g', 'h', 'hyphen', 'i', 'k', 'l', 'm', 'minus', 'n', 'nine', 'nonmarkingreturn', 'o', 'one', 'p', 'parenleft', 'parenright', 'period', 'r', 's', 'seven', 'six', 'slash', 'space', 't', 'three', 'two', 'u', 'underscore', 'uni239B', 'uni239C', 'uni239D', 'uni239E', 'uni239F', 'uni23A0', 'v', 'w', 'x', 'y', 'zero']
INFO  Glyph IDs:   [0, 1, 2, 3, 11, 12, 16, 17, 18, 19, 20, 21, 22, 23, 24, 25, 26, 27, 28, 36, 37, 38, 39, 40, 41, 42, 43, 44, 47, 48, 49, 50, 51, 53, 54, 55, 56, 57, 58, 61, 66, 68, 69, 70, 71, 72, 73, 74, 75, 76, 78, 79, 80, 81, 82, 83, 85, 86, 87, 88, 89, 90, 91, 92, 95, 3228, 3506, 3507, 3508, 3509, 3510, 3511]
INFO  Closing glyph list over 'GSUB': 72 glyphs before
INFO  Glyph names: ['.notdef', '.null', 'A', 'B', 'C', 'D', 'E', 'F', 'G', 'H', 'I', 'L', 'M', 'N', 'O', 'P', 'R', 'S', 'T', 'U', 'V', 'W', 'Z', 'a', 'b', 'bar', 'c', 'd', 'e', 'eight', 'f', 'five', 'four', 'g', 'h', 'hyphen', 'i', 'k', 'l', 'm', 'minus', 'n', 'nine', 'nonmarkingreturn', 'o', 'one', 'p', 'parenleft', 'parenright', 'period', 'r', 's', 'seven', 'six', 'slash', 'space', 't', 'three', 'two', 'u', 'underscore', 'uni239B', 'uni239C', 'uni239D', 'uni239E', 'uni239F', 'uni23A0', 'v', 'w', 'x', 'y', 'zero']
INFO  Glyph IDs:   [0, 1, 2, 3, 11, 12, 16, 17, 18, 19, 20, 21, 22, 23, 24, 25, 26, 27, 28, 36, 37, 38, 39, 40, 41, 42, 43, 44, 47, 48, 49, 50, 51, 53, 54, 55, 56, 57, 58, 61, 66, 68, 69, 70, 71, 72, 73, 74, 75, 76, 78, 79, 80, 81, 82, 83, 85, 86, 87, 88, 89, 90, 91, 92, 95, 3228, 3506, 3507, 3508, 3509, 3510, 3511]
INFO  Closed glyph list over 'GSUB': 77 glyphs after
INFO  Glyph names: ['.notdef', '.null', 'A', 'B', 'C', 'D', 'E', 'F', 'G', 'H', 'I', 'L', 'M', 'N', 'O', 'P', 'R', 'S', 'T', 'U', 'V', 'W', 'Z', 'a', 'b', 'bar', 'c', 'd', 'e', 'eight', 'f', 'fi', 'five', 'fl', 'four', 'g', 'h', 'hyphen', 'i', 'k', 'l', 'm', 'minus', 'n', 'nine', 'nonmarkingreturn', 'o', 'one', 'p', 'parenleft', 'parenright', 'period', 'r', 's', 'seven', 'six', 'slash', 'space', 't', 'three', 'two', 'u', 'underscore', 'uni239B', 'uni239C', 'uni239D', 'uni239E', 'uni239F', 'uni23A0', 'uniFB00', 'uniFB03', 'uniFB04', 'v', 'w', 'x', 'y', 'zero']
INFO  Glyph IDs:   [0, 1, 2, 3, 11, 12, 16, 17, 18, 19, 20, 21, 22, 23, 24, 25, 26, 27, 28, 36, 37, 38, 39, 40, 41, 42, 43, 44, 47, 48, 49, 50, 51, 53, 54, 55, 56, 57, 58, 61, 66, 68, 69, 70, 71, 72, 73, 74, 75, 76, 78, 79, 80, 81, 82, 83, 85, 86, 87, 88, 89, 90, 91, 92, 95, 3228, 3506, 3507, 3508, 3509, 3510, 3511, 5038, 5039, 5040, 5041, 5042]
INFO  Closing glyph list over 'glyf': 77 glyphs before
INFO  Glyph names: ['.notdef', '.null', 'A', 'B', 'C', 'D', 'E', 'F', 'G', 'H', 'I', 'L', 'M', 'N', 'O', 'P', 'R', 'S', 'T', 'U', 'V', 'W', 'Z', 'a', 'b', 'bar', 'c', 'd', 'e', 'eight', 'f', 'fi', 'five', 'fl', 'four', 'g', 'h', 'hyphen', 'i', 'k', 'l', 'm', 'minus', 'n', 'nine', 'nonmarkingreturn', 'o', 'one', 'p', 'parenleft', 'parenright', 'period', 'r', 's', 'seven', 'six', 'slash', 'space', 't', 'three', 'two', 'u', 'underscore', 'uni239B', 'uni239C', 'uni239D', 'uni239E', 'uni239F', 'uni23A0', 'uniFB00', 'uniFB03', 'uniFB04', 'v', 'w', 'x', 'y', 'zero']
INFO  Glyph IDs:   [0, 1, 2, 3, 11, 12, 16, 17, 18, 19, 20, 21, 22, 23, 24, 25, 26, 27, 28, 36, 37, 38, 39, 40, 41, 42, 43, 44, 47, 48, 49, 50, 51, 53, 54, 55, 56, 57, 58, 61, 66, 68, 69, 70, 71, 72, 73, 74, 75, 76, 78, 79, 80, 81, 82, 83, 85, 86, 87, 88, 89, 90, 91, 92, 95, 3228, 3506, 3507, 3508, 3509, 3510, 3511, 5038, 5039, 5040, 5041, 5042]
INFO  Closed glyph list over 'glyf': 77 glyphs after
INFO  Glyph names: ['.notdef', '.null', 'A', 'B', 'C', 'D', 'E', 'F', 'G', 'H', 'I', 'L', 'M', 'N', 'O', 'P', 'R', 'S', 'T', 'U', 'V', 'W', 'Z', 'a', 'b', 'bar', 'c', 'd', 'e', 'eight', 'f', 'fi', 'five', 'fl', 'four', 'g', 'h', 'hyphen', 'i', 'k', 'l', 'm', 'minus', 'n', 'nine', 'nonmarkingreturn', 'o', 'one', 'p', 'parenleft', 'parenright', 'period', 'r', 's', 'seven', 'six', 'slash', 'space', 't', 'three', 'two', 'u', 'underscore', 'uni239B', 'uni239C', 'uni239D', 'uni239E', 'uni239F', 'uni23A0', 'uniFB00', 'uniFB03', 'uniFB04', 'v', 'w', 'x', 'y', 'zero']
INFO  Glyph IDs:   [0, 1, 2, 3, 11, 12, 16, 17, 18, 19, 20, 21, 22, 23, 24, 25, 26, 27, 28, 36, 37, 38, 39, 40, 41, 42, 43, 44, 47, 48, 49, 50, 51, 53, 54, 55, 56, 57, 58, 61, 66, 68, 69, 70, 71, 72, 73, 74, 75, 76, 78, 79, 80, 81, 82, 83, 85, 86, 87, 88, 89, 90, 91, 92, 95, 3228, 3506, 3507, 3508, 3509, 3510, 3511, 5038, 5039, 5040, 5041, 5042]
INFO  Retaining 77 glyphs
INFO  head subsetting not needed
INFO  hhea subsetting not needed
INFO  maxp subsetting not needed
INFO  OS/2 subsetting not needed
INFO  hmtx subsetted
INFO  cmap subsetted
INFO  fpgm subsetting not needed
INFO  prep subsetting not needed
INFO  cvt  subsetting not needed
INFO  loca subsetting not needed
INFO  post subsetted
INFO  gasp subsetting not needed
INFO  MATH subsetted
INFO  GDEF subsetted
INFO  GPOS subsetted
INFO  GSUB subsetted
INFO  name subsetting not needed
INFO  glyf subsetted
INFO  head pruned
INFO  OS/2 Unicode ranges pruned: [0, 38]
INFO  OS/2 CodePage ranges pruned: [0]
INFO  glyf pruned
INFO  GDEF pruned
INFO  GPOS pruned
INFO  GSUB pruned
INFO  name pruned
INFO    Saved /noether/s1/dxb5775/publication_rerun_20260814/figures/shap/shap_paper_figure.pdf
INFO  Loading NIST data ...
INFO    1155 molecules  correction mean=5.97 std=8.20 kcal/mol
INFO    FG columns matched: 10/10
INFO  Loading k-means data (site-level) ...
INFO    PM7 PA mean: 211.9 kcal/mol
INFO    DFT PA mean: 217.8 kcal/mol
INFO    Correction mean: 5.9 kcal/mol
INFO    821 sites from 251 molecules  correction mean=5.91 std=12.12 kcal/mol
INFO    FG columns matched: 10/10
INFO  Plot combined: Correction by class — NIST (top) + k-means (bottom)
INFO  maxp pruned
INFO  cmap pruned
INFO  kern dropped
INFO  post pruned
INFO  FFTM dropped
INFO  GPOS pruned
INFO  GSUB pruned
INFO  glyf pruned
INFO  Added gid0 to subset
INFO  Added first four glyphs to subset
INFO  Closing glyph list over 'GSUB': 8 glyphs before
INFO  Glyph names: ['.notdef', '.null', 'a', 'b', 'nonmarkingreturn', 'parenleft', 'parenright', 'space']
INFO  Glyph IDs:   [0, 1, 2, 3, 11, 12, 68, 69]
INFO  Closed glyph list over 'GSUB': 8 glyphs after
INFO  Glyph names: ['.notdef', '.null', 'a', 'b', 'nonmarkingreturn', 'parenleft', 'parenright', 'space']
INFO  Glyph IDs:   [0, 1, 2, 3, 11, 12, 68, 69]
INFO  Closing glyph list over 'glyf': 8 glyphs before
INFO  Glyph names: ['.notdef', '.null', 'a', 'b', 'nonmarkingreturn', 'parenleft', 'parenright', 'space']
INFO  Glyph IDs:   [0, 1, 2, 3, 11, 12, 68, 69]
INFO  Closed glyph list over 'glyf': 8 glyphs after
INFO  Glyph names: ['.notdef', '.null', 'a', 'b', 'nonmarkingreturn', 'parenleft', 'parenright', 'space']
INFO  Glyph IDs:   [0, 1, 2, 3, 11, 12, 68, 69]
INFO  Retaining 8 glyphs
INFO  head subsetting not needed
INFO  hhea subsetting not needed
INFO  maxp subsetting not needed
INFO  OS/2 subsetting not needed
INFO  hmtx subsetted
INFO  cmap subsetted
INFO  fpgm subsetting not needed
INFO  prep subsetting not needed
INFO  cvt  subsetting not needed
INFO  loca subsetting not needed
INFO  post subsetted
INFO  gasp subsetting not needed
INFO  GDEF subsetted
INFO  GPOS subsetted
INFO  GSUB subsetted
INFO  name subsetting not needed
INFO  glyf subsetted
INFO  head pruned
INFO  OS/2 Unicode ranges pruned: [0]
INFO  OS/2 CodePage ranges pruned: [0]
INFO  glyf pruned
INFO  GDEF pruned
INFO  GPOS pruned
INFO  GSUB pruned
INFO  name pruned
INFO  maxp pruned
INFO  cmap pruned
INFO  kern dropped
INFO  post pruned
INFO  FFTM dropped
INFO  GPOS pruned
INFO  GSUB pruned
INFO  glyf pruned
INFO  Added gid0 to subset
INFO  Added first four glyphs to subset
INFO  Closing glyph list over 'MATH': 53 glyphs before
INFO  Glyph names: ['.notdef', '.null', 'A', 'C', 'D', 'E', 'F', 'H', 'M', 'N', 'P', 'S', 'T', 'a', 'b', 'bracketleft', 'bracketright', 'c', 'd', 'e', 'eight', 'equal', 'five', 'four', 'g', 'h', 'hyphen', 'i', 'k', 'l', 'm', 'minus', 'n', 'nine', 'nonmarkingreturn', 'o', 'one', 'p', 'parenleft', 'parenright', 'period', 'plus', 'r', 'seven', 'six', 'slash', 'space', 't', 'three', 'two', 'x', 'y', 'zero']
INFO  Glyph IDs:   [0, 1, 2, 3, 11, 12, 14, 16, 17, 18, 19, 20, 21, 22, 23, 24, 25, 26, 27, 28, 32, 36, 38, 39, 40, 41, 43, 48, 49, 51, 54, 55, 62, 64, 68, 69, 70, 71, 72, 74, 75, 76, 78, 79, 80, 81, 82, 83, 85, 87, 91, 92, 3228]
INFO  Closed glyph list over 'MATH': 65 glyphs after
INFO  Glyph names: ['.notdef', '.null', 'A', 'C', 'D', 'E', 'F', 'H', 'M', 'N', 'P', 'S', 'T', 'a', 'b', 'bracketleft', 'bracketright', 'c', 'd', 'e', 'eight', 'equal', 'five', 'four', 'g', 'h', 'hyphen', 'i', 'k', 'l', 'm', 'minus', 'n', 'nine', 'nonmarkingreturn', 'o', 'one', 'p', 'parenleft', 'parenright', 'period', 'plus', 'r', 'seven', 'six', 'slash', 'space', 't', 'three', 'two', 'uni239B', 'uni239C', 'uni239D', 'uni239E', 'uni239F', 'uni23A0', 'uni23A1', 'uni23A2', 'uni23A3', 'uni23A4', 'uni23A5', 'uni23A6', 'x', 'y', 'zero']
INFO  Glyph IDs:   [0, 1, 2, 3, 11, 12, 14, 16, 17, 18, 19, 20, 21, 22, 23, 24, 25, 26, 27, 28, 32, 36, 38, 39, 40, 41, 43, 48, 49, 51, 54, 55, 62, 64, 68, 69, 70, 71, 72, 74, 75, 76, 78, 79, 80, 81, 82, 83, 85, 87, 91, 92, 3228, 3506, 3507, 3508, 3509, 3510, 3511, 3512, 3513, 3514, 3515, 3516, 3517]
INFO  Closing glyph list over 'GSUB': 65 glyphs before
INFO  Glyph names: ['.notdef', '.null', 'A', 'C', 'D', 'E', 'F', 'H', 'M', 'N', 'P', 'S', 'T', 'a', 'b', 'bracketleft', 'bracketright', 'c', 'd', 'e', 'eight', 'equal', 'five', 'four', 'g', 'h', 'hyphen', 'i', 'k', 'l', 'm', 'minus', 'n', 'nine', 'nonmarkingreturn', 'o', 'one', 'p', 'parenleft', 'parenright', 'period', 'plus', 'r', 'seven', 'six', 'slash', 'space', 't', 'three', 'two', 'uni239B', 'uni239C', 'uni239D', 'uni239E', 'uni239F', 'uni23A0', 'uni23A1', 'uni23A2', 'uni23A3', 'uni23A4', 'uni23A5', 'uni23A6', 'x', 'y', 'zero']
INFO  Glyph IDs:   [0, 1, 2, 3, 11, 12, 14, 16, 17, 18, 19, 20, 21, 22, 23, 24, 25, 26, 27, 28, 32, 36, 38, 39, 40, 41, 43, 48, 49, 51, 54, 55, 62, 64, 68, 69, 70, 71, 72, 74, 75, 76, 78, 79, 80, 81, 82, 83, 85, 87, 91, 92, 3228, 3506, 3507, 3508, 3509, 3510, 3511, 3512, 3513, 3514, 3515, 3516, 3517]
INFO  Closed glyph list over 'GSUB': 65 glyphs after
INFO  Glyph names: ['.notdef', '.null', 'A', 'C', 'D', 'E', 'F', 'H', 'M', 'N', 'P', 'S', 'T', 'a', 'b', 'bracketleft', 'bracketright', 'c', 'd', 'e', 'eight', 'equal', 'five', 'four', 'g', 'h', 'hyphen', 'i', 'k', 'l', 'm', 'minus', 'n', 'nine', 'nonmarkingreturn', 'o', 'one', 'p', 'parenleft', 'parenright', 'period', 'plus', 'r', 'seven', 'six', 'slash', 'space', 't', 'three', 'two', 'uni239B', 'uni239C', 'uni239D', 'uni239E', 'uni239F', 'uni23A0', 'uni23A1', 'uni23A2', 'uni23A3', 'uni23A4', 'uni23A5', 'uni23A6', 'x', 'y', 'zero']
INFO  Glyph IDs:   [0, 1, 2, 3, 11, 12, 14, 16, 17, 18, 19, 20, 21, 22, 23, 24, 25, 26, 27, 28, 32, 36, 38, 39, 40, 41, 43, 48, 49, 51, 54, 55, 62, 64, 68, 69, 70, 71, 72, 74, 75, 76, 78, 79, 80, 81, 82, 83, 85, 87, 91, 92, 3228, 3506, 3507, 3508, 3509, 3510, 3511, 3512, 3513, 3514, 3515, 3516, 3517]
INFO  Closing glyph list over 'glyf': 65 glyphs before
INFO  Glyph names: ['.notdef', '.null', 'A', 'C', 'D', 'E', 'F', 'H', 'M', 'N', 'P', 'S', 'T', 'a', 'b', 'bracketleft', 'bracketright', 'c', 'd', 'e', 'eight', 'equal', 'five', 'four', 'g', 'h', 'hyphen', 'i', 'k', 'l', 'm', 'minus', 'n', 'nine', 'nonmarkingreturn', 'o', 'one', 'p', 'parenleft', 'parenright', 'period', 'plus', 'r', 'seven', 'six', 'slash', 'space', 't', 'three', 'two', 'uni239B', 'uni239C', 'uni239D', 'uni239E', 'uni239F', 'uni23A0', 'uni23A1', 'uni23A2', 'uni23A3', 'uni23A4', 'uni23A5', 'uni23A6', 'x', 'y', 'zero']
INFO  Glyph IDs:   [0, 1, 2, 3, 11, 12, 14, 16, 17, 18, 19, 20, 21, 22, 23, 24, 25, 26, 27, 28, 32, 36, 38, 39, 40, 41, 43, 48, 49, 51, 54, 55, 62, 64, 68, 69, 70, 71, 72, 74, 75, 76, 78, 79, 80, 81, 82, 83, 85, 87, 91, 92, 3228, 3506, 3507, 3508, 3509, 3510, 3511, 3512, 3513, 3514, 3515, 3516, 3517]
INFO  Closed glyph list over 'glyf': 65 glyphs after
INFO  Glyph names: ['.notdef', '.null', 'A', 'C', 'D', 'E', 'F', 'H', 'M', 'N', 'P', 'S', 'T', 'a', 'b', 'bracketleft', 'bracketright', 'c', 'd', 'e', 'eight', 'equal', 'five', 'four', 'g', 'h', 'hyphen', 'i', 'k', 'l', 'm', 'minus', 'n', 'nine', 'nonmarkingreturn', 'o', 'one', 'p', 'parenleft', 'parenright', 'period', 'plus', 'r', 'seven', 'six', 'slash', 'space', 't', 'three', 'two', 'uni239B', 'uni239C', 'uni239D', 'uni239E', 'uni239F', 'uni23A0', 'uni23A1', 'uni23A2', 'uni23A3', 'uni23A4', 'uni23A5', 'uni23A6', 'x', 'y', 'zero']
INFO  Glyph IDs:   [0, 1, 2, 3, 11, 12, 14, 16, 17, 18, 19, 20, 21, 22, 23, 24, 25, 26, 27, 28, 32, 36, 38, 39, 40, 41, 43, 48, 49, 51, 54, 55, 62, 64, 68, 69, 70, 71, 72, 74, 75, 76, 78, 79, 80, 81, 82, 83, 85, 87, 91, 92, 3228, 3506, 3507, 3508, 3509, 3510, 3511, 3512, 3513, 3514, 3515, 3516, 3517]
INFO  Retaining 65 glyphs
INFO  head subsetting not needed
INFO  hhea subsetting not needed
INFO  maxp subsetting not needed
INFO  OS/2 subsetting not needed
INFO  hmtx subsetted
INFO  cmap subsetted
INFO  fpgm subsetting not needed
INFO  prep subsetting not needed
INFO  cvt  subsetting not needed
INFO  loca subsetting not needed
INFO  post subsetted
INFO  gasp subsetting not needed
INFO  MATH subsetted
INFO  GDEF subsetted
INFO  GPOS subsetted
INFO  GSUB subsetted
INFO  name subsetting not needed
INFO  glyf subsetted
INFO  head pruned
INFO  OS/2 Unicode ranges pruned: [0, 38]
INFO  OS/2 CodePage ranges pruned: [0]
INFO  glyf pruned
INFO  GDEF pruned
INFO  GPOS pruned
INFO  GSUB pruned
INFO  name pruned
INFO    Saved figures/chemical_analysis/correction_by_class_combined.pdf
INFO  Plot: Representative molecules combined (NIST + k-means)
INFO  maxp pruned
INFO  cmap pruned
INFO  kern dropped
INFO  post pruned
INFO  FFTM dropped
INFO  GPOS pruned
INFO  GSUB pruned
INFO  glyf pruned
INFO  Added gid0 to subset
INFO  Added first four glyphs to subset
INFO  Closing glyph list over 'GSUB': 33 glyphs before
INFO  Glyph names: ['.notdef', '.null', 'A', 'C', 'E', 'H', 'I', 'N', 'P', 'S', 'T', 'a', 'b', 'c', 'd', 'e', 'g', 'h', 'hyphen', 'i', 'k', 'l', 'm', 'n', 'nonmarkingreturn', 'o', 'parenleft', 'parenright', 'r', 's', 'space', 't', 'y']
INFO  Glyph IDs:   [0, 1, 2, 3, 11, 12, 16, 36, 38, 40, 43, 44, 49, 51, 54, 55, 68, 69, 70, 71, 72, 74, 75, 76, 78, 79, 80, 81, 82, 85, 86, 87, 92]
INFO  Closed glyph list over 'GSUB': 33 glyphs after
INFO  Glyph names: ['.notdef', '.null', 'A', 'C', 'E', 'H', 'I', 'N', 'P', 'S', 'T', 'a', 'b', 'c', 'd', 'e', 'g', 'h', 'hyphen', 'i', 'k', 'l', 'm', 'n', 'nonmarkingreturn', 'o', 'parenleft', 'parenright', 'r', 's', 'space', 't', 'y']
INFO  Glyph IDs:   [0, 1, 2, 3, 11, 12, 16, 36, 38, 40, 43, 44, 49, 51, 54, 55, 68, 69, 70, 71, 72, 74, 75, 76, 78, 79, 80, 81, 82, 85, 86, 87, 92]
INFO  Closing glyph list over 'glyf': 33 glyphs before
INFO  Glyph names: ['.notdef', '.null', 'A', 'C', 'E', 'H', 'I', 'N', 'P', 'S', 'T', 'a', 'b', 'c', 'd', 'e', 'g', 'h', 'hyphen', 'i', 'k', 'l', 'm', 'n', 'nonmarkingreturn', 'o', 'parenleft', 'parenright', 'r', 's', 'space', 't', 'y']
INFO  Glyph IDs:   [0, 1, 2, 3, 11, 12, 16, 36, 38, 40, 43, 44, 49, 51, 54, 55, 68, 69, 70, 71, 72, 74, 75, 76, 78, 79, 80, 81, 82, 85, 86, 87, 92]
INFO  Closed glyph list over 'glyf': 33 glyphs after
INFO  Glyph names: ['.notdef', '.null', 'A', 'C', 'E', 'H', 'I', 'N', 'P', 'S', 'T', 'a', 'b', 'c', 'd', 'e', 'g', 'h', 'hyphen', 'i', 'k', 'l', 'm', 'n', 'nonmarkingreturn', 'o', 'parenleft', 'parenright', 'r', 's', 'space', 't', 'y']
INFO  Glyph IDs:   [0, 1, 2, 3, 11, 12, 16, 36, 38, 40, 43, 44, 49, 51, 54, 55, 68, 69, 70, 71, 72, 74, 75, 76, 78, 79, 80, 81, 82, 85, 86, 87, 92]
INFO  Retaining 33 glyphs
INFO  head subsetting not needed
INFO  hhea subsetting not needed
INFO  maxp subsetting not needed
INFO  OS/2 subsetting not needed
INFO  hmtx subsetted
INFO  cmap subsetted
INFO  fpgm subsetting not needed
INFO  prep subsetting not needed
INFO  cvt  subsetting not needed
INFO  loca subsetting not needed
INFO  post subsetted
INFO  gasp subsetting not needed
INFO  GDEF subsetted
INFO  GPOS subsetted
INFO  GSUB subsetted
INFO  name subsetting not needed
INFO  glyf subsetted
INFO  head pruned
INFO  OS/2 Unicode ranges pruned: [0]
INFO  OS/2 CodePage ranges pruned: [0]
INFO  glyf pruned
INFO  GDEF pruned
INFO  GPOS pruned
INFO  GSUB pruned
INFO  name pruned
INFO  maxp pruned
INFO  cmap pruned
INFO  kern dropped
INFO  post pruned
INFO  FFTM dropped
INFO  GPOS pruned
INFO  GSUB pruned
INFO  glyf pruned
INFO  Added gid0 to subset
INFO  Added first four glyphs to subset
INFO  Closing glyph list over 'MATH': 27 glyphs before
INFO  Glyph names: ['.notdef', '.null', 'N', 'a', 'c', 'eight', 'equal', 'five', 'four', 'hyphen', 'k', 'l', 'm', 'nine', 'nonmarkingreturn', 'o', 'one', 'period', 'plus', 'plusminus', 'seven', 'six', 'slash', 'space', 'three', 'two', 'zero']
INFO  Glyph IDs:   [0, 1, 2, 3, 14, 16, 17, 18, 19, 20, 21, 22, 23, 24, 25, 26, 27, 28, 32, 49, 68, 70, 78, 79, 80, 82, 115]
INFO  Closed glyph list over 'MATH': 27 glyphs after
INFO  Glyph names: ['.notdef', '.null', 'N', 'a', 'c', 'eight', 'equal', 'five', 'four', 'hyphen', 'k', 'l', 'm', 'nine', 'nonmarkingreturn', 'o', 'one', 'period', 'plus', 'plusminus', 'seven', 'six', 'slash', 'space', 'three', 'two', 'zero']
INFO  Glyph IDs:   [0, 1, 2, 3, 14, 16, 17, 18, 19, 20, 21, 22, 23, 24, 25, 26, 27, 28, 32, 49, 68, 70, 78, 79, 80, 82, 115]
INFO  Closing glyph list over 'GSUB': 27 glyphs before
INFO  Glyph names: ['.notdef', '.null', 'N', 'a', 'c', 'eight', 'equal', 'five', 'four', 'hyphen', 'k', 'l', 'm', 'nine', 'nonmarkingreturn', 'o', 'one', 'period', 'plus', 'plusminus', 'seven', 'six', 'slash', 'space', 'three', 'two', 'zero']
INFO  Glyph IDs:   [0, 1, 2, 3, 14, 16, 17, 18, 19, 20, 21, 22, 23, 24, 25, 26, 27, 28, 32, 49, 68, 70, 78, 79, 80, 82, 115]
INFO  Closed glyph list over 'GSUB': 27 glyphs after
INFO  Glyph names: ['.notdef', '.null', 'N', 'a', 'c', 'eight', 'equal', 'five', 'four', 'hyphen', 'k', 'l', 'm', 'nine', 'nonmarkingreturn', 'o', 'one', 'period', 'plus', 'plusminus', 'seven', 'six', 'slash', 'space', 'three', 'two', 'zero']
INFO  Glyph IDs:   [0, 1, 2, 3, 14, 16, 17, 18, 19, 20, 21, 22, 23, 24, 25, 26, 27, 28, 32, 49, 68, 70, 78, 79, 80, 82, 115]
INFO  Closing glyph list over 'glyf': 27 glyphs before
INFO  Glyph names: ['.notdef', '.null', 'N', 'a', 'c', 'eight', 'equal', 'five', 'four', 'hyphen', 'k', 'l', 'm', 'nine', 'nonmarkingreturn', 'o', 'one', 'period', 'plus', 'plusminus', 'seven', 'six', 'slash', 'space', 'three', 'two', 'zero']
INFO  Glyph IDs:   [0, 1, 2, 3, 14, 16, 17, 18, 19, 20, 21, 22, 23, 24, 25, 26, 27, 28, 32, 49, 68, 70, 78, 79, 80, 82, 115]
INFO  Closed glyph list over 'glyf': 27 glyphs after
INFO  Glyph names: ['.notdef', '.null', 'N', 'a', 'c', 'eight', 'equal', 'five', 'four', 'hyphen', 'k', 'l', 'm', 'nine', 'nonmarkingreturn', 'o', 'one', 'period', 'plus', 'plusminus', 'seven', 'six', 'slash', 'space', 'three', 'two', 'zero']
INFO  Glyph IDs:   [0, 1, 2, 3, 14, 16, 17, 18, 19, 20, 21, 22, 23, 24, 25, 26, 27, 28, 32, 49, 68, 70, 78, 79, 80, 82, 115]
INFO  Retaining 27 glyphs
INFO  head subsetting not needed
INFO  hhea subsetting not needed
INFO  maxp subsetting not needed
INFO  OS/2 subsetting not needed
INFO  hmtx subsetted
INFO  cmap subsetted
INFO  fpgm subsetting not needed
INFO  prep subsetting not needed
INFO  cvt  subsetting not needed
INFO  loca subsetting not needed
INFO  post subsetted
INFO  gasp subsetting not needed
INFO  MATH subsetted
INFO  GDEF subsetted
INFO  GPOS subsetted
INFO  GSUB subsetted
INFO  name subsetting not needed
INFO  glyf subsetted
INFO  head pruned
INFO  OS/2 Unicode ranges pruned: [0, 1]
INFO  OS/2 CodePage ranges pruned: [0]
INFO  glyf pruned
INFO  GDEF pruned
INFO  GPOS pruned
INFO  GSUB pruned
INFO  name pruned
INFO    Saved /noether/s1/dxb5775/publication_rerun_20260814/figures/chemical_analysis/representative_molecules_combined.pdf
INFO    Saved /noether/s1/dxb5775/publication_rerun_20260814/figures/chemical_analysis/representative_molecules_combined.png
INFO  Plot 4 [nist]: Signed correction vs reference PA
INFO  maxp pruned
INFO  cmap pruned
INFO  kern dropped
INFO  post pruned
INFO  FFTM dropped
INFO  GPOS pruned
INFO  GSUB pruned
INFO  glyf pruned
INFO  Added gid0 to subset
INFO  Added first four glyphs to subset
INFO  Closing glyph list over 'GSUB': 14 glyphs before
INFO  Glyph names: ['.notdef', '.null', 'B', 'a', 'd', 'e', 'i', 'm', 'n', 'nonmarkingreturn', 'plusminus', 's', 'space', 't']
INFO  Glyph IDs:   [0, 1, 2, 3, 37, 68, 71, 72, 76, 80, 81, 86, 87, 115]
INFO  Closed glyph list over 'GSUB': 14 glyphs after
INFO  Glyph names: ['.notdef', '.null', 'B', 'a', 'd', 'e', 'i', 'm', 'n', 'nonmarkingreturn', 'plusminus', 's', 'space', 't']
INFO  Glyph IDs:   [0, 1, 2, 3, 37, 68, 71, 72, 76, 80, 81, 86, 87, 115]
INFO  Closing glyph list over 'glyf': 14 glyphs before
INFO  Glyph names: ['.notdef', '.null', 'B', 'a', 'd', 'e', 'i', 'm', 'n', 'nonmarkingreturn', 'plusminus', 's', 'space', 't']
INFO  Glyph IDs:   [0, 1, 2, 3, 37, 68, 71, 72, 76, 80, 81, 86, 87, 115]
INFO  Closed glyph list over 'glyf': 14 glyphs after
INFO  Glyph names: ['.notdef', '.null', 'B', 'a', 'd', 'e', 'i', 'm', 'n', 'nonmarkingreturn', 'plusminus', 's', 'space', 't']
INFO  Glyph IDs:   [0, 1, 2, 3, 37, 68, 71, 72, 76, 80, 81, 86, 87, 115]
INFO  Retaining 14 glyphs
INFO  head subsetting not needed
INFO  hhea subsetting not needed
INFO  maxp subsetting not needed
INFO  OS/2 subsetting not needed
INFO  hmtx subsetted
INFO  cmap subsetted
INFO  fpgm subsetting not needed
INFO  prep subsetting not needed
INFO  cvt  subsetting not needed
INFO  loca subsetting not needed
INFO  post subsetted
INFO  gasp subsetting not needed
INFO  GDEF subsetted
INFO  GPOS subsetted
INFO  GSUB subsetted
INFO  name subsetting not needed
INFO  glyf subsetted
INFO  head pruned
INFO  OS/2 Unicode ranges pruned: [0, 1]
INFO  OS/2 CodePage ranges pruned: [0]
INFO  glyf pruned
INFO  GDEF pruned
INFO  GPOS pruned
INFO  GSUB pruned
INFO  name pruned
INFO  maxp pruned
INFO  cmap pruned
INFO  kern dropped
INFO  post pruned
INFO  FFTM dropped
INFO  GPOS pruned
INFO  GSUB pruned
INFO  glyf pruned
INFO  Added gid0 to subset
INFO  Added first four glyphs to subset
INFO  Closing glyph list over 'MATH': 48 glyphs before
INFO  Glyph names: ['.notdef', '.null', 'A', 'C', 'E', 'H', 'M', 'N', 'P', 'R', 'S', 'T', 'a', 'b', 'c', 'd', 'e', 'eight', 'emdash', 'f', 'five', 'four', 'g', 'h', 'i', 'k', 'l', 'm', 'minus', 'n', 'nonmarkingreturn', 'o', 'one', 'p', 'parenleft', 'parenright', 'plusminus', 'r', 's', 'seven', 'six', 'slash', 'space', 't', 'two', 'x', 'y', 'zero']
INFO  Glyph IDs:   [0, 1, 2, 3, 11, 12, 18, 19, 20, 21, 23, 24, 25, 26, 27, 36, 38, 40, 43, 48, 49, 51, 53, 54, 55, 68, 69, 70, 71, 72, 73, 74, 75, 76, 78, 79, 80, 81, 82, 83, 85, 86, 87, 91, 92, 115, 2806, 3228]
INFO  Closed glyph list over 'MATH': 54 glyphs after
INFO  Glyph names: ['.notdef', '.null', 'A', 'C', 'E', 'H', 'M', 'N', 'P', 'R', 'S', 'T', 'a', 'b', 'c', 'd', 'e', 'eight', 'emdash', 'f', 'five', 'four', 'g', 'h', 'i', 'k', 'l', 'm', 'minus', 'n', 'nonmarkingreturn', 'o', 'one', 'p', 'parenleft', 'parenright', 'plusminus', 'r', 's', 'seven', 'six', 'slash', 'space', 't', 'two', 'uni239B', 'uni239C', 'uni239D', 'uni239E', 'uni239F', 'uni23A0', 'x', 'y', 'zero']
INFO  Glyph IDs:   [0, 1, 2, 3, 11, 12, 18, 19, 20, 21, 23, 24, 25, 26, 27, 36, 38, 40, 43, 48, 49, 51, 53, 54, 55, 68, 69, 70, 71, 72, 73, 74, 75, 76, 78, 79, 80, 81, 82, 83, 85, 86, 87, 91, 92, 115, 2806, 3228, 3506, 3507, 3508, 3509, 3510, 3511]
INFO  Closing glyph list over 'GSUB': 54 glyphs before
INFO  Glyph names: ['.notdef', '.null', 'A', 'C', 'E', 'H', 'M', 'N', 'P', 'R', 'S', 'T', 'a', 'b', 'c', 'd', 'e', 'eight', 'emdash', 'f', 'five', 'four', 'g', 'h', 'i', 'k', 'l', 'm', 'minus', 'n', 'nonmarkingreturn', 'o', 'one', 'p', 'parenleft', 'parenright', 'plusminus', 'r', 's', 'seven', 'six', 'slash', 'space', 't', 'two', 'uni239B', 'uni239C', 'uni239D', 'uni239E', 'uni239F', 'uni23A0', 'x', 'y', 'zero']
INFO  Glyph IDs:   [0, 1, 2, 3, 11, 12, 18, 19, 20, 21, 23, 24, 25, 26, 27, 36, 38, 40, 43, 48, 49, 51, 53, 54, 55, 68, 69, 70, 71, 72, 73, 74, 75, 76, 78, 79, 80, 81, 82, 83, 85, 86, 87, 91, 92, 115, 2806, 3228, 3506, 3507, 3508, 3509, 3510, 3511]
INFO  Closed glyph list over 'GSUB': 59 glyphs after
INFO  Glyph names: ['.notdef', '.null', 'A', 'C', 'E', 'H', 'M', 'N', 'P', 'R', 'S', 'T', 'a', 'b', 'c', 'd', 'e', 'eight', 'emdash', 'f', 'fi', 'five', 'fl', 'four', 'g', 'h', 'i', 'k', 'l', 'm', 'minus', 'n', 'nonmarkingreturn', 'o', 'one', 'p', 'parenleft', 'parenright', 'plusminus', 'r', 's', 'seven', 'six', 'slash', 'space', 't', 'two', 'uni239B', 'uni239C', 'uni239D', 'uni239E', 'uni239F', 'uni23A0', 'uniFB00', 'uniFB03', 'uniFB04', 'x', 'y', 'zero']
INFO  Glyph IDs:   [0, 1, 2, 3, 11, 12, 18, 19, 20, 21, 23, 24, 25, 26, 27, 36, 38, 40, 43, 48, 49, 51, 53, 54, 55, 68, 69, 70, 71, 72, 73, 74, 75, 76, 78, 79, 80, 81, 82, 83, 85, 86, 87, 91, 92, 115, 2806, 3228, 3506, 3507, 3508, 3509, 3510, 3511, 5038, 5039, 5040, 5041, 5042]
INFO  Closing glyph list over 'glyf': 59 glyphs before
INFO  Glyph names: ['.notdef', '.null', 'A', 'C', 'E', 'H', 'M', 'N', 'P', 'R', 'S', 'T', 'a', 'b', 'c', 'd', 'e', 'eight', 'emdash', 'f', 'fi', 'five', 'fl', 'four', 'g', 'h', 'i', 'k', 'l', 'm', 'minus', 'n', 'nonmarkingreturn', 'o', 'one', 'p', 'parenleft', 'parenright', 'plusminus', 'r', 's', 'seven', 'six', 'slash', 'space', 't', 'two', 'uni239B', 'uni239C', 'uni239D', 'uni239E', 'uni239F', 'uni23A0', 'uniFB00', 'uniFB03', 'uniFB04', 'x', 'y', 'zero']
INFO  Glyph IDs:   [0, 1, 2, 3, 11, 12, 18, 19, 20, 21, 23, 24, 25, 26, 27, 36, 38, 40, 43, 48, 49, 51, 53, 54, 55, 68, 69, 70, 71, 72, 73, 74, 75, 76, 78, 79, 80, 81, 82, 83, 85, 86, 87, 91, 92, 115, 2806, 3228, 3506, 3507, 3508, 3509, 3510, 3511, 5038, 5039, 5040, 5041, 5042]
INFO  Closed glyph list over 'glyf': 59 glyphs after
INFO  Glyph names: ['.notdef', '.null', 'A', 'C', 'E', 'H', 'M', 'N', 'P', 'R', 'S', 'T', 'a', 'b', 'c', 'd', 'e', 'eight', 'emdash', 'f', 'fi', 'five', 'fl', 'four', 'g', 'h', 'i', 'k', 'l', 'm', 'minus', 'n', 'nonmarkingreturn', 'o', 'one', 'p', 'parenleft', 'parenright', 'plusminus', 'r', 's', 'seven', 'six', 'slash', 'space', 't', 'two', 'uni239B', 'uni239C', 'uni239D', 'uni239E', 'uni239F', 'uni23A0', 'uniFB00', 'uniFB03', 'uniFB04', 'x', 'y', 'zero']
INFO  Glyph IDs:   [0, 1, 2, 3, 11, 12, 18, 19, 20, 21, 23, 24, 25, 26, 27, 36, 38, 40, 43, 48, 49, 51, 53, 54, 55, 68, 69, 70, 71, 72, 73, 74, 75, 76, 78, 79, 80, 81, 82, 83, 85, 86, 87, 91, 92, 115, 2806, 3228, 3506, 3507, 3508, 3509, 3510, 3511, 5038, 5039, 5040, 5041, 5042]
INFO  Retaining 59 glyphs
INFO  head subsetting not needed
INFO  hhea subsetting not needed
INFO  maxp subsetting not needed
INFO  OS/2 subsetting not needed
INFO  hmtx subsetted
INFO  cmap subsetted
INFO  fpgm subsetting not needed
INFO  prep subsetting not needed
INFO  cvt  subsetting not needed
INFO  loca subsetting not needed
INFO  post subsetted
INFO  gasp subsetting not needed
INFO  MATH subsetted
INFO  GDEF subsetted
INFO  GPOS subsetted
INFO  GSUB subsetted
INFO  name subsetting not needed
INFO  glyf subsetted
INFO  head pruned
INFO  OS/2 Unicode ranges pruned: [0, 1, 31, 38]
INFO  OS/2 CodePage ranges pruned: [0]
INFO  glyf pruned
INFO  GDEF pruned
INFO  GPOS pruned
INFO  GSUB pruned
INFO  name pruned
INFO    Saved figures/chemical_analysis/correction_vs_pa_nist.pdf
INFO  Plot 6 [nist]: Summary table by chemical class
INFO  maxp pruned
INFO  cmap pruned
INFO  kern dropped
INFO  post pruned
INFO  FFTM dropped
INFO  GPOS pruned
INFO  GSUB pruned
INFO  glyf pruned
INFO  Added gid0 to subset
INFO  Added first four glyphs to subset
INFO  Closing glyph list over 'GSUB': 26 glyphs before
INFO  Glyph names: ['.notdef', '.null', 'C', 'M', 'N', 'S', 'a', 'c', 'd', 'e', 'i', 'k', 'l', 'm', 'n', 'nonmarkingreturn', 'o', 'parenleft', 'parenright', 'percent', 'r', 's', 'slash', 'space', 't', 'v']
INFO  Glyph IDs:   [0, 1, 2, 3, 8, 11, 12, 18, 38, 48, 49, 54, 68, 70, 71, 72, 76, 78, 79, 80, 81, 82, 85, 86, 87, 89]
INFO  Closed glyph list over 'GSUB': 26 glyphs after
INFO  Glyph names: ['.notdef', '.null', 'C', 'M', 'N', 'S', 'a', 'c', 'd', 'e', 'i', 'k', 'l', 'm', 'n', 'nonmarkingreturn', 'o', 'parenleft', 'parenright', 'percent', 'r', 's', 'slash', 'space', 't', 'v']
INFO  Glyph IDs:   [0, 1, 2, 3, 8, 11, 12, 18, 38, 48, 49, 54, 68, 70, 71, 72, 76, 78, 79, 80, 81, 82, 85, 86, 87, 89]
INFO  Closing glyph list over 'glyf': 26 glyphs before
INFO  Glyph names: ['.notdef', '.null', 'C', 'M', 'N', 'S', 'a', 'c', 'd', 'e', 'i', 'k', 'l', 'm', 'n', 'nonmarkingreturn', 'o', 'parenleft', 'parenright', 'percent', 'r', 's', 'slash', 'space', 't', 'v']
INFO  Glyph IDs:   [0, 1, 2, 3, 8, 11, 12, 18, 38, 48, 49, 54, 68, 70, 71, 72, 76, 78, 79, 80, 81, 82, 85, 86, 87, 89]
INFO  Closed glyph list over 'glyf': 26 glyphs after
INFO  Glyph names: ['.notdef', '.null', 'C', 'M', 'N', 'S', 'a', 'c', 'd', 'e', 'i', 'k', 'l', 'm', 'n', 'nonmarkingreturn', 'o', 'parenleft', 'parenright', 'percent', 'r', 's', 'slash', 'space', 't', 'v']
INFO  Glyph IDs:   [0, 1, 2, 3, 8, 11, 12, 18, 38, 48, 49, 54, 68, 70, 71, 72, 76, 78, 79, 80, 81, 82, 85, 86, 87, 89]
INFO  Retaining 26 glyphs
INFO  head subsetting not needed
INFO  hhea subsetting not needed
INFO  maxp subsetting not needed
INFO  OS/2 subsetting not needed
INFO  hmtx subsetted
INFO  cmap subsetted
INFO  fpgm subsetting not needed
INFO  prep subsetting not needed
INFO  cvt  subsetting not needed
INFO  loca subsetting not needed
INFO  post subsetted
INFO  gasp subsetting not needed
INFO  GDEF subsetted
INFO  GPOS subsetted
INFO  GSUB subsetted
INFO  name subsetting not needed
INFO  glyf subsetted
INFO  head pruned
INFO  OS/2 Unicode ranges pruned: [0]
INFO  OS/2 CodePage ranges pruned: [0]
INFO  glyf pruned
INFO  GDEF pruned
INFO  GPOS pruned
INFO  GSUB pruned
INFO  name pruned
INFO  maxp pruned
INFO  cmap pruned
INFO  kern dropped
INFO  post pruned
INFO  FFTM dropped
INFO  GPOS pruned
INFO  GSUB pruned
INFO  glyf pruned
INFO  Added gid0 to subset
INFO  Added first four glyphs to subset
INFO  Closing glyph list over 'MATH': 42 glyphs before
INFO  Glyph names: ['.notdef', '.null', 'A', 'C', 'E', 'H', 'N', 'P', 'S', 'T', 'a', 'b', 'c', 'd', 'e', 'eight', 'five', 'four', 'g', 'h', 'hyphen', 'i', 'l', 'm', 'n', 'nine', 'nonmarkingreturn', 'o', 'one', 'percent', 'period', 'plus', 'r', 'seven', 'six', 'space', 't', 'three', 'two', 'x', 'y', 'zero']
INFO  Glyph IDs:   [0, 1, 2, 3, 8, 14, 16, 17, 19, 20, 21, 22, 23, 24, 25, 26, 27, 28, 36, 38, 40, 43, 49, 51, 54, 55, 68, 69, 70, 71, 72, 74, 75, 76, 79, 80, 81, 82, 85, 87, 91, 92]
INFO  Closed glyph list over 'MATH': 42 glyphs after
INFO  Glyph names: ['.notdef', '.null', 'A', 'C', 'E', 'H', 'N', 'P', 'S', 'T', 'a', 'b', 'c', 'd', 'e', 'eight', 'five', 'four', 'g', 'h', 'hyphen', 'i', 'l', 'm', 'n', 'nine', 'nonmarkingreturn', 'o', 'one', 'percent', 'period', 'plus', 'r', 'seven', 'six', 'space', 't', 'three', 'two', 'x', 'y', 'zero']
INFO  Glyph IDs:   [0, 1, 2, 3, 8, 14, 16, 17, 19, 20, 21, 22, 23, 24, 25, 26, 27, 28, 36, 38, 40, 43, 49, 51, 54, 55, 68, 69, 70, 71, 72, 74, 75, 76, 79, 80, 81, 82, 85, 87, 91, 92]
INFO  Closing glyph list over 'GSUB': 42 glyphs before
INFO  Glyph names: ['.notdef', '.null', 'A', 'C', 'E', 'H', 'N', 'P', 'S', 'T', 'a', 'b', 'c', 'd', 'e', 'eight', 'five', 'four', 'g', 'h', 'hyphen', 'i', 'l', 'm', 'n', 'nine', 'nonmarkingreturn', 'o', 'one', 'percent', 'period', 'plus', 'r', 'seven', 'six', 'space', 't', 'three', 'two', 'x', 'y', 'zero']
INFO  Glyph IDs:   [0, 1, 2, 3, 8, 14, 16, 17, 19, 20, 21, 22, 23, 24, 25, 26, 27, 28, 36, 38, 40, 43, 49, 51, 54, 55, 68, 69, 70, 71, 72, 74, 75, 76, 79, 80, 81, 82, 85, 87, 91, 92]
INFO  Closed glyph list over 'GSUB': 42 glyphs after
INFO  Glyph names: ['.notdef', '.null', 'A', 'C', 'E', 'H', 'N', 'P', 'S', 'T', 'a', 'b', 'c', 'd', 'e', 'eight', 'five', 'four', 'g', 'h', 'hyphen', 'i', 'l', 'm', 'n', 'nine', 'nonmarkingreturn', 'o', 'one', 'percent', 'period', 'plus', 'r', 'seven', 'six', 'space', 't', 'three', 'two', 'x', 'y', 'zero']
INFO  Glyph IDs:   [0, 1, 2, 3, 8, 14, 16, 17, 19, 20, 21, 22, 23, 24, 25, 26, 27, 28, 36, 38, 40, 43, 49, 51, 54, 55, 68, 69, 70, 71, 72, 74, 75, 76, 79, 80, 81, 82, 85, 87, 91, 92]
INFO  Closing glyph list over 'glyf': 42 glyphs before
INFO  Glyph names: ['.notdef', '.null', 'A', 'C', 'E', 'H', 'N', 'P', 'S', 'T', 'a', 'b', 'c', 'd', 'e', 'eight', 'five', 'four', 'g', 'h', 'hyphen', 'i', 'l', 'm', 'n', 'nine', 'nonmarkingreturn', 'o', 'one', 'percent', 'period', 'plus', 'r', 'seven', 'six', 'space', 't', 'three', 'two', 'x', 'y', 'zero']
INFO  Glyph IDs:   [0, 1, 2, 3, 8, 14, 16, 17, 19, 20, 21, 22, 23, 24, 25, 26, 27, 28, 36, 38, 40, 43, 49, 51, 54, 55, 68, 69, 70, 71, 72, 74, 75, 76, 79, 80, 81, 82, 85, 87, 91, 92]
INFO  Closed glyph list over 'glyf': 42 glyphs after
INFO  Glyph names: ['.notdef', '.null', 'A', 'C', 'E', 'H', 'N', 'P', 'S', 'T', 'a', 'b', 'c', 'd', 'e', 'eight', 'five', 'four', 'g', 'h', 'hyphen', 'i', 'l', 'm', 'n', 'nine', 'nonmarkingreturn', 'o', 'one', 'percent', 'period', 'plus', 'r', 'seven', 'six', 'space', 't', 'three', 'two', 'x', 'y', 'zero']
INFO  Glyph IDs:   [0, 1, 2, 3, 8, 14, 16, 17, 19, 20, 21, 22, 23, 24, 25, 26, 27, 28, 36, 38, 40, 43, 49, 51, 54, 55, 68, 69, 70, 71, 72, 74, 75, 76, 79, 80, 81, 82, 85, 87, 91, 92]
INFO  Retaining 42 glyphs
INFO  head subsetting not needed
INFO  hhea subsetting not needed
INFO  maxp subsetting not needed
INFO  OS/2 subsetting not needed
INFO  hmtx subsetted
INFO  cmap subsetted
INFO  fpgm subsetting not needed
INFO  prep subsetting not needed
INFO  cvt  subsetting not needed
INFO  loca subsetting not needed
INFO  post subsetted
INFO  gasp subsetting not needed
INFO  MATH subsetted
INFO  GDEF subsetted
INFO  GPOS subsetted
INFO  GSUB subsetted
INFO  name subsetting not needed
INFO  glyf subsetted
INFO  head pruned
INFO  OS/2 Unicode ranges pruned: [0]
INFO  OS/2 CodePage ranges pruned: [0]
INFO  glyf pruned
INFO  GDEF pruned
INFO  GPOS pruned
INFO  GSUB pruned
INFO  name pruned
INFO    Saved figures/chemical_analysis/correction_summary_table_nist.pdf
INFO  Plot 4 [kmeans]: Signed correction vs reference PA
INFO  maxp pruned
INFO  cmap pruned
INFO  kern dropped
INFO  post pruned
INFO  FFTM dropped
INFO  GPOS pruned
INFO  GSUB pruned
INFO  glyf pruned
INFO  Added gid0 to subset
INFO  Added first four glyphs to subset
INFO  Closing glyph list over 'GSUB': 14 glyphs before
INFO  Glyph names: ['.notdef', '.null', 'B', 'a', 'd', 'e', 'i', 'm', 'n', 'nonmarkingreturn', 'plusminus', 's', 'space', 't']
INFO  Glyph IDs:   [0, 1, 2, 3, 37, 68, 71, 72, 76, 80, 81, 86, 87, 115]
INFO  Closed glyph list over 'GSUB': 14 glyphs after
INFO  Glyph names: ['.notdef', '.null', 'B', 'a', 'd', 'e', 'i', 'm', 'n', 'nonmarkingreturn', 'plusminus', 's', 'space', 't']
INFO  Glyph IDs:   [0, 1, 2, 3, 37, 68, 71, 72, 76, 80, 81, 86, 87, 115]
INFO  Closing glyph list over 'glyf': 14 glyphs before
INFO  Glyph names: ['.notdef', '.null', 'B', 'a', 'd', 'e', 'i', 'm', 'n', 'nonmarkingreturn', 'plusminus', 's', 'space', 't']
INFO  Glyph IDs:   [0, 1, 2, 3, 37, 68, 71, 72, 76, 80, 81, 86, 87, 115]
INFO  Closed glyph list over 'glyf': 14 glyphs after
INFO  Glyph names: ['.notdef', '.null', 'B', 'a', 'd', 'e', 'i', 'm', 'n', 'nonmarkingreturn', 'plusminus', 's', 'space', 't']
INFO  Glyph IDs:   [0, 1, 2, 3, 37, 68, 71, 72, 76, 80, 81, 86, 87, 115]
INFO  Retaining 14 glyphs
INFO  head subsetting not needed
INFO  hhea subsetting not needed
INFO  maxp subsetting not needed
INFO  OS/2 subsetting not needed
INFO  hmtx subsetted
INFO  cmap subsetted
INFO  fpgm subsetting not needed
INFO  prep subsetting not needed
INFO  cvt  subsetting not needed
INFO  loca subsetting not needed
INFO  post subsetted
INFO  gasp subsetting not needed
INFO  GDEF subsetted
INFO  GPOS subsetted
INFO  GSUB subsetted
INFO  name subsetting not needed
INFO  glyf subsetted
INFO  head pruned
INFO  OS/2 Unicode ranges pruned: [0, 1]
INFO  OS/2 CodePage ranges pruned: [0]
INFO  glyf pruned
INFO  GDEF pruned
INFO  GPOS pruned
INFO  GSUB pruned
INFO  name pruned
INFO  maxp pruned
INFO  cmap pruned
INFO  kern dropped
INFO  post pruned
INFO  FFTM dropped
INFO  GPOS pruned
INFO  GSUB pruned
INFO  glyf pruned
INFO  Added gid0 to subset
INFO  Added first four glyphs to subset
INFO  Closing glyph list over 'MATH': 47 glyphs before
INFO  Glyph names: ['.notdef', '.null', 'A', 'C', 'D', 'F', 'M', 'N', 'P', 'R', 'S', 'T', 'a', 'b', 'c', 'd', 'e', 'eight', 'emdash', 'f', 'four', 'g', 'i', 'k', 'l', 'm', 'minus', 'n', 'nine', 'nonmarkingreturn', 'o', 'one', 'parenleft', 'parenright', 'plusminus', 'r', 's', 'seven', 'six', 'slash', 'space', 't', 'three', 'two', 'x', 'y', 'zero']
INFO  Glyph IDs:   [0, 1, 2, 3, 11, 12, 18, 19, 20, 21, 22, 23, 25, 26, 27, 28, 36, 38, 39, 41, 48, 49, 51, 53, 54, 55, 68, 69, 70, 71, 72, 73, 74, 76, 78, 79, 80, 81, 82, 85, 86, 87, 91, 92, 115, 2806, 3228]
INFO  Closed glyph list over 'MATH': 53 glyphs after
INFO  Glyph names: ['.notdef', '.null', 'A', 'C', 'D', 'F', 'M', 'N', 'P', 'R', 'S', 'T', 'a', 'b', 'c', 'd', 'e', 'eight', 'emdash', 'f', 'four', 'g', 'i', 'k', 'l', 'm', 'minus', 'n', 'nine', 'nonmarkingreturn', 'o', 'one', 'parenleft', 'parenright', 'plusminus', 'r', 's', 'seven', 'six', 'slash', 'space', 't', 'three', 'two', 'uni239B', 'uni239C', 'uni239D', 'uni239E', 'uni239F', 'uni23A0', 'x', 'y', 'zero']
INFO  Glyph IDs:   [0, 1, 2, 3, 11, 12, 18, 19, 20, 21, 22, 23, 25, 26, 27, 28, 36, 38, 39, 41, 48, 49, 51, 53, 54, 55, 68, 69, 70, 71, 72, 73, 74, 76, 78, 79, 80, 81, 82, 85, 86, 87, 91, 92, 115, 2806, 3228, 3506, 3507, 3508, 3509, 3510, 3511]
INFO  Closing glyph list over 'GSUB': 53 glyphs before
INFO  Glyph names: ['.notdef', '.null', 'A', 'C', 'D', 'F', 'M', 'N', 'P', 'R', 'S', 'T', 'a', 'b', 'c', 'd', 'e', 'eight', 'emdash', 'f', 'four', 'g', 'i', 'k', 'l', 'm', 'minus', 'n', 'nine', 'nonmarkingreturn', 'o', 'one', 'parenleft', 'parenright', 'plusminus', 'r', 's', 'seven', 'six', 'slash', 'space', 't', 'three', 'two', 'uni239B', 'uni239C', 'uni239D', 'uni239E', 'uni239F', 'uni23A0', 'x', 'y', 'zero']
INFO  Glyph IDs:   [0, 1, 2, 3, 11, 12, 18, 19, 20, 21, 22, 23, 25, 26, 27, 28, 36, 38, 39, 41, 48, 49, 51, 53, 54, 55, 68, 69, 70, 71, 72, 73, 74, 76, 78, 79, 80, 81, 82, 85, 86, 87, 91, 92, 115, 2806, 3228, 3506, 3507, 3508, 3509, 3510, 3511]
INFO  Closed glyph list over 'GSUB': 58 glyphs after
INFO  Glyph names: ['.notdef', '.null', 'A', 'C', 'D', 'F', 'M', 'N', 'P', 'R', 'S', 'T', 'a', 'b', 'c', 'd', 'e', 'eight', 'emdash', 'f', 'fi', 'fl', 'four', 'g', 'i', 'k', 'l', 'm', 'minus', 'n', 'nine', 'nonmarkingreturn', 'o', 'one', 'parenleft', 'parenright', 'plusminus', 'r', 's', 'seven', 'six', 'slash', 'space', 't', 'three', 'two', 'uni239B', 'uni239C', 'uni239D', 'uni239E', 'uni239F', 'uni23A0', 'uniFB00', 'uniFB03', 'uniFB04', 'x', 'y', 'zero']
INFO  Glyph IDs:   [0, 1, 2, 3, 11, 12, 18, 19, 20, 21, 22, 23, 25, 26, 27, 28, 36, 38, 39, 41, 48, 49, 51, 53, 54, 55, 68, 69, 70, 71, 72, 73, 74, 76, 78, 79, 80, 81, 82, 85, 86, 87, 91, 92, 115, 2806, 3228, 3506, 3507, 3508, 3509, 3510, 3511, 5038, 5039, 5040, 5041, 5042]
INFO  Closing glyph list over 'glyf': 58 glyphs before
INFO  Glyph names: ['.notdef', '.null', 'A', 'C', 'D', 'F', 'M', 'N', 'P', 'R', 'S', 'T', 'a', 'b', 'c', 'd', 'e', 'eight', 'emdash', 'f', 'fi', 'fl', 'four', 'g', 'i', 'k', 'l', 'm', 'minus', 'n', 'nine', 'nonmarkingreturn', 'o', 'one', 'parenleft', 'parenright', 'plusminus', 'r', 's', 'seven', 'six', 'slash', 'space', 't', 'three', 'two', 'uni239B', 'uni239C', 'uni239D', 'uni239E', 'uni239F', 'uni23A0', 'uniFB00', 'uniFB03', 'uniFB04', 'x', 'y', 'zero']
INFO  Glyph IDs:   [0, 1, 2, 3, 11, 12, 18, 19, 20, 21, 22, 23, 25, 26, 27, 28, 36, 38, 39, 41, 48, 49, 51, 53, 54, 55, 68, 69, 70, 71, 72, 73, 74, 76, 78, 79, 80, 81, 82, 85, 86, 87, 91, 92, 115, 2806, 3228, 3506, 3507, 3508, 3509, 3510, 3511, 5038, 5039, 5040, 5041, 5042]
INFO  Closed glyph list over 'glyf': 58 glyphs after
INFO  Glyph names: ['.notdef', '.null', 'A', 'C', 'D', 'F', 'M', 'N', 'P', 'R', 'S', 'T', 'a', 'b', 'c', 'd', 'e', 'eight', 'emdash', 'f', 'fi', 'fl', 'four', 'g', 'i', 'k', 'l', 'm', 'minus', 'n', 'nine', 'nonmarkingreturn', 'o', 'one', 'parenleft', 'parenright', 'plusminus', 'r', 's', 'seven', 'six', 'slash', 'space', 't', 'three', 'two', 'uni239B', 'uni239C', 'uni239D', 'uni239E', 'uni239F', 'uni23A0', 'uniFB00', 'uniFB03', 'uniFB04', 'x', 'y', 'zero']
INFO  Glyph IDs:   [0, 1, 2, 3, 11, 12, 18, 19, 20, 21, 22, 23, 25, 26, 27, 28, 36, 38, 39, 41, 48, 49, 51, 53, 54, 55, 68, 69, 70, 71, 72, 73, 74, 76, 78, 79, 80, 81, 82, 85, 86, 87, 91, 92, 115, 2806, 3228, 3506, 3507, 3508, 3509, 3510, 3511, 5038, 5039, 5040, 5041, 5042]
INFO  Retaining 58 glyphs
INFO  head subsetting not needed
INFO  hhea subsetting not needed
INFO  maxp subsetting not needed
INFO  OS/2 subsetting not needed
INFO  hmtx subsetted
INFO  cmap subsetted
INFO  fpgm subsetting not needed
INFO  prep subsetting not needed
INFO  cvt  subsetting not needed
INFO  loca subsetting not needed
INFO  post subsetted
INFO  gasp subsetting not needed
INFO  MATH subsetted
INFO  GDEF subsetted
INFO  GPOS subsetted
INFO  GSUB subsetted
INFO  name subsetting not needed
INFO  glyf subsetted
INFO  head pruned
INFO  OS/2 Unicode ranges pruned: [0, 1, 31, 38]
INFO  OS/2 CodePage ranges pruned: [0]
INFO  glyf pruned
INFO  GDEF pruned
INFO  GPOS pruned
INFO  GSUB pruned
INFO  name pruned
INFO    Saved figures/chemical_analysis/correction_vs_pa_kmeans.pdf
INFO  Plot 6 [kmeans]: Summary table by chemical class
INFO  maxp pruned
INFO  cmap pruned
INFO  kern dropped
INFO  post pruned
INFO  FFTM dropped
INFO  GPOS pruned
INFO  GSUB pruned
INFO  glyf pruned
INFO  Added gid0 to subset
INFO  Added first four glyphs to subset
INFO  Closing glyph list over 'GSUB': 26 glyphs before
INFO  Glyph names: ['.notdef', '.null', 'C', 'M', 'N', 'S', 'a', 'c', 'd', 'e', 'i', 'k', 'l', 'm', 'n', 'nonmarkingreturn', 'o', 'parenleft', 'parenright', 'percent', 'r', 's', 'slash', 'space', 't', 'v']
INFO  Glyph IDs:   [0, 1, 2, 3, 8, 11, 12, 18, 38, 48, 49, 54, 68, 70, 71, 72, 76, 78, 79, 80, 81, 82, 85, 86, 87, 89]
INFO  Closed glyph list over 'GSUB': 26 glyphs after
INFO  Glyph names: ['.notdef', '.null', 'C', 'M', 'N', 'S', 'a', 'c', 'd', 'e', 'i', 'k', 'l', 'm', 'n', 'nonmarkingreturn', 'o', 'parenleft', 'parenright', 'percent', 'r', 's', 'slash', 'space', 't', 'v']
INFO  Glyph IDs:   [0, 1, 2, 3, 8, 11, 12, 18, 38, 48, 49, 54, 68, 70, 71, 72, 76, 78, 79, 80, 81, 82, 85, 86, 87, 89]
INFO  Closing glyph list over 'glyf': 26 glyphs before
INFO  Glyph names: ['.notdef', '.null', 'C', 'M', 'N', 'S', 'a', 'c', 'd', 'e', 'i', 'k', 'l', 'm', 'n', 'nonmarkingreturn', 'o', 'parenleft', 'parenright', 'percent', 'r', 's', 'slash', 'space', 't', 'v']
INFO  Glyph IDs:   [0, 1, 2, 3, 8, 11, 12, 18, 38, 48, 49, 54, 68, 70, 71, 72, 76, 78, 79, 80, 81, 82, 85, 86, 87, 89]
INFO  Closed glyph list over 'glyf': 26 glyphs after
INFO  Glyph names: ['.notdef', '.null', 'C', 'M', 'N', 'S', 'a', 'c', 'd', 'e', 'i', 'k', 'l', 'm', 'n', 'nonmarkingreturn', 'o', 'parenleft', 'parenright', 'percent', 'r', 's', 'slash', 'space', 't', 'v']
INFO  Glyph IDs:   [0, 1, 2, 3, 8, 11, 12, 18, 38, 48, 49, 54, 68, 70, 71, 72, 76, 78, 79, 80, 81, 82, 85, 86, 87, 89]
INFO  Retaining 26 glyphs
INFO  head subsetting not needed
INFO  hhea subsetting not needed
INFO  maxp subsetting not needed
INFO  OS/2 subsetting not needed
INFO  hmtx subsetted
INFO  cmap subsetted
INFO  fpgm subsetting not needed
INFO  prep subsetting not needed
INFO  cvt  subsetting not needed
INFO  loca subsetting not needed
INFO  post subsetted
INFO  gasp subsetting not needed
INFO  GDEF subsetted
INFO  GPOS subsetted
INFO  GSUB subsetted
INFO  name subsetting not needed
INFO  glyf subsetted
INFO  head pruned
INFO  OS/2 Unicode ranges pruned: [0]
INFO  OS/2 CodePage ranges pruned: [0]
INFO  glyf pruned
INFO  GDEF pruned
INFO  GPOS pruned
INFO  GSUB pruned
INFO  name pruned
INFO  maxp pruned
INFO  cmap pruned
INFO  kern dropped
INFO  post pruned
INFO  FFTM dropped
INFO  GPOS pruned
INFO  GSUB pruned
INFO  glyf pruned
INFO  Added gid0 to subset
INFO  Added first four glyphs to subset
INFO  Closing glyph list over 'MATH': 38 glyphs before
INFO  Glyph names: ['.notdef', '.null', 'A', 'C', 'N', 'P', 'S', 'T', 'a', 'b', 'c', 'd', 'e', 'eight', 'five', 'four', 'hyphen', 'i', 'l', 'm', 'n', 'nine', 'nonmarkingreturn', 'o', 'one', 'percent', 'period', 'plus', 'r', 'seven', 'six', 'space', 't', 'three', 'two', 'x', 'y', 'zero']
INFO  Glyph IDs:   [0, 1, 2, 3, 8, 14, 16, 17, 19, 20, 21, 22, 23, 24, 25, 26, 27, 28, 36, 38, 49, 51, 54, 55, 68, 69, 70, 71, 72, 76, 79, 80, 81, 82, 85, 87, 91, 92]
INFO  Closed glyph list over 'MATH': 38 glyphs after
INFO  Glyph names: ['.notdef', '.null', 'A', 'C', 'N', 'P', 'S', 'T', 'a', 'b', 'c', 'd', 'e', 'eight', 'five', 'four', 'hyphen', 'i', 'l', 'm', 'n', 'nine', 'nonmarkingreturn', 'o', 'one', 'percent', 'period', 'plus', 'r', 'seven', 'six', 'space', 't', 'three', 'two', 'x', 'y', 'zero']
INFO  Glyph IDs:   [0, 1, 2, 3, 8, 14, 16, 17, 19, 20, 21, 22, 23, 24, 25, 26, 27, 28, 36, 38, 49, 51, 54, 55, 68, 69, 70, 71, 72, 76, 79, 80, 81, 82, 85, 87, 91, 92]
INFO  Closing glyph list over 'GSUB': 38 glyphs before
INFO  Glyph names: ['.notdef', '.null', 'A', 'C', 'N', 'P', 'S', 'T', 'a', 'b', 'c', 'd', 'e', 'eight', 'five', 'four', 'hyphen', 'i', 'l', 'm', 'n', 'nine', 'nonmarkingreturn', 'o', 'one', 'percent', 'period', 'plus', 'r', 'seven', 'six', 'space', 't', 'three', 'two', 'x', 'y', 'zero']
INFO  Glyph IDs:   [0, 1, 2, 3, 8, 14, 16, 17, 19, 20, 21, 22, 23, 24, 25, 26, 27, 28, 36, 38, 49, 51, 54, 55, 68, 69, 70, 71, 72, 76, 79, 80, 81, 82, 85, 87, 91, 92]
INFO  Closed glyph list over 'GSUB': 38 glyphs after
INFO  Glyph names: ['.notdef', '.null', 'A', 'C', 'N', 'P', 'S', 'T', 'a', 'b', 'c', 'd', 'e', 'eight', 'five', 'four', 'hyphen', 'i', 'l', 'm', 'n', 'nine', 'nonmarkingreturn', 'o', 'one', 'percent', 'period', 'plus', 'r', 'seven', 'six', 'space', 't', 'three', 'two', 'x', 'y', 'zero']
INFO  Glyph IDs:   [0, 1, 2, 3, 8, 14, 16, 17, 19, 20, 21, 22, 23, 24, 25, 26, 27, 28, 36, 38, 49, 51, 54, 55, 68, 69, 70, 71, 72, 76, 79, 80, 81, 82, 85, 87, 91, 92]
INFO  Closing glyph list over 'glyf': 38 glyphs before
INFO  Glyph names: ['.notdef', '.null', 'A', 'C', 'N', 'P', 'S', 'T', 'a', 'b', 'c', 'd', 'e', 'eight', 'five', 'four', 'hyphen', 'i', 'l', 'm', 'n', 'nine', 'nonmarkingreturn', 'o', 'one', 'percent', 'period', 'plus', 'r', 'seven', 'six', 'space', 't', 'three', 'two', 'x', 'y', 'zero']
INFO  Glyph IDs:   [0, 1, 2, 3, 8, 14, 16, 17, 19, 20, 21, 22, 23, 24, 25, 26, 27, 28, 36, 38, 49, 51, 54, 55, 68, 69, 70, 71, 72, 76, 79, 80, 81, 82, 85, 87, 91, 92]
INFO  Closed glyph list over 'glyf': 38 glyphs after
INFO  Glyph names: ['.notdef', '.null', 'A', 'C', 'N', 'P', 'S', 'T', 'a', 'b', 'c', 'd', 'e', 'eight', 'five', 'four', 'hyphen', 'i', 'l', 'm', 'n', 'nine', 'nonmarkingreturn', 'o', 'one', 'percent', 'period', 'plus', 'r', 'seven', 'six', 'space', 't', 'three', 'two', 'x', 'y', 'zero']
INFO  Glyph IDs:   [0, 1, 2, 3, 8, 14, 16, 17, 19, 20, 21, 22, 23, 24, 25, 26, 27, 28, 36, 38, 49, 51, 54, 55, 68, 69, 70, 71, 72, 76, 79, 80, 81, 82, 85, 87, 91, 92]
INFO  Retaining 38 glyphs
INFO  head subsetting not needed
INFO  hhea subsetting not needed
INFO  maxp subsetting not needed
INFO  OS/2 subsetting not needed
INFO  hmtx subsetted
INFO  cmap subsetted
INFO  fpgm subsetting not needed
INFO  prep subsetting not needed
INFO  cvt  subsetting not needed
INFO  loca subsetting not needed
INFO  post subsetted
INFO  gasp subsetting not needed
INFO  MATH subsetted
INFO  GDEF subsetted
INFO  GPOS subsetted
INFO  GSUB subsetted
INFO  name subsetting not needed
INFO  glyf subsetted
INFO  head pruned
INFO  OS/2 Unicode ranges pruned: [0]
INFO  OS/2 CodePage ranges pruned: [0]
INFO  glyf pruned
INFO  GDEF pruned
INFO  GPOS pruned
INFO  GSUB pruned
INFO  name pruned
INFO    Saved figures/chemical_analysis/correction_summary_table_kmeans.pdf
INFO  Plot combined: Worst/best molecules — NIST (a) + k-means (b)
INFO  maxp pruned
INFO  cmap pruned
INFO  kern dropped
INFO  post pruned
INFO  FFTM dropped
INFO  GPOS pruned
INFO  GSUB pruned
INFO  glyf pruned
INFO  Added gid0 to subset
INFO  Added first four glyphs to subset
INFO  Closing glyph list over 'GSUB': 21 glyphs before
INFO  Glyph names: ['.notdef', '.null', 'a', 'b', 'eight', 'five', 'four', 'minus', 'nine', 'nonmarkingreturn', 'one', 'parenleft', 'parenright', 'period', 'plus', 'seven', 'six', 'space', 'three', 'two', 'zero']
INFO  Glyph IDs:   [0, 1, 2, 3, 11, 12, 14, 17, 19, 20, 21, 22, 23, 24, 25, 26, 27, 28, 68, 69, 3228]
INFO  Closed glyph list over 'GSUB': 21 glyphs after
INFO  Glyph names: ['.notdef', '.null', 'a', 'b', 'eight', 'five', 'four', 'minus', 'nine', 'nonmarkingreturn', 'one', 'parenleft', 'parenright', 'period', 'plus', 'seven', 'six', 'space', 'three', 'two', 'zero']
INFO  Glyph IDs:   [0, 1, 2, 3, 11, 12, 14, 17, 19, 20, 21, 22, 23, 24, 25, 26, 27, 28, 68, 69, 3228]
INFO  Closing glyph list over 'glyf': 21 glyphs before
INFO  Glyph names: ['.notdef', '.null', 'a', 'b', 'eight', 'five', 'four', 'minus', 'nine', 'nonmarkingreturn', 'one', 'parenleft', 'parenright', 'period', 'plus', 'seven', 'six', 'space', 'three', 'two', 'zero']
INFO  Glyph IDs:   [0, 1, 2, 3, 11, 12, 14, 17, 19, 20, 21, 22, 23, 24, 25, 26, 27, 28, 68, 69, 3228]
INFO  Closed glyph list over 'glyf': 21 glyphs after
INFO  Glyph names: ['.notdef', '.null', 'a', 'b', 'eight', 'five', 'four', 'minus', 'nine', 'nonmarkingreturn', 'one', 'parenleft', 'parenright', 'period', 'plus', 'seven', 'six', 'space', 'three', 'two', 'zero']
INFO  Glyph IDs:   [0, 1, 2, 3, 11, 12, 14, 17, 19, 20, 21, 22, 23, 24, 25, 26, 27, 28, 68, 69, 3228]
INFO  Retaining 21 glyphs
INFO  head subsetting not needed
INFO  hhea subsetting not needed
INFO  maxp subsetting not needed
INFO  OS/2 subsetting not needed
INFO  hmtx subsetted
INFO  cmap subsetted
INFO  fpgm subsetting not needed
INFO  prep subsetting not needed
INFO  cvt  subsetting not needed
INFO  loca subsetting not needed
INFO  post subsetted
INFO  gasp subsetting not needed
INFO  GDEF subsetted
INFO  GPOS subsetted
INFO  GSUB subsetted
INFO  name subsetting not needed
INFO  glyf subsetted
INFO  head pruned
INFO  OS/2 Unicode ranges pruned: [0, 38]
INFO  OS/2 CodePage ranges pruned: [0]
INFO  glyf pruned
INFO  GDEF pruned
INFO  GPOS pruned
INFO  GSUB pruned
INFO  name pruned
INFO  maxp pruned
INFO  cmap pruned
INFO  kern dropped
INFO  post pruned
INFO  FFTM dropped
INFO  GPOS pruned
INFO  GSUB pruned
INFO  glyf pruned
INFO  Added gid0 to subset
INFO  Added first four glyphs to subset
INFO  Closing glyph list over 'MATH': 40 glyphs before
INFO  Glyph names: ['.notdef', '.null', 'A', 'E', 'N', 'O', 'P', 'S', 'T', 'a', 'bracketleft', 'bracketright', 'c', 'd', 'e', 'eight', 'equal', 'five', 'four', 'h', 'i', 'k', 'l', 'm', 'n', 'nine', 'nonmarkingreturn', 'o', 'one', 'period', 'r', 'seven', 'six', 'slash', 'space', 't', 'three', 'two', 'y', 'zero']
INFO  Glyph IDs:   [0, 1, 2, 3, 17, 18, 19, 20, 21, 22, 23, 24, 25, 26, 27, 28, 32, 36, 40, 49, 50, 51, 54, 55, 62, 64, 68, 70, 71, 72, 75, 76, 78, 79, 80, 81, 82, 85, 87, 92]
INFO  Closed glyph list over 'MATH': 46 glyphs after
INFO  Glyph names: ['.notdef', '.null', 'A', 'E', 'N', 'O', 'P', 'S', 'T', 'a', 'bracketleft', 'bracketright', 'c', 'd', 'e', 'eight', 'equal', 'five', 'four', 'h', 'i', 'k', 'l', 'm', 'n', 'nine', 'nonmarkingreturn', 'o', 'one', 'period', 'r', 'seven', 'six', 'slash', 'space', 't', 'three', 'two', 'uni23A1', 'uni23A2', 'uni23A3', 'uni23A4', 'uni23A5', 'uni23A6', 'y', 'zero']
INFO  Glyph IDs:   [0, 1, 2, 3, 17, 18, 19, 20, 21, 22, 23, 24, 25, 26, 27, 28, 32, 36, 40, 49, 50, 51, 54, 55, 62, 64, 68, 70, 71, 72, 75, 76, 78, 79, 80, 81, 82, 85, 87, 92, 3512, 3513, 3514, 3515, 3516, 3517]
INFO  Closing glyph list over 'GSUB': 46 glyphs before
INFO  Glyph names: ['.notdef', '.null', 'A', 'E', 'N', 'O', 'P', 'S', 'T', 'a', 'bracketleft', 'bracketright', 'c', 'd', 'e', 'eight', 'equal', 'five', 'four', 'h', 'i', 'k', 'l', 'm', 'n', 'nine', 'nonmarkingreturn', 'o', 'one', 'period', 'r', 'seven', 'six', 'slash', 'space', 't', 'three', 'two', 'uni23A1', 'uni23A2', 'uni23A3', 'uni23A4', 'uni23A5', 'uni23A6', 'y', 'zero']
INFO  Glyph IDs:   [0, 1, 2, 3, 17, 18, 19, 20, 21, 22, 23, 24, 25, 26, 27, 28, 32, 36, 40, 49, 50, 51, 54, 55, 62, 64, 68, 70, 71, 72, 75, 76, 78, 79, 80, 81, 82, 85, 87, 92, 3512, 3513, 3514, 3515, 3516, 3517]
INFO  Closed glyph list over 'GSUB': 46 glyphs after
INFO  Glyph names: ['.notdef', '.null', 'A', 'E', 'N', 'O', 'P', 'S', 'T', 'a', 'bracketleft', 'bracketright', 'c', 'd', 'e', 'eight', 'equal', 'five', 'four', 'h', 'i', 'k', 'l', 'm', 'n', 'nine', 'nonmarkingreturn', 'o', 'one', 'period', 'r', 'seven', 'six', 'slash', 'space', 't', 'three', 'two', 'uni23A1', 'uni23A2', 'uni23A3', 'uni23A4', 'uni23A5', 'uni23A6', 'y', 'zero']
INFO  Glyph IDs:   [0, 1, 2, 3, 17, 18, 19, 20, 21, 22, 23, 24, 25, 26, 27, 28, 32, 36, 40, 49, 50, 51, 54, 55, 62, 64, 68, 70, 71, 72, 75, 76, 78, 79, 80, 81, 82, 85, 87, 92, 3512, 3513, 3514, 3515, 3516, 3517]
INFO  Closing glyph list over 'glyf': 46 glyphs before
INFO  Glyph names: ['.notdef', '.null', 'A', 'E', 'N', 'O', 'P', 'S', 'T', 'a', 'bracketleft', 'bracketright', 'c', 'd', 'e', 'eight', 'equal', 'five', 'four', 'h', 'i', 'k', 'l', 'm', 'n', 'nine', 'nonmarkingreturn', 'o', 'one', 'period', 'r', 'seven', 'six', 'slash', 'space', 't', 'three', 'two', 'uni23A1', 'uni23A2', 'uni23A3', 'uni23A4', 'uni23A5', 'uni23A6', 'y', 'zero']
INFO  Glyph IDs:   [0, 1, 2, 3, 17, 18, 19, 20, 21, 22, 23, 24, 25, 26, 27, 28, 32, 36, 40, 49, 50, 51, 54, 55, 62, 64, 68, 70, 71, 72, 75, 76, 78, 79, 80, 81, 82, 85, 87, 92, 3512, 3513, 3514, 3515, 3516, 3517]
INFO  Closed glyph list over 'glyf': 46 glyphs after
INFO  Glyph names: ['.notdef', '.null', 'A', 'E', 'N', 'O', 'P', 'S', 'T', 'a', 'bracketleft', 'bracketright', 'c', 'd', 'e', 'eight', 'equal', 'five', 'four', 'h', 'i', 'k', 'l', 'm', 'n', 'nine', 'nonmarkingreturn', 'o', 'one', 'period', 'r', 'seven', 'six', 'slash', 'space', 't', 'three', 'two', 'uni23A1', 'uni23A2', 'uni23A3', 'uni23A4', 'uni23A5', 'uni23A6', 'y', 'zero']
INFO  Glyph IDs:   [0, 1, 2, 3, 17, 18, 19, 20, 21, 22, 23, 24, 25, 26, 27, 28, 32, 36, 40, 49, 50, 51, 54, 55, 62, 64, 68, 70, 71, 72, 75, 76, 78, 79, 80, 81, 82, 85, 87, 92, 3512, 3513, 3514, 3515, 3516, 3517]
INFO  Retaining 46 glyphs
INFO  head subsetting not needed
INFO  hhea subsetting not needed
INFO  maxp subsetting not needed
INFO  OS/2 subsetting not needed
INFO  hmtx subsetted
INFO  cmap subsetted
INFO  fpgm subsetting not needed
INFO  prep subsetting not needed
INFO  cvt  subsetting not needed
INFO  loca subsetting not needed
INFO  post subsetted
INFO  gasp subsetting not needed
INFO  MATH subsetted
INFO  GDEF subsetted
INFO  GPOS subsetted
INFO  GSUB subsetted
INFO  name subsetting not needed
INFO  glyf subsetted
INFO  head pruned
INFO  OS/2 Unicode ranges pruned: [0]
INFO  OS/2 CodePage ranges pruned: [0]
INFO  glyf pruned
INFO  GDEF pruned
INFO  GPOS pruned
INFO  GSUB pruned
INFO  name pruned
INFO    Saved figures/chemical_analysis/worst_best_molecules_combined.pdf
INFO  ============================================================
INFO    DATA EXPLORATION PLOTS
INFO  ============================================================
INFO  Loading feature parquet files ...
INFO    Exp PA: 1185 molecules
INFO  Loading dataset.json for DFT PA ...
INFO  Plot 1: DFT vs Exp parity (NIST)
INFO    Saved figures/exploration/parity_dft_vs_exp.pdf
INFO  Plot 2: PM7 vs Exp parity (NIST)
INFO    Saved figures/exploration/parity_pm7_vs_exp.pdf
INFO  Plot 3: PM7 vs DFT parity (k-means site-level)
INFO    Saved figures/exploration/parity_pm7_vs_dft_kmeans.pdf
INFO  Plot combined: Parity — (a) DFT vs Exp, (b) PM7 vs Exp, (c) PM7 vs DFT
INFO    Saved figures/exploration/parity_combined.pdf
INFO  Plot 4: PA distributions
INFO    Saved figures/exploration/pa_distribution.pdf
INFO  Plot 5: PA vs MW
INFO    Saved figures/exploration/pa_vs_mw.pdf
INFO  Plot 6: Bottcher complexity (~2 min) ...
INFO    Scoring 1155 NIST + 251 k-means molecules ...
INFO    NIST mean: 80.1   k-means mean: 174.2
INFO    Saved figures/exploration/complexity_bottcher.pdf
INFO  Plot 7: DFT PA comparison (apples-to-apples)
/noether/s1/dxb5775/publication_rerun_20260814/scripts/plotting/plot_exploration.py:767: UserWarning: Tight layout not applied. The left and right margins cannot be made large enough to accommodate all Axes decorations.
  fig.tight_layout()
INFO    Saved figures/exploration/pa_dft_comparison.pdf
INFO  Plot 8: Functional group prevalence
/noether/s1/dxb5775/publication_rerun_20260814/scripts/plotting/plot_exploration.py:856: UserWarning: This figure includes Axes that are not compatible with tight_layout, so results might be incorrect.
  fig.tight_layout()
INFO    Saved figures/exploration/functional_groups.pdf
INFO  Loading k-means data (site-level) ...
INFO    PM7 PA mean: 211.9 kcal/mol
INFO    DFT PA mean: 217.8 kcal/mol
INFO    Correction mean: 5.9 kcal/mol
INFO    821 sites from 251 molecules  correction mean=5.91 std=12.12 kcal/mol
INFO  maxp pruned
INFO  cmap pruned
INFO  kern dropped
INFO  post pruned
INFO  FFTM dropped
INFO  GPOS pruned
INFO  GSUB pruned
INFO  glyf pruned
INFO  Added gid0 to subset
INFO  Added first four glyphs to subset
INFO  Closing glyph list over 'GSUB': 11 glyphs before
INFO  Glyph names: ['.notdef', '.null', 'eight', 'five', 'nine', 'nonmarkingreturn', 'one', 'seven', 'space', 'three', 'two']
INFO  Glyph IDs:   [0, 1, 2, 3, 20, 21, 22, 24, 26, 27, 28]
INFO  Closed glyph list over 'GSUB': 11 glyphs after
INFO  Glyph names: ['.notdef', '.null', 'eight', 'five', 'nine', 'nonmarkingreturn', 'one', 'seven', 'space', 'three', 'two']
INFO  Glyph IDs:   [0, 1, 2, 3, 20, 21, 22, 24, 26, 27, 28]
INFO  Closing glyph list over 'glyf': 11 glyphs before
INFO  Glyph names: ['.notdef', '.null', 'eight', 'five', 'nine', 'nonmarkingreturn', 'one', 'seven', 'space', 'three', 'two']
INFO  Glyph IDs:   [0, 1, 2, 3, 20, 21, 22, 24, 26, 27, 28]
INFO  Closed glyph list over 'glyf': 11 glyphs after
INFO  Glyph names: ['.notdef', '.null', 'eight', 'five', 'nine', 'nonmarkingreturn', 'one', 'seven', 'space', 'three', 'two']
INFO  Glyph IDs:   [0, 1, 2, 3, 20, 21, 22, 24, 26, 27, 28]
INFO  Retaining 11 glyphs
INFO  head subsetting not needed
INFO  hhea subsetting not needed
INFO  maxp subsetting not needed
INFO  OS/2 subsetting not needed
INFO  hmtx subsetted
INFO  cmap subsetted
INFO  fpgm subsetting not needed
INFO  prep subsetting not needed
INFO  cvt  subsetting not needed
INFO  loca subsetting not needed
INFO  post subsetted
INFO  gasp subsetting not needed
INFO  GDEF subsetted
INFO  GPOS subsetted
INFO  GSUB subsetted
INFO  name subsetting not needed
INFO  glyf subsetted
INFO  head pruned
INFO  OS/2 Unicode ranges pruned: [0]
INFO  OS/2 CodePage ranges pruned: [0]
INFO  glyf pruned
INFO  GDEF pruned
INFO  GPOS pruned
INFO  GSUB pruned
INFO  name pruned
INFO  maxp pruned
INFO  cmap pruned
INFO  kern dropped
INFO  post pruned
INFO  FFTM dropped
INFO  GPOS pruned
INFO  GSUB pruned
INFO  glyf pruned
INFO  Added gid0 to subset
INFO  Added first four glyphs to subset
INFO  Closing glyph list over 'MATH': 30 glyphs before
INFO  Glyph names: ['.notdef', '.null', 'N', 'O', 'a', 'b', 'c', 'e', 'eight', 'f', 'five', 'four', 'i', 'l', 'm', 'n', 'nonmarkingreturn', 'o', 'one', 'p', 'r', 's', 'six', 'slash', 'space', 't', 'three', 'two', 'u', 'zero']
INFO  Glyph IDs:   [0, 1, 2, 3, 18, 19, 20, 21, 22, 23, 24, 25, 27, 49, 50, 68, 69, 70, 72, 73, 76, 79, 80, 81, 82, 83, 85, 86, 87, 88]
INFO  Closed glyph list over 'MATH': 30 glyphs after
INFO  Glyph names: ['.notdef', '.null', 'N', 'O', 'a', 'b', 'c', 'e', 'eight', 'f', 'five', 'four', 'i', 'l', 'm', 'n', 'nonmarkingreturn', 'o', 'one', 'p', 'r', 's', 'six', 'slash', 'space', 't', 'three', 'two', 'u', 'zero']
INFO  Glyph IDs:   [0, 1, 2, 3, 18, 19, 20, 21, 22, 23, 24, 25, 27, 49, 50, 68, 69, 70, 72, 73, 76, 79, 80, 81, 82, 83, 85, 86, 87, 88]
INFO  Closing glyph list over 'GSUB': 30 glyphs before
INFO  Glyph names: ['.notdef', '.null', 'N', 'O', 'a', 'b', 'c', 'e', 'eight', 'f', 'five', 'four', 'i', 'l', 'm', 'n', 'nonmarkingreturn', 'o', 'one', 'p', 'r', 's', 'six', 'slash', 'space', 't', 'three', 'two', 'u', 'zero']
INFO  Glyph IDs:   [0, 1, 2, 3, 18, 19, 20, 21, 22, 23, 24, 25, 27, 49, 50, 68, 69, 70, 72, 73, 76, 79, 80, 81, 82, 83, 85, 86, 87, 88]
INFO  Closed glyph list over 'GSUB': 35 glyphs after
INFO  Glyph names: ['.notdef', '.null', 'N', 'O', 'a', 'b', 'c', 'e', 'eight', 'f', 'fi', 'five', 'fl', 'four', 'i', 'l', 'm', 'n', 'nonmarkingreturn', 'o', 'one', 'p', 'r', 's', 'six', 'slash', 'space', 't', 'three', 'two', 'u', 'uniFB00', 'uniFB03', 'uniFB04', 'zero']
INFO  Glyph IDs:   [0, 1, 2, 3, 18, 19, 20, 21, 22, 23, 24, 25, 27, 49, 50, 68, 69, 70, 72, 73, 76, 79, 80, 81, 82, 83, 85, 86, 87, 88, 5038, 5039, 5040, 5041, 5042]
INFO  Closing glyph list over 'glyf': 35 glyphs before
INFO  Glyph names: ['.notdef', '.null', 'N', 'O', 'a', 'b', 'c', 'e', 'eight', 'f', 'fi', 'five', 'fl', 'four', 'i', 'l', 'm', 'n', 'nonmarkingreturn', 'o', 'one', 'p', 'r', 's', 'six', 'slash', 'space', 't', 'three', 'two', 'u', 'uniFB00', 'uniFB03', 'uniFB04', 'zero']
INFO  Glyph IDs:   [0, 1, 2, 3, 18, 19, 20, 21, 22, 23, 24, 25, 27, 49, 50, 68, 69, 70, 72, 73, 76, 79, 80, 81, 82, 83, 85, 86, 87, 88, 5038, 5039, 5040, 5041, 5042]
INFO  Closed glyph list over 'glyf': 35 glyphs after
INFO  Glyph names: ['.notdef', '.null', 'N', 'O', 'a', 'b', 'c', 'e', 'eight', 'f', 'fi', 'five', 'fl', 'four', 'i', 'l', 'm', 'n', 'nonmarkingreturn', 'o', 'one', 'p', 'r', 's', 'six', 'slash', 'space', 't', 'three', 'two', 'u', 'uniFB00', 'uniFB03', 'uniFB04', 'zero']
INFO  Glyph IDs:   [0, 1, 2, 3, 18, 19, 20, 21, 22, 23, 24, 25, 27, 49, 50, 68, 69, 70, 72, 73, 76, 79, 80, 81, 82, 83, 85, 86, 87, 88, 5038, 5039, 5040, 5041, 5042]
INFO  Retaining 35 glyphs
INFO  head subsetting not needed
INFO  hhea subsetting not needed
INFO  maxp subsetting not needed
INFO  OS/2 subsetting not needed
INFO  hmtx subsetted
INFO  cmap subsetted
INFO  fpgm subsetting not needed
INFO  prep subsetting not needed
INFO  cvt  subsetting not needed
INFO  loca subsetting not needed
INFO  post subsetted
INFO  gasp subsetting not needed
INFO  MATH subsetted
INFO  GDEF subsetted
INFO  GPOS subsetted
INFO  GSUB subsetted
INFO  name subsetting not needed
INFO  glyf subsetted
INFO  head pruned
INFO  OS/2 Unicode ranges pruned: [0]
INFO  OS/2 CodePage ranges pruned: [0]
INFO  glyf pruned
INFO  GDEF pruned
INFO  GPOS pruned
INFO  GSUB pruned
INFO  name pruned

========================================================================
Regenerating 10 figures (group: main)
========================================================================

[ 1/10] parity plots + model comparison
         python scripts/plotting/plot_results.py

  Saved to: /noether/s1/dxb5775/publication_rerun_20260814/figures/model_performance/
         OK    (  7.5s)

[ 2/10] learning curves (per-task)
         python scripts/plotting/plot_learning_curves.py

  Done. Figures in /noether/s1/dxb5775/publication_rerun_20260814/figures/model_performance/
    learning_curve_combined.pdf
    learning_curve_kmeans_dft.pdf
    learning_curve_kmeans_pm7.pdf
    learning_curve_nist_dft.pdf
    learning_curve_nist_pm7.pdf
         OK    (  2.8s)

[ 3/10] learning curves (combined 2x2 panel)
         python scripts/plotting/plot_lc_combined.py
Saved /noether/s1/dxb5775/publication_rerun_20260814/figures/model_performance/learning_curve_combined.pdf/.png
         OK    (  2.0s)

[ 4/10] SHAP beeswarm / dependence / importance
         python scripts/plotting/plot_shap.py

  Done. All SHAP figures in /noether/s1/dxb5775/publication_rerun_20260814/figures/shap/
    shap_beeswarm_combined.pdf
    shap_beeswarm_kmeans.pdf
    shap_beeswarm_nist.pdf
    shap_dependence_combined.pdf
    shap_dependence_kmeans.pdf
    shap_dependence_nist.pdf
    shap_importance_kmeans.pdf
    shap_importance_nist.pdf
    shap_paper_figure.pdf
         OK    ( 13.6s)

[ 5/10] SI: paired DFT-descriptor effect
         python scripts/plotting/plot_diff_esi.py
Saved /noether/s1/dxb5775/publication_rerun_20260814/figures/model_performance/diff_esi.pdf / .png
         OK    (  1.5s)

[ 6/10] prospective error vs training-set similarity
         python scripts/analysis/tanimoto_bias_analysis.py
Loading DFT prospective results...
Computing Tanimoto similarities to training set...
Saved: /noether/s1/dxb5775/publication_rerun_20260814/figures/tanimoto_bias_plot_final.pdf
         OK    (  1.7s)

[ 7/10] chemical analysis (FG classes, corrections)
         python scripts/plotting/plot_chemical_analysis.py

  All figures saved to: figures/
  Suffixes: _nist  and  _kmeans
         OK    ( 26.2s)

[ 8/10] data exploration (PA dist, Bottcher, FG prevalence)
         python scripts/plotting/plot_exploration.py

  All exploration figures saved to: figures/
  Files: parity_dft_vs_exp, parity_pm7_vs_exp,
         parity_pm7_vs_dft_kmeans, parity_combined,
         pa_distribution, pa_vs_mw, complexity_bottcher,
         pa_dft_comparison, functional_groups
         OK    (  7.1s)

[ 9/10] k-means latent space vs ZINC
         python scripts/plotting/plot_chemical_space_zinc.py
Loading data...
Saved: /noether/s1/dxb5775/publication_rerun_20260814/figures/figure1_kmeans_latent_space_clean
         OK    (  5.4s)

[10/10] SI: protonation-site histogram (k-means)
         python scripts/plotting/plot_site_histogram.py
Generating site distribution histogram...
Saved: /noether/s1/dxb5775/publication_rerun_20260814/figures/si_site_distribution_kmeans.pdf
Saved: /noether/s1/dxb5775/publication_rerun_20260814/figures/si_site_distribution_kmeans.png  (range 1–6 sites)
         OK    (  2.6s)

========================================================================
Summary: 10 ok, 0 failed, total 70.3s
========================================================================
  [OK  ]   7.5s  parity plots + model comparison
  [OK  ]   2.8s  learning curves (per-task)
  [OK  ]   2.0s  learning curves (combined 2x2 panel)
  [OK  ]  13.6s  SHAP beeswarm / dependence / importance
  [OK  ]   1.5s  SI: paired DFT-descriptor effect
  [OK  ]   1.7s  prospective error vs training-set similarity
  [OK  ]  26.2s  chemical analysis (FG classes, corrections)
  [OK  ]   7.1s  data exploration (PA dist, Bottcher, FG prevalence)
  [OK  ]   5.4s  k-means latent space vs ZINC
  [OK  ]   2.6s  SI: protonation-site histogram (k-means)
