fold,model,sample_idx,record_id,neutral_smiles,y_true_delta,y_pred_delta,pa_pm7,pa_pred,pa_true
1,ExtraTrees,3,nist_00645122,N1=C2C=CC=C(N2C=C1C)C,28.888399999999933,30.949684999999977,967.5116,998.461285,996.4
1,ExtraTrees,10,nist_01223463,C#CCN(C)C,14.737099999999941,17.35278339999996,925.5629,942.9156833999999,940.3
1,ExtraTrees,23,nist_02477424,N1(N(C)CCCC1)C,38.627399999999966,26.79443399999988,927.4726,954.267034,966.1
1,ExtraTrees,30,nist_03042087,NC=1C=CC=CC1C,3.8722999999999956,14.459014599999943,887.0277,901.4867145999999,890.9
1,ExtraTrees,31,nist_03128596,O=C(OC)CCC,32.3913,29.253454000000044,804.0087,833.262154,836.4
1,ExtraTrees,39,nist_04021459,O(C)CCOCCOCCOC,32.03430000000003,62.71066619999993,914.5657,977.2763661999999,946.6
1,ExtraTrees,43,nist_04360263,N=1NC(=CC1C(C)(C)C)C(C)(C)C,42.79079999999999,46.11371079999983,909.9092,956.0229107999999,952.7
1,ExtraTrees,44,nist_04365347,NCCCC,11.346599999999967,8.22800219999991,910.1534,918.3814021999999,921.5
1,ExtraTrees,49,nist_04864002,N(=CN(C)C)CC,26.778099999999995,31.483358399999958,981.9219,1013.4052584,1008.7
1,ExtraTrees,51,nist_04922781,N#CCOC,-56.00979999999993,-21.550009599999967,814.1098,792.5597904,758.1
1,ExtraTrees,54,nist_05403789,O=C1N(C)CCN1C,47.57499999999993,35.68650779999993,870.825,906.5115078,918.4
1,ExtraTrees,56,nist_05598367,N(=C)C,7.207300000000032,14.727000399999994,877.3927,892.1197003999999,884.6
1,ExtraTrees,59,nist_05694638,S=C(Cl)Cl,-13.080000000000041,-13.61181600000003,765.58,751.9681840000001,752.5
1,ExtraTrees,70,nist_06260766,N1=CC=C(N1C)C(C)(C)C,42.83240000000001,42.542405599999896,896.3676,938.9100056,939.2
1,ExtraTrees,76,nist_06365793,O=C(OC)C1=CC=CC(=C1)C(=O)OC,31.776500000000055,33.74499580000024,811.7235,845.4684958000001,843.5
1,ExtraTrees,78,nist_06528973,O=COCCC,25.609500000000025,26.487935599999922,779.2905,805.7784355999999,804.9
1,ExtraTrees,83,nist_07051346,BrC1=NC=CC=C1,35.40879999999993,37.8270045999999,869.3912,907.2182045999999,904.8
1,ExtraTrees,86,nist_07275685,N(N(C)CC(C)C)(C)CC(C)C,25.745700000000056,25.563665200000017,953.9543,979.5179652,979.7
1,ExtraTrees,88,nist_07474522,O=C(C1=CC=CC(=C1C)C)C,22.807199999999966,19.71862100000003,851.7928,871.511421,874.6
1,ExtraTrees,96,nist_08274376,N(=CN(C)C)CC(C)C,22.599199999999996,30.340672999999992,991.9008,1022.241473,1014.5
1,ExtraTrees,101,nist_08445717,O=C(OC)C,28.822000000000003,26.86200679999996,792.778,819.6400068,821.6
1,ExtraTrees,107,nist_09014839,C\N=N\C,31.57159999999999,31.806024399999938,833.5284,865.3344244,865.1
1,ExtraTrees,109,nist_09220888,N=1C=NC=2N=CNC2C1,27.821000000000026,21.413070200000057,892.279,913.6920702000001,920.1
1,ExtraTrees,113,nist_09554561,CN=N,22.33209999999997,15.9758988,820.6679,836.6437988,843.0
1,ExtraTrees,128,nist_10535164,O=P(N)(N(C)C)N(C)C,-33.24509999999998,-40.26469519999992,980.7451,940.4804048000001,947.5
1,ExtraTrees,136,nist_11142692,O=C(O)C1NCCC1,16.12620000000004,29.55471680000007,904.3738,933.9285168,920.5
1,ExtraTrees,138,nist_11249345,O(CCCCC)CCCCC,44.855800000000045,35.417584200000135,807.8442,843.2617842000002,852.7
1,ExtraTrees,139,nist_11293718,O=C(C12CC3CC(CC(C3)C1)C2)C45CC6CC(CC(C6)C4)C5,25.61609999999996,21.588358999999965,868.6839,890.272259,894.3
1,ExtraTrees,140,nist_11371004,N(C)(C)CCCC,26.167200000000093,29.475412600000006,943.0328,972.5082126,969.2
1,ExtraTrees,141,nist_11431970,N#CCSC,-45.04230000000007,-22.896592799999944,829.8423,806.9457072000001,784.8
1,ExtraTrees,156,nist_12538873,O=CC=1C=CC=CC1,23.48829999999998,21.87789079999999,810.5117,832.3895908,834.0
1,ExtraTrees,158,nist_12711106,N(C)(C)CCCN(C)C,30.08820000000003,77.7614608000002,1005.1118,1082.8732608000003,1035.2
1,ExtraTrees,170,nist_13496787,O=CC(=C)C,17.719900000000052,18.97288439999994,790.9801,809.9529843999999,808.7
1,ExtraTrees,174,nist_13989723,O=C1C=C(N2CCCCC2)CC(C)(C)C1,13.163700000000063,26.864032599999977,987.5363,1014.4003326,1000.7
1,ExtraTrees,178,nist_14533775,C1=CC(C)(C)CCN1C,57.60450000000003,42.792042400000035,922.2955,965.0875424,979.9
1,ExtraTrees,184,nist_14951776,N=CC=1C=CC=CC1,-15.836300000000051,5.569033599999988,927.7363,933.3053336,911.9
1,ExtraTrees,192,nist_15848754,O=C(OC)C1=CC=C(SC)C(Cl)=C1,2.979099999999903,3.1656467999999744,853.3209,856.4865468,856.3
1,ExtraTrees,198,nist_16344998,OCC=1C=CC=CC1,-14.753900000000044,23.5499136,793.0539,816.6038136,778.3
1,ExtraTrees,199,nist_16446377,O(C)C1CCCCC1,41.539999999999964,32.98738000000013,798.96,831.9473800000002,840.5
1,ExtraTrees,208,nist_17016062,O=P(N(C)C)(N(C)C)C,-50.210300000000075,-42.55023999999995,1001.5103,958.9600600000001,951.3
1,ExtraTrees,209,nist_17193270,N(N(C)CCCC)(C)CCCC,34.60579999999993,38.55507519999996,941.2942,979.8492752,975.9
1,ExtraTrees,210,nist_17229880,O=C(O)C=C(C)C,-12.394700000000057,22.28668860000001,835.2947,857.5813886000001,822.9
1,ExtraTrees,218,nist_17865094,NC=1C(=CC=CC1C)C,1.4396000000000413,16.405721399999955,900.2604,916.6661214,901.7
1,ExtraTrees,220,nist_18300597,C=1C=CC(=CC1)N2CC2,35.16110000000003,23.984640799999937,891.3389,915.3235407999999,926.5
1,ExtraTrees,231,nist_19159360,N(=C(N(C)C)C)C12CC3CC(CC(C3)C1)C2,45.679899999999975,33.79279859999993,1005.1201,1038.9128985999998,1050.8
1,ExtraTrees,240,nist_20480616,O=C(N)C=C,28.359800000000064,29.20218339999996,842.3402,871.5423834,870.7
1,ExtraTrees,242,nist_20715884,O=C(O)C(N)C(O)C,31.100900000000024,24.93321739999995,891.3991,916.3323174,922.5
1,ExtraTrees,243,nist_20751193,N(C)(C)CC1CCCCC1,32.242000000000075,18.594503999999972,943.358,961.9525039999999,975.6
1,ExtraTrees,244,nist_20753730,O=C(OC)C1=CC=C(F)C=C1,32.79869999999994,31.32109719999997,808.5013,839.8223972,841.3
1,ExtraTrees,247,nist_21153621,S(C(SC)=C)C,59.53640000000007,8.998592400000046,871.5636,880.5621924,931.1
1,ExtraTrees,260,nist_22282438,O=C(OC)C1=CC=CC(=C1)S(=O)(=O)F,-33.08879999999999,-35.57475620000022,839.1888,803.6140437999998,806.1
1,ExtraTrees,265,nist_22641612,S1CCCCCCC1,-32.51710000000003,-20.816426599999954,893.0171,872.2006734,860.5
1,ExtraTrees,270,nist_23100417,N=1C=CC=CC1CCCCCC,43.67169999999999,36.78927159999993,919.9283,956.7175715999999,963.6
1,ExtraTrees,274,nist_23239434,N1CCCCCC1,6.838799999999992,19.184637199999997,949.8612,969.0458372,956.7
1,ExtraTrees,275,nist_23329284,N#CC1=CC=CC(=C1)[N+]([O-])=O,-18.29079999999999,-14.788984200000083,799.6908,784.9018157999999,781.4
1,ExtraTrees,289,nist_24707863,O=C1CC2C=CC1C2,56.081999999999994,44.93218980000001,789.218,834.1501898,845.3
1,ExtraTrees,290,nist_24728069,O=C(OCC)NC,47.37839999999994,40.183879999999995,841.4216,881.6054800000001,888.8
1,ExtraTrees,292,nist_24854403,O(C(C)CC)C(C)CC,14.876899999999978,26.476536800000044,851.0231,877.4996368000001,865.9
1,ExtraTrees,298,nist_25078321,C/C=C/C(O)=O,11.348299999999995,28.26291160000002,812.6517,840.9146116000001,824.0
1,ExtraTrees,299,nist_25137753,C=1C=C(C=CC1N(C)C)C,18.41070000000002,17.570923200000035,931.5893,949.1602232,950.0
1,ExtraTrees,306,nist_25479775,C/C=C/C(=O)N(C)C,26.014499999999998,26.70448940000005,904.2855,930.9899894,930.3
1,ExtraTrees,308,nist_25538040,N1CCNCC1,42.700199999999995,43.263669199999974,900.9998,944.2634692,943.7
1,ExtraTrees,309,nist_25548727,O1P2OCC(C)(C1)CO2,21.90479999999991,10.843097199999978,860.8952,871.7382972,882.8
1,ExtraTrees,318,nist_26355090,N=1C=CC=C(C1C)C,39.74699999999996,38.81982519999999,919.153,957.9728252,958.9
1,ExtraTrees,319,nist_26397715,FC(F)(F)CO,45.581800000000044,35.332909600000086,654.6182,689.9511096000001,700.2
1,ExtraTrees,321,nist_26641579,O=C(OCC)C=1C=NNC1,45.036800000000085,43.010969600000095,835.6632,878.6741696,880.7
1,ExtraTrees,323,nist_26761966,FC=1N=C(F)C(F)=C(F)C1F,-12.326000000000022,37.53234339999993,777.226,814.7583434,764.9
1,ExtraTrees,327,nist_26928538,O=NC=1C=CC=CC1,36.3365,19.919520599999952,817.9635,837.8830205999999,854.3
1,ExtraTrees,328,nist_26938256,N=1C=CNC1,32.03789999999992,27.315174200000012,910.7621,938.0772742,942.8
1,ExtraTrees,336,nist_27566950,S=C1NCCN1,12.556699999999978,7.724671400000025,909.3433,917.0679714,921.9
1,ExtraTrees,342,nist_27801636,O1C2C=CC1CC2,16.60609999999997,47.309926199999936,820.4939,867.8038262,837.1
1,ExtraTrees,351,nist_28651053,N(C)(C)C,29.63149999999996,17.427276600000006,919.2685,936.6957766,948.9
1,ExtraTrees,352,nist_28657934,NCC=1C=CC=CC1,-4.921900000000051,19.311497200000005,918.2219,937.5333972,913.3
1,ExtraTrees,354,nist_28932091,N=1C=CC=C(C1)C,41.84000000000003,41.341337999999936,901.56,942.9013379999999,943.4
1,ExtraTrees,355,nist_29100742,O1P2OCC(O2)C1,-23.75509999999997,8.025230399999963,826.8551,834.8803303999999,803.1
1,ExtraTrees,359,nist_29237375,CN1C(=CC=N1)[N+](=O)[O-],53.19369999999992,31.363558399999846,797.1063,828.4698583999999,850.3
1,ExtraTrees,361,nist_29508003,SC,-57.4615,-38.19176260000001,830.8615,792.6697373999999,773.4
1,ExtraTrees,363,nist_29713370,NC(C)CC,10.9298,11.954826399999973,918.7702,930.7250264,929.7
1,ExtraTrees,371,nist_30386149,C/C=C/C(N)=O,18.505800000000022,30.680490999999943,868.5942,899.274691,887.1
1,ExtraTrees,377,nist_31002428,O=C(OC)C1=CC=CC(=C1C)C,22.229600000000005,24.13046180000006,841.3704,865.5008618,863.6
1,ExtraTrees,380,nist_31395114,N(CC)(C(C)C)C(C)C,21.10349999999994,26.757646600000022,973.1965,999.9541466000001,994.3
1,ExtraTrees,390,nist_32481438,N1=CC=C(C=2C=CC=CC2)N1C,41.09719999999993,41.173830000000024,891.3028,932.4766300000001,932.4
1,ExtraTrees,394,nist_32579757,N[C@@H](CCC(N)=O)C(O)=O,3.6166999999999234,31.544436000000015,934.1833,965.727736,937.8
1,ExtraTrees,405,nist_33484811,O=C(O)C1CCCCC1,20.022299999999973,23.835137400000043,803.7777,827.6128374,823.8
1,ExtraTrees,420,nist_35279711,CC(=C)C1=CC=C(C=C1)N,47.67309999999998,25.86733960000003,882.1269,907.9942396,929.8
1,ExtraTrees,423,nist_35559914,NC1=CC=CC=2C=CC=CC12,20.851,18.23985239999996,886.149,904.3888523999999,907.0
1,ExtraTrees,425,nist_35733258,N(=C(N(C)C)CC)C(C)C,29.129699999999957,35.07673899999985,1007.8703,1042.947039,1037.0
1,ExtraTrees,427,nist_35876009,FC1=CC(C#C)=CC=C1OC,136.17650000000003,96.14095160000024,735.7235,831.8644516000002,871.9
1,ExtraTrees,428,nist_36510705,N=1NC(=CC1C)C,48.7903,44.60977060000009,884.7097,929.3194706,933.5
1,ExtraTrees,429,nist_36572823,O=P(C)(C)C,-72.63810000000001,-46.38406479999995,982.3381,935.9540352000001,909.7
1,ExtraTrees,432,nist_36759728,N#CC=1C=NC=CC1,30.38760000000002,27.541607200000144,846.6124,874.1540072000001,877.0
1,ExtraTrees,433,nist_36795221,O=C(C=CC)C,15.380799999999908,20.13654320000002,848.9192,869.0557432,864.3
1,ExtraTrees,435,nist_36845317,OCCCCO,168.87160000000006,30.63667459999997,746.7284,777.3650746,915.6
1,ExtraTrees,436,nist_36867178,N=1C=CC=CC1CCC,40.7084000000001,38.75057299999998,914.9916,953.742173,955.7
1,ExtraTrees,445,nist_37839563,O=C(NO)C,26.937999999999988,30.01967820000001,827.062,857.0816782,854.0
1,ExtraTrees,447,nist_37914138,O=C(C)C(C)(C)C,16.673200000000065,20.775867799999958,823.4268,844.2026678,840.1
1,ExtraTrees,461,nist_39229641,C=1C=CC(=CC1)NC,19.524,18.979203999999946,897.076,916.055204,916.6
1,ExtraTrees,462,nist_39273643,N1(N(C)C2CCC1C2)C,25.19309999999996,34.344878199999926,952.8069,987.1517782,978.0
1,ExtraTrees,465,nist_39399941,S=C=C,21.28660000000002,-16.198762200000047,804.9134,788.7146378,826.2
1,ExtraTrees,467,nist_39675267,O=C(C=1C=NC=CC1)C,38.316100000000006,38.268794600000106,877.8839,916.1526946000001,916.2
1,ExtraTrees,477,nist_40460862,C=1C=C(C(=C(C1)C)N(C)C)C,19.678499999999985,20.517673599999966,934.4215,954.9391736,954.1
1,ExtraTrees,486,nist_41160678,O=CNCCC,28.80340000000001,26.121421800000004,849.5966,875.7180218,878.4
1,ExtraTrees,494,nist_41702434,O=C1CCC(=O)CC1,33.91520000000003,66.96967500000014,778.5848,845.5544750000001,812.5
1,ExtraTrees,506,nist_43041016,O=C1C=CC(=C)C=C1,58.85659999999996,25.55009520000003,864.9434,890.4934952,923.8
1,ExtraTrees,513,nist_43721826,O(C)CC(C)(C)C,30.51159999999993,27.782757000000093,795.2884,823.0711570000001,825.8
1,ExtraTrees,514,nist_43728677,O=C(OC)C1=CC=C(O)C=C1,30.186899999999923,33.404153800000145,833.2131,866.6172538000002,863.4
1,ExtraTrees,522,nist_44227846,N1=CN(C=2C=CC=CC12)C,20.628400000000056,32.768985400000076,946.3716,979.1405854,967.0
1,ExtraTrees,523,nist_44409379,N12CCCC(CCC1)CCC2,41.76030000000003,7.094378000000007,936.9397,944.034078,978.7
1,ExtraTrees,526,nist_44591186,S=C(OC)SC,-4.47199999999998,-5.92194740000001,867.072,861.1500526,862.6
1,ExtraTrees,527,nist_44773830,S=C(OC)N(C)C,-2.111499999999978,-1.6066290000000023,902.1115,900.504871,900.0
1,ExtraTrees,528,nist_44827848,O=COCC(F)(F)F,36.7799,38.00648360000003,708.7201,746.7265836,745.5
1,ExtraTrees,532,nist_45088457,N=1NC(=C(C1C)C)C,55.40459999999996,44.6416190000001,893.8954,938.5370190000001,949.3
1,ExtraTrees,533,nist_45107977,N=1C=CC(N)=CC1,43.65510000000006,38.068675599999864,936.0449,974.1135755999999,979.7
1,ExtraTrees,534,nist_45268563,O=C(OCCC)C(F)(F)F,41.25069999999994,39.18601619999979,722.6493,761.8353161999999,763.9
1,ExtraTrees,536,nist_45497673,O(N)C,-12.390600000000063,27.261554599999986,857.1906,884.4521546,844.8
1,ExtraTrees,538,nist_45560487,N=1C=CC2=C(C1)CC2,50.863399999999956,43.96372519999997,906.6366,950.6003252,957.5
1,ExtraTrees,548,nist_46220433,O=CCCC,11.798000000000002,18.03433299999994,780.902,798.936333,792.7
1,ExtraTrees,549,nist_46329921,SCCCC,-39.44029999999998,-26.897693799999825,841.1403,814.2426062000002,801.7
1,ExtraTrees,554,nist_46814920,O(C)CCCC,41.802299999999946,49.28480860000018,778.4977,827.7825086000001,820.3
1,ExtraTrees,560,nist_47116388,O=C(OC)C1=CC=C(C=C1)C,25.432500000000005,26.483884799999977,836.0675,862.5513847999999,861.5
1,ExtraTrees,567,nist_47676640,N(C)(C)C(C)CC,29.66840000000002,25.14741359999998,946.2316,971.3790135999999,975.9
1,ExtraTrees,570,nist_48293108,ClC1CN2CCC1CC2,50.40999999999997,45.888705599999916,903.89,949.7787055999999,954.3
1,ExtraTrees,573,nist_48569661,O=C(O)C=1C=CC=CC1,17.82439999999997,21.173116999999927,803.2756,824.448717,821.1
1,ExtraTrees,575,nist_49251626,C=1C=CC2=C(C1)N3CCC2CC3,44.8984999999999,28.465630199999985,934.9015,963.3671302,979.8
1,ExtraTrees,578,nist_49730683,N(=C(N(C)C)N(C)C)C,65.11830000000009,57.062956400000196,982.5817,1039.6446564000003,1047.7
1,ExtraTrees,581,nist_50107394,O1CC=CC1,51.99040000000002,56.257477799999855,771.4096,827.6670777999998,823.4
1,ExtraTrees,582,nist_50141587,N12CCC(CC1)CC2C,40.02379999999994,41.734894799999886,946.8762,988.6110947999999,986.9
1,ExtraTrees,584,nist_50355236,CC\C=C\C(O)=O,11.292800000000057,27.215516400000016,812.3072,839.5227164,823.6
1,ExtraTrees,593,nist_51312159,O=C1CC2(C)CCC1(C)C2(C)C,34.34019999999998,32.21993140000026,828.9598,861.1797314000003,863.3
1,ExtraTrees,597,nist_51504303,ClC12CCN(CC1)CC2,51.6422,40.350775199999966,897.7578,938.1085751999999,949.4
1,ExtraTrees,602,nist_51734067,O=C(OC)C1=CC=C(C=C1)S(=O)(=O)C,-69.36259999999993,-63.936176599999634,897.0626,833.1264234000004,827.7
1,ExtraTrees,615,nist_52716431,N=1N=CC=CC1,61.69580000000008,46.09161640000011,845.5042,891.5958164000001,907.2
1,ExtraTrees,620,nist_53017557,O=C(C1=CC=C(C=C1)C(F)(F)F)C,40.48059999999998,31.112550999999968,796.4194,827.5319509999999,836.9
1,ExtraTrees,622,nist_53405452,O=C(O)C(=C)C,25.390800000000013,30.950043000000015,791.3092,822.2592430000001,816.7
1,ExtraTrees,629,nist_53630252,CC/C=C/C(C)=O,14.647199999999998,20.133958000000025,850.9528,871.086758,865.6
1,ExtraTrees,643,nist_55060975,N=1C(=CC=CC1C(C)(C)C)C(C)(C)C,26.823599999999942,33.989105999999836,956.0764,990.0655059999999,982.9
1,ExtraTrees,649,nist_55620107,N(N(C)CCCC)(C)C,32.69349999999997,27.296087199999874,937.8065,965.1025871999999,970.5
1,ExtraTrees,666,nist_57171445,O=C(N)C1=CC=C(C=C1)C(F)(F)F,35.483799999999974,36.86825600000002,827.3162,864.184456,862.8
1,ExtraTrees,668,nist_57202872,SC(C)C,-43.60640000000001,-32.601348199999926,847.2064,814.6050518000001,803.6
1,ExtraTrees,670,nist_57329903,O=C(O)CCC(N)C(=O)O,-9.54849999999999,26.303413400000068,922.5485,948.8519134000001,913.0
1,ExtraTrees,677,nist_57711020,N1=CC=CN1,55.80790000000002,43.91675880000011,838.2921,882.2088588000001,894.1
1,ExtraTrees,688,nist_58481649,SCC(C)C,-41.107399999999984,-27.838015999999822,843.7074,815.8693840000002,802.6
1,ExtraTrees,689,nist_58692665,O1COCCC1,36.28369999999995,38.20445880000002,789.1163,827.3207588,825.4
1,ExtraTrees,690,nist_58813186,CC(C)(C)N=C(N(C)C)N(C)C,73.94999999999993,66.6501095999996,987.85,1054.5001095999996,1061.8
1,ExtraTrees,696,nist_59284251,O=CC1=CC=C(C=C1)N(C)C,15.901599999999917,20.736655399999993,908.8984,929.6350554,924.8
1,ExtraTrees,703,nist_59884392,N=CC=C,7.926900000000046,4.993212199999982,904.1731,909.1663122,912.1
1,ExtraTrees,706,nist_59996020,O=C(O)CC,13.539000000000101,25.662507000000005,783.661,809.323507,797.2
1,ExtraTrees,715,nist_60517184,OC,32.440099999999916,17.65909319999996,721.8599,739.5189932,754.3
1,ExtraTrees,720,nist_61287326,N1CCC1,26.647899999999936,17.83138599999996,916.7521,934.583486,943.4
1,ExtraTrees,722,nist_61651544,N1=CC(=CN1)C=2C=CC=CC2,54.60130000000004,45.64508840000011,851.3987,897.0437884,906.0
1,ExtraTrees,723,nist_61691278,O=C(O)C=1C=CC=CC1N,41.487300000000005,20.64921339999998,860.0127,880.6619134,901.5
1,ExtraTrees,730,nist_62149732,N#CC=1C=CC=CC1,-24.9443,-18.633292799999982,836.4443,817.8110072000001,811.5
1,ExtraTrees,733,nist_62454036,O=C1C=C(N(C)C)CC(C)(C)C1,14.45539999999994,23.392158600000005,969.3446,992.7367586,983.8
1,ExtraTrees,737,nist_63222613,O(C)C1C2CC3CC(C2)CC1C3,33.25930000000005,30.736150200000065,826.9407,857.6768502000001,860.2
1,ExtraTrees,750,nist_64756711,N#CC1=CC=C(C=C1)S(=O)(=O)C,-85.27080000000001,-79.17223779999955,883.9708,804.7985622000006,798.7
1,ExtraTrees,762,nist_66209958,N=1C=CC=C(OC)C1,40.857900000000086,43.2732189999998,901.8421,945.1153189999998,942.7
1,ExtraTrees,765,nist_66365421,N=1C=C(N(C1)C)C,30.97530000000006,31.001064600000156,946.6247,977.6257646000001,977.6
1,ExtraTrees,768,nist_66507605,OC(C)(C)C,-31.0634,12.065730400000003,833.6634,845.7291304,802.6
1,ExtraTrees,777,nist_67505553,O=C(C)CCC,20.601600000000076,19.131068799999976,812.0984,831.2294688,832.7
1,ExtraTrees,780,nist_67793707,N=C(N(C)C)N(C)C,45.99839999999995,43.81914760000005,985.6016,1029.4207476,1031.6
1,ExtraTrees,782,nist_67917449,O=C1CC2(CC)CCC1(C)C2(C)C,28.035300000000007,30.8468334000002,837.0647,867.9115334000002,865.1
1,ExtraTrees,784,nist_68468519,N1=C2C=CC=CC2=CN1C,44.86689999999999,41.45288120000003,896.5331,937.9859812,941.4
1,ExtraTrees,788,nist_69511256,O=C(C)C(C)C,22.00299999999993,22.223966799999946,814.297,836.5209668,836.3
1,ExtraTrees,789,nist_69561033,N#CCCN,6.342899999999986,6.374131799999983,860.0571,866.4312318,866.4
1,ExtraTrees,798,nist_70221980,N=1C=CC=2C=CC=CC2C1,41.999900000000025,38.10696220000004,909.7001,947.8070622,951.7
1,ExtraTrees,801,nist_70494540,O=P(C=1C=CC=CC1)(C=2C=CC=CC2)C(C)C,-76.02390000000003,-72.60633780000003,984.9239,912.3175622,908.9
1,ExtraTrees,809,nist_71251271,O=C1C=C(Cl)CC(C)(C)C1,31.777799999999957,27.434518800000006,836.1222,863.5567188,867.9
1,ExtraTrees,813,nist_71367297,C1=CN=CC=C1[N+](=O)[O-],43.15739999999994,39.18411359999997,831.1426,870.3267136,874.3
1,ExtraTrees,817,nist_71552108,O(C)CCCCCOC,155.16689999999994,134.41858039999977,776.1331,910.5516803999998,931.3
1,ExtraTrees,820,nist_71655748,N=1C=CN=CC1,36.994699999999966,35.092240000000025,840.1053,875.1975400000001,877.1
1,ExtraTrees,822,nist_71751185,O(C1=CC=CC(=C1)N(C)C)C,0.8173000000000457,17.044876800000026,919.7827,936.8275768,920.6
1,ExtraTrees,830,nist_72468975,O=C(OC)C=1C=C(C(=C(C1)C)N(C)C)C,28.333399999999983,25.305658400000006,917.0666,942.3722584,945.4
1,ExtraTrees,838,nist_73033780,O=C=CC,156.61840000000007,24.301902799999983,677.4816,701.7835028,834.1
1,ExtraTrees,842,nist_73139248,FC(F)(F)CSCC,-34.192999999999984,15.993613799999979,831.793,847.7866137999999,797.6
1,ExtraTrees,844,nist_73250725,O=C(C)CC(O)(C)C,-37.31939999999997,27.57547139999998,860.2194,887.7948713999999,822.9
1,ExtraTrees,850,nist_73650291,O1C=CCCC1,116.47649999999999,98.27802539999969,749.3235,847.6015253999997,865.8
1,ExtraTrees,861,nist_74780065,ClC(Cl)(Cl)CO,53.355500000000006,36.62362920000002,675.9445,712.5681291999999,729.3
1,ExtraTrees,867,nist_75465264,C#CCNCC#C,10.04340000000002,11.840007600000016,899.9566,911.7966076,910.0
1,ExtraTrees,877,nist_76013038,OCCCN,21.692300000000046,21.94226980000006,940.8077,962.7499698,962.5
1,ExtraTrees,881,nist_76266323,N=1C=CC(=CC1)C(C)(C)C,42.12440000000004,39.95133599999994,915.5756,955.526936,957.7
1,ExtraTrees,887,nist_76950184,NC1=CC=CC=2C=CC=C(N)C12,26.528400000000033,30.184079800000053,917.9716,948.1556798,944.5
1,ExtraTrees,889,nist_77126152,N1(N2CCCC2)CCCC1,21.19080000000008,14.005469000000009,958.5092,972.514669,979.7
1,ExtraTrees,890,nist_77186714,CC(=O)C1=CC=C(C=C1)[N+](=O)[O-],40.33069999999998,29.107449200000143,783.9693,813.0767492000001,824.3
1,ExtraTrees,903,nist_78295119,O=C(N(C)C)C12CC3CC(CC(C3)C1)C2,38.08619999999996,27.983479599999992,911.3138,939.2972796,949.4
1,ExtraTrees,909,nist_78964640,OC=1C=CC=CC1,91.9099,24.64655559999997,725.3901,750.0366555999999,817.3
1,ExtraTrees,910,nist_78970700,O=C(OCC)C1=NNC(=C1)C(=O)OCC,47.59749999999997,47.426185600000146,834.0025,881.4286856000002,881.6
1,ExtraTrees,916,nist_79723683,C=CN,44.761999999999944,38.237408200000004,854.138,892.3754082,898.9
1,ExtraTrees,922,nist_80075866,C=1C=CC(=C(C1)N(C)C)C(C)(C)C,17.836900000000014,19.730657800000007,943.1631,962.8937578,961.0
1,ExtraTrees,923,nist_80120975,O=C(Cl)OCC,33.45989999999995,36.311981999999894,731.3401,767.652082,764.8
1,ExtraTrees,926,nist_80404833,OCCCC,29.285400000000095,20.261078200000032,759.9146,780.1756782,789.2
1,ExtraTrees,927,nist_80461731,O=CC(Cl)(Cl)Cl,35.852199999999925,35.01029959999996,686.4478,721.4580996,722.3
1,ExtraTrees,933,nist_81108276,N1C(CCCC1C(C)(C)C)C(C)(C)C,-14.68629999999996,15.239352599999991,1007.1863,1022.4256525999999,992.5
1,ExtraTrees,936,nist_81318994,N(=C(N(C)C)C)CCN(C)C,39.89350000000002,52.84349479999993,1008.6065,1061.4499948,1048.5
1,ExtraTrees,937,nist_81398916,N=1C=CC=CC1C(C)(C)C,36.39020000000005,37.07984739999995,925.3098,962.3896474,961.7
1,ExtraTrees,939,nist_81584935,S=C(C1CC1)C2CC2,39.00739999999996,-3.9327446,865.2926,861.3598554,904.3
1,ExtraTrees,943,nist_82122137,C1=CC(=CC=C1C=O)[N+](=O)[O-],23.887200000000007,17.369526800000042,771.2128,788.5823268,795.1
1,ExtraTrees,946,nist_82395421,N1(C)CC1,46.45709999999997,14.256112199999974,888.3429,902.5990122,934.8
1,ExtraTrees,952,nist_82920242,N1=C(C=C(N1C)C)C,40.8540999999999,43.863162400000135,908.4459,952.3090624000001,949.3
1,ExtraTrees,954,nist_82938045,N#CC1CCNCC1,9.912799999999947,18.085501399999973,902.3872,920.4727014,912.3
1,ExtraTrees,958,nist_83081062,CN(C)C1=CC(=CC=C1)[N+](=O)[O-],22.63009999999997,22.856134000000065,871.4699,894.3260340000002,894.1
1,ExtraTrees,962,nist_83272671,O=C=CC#N,-51.05799999999999,-27.918956600000026,835.058,807.1390434,784.0
1,ExtraTrees,963,nist_83387160,ClC1=CC=C(C=C1)N(CC)CC,20.14829999999995,24.199385999999908,910.8517,935.0510859999999,931.0
1,ExtraTrees,964,nist_83417721,O=S(=O)(C=1C=CC=CC1)C,-98.4828,-51.69374919999983,911.1828,859.4890508000002,812.7
1,ExtraTrees,966,nist_83472162,C(C[C@@H](C(=O)O)N)CNC(=N)N,120.18439999999998,34.9153838,930.8156,965.7309838,1051.0
1,ExtraTrees,970,nist_84007634,O=CC1=CC=C(F)C=C1,24.65420000000006,28.58067679999985,802.4458,831.0264767999998,827.1
1,ExtraTrees,992,nist_86201120,C(CCN)C[C@@H](C(=O)O)N,8.237799999999993,31.5308148,987.7622,1019.2930148,996.0
1,ExtraTrees,1002,nist_87000699,N=1C=CC=C(SC)C1,36.42139999999995,41.18517539999994,900.0786,941.2637754,936.5
1,ExtraTrees,1004,nist_87080802,O=C(C1=CC=C(C=C1)C)N(C)C,10.67859999999996,19.810226999999912,916.3214,936.131627,927.0
1,ExtraTrees,1007,nist_87337129,O=C1N=CC=CN1,-10.72849999999994,35.25109460000003,883.4285,918.6795946,872.7
1,ExtraTrees,1008,nist_87545266,N#CC1=CC=CC(C#N)=C1,-32.0064000000001,-26.41881780000013,811.3064,784.8875821999999,779.3
1,ExtraTrees,1033,nist_89395321,SCCC,-48.13959999999997,-31.083724599999787,843.0396,811.9558754000002,794.9
1,ExtraTrees,1035,nist_89431405,SCC(C)(C)C,-39.77350000000001,-25.759727599999902,849.2735,823.5137724000001,809.5
1,ExtraTrees,1039,nist_90103179,FC(F)(F)CCN,24.807700000000068,26.051669800000017,862.3923,888.4439698,887.2
1,ExtraTrees,1045,nist_90792840,O=C(O)CCl,22.047699999999963,29.591681200000075,743.3523,772.9439812,765.4
1,ExtraTrees,1046,nist_90841322,N=1NC=C(C1C)C,52.74289999999996,45.95314420000009,874.5571,920.5102442000001,927.3
1,ExtraTrees,1065,nist_92321253,C#CC1=CC=C(OC)C=C1,139.84259999999995,96.44413220000023,746.5574,843.0015322000003,886.4
1,ExtraTrees,1071,nist_92586897,N1CCCCC1,46.27499999999998,19.58453539999999,907.725,927.3095354,954.0
1,ExtraTrees,1081,nist_93681672,O=C1C=CNC(=O)N1,50.24610000000007,43.42370240000001,822.4539,865.8776024,872.7
1,ExtraTrees,1089,nist_94441191,O=C(N)C=1C=CC=C(Cl)C1,38.85820000000001,36.34818580000002,838.3418,874.6899858,877.2
1,ExtraTrees,1090,nist_94451450,O=C(O)C=1C=CC=C(N)C1,10.478700000000003,21.727782399999974,854.2213,875.9490824000001,864.7
1,ExtraTrees,1093,nist_94688233,N#CC12CC3CC(CC(C3)C1)C2,-16.759300000000053,-9.673139999999998,851.1593,841.48616,834.4
1,ExtraTrees,1101,nist_95621340,C1CC2CCC1[C@H]([C@H]2O)N,1.6896000000000413,10.351266200000019,946.9104,957.2616662,948.6
1,ExtraTrees,1102,nist_95622300,C=1C=C2C=CC=C(NC)C2=C(C1)NC,6.577099999999973,25.45569400000008,953.7229,979.1785940000001,960.3
1,ExtraTrees,1103,nist_95653395,CN(C)[P]1(=O)N(C)CCN1C,-27.517299999999977,-38.300575199999905,989.2173,950.9167248000001,961.7
1,ExtraTrees,1116,nist_96680985,O(C)C(C)C,24.263599999999997,28.80020440000011,802.0364,830.8366044,826.3
1,ExtraTrees,1119,nist_97161324,N=1C=CN2C=CC(=CC12)C,42.27539999999999,35.425875799999936,952.3246,987.7504758,994.6
1,ExtraTrees,1120,nist_97344020,O(CC)C(C)C,14.793000000000006,23.21217020000006,827.907,851.1191702000001,842.7
1,ExtraTrees,1140,nist_98610883,O=CO,17.21410000000003,24.21856860000005,724.7859,749.0044686,742.0
1,ExtraTrees,1141,nist_98732490,N#CN,-4.020899999999983,-5.1716387999999975,809.6209,804.4492612,805.6
1,ExtraTrees,1146,nist_98985215,O=C(OC)CC,26.225900000000024,30.417698999999956,803.9741,834.391799,830.2
1,ExtraTrees,1147,nist_99136171,O=C(C=1C=CC=CC1)N(C)C,26.16669999999999,24.25082479999992,906.5333,930.7841248,932.7
2,ExtraTrees,2,nist_00438872,O=CCC,9.421600000000012,19.711589199999946,776.5784,796.2899891999999,786.0
2,ExtraTrees,5,nist_00804112,N(C)(C)CCCCN(C)C,114.37119999999993,62.141784199999904,931.9288,994.0705842,1046.3
2,ExtraTrees,6,nist_00837453,O=C1CCCCCC1,18.64269999999999,22.033044999999984,826.9573,848.990345,845.6
2,ExtraTrees,9,nist_00930813,O=C(N(C)C)C,25.744100000000003,26.734396999999966,882.2559,908.9902969999999,908.0
2,ExtraTrees,12,nist_01387778,O=C(N(O)C)C,41.1087,29.468881799999963,835.0913,864.5601818,876.2
2,ExtraTrees,25,nist_02544009,O=C(C)CF,22.75139999999999,20.401406999999967,772.6486,793.0500069999999,795.4
2,ExtraTrees,29,nist_02863785,N(=CN(C)C)C=1C=CC=CC1,15.784899999999993,26.307797599999997,968.0151,994.3228975999999,983.8
2,ExtraTrees,33,nist_03355041,O=C(C)CCC(=O)C,26.07280000000003,22.851734599999993,865.9272,888.7789346,892.0
2,ExtraTrees,47,nist_04553846,O=C(C=1C=CC=C(O)C1)C,37.737300000000005,29.00451360000001,825.8627,854.8672136,863.6
2,ExtraTrees,55,nist_05459594,N(=C(N(C)C)C)C1CC1,40.37589999999989,34.95941499999997,983.7241,1018.6835149999999,1024.1
2,ExtraTrees,58,nist_05641564,N1=CC=CN1C,45.84749999999997,46.54664680000009,866.1525,912.6991468000001,912.0
2,ExtraTrees,60,nist_05715452,N#CC(C)C,-26.395899999999983,-23.395854799999917,829.9959,806.6000452000001,803.6
2,ExtraTrees,62,nist_05716685,O=C(C1=CC=C(C=C1C)C)C,17.376600000000053,22.162307600000045,865.2234,887.3857076,882.6
2,ExtraTrees,63,nist_06046479,N1=C2C=CC=CC2=NN1C,38.218900000000076,41.392829800000065,851.8811,893.2739298,890.1
2,ExtraTrees,65,nist_06053099,O=C(C=C)C,20.295000000000073,24.57220659999994,814.405,838.9772065999999,834.7
2,ExtraTrees,66,nist_06069824,C=1C=CC(=CC1)N(C)C,22.478200000000015,19.92044120000001,918.6218,938.5422412,941.1
2,ExtraTrees,67,nist_06103670,N(C)(C)C12CC3CC(CC(C3)C1)C2,29.91859999999997,24.357064799999968,963.9814,988.3384648,993.9
2,ExtraTrees,71,nist_06290119,P=1C=CC=CC1,-88.14339999999993,-22.01866140000004,905.8434,883.8247385999999,817.7
2,ExtraTrees,72,nist_06294951,S(C)C,-34.281600000000026,-26.492560200000014,865.1816,838.6890398,830.9
2,ExtraTrees,77,nist_06512381,O=C(OC)C=C,24.456199999999967,32.43604119999994,801.3438,833.7798412,825.8
2,ExtraTrees,82,nist_06983572,BrC=1C=C(C(=C(C1)C)N(C)C)C,15.542500000000018,23.388033599999964,919.8575,943.2455335999999,935.4
2,ExtraTrees,84,nist_07203878,ClC=1N=C(C=CC1)C,23.75909999999999,36.60600899999987,884.2409,920.8469089999999,908.0
2,ExtraTrees,92,nist_08044055,N#CCCOCCC#N,-50.942600000000084,-7.137088399999987,864.7426,857.6055116,813.8
2,ExtraTrees,94,nist_08074979,S=C(OCC)C,-10.926600000000008,0.3054503999999963,874.5266,874.8320504000001,863.6
2,ExtraTrees,97,nist_08279524,ClC1=CC=C(N)C=C1,18.896099999999933,17.44773699999996,854.9039,872.351637,873.8
2,ExtraTrees,100,nist_08430964,O=NOC(C)(C)C,50.0231,49.10869259999985,813.8769,862.9855925999998,863.9
2,ExtraTrees,104,nist_08799676,S(C(=C)C)C,19.753900000000044,23.113869400000063,868.8461,891.9599694000001,888.6
2,ExtraTrees,106,nist_08983077,ON(CC)CC,30.731300000000033,24.495246999999985,883.9687,908.463947,914.7
2,ExtraTrees,110,nist_09388615,N12CC1C2,34.740999999999985,31.23864039999996,852.159,883.3976404,886.9
2,ExtraTrees,118,nist_09750876,O=C(C1=CC=C(F)C=C1)C,32.5,28.809538200000002,826.1,854.9095382,858.6
2,ExtraTrees,120,nist_09872610,SC(C)CC,-34.62969999999996,-34.92059380000015,847.6297,812.7091061999998,813.0
2,ExtraTrees,137,nist_11243433,O=C(OCC)N(C)C,40.806100000000015,36.84501119999989,855.7939,892.6389111999999,896.6
2,ExtraTrees,145,nist_11700273,BrC=1C=NC=CC1,39.42819999999995,39.71055379999993,870.5718,910.2823538,910.0
2,ExtraTrees,165,nist_13205429,OC1=CC=CC(N)=C1,33.60519999999997,36.00807020000003,865.1948,901.2028702,898.8
2,ExtraTrees,168,nist_13302548,S(C=C)C,-2.751299999999901,-3.4063768,860.9513,857.5449232,858.2
2,ExtraTrees,182,nist_14747122,CC(=O)OC=C,25.818499999999972,29.562618199999932,788.0815,817.6441182,813.9
2,ExtraTrees,196,nist_16221798,N(=CN(C)C)CCN(C)C,36.31700000000001,46.807004799999945,992.483,1039.2900048,1028.8
2,ExtraTrees,204,nist_16889132,O1CCOCC1,45.347999999999956,55.531127799999915,752.052,807.5831277999999,797.4
2,ExtraTrees,213,nist_17371435,O=COC(C)C,18.017299999999977,25.627248999999985,793.2827,818.909949,811.3
2,ExtraTrees,215,nist_17528117,O=C(C)CC(=O)C,34.30790000000002,15.779748400000026,839.1921,854.9718484,873.5
2,ExtraTrees,221,nist_18367567,O=C(C)C1CCCCC1,2.953800000000001,23.099999399999955,838.4462,861.5461994,841.4
2,ExtraTrees,235,nist_19690416,O=C(N)C=1C=CC=C(OC)C1,45.13149999999996,24.49727299999992,855.7685,880.265773,900.9
2,ExtraTrees,237,nist_20179800,OC1CC2CCCCC2CC1N,11.691699999999969,8.78202700000002,935.3083,944.090327,947.0
2,ExtraTrees,238,nist_20298063,N1=C2C=C(C=CN2C=C1C)C,30.744299999999953,33.39018519999998,969.7557,1003.1458852000001,1000.5
2,ExtraTrees,248,nist_21260066,NCCCCCCCCCC,18.853999999999928,12.06329940000002,911.546,923.6092994,930.4
2,ExtraTrees,249,nist_21548768,O=C(C=1C(=CC=CC1C)C)C,10.427099999999996,22.684771199999982,846.5729,869.2576712,857.0
2,ExtraTrees,250,nist_21554844,C1C[C@H](C[C@@H](C1)O)O,25.04090000000008,20.70806860000003,803.5591,824.2671686,828.6
2,ExtraTrees,254,nist_21796541,O=COC,25.003100000000018,23.8231038,757.4969,781.3200038,782.5
2,ExtraTrees,256,nist_21915333,O=C(OC)SCC,20.632799999999975,7.925446400000006,813.2672,821.1926464000001,833.9
2,ExtraTrees,259,nist_22087220,N=1C=CC=C2C=CC=CC12,38.5095,37.067700400000014,914.6905,951.7582004000001,953.2
2,ExtraTrees,261,nist_22467923,C1[C@@H]([C@H](O[C@H]1N2C=CC(=NC2=O)N)CO)O,57.45849999999996,47.45198119999979,930.9415,978.3934811999998,988.4
2,ExtraTrees,266,nist_22877676,O=C(C1=CC=CC(=C1)C(=O)C)C,22.163099999999986,25.109860800000057,829.8369,854.9467608000001,852.0
2,ExtraTrees,273,nist_23194711,CC1=CC(=C(C(=C1)C)[N+](=O)[O-])C,-37.75190000000009,-1.3992546000000075,861.5519,860.1526454,823.8
2,ExtraTrees,277,nist_23374176,O(C=1C=C(OC)C=C(OC)C1)C,163.42830000000004,64.22475599999999,763.2717,827.496456,926.7
2,ExtraTrees,280,nist_23603053,N1(C)CCC1,-44.25369999999998,32.55080859999996,926.7537,959.3045086,882.5
2,ExtraTrees,281,nist_23725441,N1=CNC(C)(C)C1,38.70170000000007,31.263629399999964,949.3983,980.6619294,988.1
2,ExtraTrees,285,nist_24453013,CC(=C)C1=CC=C(C=C1)[N+](=O)[O-],13.026700000000005,16.063027000000137,802.3733,818.4363270000001,815.4
2,ExtraTrees,286,nist_24467268,N#CCC,-27.052099999999996,-27.48228359999984,821.1521,793.6698164000002,794.1
2,ExtraTrees,291,nist_24759659,C1=CC=C2C(=C1)C(=CN2)C[C@@H](C(=O)O)N,44.14760000000001,30.93715600000006,904.7524,935.689556,948.9
2,ExtraTrees,294,nist_24954230,O=C(C(C)C)C(C)(C)C,20.330799999999954,19.81962979999999,836.5692,856.3888298,856.9
2,ExtraTrees,296,nist_25018292,C=C(C)CN(CC(=C)C)CC(=C)C,24.354600000000005,29.764683799999958,955.8454,985.6100838,980.2
2,ExtraTrees,302,nist_25323329,N=1C=CC=C(C1)C2NCCC2,33.51139999999998,37.74071520000006,930.4886,968.2293152000001,964.0
2,ExtraTrees,305,nist_25476969,C1=CC(=CC=C1C[C@@H](C(=O)O)N)O,22.476099999999974,36.7432014,903.5239,940.2671014,926.0
2,ExtraTrees,307,nist_25529697,O(C)CCN,13.258199999999988,29.1051726,915.3418,944.4469726,928.6
2,ExtraTrees,310,nist_25796022,CC1=CC(=CC(=C1N(C)C)C)C#N,11.02209999999991,5.369923400000004,902.2779,907.6478234,913.3
2,ExtraTrees,311,nist_25834589,N(C)CC,23.0,18.691122399999955,919.2,937.8911224,942.2
2,ExtraTrees,312,nist_25913689,N1CC1,28.37570000000005,20.705233599999957,877.1243,897.8295335999999,905.5
2,ExtraTrees,314,nist_26070161,N#CN(C)C,9.109100000000012,-0.0015763999999928728,842.9909,842.9893236,852.1
2,ExtraTrees,316,nist_26175873,N#CCN=CN(C)C,15.551600000000008,9.605668400000003,932.4484,942.0540684,948.0
2,ExtraTrees,331,nist_27141194,O=C1C=C(N(CC)CC)CC(C)(C)C1,24.859500000000025,20.58113579999999,976.3405,996.9216358,1001.2
2,ExtraTrees,332,nist_27390811,N(CC)C(C)C,10.873199999999997,19.230118399999963,949.1268,968.3569183999999,960.0
2,ExtraTrees,333,nist_27412045,NC1=CC=C(N)C=C1,-9.454900000000066,20.909945400000062,915.3549,936.2648454000001,905.9
2,ExtraTrees,334,nist_27542296,N=1C=CC(SC)=CC1,43.44839999999999,36.8847187999998,911.7516,948.6363187999998,955.2
2,ExtraTrees,339,nist_27675435,N#CC1=CC=CC(=C1)C(F)(F)F,-18.26369999999997,-16.254504000000054,809.6637,793.4091959999998,791.4
2,ExtraTrees,344,nist_28002988,S(CC)CC,-17.13900000000001,-18.200477600000003,873.839,855.6385224,856.7
2,ExtraTrees,346,nist_28494275,O=C1CC(=O)CCC1,96.8492,36.8139085999999,784.3508,821.1647085999999,881.2
2,ExtraTrees,350,nist_28606875,O=C(CCC)CCC,18.648699999999963,21.873509599999977,826.3513,848.2248096000001,845.0
2,ExtraTrees,362,nist_29564667,O=C1C2C=CC1CC2,57.71370000000002,47.111882799999805,772.4863,819.5981827999998,830.2
2,ExtraTrees,365,nist_29851755,O(C=1C=CC=CC1N)C,-4.572000000000003,29.759387999999944,909.772,939.531388,905.2
2,ExtraTrees,367,nist_30067635,C1=CC(=CC=C1C#N)[N+](=O)[O-],-16.925899999999956,-13.331691799999957,792.6259,779.2942082000001,775.7
2,ExtraTrees,370,nist_30357408,O=C(OC)C=1C=CC=C(OC)C1,31.9221,26.02964440000004,824.7779,850.8075444000001,856.7
2,ExtraTrees,381,nist_31795026,C=C(N)C,72.41049999999996,27.142341799999976,869.3895,896.5318417999999,941.8
2,ExtraTrees,382,nist_31828702,SCC,-44.41210000000001,-42.96762240000004,834.0121,791.0444775999999,789.6
2,ExtraTrees,388,nist_32424759,O=C(N(C)C)N(C)C,38.346700000000055,30.5730014,892.2533,922.8263013999999,930.6
2,ExtraTrees,398,nist_32933115,O=C(CC)CCC,19.670000000000073,21.726944999999976,823.53,845.256945,843.2
2,ExtraTrees,404,nist_33469528,N(C)(C)C(C)(C)C(C)(C)C,14.738399999999956,22.093027599999935,967.6616,989.7546275999999,982.4
2,ExtraTrees,409,nist_33911636,ClC1=CC=C(C=C1)N2CCCC2,26.697099999999978,14.472489199999998,910.7029,925.1753892,937.4
2,ExtraTrees,411,nist_34261527,N#CC#C,-51.557199999999966,-31.769110199999925,802.7572,770.9880898000001,751.2
2,ExtraTrees,413,nist_34323217,O=C(N)C=1C=CC=C(N)C1,37.863200000000006,30.669002799999948,863.0368,893.7058027999999,900.9
2,ExtraTrees,422,nist_35475754,N1=COC=2C=CC=CC12,10.897500000000036,31.779686600000005,880.7025,912.4821866,891.6
2,ExtraTrees,424,nist_35572118,N#CC(F)(F)C(F)(F)C(F)(F)F,-33.86299999999994,-24.010544199999867,727.063,703.0524558000001,693.2
2,ExtraTrees,430,nist_36631831,O=C(O)CNC(=O)CNC(=O)CNC(=O)CN,-13.145700000000033,61.475028199999514,986.9457,1048.4207281999995,973.8
2,ExtraTrees,439,nist_37250349,N(C1=CC=C(C=C1)C)=C(N(C)C)N(C)C,59.63869999999997,61.7121348,984.6613,1046.3734348,1044.3
2,ExtraTrees,442,nist_37488182,O=NOCC,63.042299999999955,59.32814779999989,755.8577,815.1858477999999,818.9
2,ExtraTrees,448,nist_37988311,N#CCCCl,-19.004599999999982,-26.4384767999999,792.1046,765.6661232000001,773.1
2,ExtraTrees,449,nist_38089673,P(C)(C)C,-59.98890000000006,-47.85811639999992,1018.7889,970.9307836,958.8
2,ExtraTrees,451,nist_38289072,NCCCCCCC,2.9338000000000193,10.213146200000038,920.2662,930.4793462,923.2
2,ExtraTrees,453,nist_38689061,S(C)CC,-22.17700000000002,-23.756391999999995,868.677,844.920608,846.5
2,ExtraTrees,457,nist_39038540,N1=C(C=C(C=2C=CC=CC2)N1C)C=3C=CC=CC3,43.452800000000025,39.479034799999916,915.4472,954.9262347999999,958.9
2,ExtraTrees,464,nist_39318989,N=1C=CN(C1C)C,34.41070000000002,31.644908999999977,950.2893,981.934209,984.7
2,ExtraTrees,478,nist_40483606,N#CCCN=CN(C)C,35.39869999999996,11.53134859999999,945.4013,956.9326486,980.8
2,ExtraTrees,479,nist_40538236,O=C(OCC)C1=CC(=NN1C)C,48.59629999999993,45.60201900000009,876.3037,921.9057190000001,924.9
2,ExtraTrees,481,nist_40560142,N1(N2CCCCC2)CCCCC1,37.942499999999995,1.9665258000000174,943.2575,945.2240258,981.2
2,ExtraTrees,485,nist_41159227,N1(C)CCCC1,26.532699999999977,32.47633959999997,939.0673,971.5436396,965.6
2,ExtraTrees,490,nist_41422401,O=S(=O)(O)C(F)(F)F,-52.20460000000003,-20.29527840000001,751.6046,731.3093216,699.4
2,ExtraTrees,493,nist_41603986,O1P2OCC(O2)(C)C1,-14.239900000000034,1.0749214000000002,838.1399,839.2148214,823.9
2,ExtraTrees,497,nist_42042831,O=C1C=C(OC)CC(C)(C)C1,36.64880000000005,29.691513799999978,885.9512,915.6427137999999,922.6
2,ExtraTrees,501,nist_42347590,O=COCC,25.705100000000016,27.02723280000003,773.6949,800.7221327999999,799.4
2,ExtraTrees,519,nist_44002468,N=1C=CC2=C(C1)CCCC2,44.14850000000001,41.423926599999895,922.4515,963.8754265999999,966.6
2,ExtraTrees,525,nist_44529428,N=C,-14.654499999999985,11.054360199999996,867.5545,878.6088602,852.9
2,ExtraTrees,529,nist_44832708,C1=CC(=CC=C1N)[N+](=O)[O-],-8.926699999999983,16.726132200000006,874.9267,891.6528322,866.0
2,ExtraTrees,531,nist_45058522,N(CC(C)C)CC(C)C,-1.2088999999999714,19.22765779999998,959.3089,978.5365578,958.1
2,ExtraTrees,545,nist_45913335,FC(F)(F)CN,15.25789999999995,31.618076999999982,831.5421,863.160177,846.8
2,ExtraTrees,551,nist_46398848,C(=C(N(C)C)CC)C,57.44189999999992,61.79536580000004,934.3581,996.1534658,991.8
2,ExtraTrees,553,nist_46429855,C(=CC)N(C)C,50.54679999999996,45.99379159999994,916.4532,962.4469915999999,967.0
2,ExtraTrees,557,nist_46945904,FC(F)(F)C=1C=CC=C(C1)N(C)C,22.098299999999995,28.894174999999976,886.2017,915.095875,908.3
2,ExtraTrees,558,nist_47052064,O=C(NOC)C,23.431299999999965,31.05134599999999,855.5687,886.620046,879.0
2,ExtraTrees,561,nist_47287698,N(P(N(C)C)N(C)C)(C)C,-46.358799999999974,-1.0063731999999994,976.4588,975.4524268,930.1
2,ExtraTrees,566,nist_47636449,O=C(C1=CC=C(C=C1)C(C)(C)C)C,24.054499999999962,21.99841420000002,858.4455,880.4439142000001,882.5
2,ExtraTrees,572,nist_48448851,C(=C(C)C)N(C)C,21.13480000000004,47.739806799999926,945.8652,993.6050067999998,967.0
2,ExtraTrees,583,nist_50238139,O=C(NC(C(=O)OC)C)C,68.27120000000002,36.28217440000002,870.3288,906.6109744,938.6
2,ExtraTrees,585,nist_50454566,N#CCCOCC,-37.69329999999991,-10.229498199999984,844.8933,834.6638018,807.2
2,ExtraTrees,587,nist_50556642,N(=C(N(C)C)C)CCCN(C)C,87.55520000000001,46.9191138,989.9448,1036.8639138,1077.5
2,ExtraTrees,588,nist_50599703,O(C)CC1CCCCC1,44.195100000000025,33.32738239999998,789.3049,822.6322824,833.5
2,ExtraTrees,590,nist_50789346,N1=NNC=C1,40.456500000000005,39.39777819999995,838.8435,878.2412781999999,879.3
2,ExtraTrees,594,nist_51415502,N(=C(N(C)C)C)CC,36.962299999999914,35.82235920000001,992.1377,1027.9600592,1029.1
2,ExtraTrees,596,nist_51457103,ClC1=CC(C#C)=CC=C1OC,130.1318,110.60316960000054,741.7682,852.3713696000005,871.9
2,ExtraTrees,598,nist_51546393,O=P(CN(C)C)(CN(C)C)CN(C)C,-10.960699999999974,-19.438635200000007,1008.6607,989.2220648,997.7
2,ExtraTrees,599,nist_51599675,O=C(C=1C=NC=CC1)C=2C=CC=CC2,46.507799999999975,34.80698200000005,887.5922,922.3991820000001,934.1
2,ExtraTrees,605,nist_51941319,O1CCCC1(C)C,13.887500000000045,25.36368780000005,833.8125,859.1761878000001,847.7
2,ExtraTrees,617,nist_52882401,N(=CN(C)C)N(C)C,32.60239999999999,30.982447400000016,963.1976,994.1800474,995.8
2,ExtraTrees,628,nist_53574112,N1(N(C)C2CCC1CC2)C,42.12440000000004,31.159585199999874,938.5756,969.7351851999999,980.7
2,ExtraTrees,630,nist_53737107,O=C(N)C1=CC=C(N)C=C1,32.493499999999926,26.65375159999996,895.4065,922.0602516,927.9
2,ExtraTrees,631,nist_53758038,C1C[C@@H]2C[C@H]1C[C@H]2N,16.432999999999993,19.734562600000167,918.867,938.6015626000001,935.3
2,ExtraTrees,634,nist_53799734,O=C(OC)C1=CC=C(C=C1)C(C)(C)C,25.195100000000025,26.343052800000027,841.9049,868.2479528,867.1
2,ExtraTrees,636,nist_54064886,N=C(N)N,45.158399999999915,43.36295560000001,941.1416,984.5045556,986.3
2,ExtraTrees,652,nist_55960931,O=C1N=CNC=2N=CNC12,9.1253999999999,35.71417779999998,903.1746,938.8887778000001,912.3
2,ExtraTrees,654,nist_56338176,FC(F)(F)C1=CC=C(C=C1)N(C)C,29.218900000000076,29.67816500000001,873.9811,903.659265,903.2
2,ExtraTrees,660,nist_56709658,N1=C2N(CCC1)CCC2,56.343399999999974,45.29608159999999,981.9566,1027.2526816,1038.3
2,ExtraTrees,661,nist_56730458,O=C(OC)C1=CC=C(C=C1)N(C)C,27.84310000000005,23.39506379999994,892.7569,916.1519637999999,920.6
2,ExtraTrees,665,nist_56986590,ClC1=NC=CC=C1,36.483299999999986,36.50428499999992,864.4167,900.9209849999999,900.9
2,ExtraTrees,667,nist_57174104,COC(=O)C1=CC(=CC=C1)[N+](=O)[O-],32.23110000000008,30.831967200000108,783.4689,814.3008672000001,815.7
2,ExtraTrees,673,nist_57452454,O=C(C(F)(F)F)C(F)(F)F,80.72129999999993,53.80064760000013,589.6787,643.4793476000002,670.4
2,ExtraTrees,675,nist_57625629,O(P1OCCO1)C,24.289499999999975,23.82168500000006,870.8105,894.6321850000002,895.1
2,ExtraTrees,678,nist_57750955,O=C(C(F)F)C(F)F,27.02609999999993,33.82335419999989,671.7739,705.5972542,698.8
2,ExtraTrees,682,nist_58146088,O=C(C1=CC=C(SC)C(Cl)=C1)C,15.297900000000027,11.795436199999996,865.1021,876.8975362,880.4
2,ExtraTrees,695,nist_59086567,OCCO,43.00829999999996,49.89191419999991,772.8917,822.7836141999999,815.9
2,ExtraTrees,700,nist_59712455,NCCCN(C)C,56.29549999999995,42.21476640000004,968.7045,1010.9192664000001,1025.0
2,ExtraTrees,701,nist_59755284,NC1CCCCC1,14.177099999999996,13.944121200000021,920.2229,934.1670212,934.4
2,ExtraTrees,712,nist_60257387,O1C=COCC1,87.30700000000002,76.27089579999988,736.193,812.4638957999998,823.5
2,ExtraTrees,717,nist_61230786,N1=C2N(CC)CCCN2CCC1,55.3143,56.235356800000154,1012.8857,1069.1210568000001,1068.2
2,ExtraTrees,727,nist_61907745,O(CCC)CCC,34.15109999999993,32.12353639999999,803.7489,835.8724364000001,837.9
2,ExtraTrees,728,nist_62056149,O=C(C1=CC=C(O)C=C1)C,31.482700000000023,26.177405999999994,852.2173,878.394706,883.7
2,ExtraTrees,736,nist_63107623,NCCCCCCCC,7.808400000000006,10.999354200000031,921.0916,932.0909542,928.9
2,ExtraTrees,738,nist_63366846,NCCCCCCCN,103.36839999999995,25.39646139999989,895.1316,920.5280614,998.5
2,ExtraTrees,739,nist_63391401,O(C1=CC=C(C=C1)N2CCCC2)C,10.783300000000054,20.489822199999995,950.4167,970.9065222,961.2
2,ExtraTrees,740,nist_63512504,O=C1C=CC=CN1C,45.206899999999905,48.248635600000014,880.5931,928.8417356000001,925.8
2,ExtraTrees,755,nist_65643365,N1=NN(C=2C=CC=CC12)C,44.28730000000007,41.87487740000012,886.9127,928.7875774000001,931.2
2,ExtraTrees,756,nist_65655118,[C-]#[N+]O,107.70280000000002,14.346015000000001,650.2972,664.6432149999999,758.0
2,ExtraTrees,757,nist_65754839,N=1C=NC=CC1,37.675199999999904,37.85674579999993,848.1248,885.9815457999999,885.8
2,ExtraTrees,759,nist_65915006,FC(F)(F)C(O)(C)C(F)(F)F,41.56040000000007,48.8689754,649.6396,698.5085753999999,691.2
2,ExtraTrees,764,nist_66340583,N(=CN(C)C)C(C)(C)CC,22.77260000000001,23.194707000000086,999.2274,1022.4221070000001,1022.0
2,ExtraTrees,767,nist_66502088,CN(C)\C=C\C#N,-22.15020000000004,-4.526062999999963,918.9502,914.4241370000001,896.8
2,ExtraTrees,773,nist_66875800,S1CCCC1,-22.13059999999996,-23.595948399999926,871.2306,847.6346516000001,849.1
2,ExtraTrees,781,nist_67884918,OC=1C=NC=CC1,40.716699999999946,44.67134259999993,888.7833,933.4546425999999,929.5
2,ExtraTrees,783,nist_68310362,O=CC,5.185500000000047,17.728144399999977,763.3145,781.0426444,768.5
2,ExtraTrees,785,nist_68678242,C=1C=CC(=CC1)N(C=2C=CC=CC2)C=3C=CC=CC3,6.525999999999954,16.456143400000023,902.374,918.8301434,908.9
2,ExtraTrees,786,nist_69044174,O1CCCCCC1,22.210700000000088,20.635426600000052,811.9893,832.6247266,834.2
2,ExtraTrees,808,nist_71247262,C1=C[N+](=CC=C1C#N)[O-],48.75419999999997,67.44973560000014,824.6458,892.0955356000002,873.4
2,ExtraTrees,811,nist_71336265,O=C(OC)C=1C=CC=CC1,28.240599999999972,27.065554999999986,822.2594,849.324955,850.5
2,ExtraTrees,824,nist_71813559,O(C=C)C,123.4339,86.67051459999973,735.7661,822.4366145999998,859.2
2,ExtraTrees,832,nist_72513597,O=C(Cl)C(F)(F)F,47.16579999999999,37.45135679999998,634.4342,671.8855568,681.6
2,ExtraTrees,834,nist_72732954,O=C(N(C)C)CCC,37.10660000000007,29.965052999999884,884.5934,914.5584529999999,921.7
2,ExtraTrees,837,nist_72861983,NC(C)C,8.295399999999972,7.8218644000000275,915.5046,923.3264644,923.8
2,ExtraTrees,839,nist_73089694,O(C1=CC=C(C=C1)N(C)C)C,8.683099999999968,15.029677599999959,940.4169,955.4465776000001,949.1
2,ExtraTrees,845,nist_73253580,C1=NC(=C2C(=N1)N(C=N2)[C@H]3[C@@H]([C@@H]([C@H](O3)CO)O)O)N,26.840499999999906,40.63038959999985,962.4595,1003.0898895999999,989.3
2,ExtraTrees,846,nist_73313470,O=C(CCCC)CCCC,20.673900000000003,16.117042399999967,833.0261,849.1431424,853.7
2,ExtraTrees,847,nist_73362651,S(C)C1CCCCC1,-0.21090000000003783,-11.501327600000012,864.7109,853.2095724000001,864.5
2,ExtraTrees,849,nist_73574547,O=P(C=1C=CC=CC1)(C=2C=CC=CC2)C=3C=CC=CC3,-74.42409999999995,-64.10492899999983,980.6241,916.5191710000001,906.2
2,ExtraTrees,852,nist_73806986,C1=C(C=NN1)[N+](=O)[O-],35.20130000000006,40.4102044,786.9987,827.4089044,822.2
2,ExtraTrees,853,nist_73827644,NC(C)(C)CC,2.8582999999999856,9.179316999999996,934.9417,944.1210169999999,937.8
2,ExtraTrees,855,nist_74397230,O(C=C)CC,113.31200000000001,77.96717319999976,756.788,834.7551731999997,870.1
2,ExtraTrees,868,nist_75474817,N(C)(C)CC,31.002700000000004,28.848309399999962,929.0973,957.9456094,960.1
2,ExtraTrees,872,nist_75575267,C=1C=C(C=C(C1)C)N(CC)CC,18.982600000000048,22.4636791999999,945.1174,967.5810791999999,964.1
2,ExtraTrees,873,nist_75732176,N1=C2N(CCC1)CCCN2C(C)C,56.91109999999992,56.26123000000004,1014.6889,1070.95013,1071.6
2,ExtraTrees,874,nist_75797611,N1=CN(C=C1C)C,25.090400000000045,30.68107739999999,951.6096,982.2906773999999,976.7
2,ExtraTrees,884,nist_76447776,N#CC1CCCCC1,-7.70799999999997,-16.296153399999962,822.708,806.4118466,815.0
2,ExtraTrees,888,nist_76979014,ClC1=CC=C(C=C1)N(C)C,21.83370000000002,24.181854999999985,901.0663,925.248155,922.9
2,ExtraTrees,901,nist_78205311,ClC1=CC=C(N=C(N(C)C)N(C)C)C=C1,65.91340000000014,59.90237680000013,961.9866,1021.8889768000001,1027.9
2,ExtraTrees,912,nist_79348755,N12CCCCN(CCCC1)CCCC2,-39.44589999999994,4.236921200000003,986.5459,990.7828212,947.1
2,ExtraTrees,924,nist_80183436,N(CC(C)(C)C)C(C)(C)C,17.360000000000014,14.1728154,974.04,988.2128154,991.4
2,ExtraTrees,925,nist_80229781,N(=C(N(C)C)C)CCOC,40.32650000000001,36.833733199999955,995.8735,1032.7072332,1036.2
2,ExtraTrees,930,nist_80744478,N=1C=C(C=C(C1)C)C,41.11040000000003,39.80611300000004,914.2896,954.0957129999999,955.4
2,ExtraTrees,938,nist_81534479,N1=C(C=C(N1C)C)C=2C=CC=CC2,42.41899999999998,40.040631599999934,911.881,951.9216316,954.3
2,ExtraTrees,949,nist_82762830,N1=C2N(CCC1)CCCCC2,51.74140000000011,41.059435399999934,996.1586,1037.2180354,1047.9
2,ExtraTrees,961,nist_83181777,NC1=CC=C(C=C1)N(C)C,-0.37199999999995725,22.921140200000025,955.372,978.2931401999999,955.0
2,ExtraTrees,969,nist_83886981,N=1NC=CC1C(C)(C)C,43.872999999999934,46.33127360000013,878.927,925.2582736000002,922.8
2,ExtraTrees,971,nist_84097835,[N-]=[N+]=NC,66.58159999999998,58.59855179999983,766.4184,825.0169517999999,833.0
2,ExtraTrees,977,nist_84743362,N=1C=CC(C=C)=CC1,37.641700000000014,42.05940419999996,906.4583,948.5177042,944.1
2,ExtraTrees,978,nist_84761129,N#CC1=CC=C(C=C1)CCl,-19.721100000000092,-18.88249759999989,832.5211,813.6386024000002,812.8
2,ExtraTrees,979,nist_84838589,N#CC1=CC=C(N=CN(C)C)C=C1,14.6554000000001,3.675359400000011,937.5446,941.2199594,952.2
2,ExtraTrees,980,nist_84862435,N=1C=CSC1C,19.523700000000076,15.011577200000023,911.0763,926.0878772,930.6
2,ExtraTrees,996,nist_86544462,N1=CN=C(N)C=2NC=NC12,3.7339999999999236,26.39291239999999,939.066,965.4589124,942.8
2,ExtraTrees,1009,nist_87656350,O(C)CCCOC,123.2772,114.38264779999969,773.9228,888.3054477999997,897.2
2,ExtraTrees,1013,nist_87879580,C=1C=CC(=CC1)CN(C)C,25.38379999999995,37.81036559999999,943.0162,980.8265656,968.4
2,ExtraTrees,1018,nist_88338362,N=1C=CC(=CC1C(C)(C)C)C(C)(C)C,35.38379999999995,29.102828999999865,948.4162,977.5190289999998,983.8
2,ExtraTrees,1019,nist_88410350,O1CC1,39.0458000000001,31.424169799999987,735.1542,766.5783697999999,774.2
2,ExtraTrees,1030,nist_89144580,N1=CNC=2C=CC=CC12,26.196399999999926,29.58766699999997,927.6036,957.191267,953.8
2,ExtraTrees,1032,nist_89344068,N(C)(C)CC(C)C,27.094800000000077,24.84019819999996,941.6052,966.4453981999999,968.7
2,ExtraTrees,1034,nist_89424885,O=CC1=CC=C(C=C1)C(=O)OC,30.066599999999994,26.911968200000047,802.8334,829.7453682,832.9
2,ExtraTrees,1043,nist_90689952,N1=C(C(=C(N1C)C(C)(C)C)C)C(C)(C)C,41.67000000000007,40.83925979999984,937.93,978.7692597999998,979.6
2,ExtraTrees,1049,nist_91203737,O=C(O)C(F)(F)F,42.697400000000016,45.17821140000006,669.0026,714.1808114,711.7
2,ExtraTrees,1050,nist_91241069,FCCN,7.714799999999968,17.236646999999984,884.2852,901.521847,892.0
2,ExtraTrees,1053,nist_91386008,N1(C)CCCCC1,18.328200000000038,33.06305939999998,952.7718,985.8348593999999,971.1
2,ExtraTrees,1058,nist_91674593,N#CC(C)(C)C,-28.548400000000015,-19.88892899999996,839.4484,819.559471,810.9
2,ExtraTrees,1069,nist_92531283,O=C1CN2CCC1CC2,45.14639999999997,43.80185719999996,890.8536,934.6554572,936.0
2,ExtraTrees,1073,nist_92826352,FC(F)(F)COCC(F)(F)F,82.6567,49.5248332000002,619.6433,669.1681332000002,702.3
2,ExtraTrees,1075,nist_93242485,O=C(O)C(N)CC(=O)N,12.357899999999972,28.692987600000055,916.6421,945.3350876000001,929.0
2,ExtraTrees,1077,nist_93453551,C=1C=CC(=CC1)P(C)C,-47.343099999999936,-34.238058200000076,1016.5431,982.3050417999999,969.2
2,ExtraTrees,1084,nist_93886020,O=C(O)C1CCC1,23.431500000000028,26.379200199999985,793.9685,820.3477002,817.4
2,ExtraTrees,1085,nist_94118197,O(C)C,49.20830000000001,38.59723639999998,742.7917,781.3889363999999,792.0
2,ExtraTrees,1096,nist_94936069,S(SC)C,-6.613200000000006,-21.26334139999998,821.9132,800.6498586,815.3
2,ExtraTrees,1106,nist_95869018,N#CCCl,-36.9935999999999,-25.989930999999952,782.6936,756.703669,745.7
2,ExtraTrees,1107,nist_95986313,C\C=C/C=O,13.156099999999924,17.486333799999958,817.6439,835.1302338,830.8
2,ExtraTrees,1112,nist_96358821,OC=1C=CC=CC1N,-0.9254000000000815,55.38413019999986,899.7254,955.1095301999999,898.8
2,ExtraTrees,1113,nist_96472752,N=1NC(=C(C1CC)C)CC,52.7444999999999,47.95290880000017,900.0555,948.0084088000002,952.8
2,ExtraTrees,1124,nist_97776742,N(OC)=CN(C)C,10.736599999999953,35.00154639999997,937.5634,972.5649463999999,948.3
2,ExtraTrees,1127,nist_98158216,FC(F)(F)C=1C=NC=CC1,48.81849999999997,42.96431599999986,843.6815,886.6458159999999,892.5
2,ExtraTrees,1132,nist_98393981,N1=CSC=C1,8.982700000000023,18.100543800000015,895.0173,913.1178438,904.0
2,ExtraTrees,1148,nist_99201539,O1C(=CCC1)C,137.50649999999996,95.57525639999969,772.7935,868.3687563999997,910.3
2,ExtraTrees,1151,nist_99848646,O=C(O)C(N)CCSC,29.78359999999998,9.708247000000002,905.6164,915.324647,935.4
3,ExtraTrees,0,nist_00125011,O=CC=1C=CC=C(OC)C1,27.00630000000001,30.28853779999988,817.0937,847.3822377999999,844.1
3,ExtraTrees,7,nist_00905305,N(=CN(C)C)C,46.316400000000044,26.090288399999977,956.1836,982.2738883999999,1002.5
3,ExtraTrees,11,nist_01355247,ClC=1C=NC=CC1,37.11540000000002,39.88026979999991,866.2846,906.1648697999999,903.4
3,ExtraTrees,15,nist_01762105,N=1C=NC=NC1,41.338300000000004,33.18936319999989,807.4617,840.6510631999998,848.8
3,ExtraTrees,18,nist_02112727,O=C(C=1C=CC=C(SC)C1)C,-8.947400000000016,11.458404599999994,875.5474,887.0058046,866.6
3,ExtraTrees,22,nist_02244448,O=C1N(C)CCC1,52.23879999999997,30.734771399999985,871.2612,901.9959714,923.5
3,ExtraTrees,24,nist_02525694,O=CC1=CC=C(C=C1)C,22.172199999999975,22.296038399999986,829.6278,851.9238384,851.8
3,ExtraTrees,27,nist_02774099,CC[N+](=O)[O-],4.670400000000086,4.784294800000016,761.0296,765.8138948,765.7
3,ExtraTrees,28,nist_02853497,O=C(OC)C1=CC=C(OC)C=C1,23.13480000000004,30.403674799999933,847.4652,877.8688748,870.6
3,ExtraTrees,41,nist_04146605,O1P2OCC(C1)CO2,12.985599999999977,14.857100599999999,855.8144,870.6715006,868.8
3,ExtraTrees,42,nist_04208386,N=CC,-20.843999999999937,7.627804599999997,905.944,913.5718046,885.1
3,ExtraTrees,61,nist_05716584,N1(N2CCC(C1)CC2)C,37.125099999999975,39.68485020000003,931.7749,971.4597502,968.9
3,ExtraTrees,68,nist_06115178,FCCCN,32.82499999999993,20.109687599999972,888.075,908.1846876,920.9
3,ExtraTrees,69,nist_06133542,O=CC=1C=CC=C(F)C1,27.887399999999957,24.02381080000004,786.4126,810.4364108000001,814.3
3,ExtraTrees,73,nist_06330481,O=C(OC)C12CC3CC(CC(C3)C1)C2,38.219299999999976,31.270136799999975,825.8807,857.1508368,864.1
3,ExtraTrees,74,nist_06337455,P(CC)(CC)CC,-33.36659999999995,-37.890661999999914,1017.8666,979.975938,984.5
3,ExtraTrees,79,nist_06582476,N(=CN(C)C)C(C)(C)C,18.803199999999947,27.18644600000003,1001.9968,1029.183246,1020.8
3,ExtraTrees,81,nist_06940275,OCC(O)CO,67.5503,41.17886040000004,807.2497,848.4285604,874.8
3,ExtraTrees,89,nist_07632068,NCCCCCN,5.72440000000006,60.85449779999988,993.8756,1054.7300977999998,999.6
3,ExtraTrees,90,nist_07654692,O(C1=CC=CC(N)=C1)C,38.343399999999974,8.353904400000006,874.6566,883.0105044000001,913.0
3,ExtraTrees,93,nist_08067356,O=C(N)C1=CC=C(Cl)C=C1,35.794000000000096,35.83019220000006,841.406,877.2361922,877.2
3,ExtraTrees,99,nist_08388401,N(=CN(C)C)C1CCCCC1,44.76139999999998,28.07791079999999,975.6386,1003.7165108,1020.4
3,ExtraTrees,108,nist_09075374,NC1CC1,7.646900000000073,17.126135599999962,897.0531,914.1792356,904.7
3,ExtraTrees,114,nist_09562302,C=1C=C2C=CC=C(C2=C(C1)N(C)C)N(C)C,8.278700000000072,16.714195600000043,1019.9213,1036.6354956,1028.2
3,ExtraTrees,125,nist_10482643,O=C(C=1C=CC=CC1)C(F)(F)F,49.93190000000004,36.725712799999975,749.2681,785.9938128,799.2
3,ExtraTrees,131,nist_10769399,O=C(O)CF,27.438800000000015,23.710782599999963,737.9612,761.6719826,765.4
3,ExtraTrees,132,nist_10862679,O=C(C1CC1)C2CC2,53.05740000000003,28.60246520000002,827.3426,855.9450651999999,880.4
3,ExtraTrees,133,nist_11014888,O(C(C)C)C(C)C,12.166299999999978,21.255635200000018,843.3337,864.5893352,855.5
3,ExtraTrees,135,nist_11126429,N(=C(N(C)C)N(C)C)CC,55.774000000000115,61.75091140000024,995.626,1057.3769114000002,1051.4
3,ExtraTrees,144,nist_11650975,PC,-66.29290000000003,-50.71973839999998,917.7929,867.0731616,851.5
3,ExtraTrees,148,nist_11874841,C=CCN(CC=C)CC=C,37.90569999999991,25.248257199999944,934.3943,959.6425571999999,972.3
3,ExtraTrees,155,nist_12422329,O=C(OC)C1=CC=CC(=C1)S(=O)(=O)C,-71.6635,-64.56132580000032,902.1635,837.6021741999997,830.5
3,ExtraTrees,163,nist_12982378,O=C(C=1C=CC=CC1)CC,24.62469999999996,20.04433500000003,842.7753,862.8196350000001,867.4
3,ExtraTrees,164,nist_13190508,N1(C)CCC(C)(C)CC1,20.52690000000007,26.489478199999997,945.1731,971.6625782,965.7
3,ExtraTrees,167,nist_13257443,O=C(N)C(C)(C)C,27.153299999999945,25.45953359999998,861.8467,887.3062336,889.0
3,ExtraTrees,169,nist_13450131,O=C(OC)C1=CC=C(OC)C(Cl)=C1,24.749199999999973,39.592967799999975,833.6508,873.2437678,858.4
3,ExtraTrees,172,nist_13963476,N(N(C)CC(C)(C)C)(C)CC(C)(C)C,19.031099999999924,27.603548599999957,958.7689,986.3724486,977.8
3,ExtraTrees,173,nist_13983815,NC12CC3CC(CC(C3)C1)C2,7.150800000000004,17.163578999999995,941.6492,958.812779,948.8
3,ExtraTrees,176,nist_14399349,O=C(OC)C1=CC=CC(=C1)C(F)(F)F,33.487100000000055,35.85794740000011,793.1129,828.9708474,826.6
3,ExtraTrees,177,nist_14457330,S=C(C(C)(C)C)C(C)(C)C,-3.5123000000000957,0.8136051999999868,885.3123,886.1259052,881.8
3,ExtraTrees,179,nist_14571668,O=C(N(C)C)C(C)C,31.003100000000018,27.48884979999996,892.6969,920.1857497999999,923.7
3,ExtraTrees,181,nist_14705565,O=C(OC)C=1C=CC=CC1C,26.89659999999992,24.309035400000035,831.4034,855.7124354000001,858.3
3,ExtraTrees,185,nist_15000708,C=1C=CC(=CC1)P(C=2C=CC=CC2)C=3C=CC=CC3,-31.85970000000009,-36.42998920000004,1004.6597,968.2297108,972.8
3,ExtraTrees,193,nist_15888782,CC1=C2C(=NC=N1)N=CN2,30.42050000000006,21.770850000000014,908.7795,930.55035,939.2
3,ExtraTrees,203,nist_16791598,O=C(F)C(F)(F)F,47.502399999999966,44.56483499999994,621.0976,665.662435,668.6
3,ExtraTrees,211,nist_17265757,O=C(N)C=1C=NC=CC1,45.89599999999996,38.14673339999996,872.404,910.5507333999999,918.3
3,ExtraTrees,212,nist_17336374,O=C(OC)C=1C=CC=C(Cl)C1,29.083599999999933,31.126621800000084,806.3164,837.4430218000001,835.4
3,ExtraTrees,214,nist_17506803,NC1CN2CCC1CC2,47.662000000000035,42.479655199999954,937.838,980.3176551999999,985.5
3,ExtraTrees,217,nist_17623232,FC(F)(F)CCCN,25.404499999999985,32.07909859999997,878.0955,910.1745986,903.5
3,ExtraTrees,222,nist_18387090,CN(C)[N+](=O)[O-],41.8587,13.725196,786.4413,800.1664959999999,828.3
3,ExtraTrees,223,nist_18407947,NCCCCC,5.70939999999996,10.332741399999923,917.7906,928.1233414,923.5
3,ExtraTrees,227,nist_18836456,CC\N=C\C,20.04009999999994,25.40896879999997,921.8599,947.2688688000001,941.9
3,ExtraTrees,228,nist_18923402,O=C(N)C=1C=CC=C(F)C1,40.585000000000036,35.28810560000004,836.615,871.9031056,877.2
3,ExtraTrees,234,nist_19475562,O=S(C)C,-31.067099999999982,-16.22561040000002,915.4671,899.2414895999999,884.4
3,ExtraTrees,239,nist_20399592,FC(F)CN,11.028699999999958,20.00933919999993,859.4713,879.4806391999999,870.5
3,ExtraTrees,251,nist_21563025,CCCP(C)CCC,-31.192300000000046,-39.76251359999986,1014.6923,974.9297864000002,983.5
3,ExtraTrees,257,nist_22051866,FC1=CC=C(N)C=C1,13.109699999999975,17.76897499999991,858.3903,876.159275,871.5
3,ExtraTrees,264,nist_22610150,N(C)(C)CCCCCCN(C)C,92.13979999999992,81.89409300000031,943.6602,1025.5542930000004,1035.8
3,ExtraTrees,272,nist_23193944,N1=COC=C1,18.750999999999976,26.635633399999957,857.649,884.2846334,876.4
3,ExtraTrees,278,nist_23449910,O=C(C=1C=CC=C(F)C1)C,30.24700000000007,29.738740800000045,815.453,845.1917408,845.7
3,ExtraTrees,300,nist_25167270,FC1=CC=C(N=C(N(C)C)N(C)C)C=C1,66.50040000000001,59.430790600000044,963.4996,1022.9303906,1030.0
3,ExtraTrees,324,nist_26768603,O=CC=1C=CN=CC1,35.07720000000006,39.45318179999998,869.5228,908.9759818,904.6
3,ExtraTrees,326,nist_26910347,O=C(O)CNC,38.81170000000009,24.991554800000028,882.3883,907.3798548,921.2
3,ExtraTrees,329,nist_26974784,O=C(OC)C=C(OC)C,33.02419999999995,98.27731400000019,883.7758,982.0531140000002,916.8
3,ExtraTrees,335,nist_27549636,N1=C(C=C(C=2C=CC=CC2)N1C)C,43.550500000000056,41.924024600000074,913.0495,954.9735246,956.6
3,ExtraTrees,338,nist_27616187,O=C1OCCO1,53.896400000000085,35.3002498,760.3036,795.6038497999999,814.2
3,ExtraTrees,340,nist_27743047,ClCC1N(C)CCCC1,49.170600000000036,23.24231479999999,915.8294,939.0717148,965.0
3,ExtraTrees,347,nist_28506371,O=P(N(C)C)(C)C,-51.283199999999965,-51.50623220000002,986.7832,935.2769678,935.5
3,ExtraTrees,356,nist_29195995,C=1C=CC(=CC1)N2CCCCC2,31.774599999999964,22.609985199999922,921.1254,943.7353851999999,952.9
3,ExtraTrees,357,nist_29212977,C1[C@@H]([C@H](O[C@H]1N2C=NC3=C2N=C(NC3=O)N)CO)O,28.38119999999992,46.67647679999983,967.0188,1013.6952767999999,995.4
3,ExtraTrees,360,nist_29373002,O=C(C=C(C)C)C,22.04290000000003,20.82502459999999,856.6571,877.4821246,878.7
3,ExtraTrees,366,nist_29901917,O=C=C,178.11789999999996,34.482325399999915,647.1821,681.6644253999999,825.3
3,ExtraTrees,368,nist_30150455,O(C)C(C)(C)C,11.89930000000004,23.248422000000083,829.7007,852.9491220000001,841.6
3,ExtraTrees,375,nist_30686619,O=C(N)C(=C)C,35.15149999999994,27.88009079999997,845.2485,873.1285908,880.4
3,ExtraTrees,383,nist_31875186,N(C)(CC)CC,25.664099999999962,23.283035200000022,945.3359,968.6189352,971.0
3,ExtraTrees,389,nist_32481052,BrCCO,39.14390000000003,25.213280600000097,726.9561,752.1693806000001,766.1
3,ExtraTrees,393,nist_32571410,N(C)(C)CC(C)(C)C,19.568700000000035,24.496109600000047,950.9313,975.4274096,970.5
3,ExtraTrees,395,nist_32795873,C1=CN(C(=O)NC1=O)[C@H]2[C@@H]([C@@H]([C@H](O2)CO)O)O,94.43259999999998,47.834404999999734,853.1674,901.0018049999998,947.6
3,ExtraTrees,396,nist_32878758,O=C(C(C)(C)C)C(C)(C)C,12.822099999999978,18.873962599999906,848.4779,867.3518625999999,861.3
3,ExtraTrees,408,nist_33871428,O(C1=CC=CC(=C1)C(=C)C)C,114.27049999999997,119.68353539999973,758.3295,878.0130353999998,872.6
3,ExtraTrees,412,nist_34278538,N(C1=CC=C(OC)C=C1)=C(N(C)C)N(C)C,59.660799999999995,48.26267379999992,988.0392,1036.3018738,1047.7
3,ExtraTrees,416,nist_34654682,S(C(C)C)C(C)C,-11.852700000000027,-11.267010000000054,888.2527,876.98569,876.4
3,ExtraTrees,417,nist_34884620,C=CCN,21.55970000000002,19.35140719999994,887.9403,907.2917071999999,909.5
3,ExtraTrees,426,nist_35865762,O1C=C(C)CC1,100.52620000000002,98.6983156,768.0738,866.7721156,868.6
3,ExtraTrees,431,nist_36654072,CN1C=NC=C1[N+](=O)[O-],31.007299999999987,34.59798959999992,864.2927,898.8906895999999,895.3
3,ExtraTrees,440,nist_37272117,N=1C=CC2=C(C1)CCC2,45.10000000000002,42.808761399999966,917.3,960.1087613999999,962.4
3,ExtraTrees,444,nist_37831599,O=C(O)C(Cl)(Cl)Cl,67.2962,35.65249199999996,702.7038,738.3562919999999,770.0
3,ExtraTrees,450,nist_38281302,O=P(C=1C=CC=CC1)(C=2C=CC=CC2)C,-77.99270000000001,-69.17648119999997,986.8927,917.7162188,908.9
3,ExtraTrees,454,nist_38876516,N=1NC(=CC1C=2C=CC=CC2)C=3C=CC=CC3,51.94849999999997,44.081947,894.3515,938.433447,946.3
3,ExtraTrees,456,nist_38954524,O(C)CC=1C=CC=CC1,24.92439999999999,35.686859799999986,791.7756,827.4624598,816.7
3,ExtraTrees,458,nist_39055336,N=1C=CSC1N,9.453800000000001,14.463731800000023,921.1462,935.6099318,930.6
3,ExtraTrees,460,nist_39202322,O(C)C1NCCCC1,21.19939999999997,25.97136159999999,948.7006,974.6719616,969.9
3,ExtraTrees,468,nist_39769055,OCC,22.71799999999996,18.39924159999998,753.682,772.0812416,776.4
3,ExtraTrees,475,nist_40331045,S=C1C=CNC(=S)N1,29.875699999999938,20.319050599999986,881.5243,901.8433506,911.4
3,ExtraTrees,482,nist_41055618,O=C1C(=O)CCCC1,71.48490000000004,42.99096980000003,778.1151,821.1060698,849.6
3,ExtraTrees,483,nist_41090921,FC(F)(F)OC,88.8048,45.25408780000006,630.3952,675.6492878000001,719.2
3,ExtraTrees,491,nist_41584570,O(CC)C(C)(C)C,11.679200000000037,15.82317740000005,844.3208,860.1439774,856.0
3,ExtraTrees,495,nist_41808530,O=C(OC)C=1C=C(C=C(C1)C)C,27.939199999999914,24.85125960000011,836.3608,861.2120596000002,864.3
3,ExtraTrees,498,nist_42070158,O=C(OC)OCC,54.960500000000025,39.96410820000002,787.7395,827.7036082000001,842.7
3,ExtraTrees,499,nist_42174852,O=C1CC2CCC1(C)C2(C)C,36.532800000000066,30.42739840000004,822.6672,853.0945984,859.2
3,ExtraTrees,500,nist_42316028,N1=CC=CC=2C=CNC12,37.3103000000001,30.916107800000084,902.8897,933.8058078,940.2
3,ExtraTrees,504,nist_42769062,CNC1=CC=C(C=C1)[N+](=O)[O-],0.9270999999999958,15.57035500000001,890.6729,906.2432550000001,891.6
3,ExtraTrees,507,nist_43180739,O=C(C1=CC=C(SC)C=C1)C,23.47300000000007,14.184370199999961,864.727,878.9113702,888.2
3,ExtraTrees,516,nist_43905459,C=C(C)CN,7.630199999999945,29.687823399999985,909.8698,939.5576234,917.5
3,ExtraTrees,518,nist_43947806,O=C1OCCC1,59.86680000000001,28.87587200000003,780.1332,809.0090720000001,840.0
3,ExtraTrees,521,nist_44192251,O1CCOCCOCCOCCOCCOCC1,192.72000000000003,59.08581299999962,774.28,833.3658129999995,967.0
3,ExtraTrees,530,nist_44841860,N#CC1=CC=CC(N)=C1,-4.009200000000078,-6.725574200000011,846.3092,839.5836258,842.3
3,ExtraTrees,535,nist_45333681,O=C(OCC)C1=NN(C(=C1)C(=O)OCC)C,59.875099999999975,46.82793620000003,853.5249,900.3528362000001,913.4
3,ExtraTrees,539,nist_45610322,N(C)(C)C(C)C,32.40210000000002,24.393782399999985,938.1979,962.5916824,970.6
3,ExtraTrees,541,nist_45633666,N=1C=CC(=CC1)C(C)C,44.84610000000009,41.05371940000007,910.8539,951.9076194,955.7
3,ExtraTrees,542,nist_45690095,N(=CN(C)C)C12CC3CC(CC(C3)C1)C2,25.201400000000035,31.53399059999994,1008.2986,1039.8325906,1033.5
3,ExtraTrees,543,nist_45748257,O=C(OC)C=1C=C(C(=C(C1)C)C)C,27.323200000000043,25.123080800000146,848.1768,873.2998808000001,875.5
3,ExtraTrees,544,nist_45773775,N(=C(N(C)C)C)CCCCC,40.614799999999946,42.65967759999964,993.8852,1036.5448775999996,1034.5
3,ExtraTrees,547,nist_46197319,N(CCC)CCC,18.02419999999995,17.19069900000003,944.2758,961.466499,962.3
3,ExtraTrees,552,nist_46422135,C=1C=C(C=CC1N2CCCC2)C,-31.28589999999997,23.06118399999993,941.4859,964.5470839999999,910.2
3,ExtraTrees,555,nist_46816886,O=C(OC)C1=CC=CC(=C1)C,28.088500000000067,25.580659000000107,829.6115,855.1921590000001,857.7
3,ExtraTrees,568,nist_47729731,FCCO,-10.090599999999995,25.86119740000001,725.6906,751.5517974,715.6
3,ExtraTrees,576,nist_49397188,O=C(OCCC)C,26.562200000000075,29.200424799999876,810.0378,839.2382247999998,836.6
3,ExtraTrees,589,nist_50687721,NC1=CC=CC(N)=C1,43.538299999999936,16.972001600000027,886.3617,903.3337016,929.9
3,ExtraTrees,591,nist_50968522,O=C(C1=CC=C(OC)C=C1)N(C)C,25.968799999999987,20.857331600000027,922.3312,943.1885316,948.3
3,ExtraTrees,595,nist_51439623,CN(C)N(C)C,17.91910000000007,26.607336799999956,930.7809,957.3882368,948.7
3,ExtraTrees,601,nist_51685700,N=1C=CN2C1C=CC=C2C,37.61709999999994,34.405026600000056,949.7829,984.1879266000001,987.4
3,ExtraTrees,604,nist_51852541,FC(F)(F)N(C)C,-0.32150000000001455,34.712672199999915,803.3215,838.0341722,803.0
3,ExtraTrees,611,nist_52452875,ClC1=CC(C#C)=CC=C1SC,-2.811399999999935,8.446738000000037,871.4114,879.8581379999999,868.6
3,ExtraTrees,613,nist_52647113,O=C(C=1C=CC=C(F)C1)N(C)C,37.25839999999994,35.5516442000001,890.6416,926.1932442000001,927.9
3,ExtraTrees,614,nist_52674700,O=C(C1=CC=C(C=C1)N(C)C)C,16.158699999999953,21.588926399999973,916.6413,938.2302264,932.8
3,ExtraTrees,616,nist_52798915,N1(N(C)CCC1)C,25.36889999999994,31.45749439999995,933.9311,965.3885944,959.3
3,ExtraTrees,618,nist_52954786,N1=CNC(=C1)CCN,71.62239999999997,35.25934659999995,928.1776,963.4369465999999,999.8
3,ExtraTrees,621,nist_53113568,O=C1N=C(N)NC=2N=CNC12,36.03480000000002,29.76810180000004,923.4652,953.2333018,959.5
3,ExtraTrees,626,nist_53507987,N#CC1=CC=CC(=C1)S(=O)(=O)C,-85.62850000000003,-76.63817659999951,885.1285,808.4903234000005,799.5
3,ExtraTrees,644,nist_55375375,N(C)CCNC,65.07910000000004,37.05168979999991,924.1209,961.1725898,989.2
3,ExtraTrees,650,nist_55718775,O=C(OC)OC,52.20500000000004,37.529150399999985,777.995,815.5241503999999,830.2
3,ExtraTrees,657,nist_56509973,O=C(O)C(N)CS,47.86220000000003,1.3165816000000101,855.3378,856.6543816000001,903.2
3,ExtraTrees,674,nist_57457871,O=C(C1=CC=C(OC)C=C1)C,28.610900000000015,26.56466859999999,866.9891,893.5537686,895.6
3,ExtraTrees,679,nist_57803602,O=C1C=C(OC(=C1)C)C,36.95730000000003,27.435250599999957,904.5427,931.9779505999999,941.5
3,ExtraTrees,692,nist_58819961,N(=C(N(C)C)N(C)C)C(C)C,77.22789999999986,64.54192660000025,978.3721,1042.9140266000004,1055.6
3,ExtraTrees,693,nist_58971127,NC,9.328200000000038,17.180103599999953,889.6718,906.8519035999999,899.0
3,ExtraTrees,694,nist_59069353,O=C(O)C(N)CC1=CN=CN1,57.35559999999998,34.783543200000004,930.6444,965.4279432000001,988.0
3,ExtraTrees,704,nist_59938497,N#CC1=CC=CC(=C1)CCl,-19.61399999999992,-19.88118140000003,830.814,810.9328185999999,811.2
3,ExtraTrees,707,nist_59996113,N1=NC2=CC=CC=C2C=C1,66.32769999999994,41.12415820000006,869.9723,911.0964582,936.3
3,ExtraTrees,708,nist_60004719,N=C(N)C,18.0539,26.308165799999973,952.6461,978.9542658,970.7
3,ExtraTrees,711,nist_60106166,OCCCO,39.04150000000004,98.92429879999979,837.1585,936.0827987999998,876.2
3,ExtraTrees,713,nist_60369762,O=P(CC)(CC)CC,-46.13729999999998,-45.47339140000001,982.7373,937.2639086,936.6
3,ExtraTrees,714,nist_60467126,O(C(C)(C)C)C(C)(C)C,16.67509999999993,17.088574200000156,870.7249,887.8134742000002,887.4
3,ExtraTrees,716,nist_60624755,O=CC(F)(F)F,41.46259999999995,37.23699359999998,644.0374,681.2743936,685.5
3,ExtraTrees,718,nist_61235052,P1CC1,-67.51869999999997,-48.9141571999999,870.0187,821.1045428000001,802.5
3,ExtraTrees,724,nist_61768026,O=C,-8.592800000000011,15.952862800000023,721.4928,737.4456628,712.9
3,ExtraTrees,732,nist_62443404,O=C(C1=CC=C(C=C1)C)C,21.186699999999973,21.789073400000067,854.3133,876.1023734000001,875.5
3,ExtraTrees,741,nist_63648761,O=C(NC)CC,52.82439999999997,25.617921199999934,867.5756,893.1935212,920.4
3,ExtraTrees,743,nist_64249680,C=1C=C2C=CC=C(C2=C(C1)NC)N(C)C,21.892200000000003,15.837799600000029,962.4078,978.2455996,984.3
3,ExtraTrees,745,nist_64442260,CC(=O)C1=C[N+](=CC=C1)[O-],120.64260000000002,46.06727039999999,792.4574,838.5246704,913.1
3,ExtraTrees,746,nist_64470809,C#CC1=CC=C(N)C=C1,43.00319999999999,14.954146999999962,869.6968,884.650947,912.7
3,ExtraTrees,752,nist_65313578,N1(C)CC(C)CC(C)C1,33.7482,21.089337599999993,944.3518,965.4411376,978.1
3,ExtraTrees,753,nist_65527309,N(CC)(CC)CC,31.554399999999987,20.902004200000015,950.2456,971.1476041999999,981.8
3,ExtraTrees,754,nist_65583361,C1=C(NN=C1)[N+](=O)[O-],51.572799999999916,37.6794418,769.2272,806.9066418,820.8
3,ExtraTrees,760,nist_66013332,OC1C(N)C2CCCC2C3CCCC13,-58.15750000000003,15.97455819999999,986.1575,1002.1320582000001,928.0
3,ExtraTrees,761,nist_66117436,CC(C)C[C@@H](C(=O)O)N,17.167699999999968,24.14899760000008,897.4323,921.5812976000001,914.6
3,ExtraTrees,771,nist_66753441,O(C)CCC,36.71119999999996,34.42506819999999,778.1888,812.6138682,814.9
3,ExtraTrees,772,nist_66766126,N1=C(C=CN1C)C,43.42650000000003,44.48677520000009,890.4735,934.9602752000001,933.9
3,ExtraTrees,787,nist_69419639,N#CC1CC1,-13.588599999999929,-20.896598799999968,821.7886,800.8920012,808.2
3,ExtraTrees,793,nist_69812396,N=1C=CC(=CC1)C=2C=CC=CC2,28.851,40.05378819999995,910.849,950.9027882,939.7
3,ExtraTrees,799,nist_70429599,O=C1CCC(C)CC1,28.33699999999999,23.377457400000022,816.563,839.9404574,844.9
3,ExtraTrees,802,nist_70548512,O=C(OC)C=1C(=CC(=CC1C)C)C,15.056699999999978,21.276351999999946,851.2433,872.519652,866.3
3,ExtraTrees,803,nist_70646670,C=CN(C)C,65.76209999999992,42.19510720000001,891.0379,933.2330072000001,956.8
3,ExtraTrees,807,nist_71079873,FC(F)(F)CNCC(F)(F)F,43.20590000000004,36.631314799999934,794.8941,831.5254147999999,838.1
3,ExtraTrees,810,nist_71258481,O=C(C1=CC=C(Cl)C=C1)N(C)C,48.02189999999996,30.229907999999995,879.8781,910.108008,927.9
3,ExtraTrees,814,nist_71413106,O=C1C2CCC1CC2,40.35429999999997,36.666783000000045,791.7457,828.4124830000001,832.1
3,ExtraTrees,823,nist_71799610,O=CN,11.752000000000066,22.330537799999952,810.448,832.7785378,822.2
3,ExtraTrees,825,nist_71966022,S(C1=CC=C(C=C1)C(=C)C(C)(C)C)C,1.9091999999999416,43.22985939999993,892.8908,936.1206593999999,894.8
3,ExtraTrees,827,nist_72057150,CN(C)C(=O)C1=CC(=CC=C1)[N+](=O)[O-],31.059200000000033,34.980815199999924,869.8408,904.8216151999999,900.9
3,ExtraTrees,828,nist_72059023,N(=CN(C)C)CCCCCC,49.34539999999993,32.41620399999978,968.0546,1000.4708039999998,1017.4
3,ExtraTrees,833,nist_72731146,O=C1CCCC1,24.83490000000006,33.959323600000204,798.8651,832.8244236000002,823.7
3,ExtraTrees,841,nist_73135646,O=C(N(C)C)C(F)F,33.5847,37.15023139999997,830.5153,867.6655314,864.1
3,ExtraTrees,848,nist_73410882,O=C(C1=CC=C(OC)C(Cl)=C1)C,31.311000000000035,42.30868239999998,852.389,894.6976824,883.7
3,ExtraTrees,859,nist_74694959,FC(F)(F)C=1C=CC=C(N)C1,18.38220000000001,25.285706799999957,838.5178,863.8035067999999,856.9
3,ExtraTrees,864,nist_75212999,N(=CCCC)CC,32.75980000000004,24.977603199999972,922.7402,947.7178031999999,955.5
3,ExtraTrees,865,nist_75222609,O=C(O)CC(N)C(=O)O,16.844100000000026,7.711902800000029,892.0559,899.7678028,908.9
3,ExtraTrees,869,nist_75497792,SCC1CCCCC1,-24.225399999999922,-28.27943160000004,837.8254,809.5459683999999,813.6
3,ExtraTrees,875,nist_75903900,OCCN,20.03819999999996,27.729667200000023,910.2618,937.9914672,930.3
3,ExtraTrees,876,nist_75907129,O=C(C(=C)C)C,25.460500000000025,26.882636200000043,817.6395,844.5221362000001,843.1
3,ExtraTrees,879,nist_76213651,O=C1CC2CCC1C2,44.43539999999996,36.97862040000007,802.9646,839.9432204000001,847.4
3,ExtraTrees,882,nist_76342692,O=C(O)C(N)CO,21.41669999999999,25.907280399999955,893.1833,919.0905804,914.6
3,ExtraTrees,894,nist_77567801,CC/C=C/C=O,4.812000000000012,18.320596600000002,834.188,852.5085966,839.0
3,ExtraTrees,895,nist_77572073,O=CC=C,3.34699999999998,27.426206200000045,793.653,821.0792062,797.0
3,ExtraTrees,899,nist_78090683,N(CCCC)CCCC,20.77520000000004,20.141586600000007,947.7248,967.8663865999999,968.5
3,ExtraTrees,902,nist_78234175,O=P(N(C)C)(N(C)C)N(C)C,-38.81209999999999,-32.84887119999988,997.4121,964.5632288000002,958.6
3,ExtraTrees,904,nist_78296687,ClC1=NC=NC=2N=CNC12,-6.9669999999999845,13.707062599999976,880.567,894.2740626,873.6
3,ExtraTrees,908,nist_78829182,CN1CCC[C@H]1c2cccnc2,33.38779999999997,36.98616359999994,930.0122,966.9983636,963.4
3,ExtraTrees,911,nist_78992368,COC(=O)\C=C\C,29.46289999999999,31.53740179999995,821.8371,853.3745018,851.3
3,ExtraTrees,913,nist_79397311,N1=C2N(C)CCCN2CCC1,56.04880000000003,54.80296139999984,1006.6512,1061.4541613999997,1062.7
3,ExtraTrees,914,nist_79584522,N=1C=CC(=CC1)C,41.83100000000002,41.85195700000009,905.369,947.2209570000001,947.2
3,ExtraTrees,920,nist_80045212,N(=CN(C)C)CC=1C=CC=CC1,32.44839999999999,29.511767000000013,981.6516,1011.163367,1014.1
3,ExtraTrees,928,nist_80611700,N1(C)C(CCCC1C(C)(C)C)C(C)(C)C,10.319100000000049,12.01615759999999,1000.7809,1012.7970576,1011.1
3,ExtraTrees,934,nist_81126635,NCCCCCC,9.156100000000038,9.186716999999952,918.3439,927.5306169999999,927.5
3,ExtraTrees,940,nist_81660135,C#CCN(CC#C)CC#C,13.610700000000065,13.994195000000014,911.5893,925.583495,925.2
3,ExtraTrees,945,nist_82303087,C1=CC(=C[N+](=C1)[O-])C#N,80.36559999999997,41.49836019999979,799.2344,840.7327601999998,879.6
3,ExtraTrees,947,nist_82455891,FC(F)(F)C(O)C(F)(F)F,78.17410000000007,48.71036719999995,608.4259,657.1362671999999,686.6
3,ExtraTrees,948,nist_82490365,O=C1C=C(N)CC(C)(C)C1,19.20939999999996,24.62947300000003,927.6906,952.3200730000001,946.9
3,ExtraTrees,956,nist_82963291,N12N(CCC1)CCC2,50.86710000000005,34.704505200000064,927.1329,961.8374052,978.0
3,ExtraTrees,984,nist_85397002,C(=C(C)C)N1CCCCC1,16.033999999999992,45.785231000000046,962.166,1007.9512310000001,978.2
3,ExtraTrees,986,nist_85902541,O(CC)CC,33.53649999999993,27.977542999999955,794.8635,822.841043,828.4
3,ExtraTrees,988,nist_86027788,N#CN=CN(C)C,-19.420099999999934,4.164165599999997,909.1201,913.2842656,889.7
3,ExtraTrees,989,nist_86072558,N=1C=CN(C1)C,28.02240000000006,29.235881400000007,931.5776,960.8134814,959.6
3,ExtraTrees,990,nist_86112430,N(C)C(C)C,13.39549999999997,17.605486999999986,939.0045,956.609987,952.4
3,ExtraTrees,997,nist_86619061,N(=CN(C)C)CCCC,23.999900000000025,29.18912179999983,989.0001,1018.1892217999998,1013.0
3,ExtraTrees,999,nist_86827320,O1CC1C,34.455999999999904,30.100175000000057,768.844,798.9441750000001,803.3
3,ExtraTrees,1010,nist_87718690,N(=CN(C)C)CCCN(C)C,61.468000000000075,50.74231499999984,996.232,1046.9743149999997,1057.7
3,ExtraTrees,1011,nist_87810996,O(CC=C)CC,27.15960000000007,54.77446239999997,806.5404,861.3148623999999,833.7
3,ExtraTrees,1014,nist_87988676,O=C(OCC)C1=NNC(=C1)C,45.30020000000002,44.0858882000001,857.2998,901.3856882000001,902.6
3,ExtraTrees,1026,nist_88600761,N(N(C)C(C)(C)C)(C)C,24.24989999999991,24.85400959999997,944.5501,969.4041096,968.8
3,ExtraTrees,1054,nist_91466481,OCCOC,-18.362600000000043,28.253500200000015,787.1626,815.4161002,768.8
3,ExtraTrees,1057,nist_91631626,N=1C=CC=CC1N,38.16579999999999,35.54753779999999,909.0342,944.5817378,947.2
3,ExtraTrees,1066,nist_92433578,N#CC(F)(F)C(F)(F)F,-29.486999999999966,-29.824347599999882,721.487,691.6626524000001,692.0
3,ExtraTrees,1070,nist_92577466,O=C(CC)CC,13.720199999999977,22.36146899999999,823.0798,845.4412689999999,836.8
3,ExtraTrees,1074,nist_92967857,O(P(OC)OC)C,52.81830000000002,-6.558561800000034,876.8817,870.3231382,929.7
3,ExtraTrees,1079,nist_93554490,O=CC1=CC=CC(=C1)C,16.80899999999997,21.59435280000003,823.191,844.7853528,840.0
3,ExtraTrees,1080,nist_93654688,O=C(SC)C,9.057999999999993,5.3687548,819.942,825.3107548,829.0
3,ExtraTrees,1083,nist_93875324,O=C(C=1C=CC=C(Cl)C1)N(C)C,35.710899999999924,31.217961799999976,892.1891,923.4070618000001,927.9
3,ExtraTrees,1098,nist_95096222,N=1C=CNC1C,31.5942,26.01733700000005,931.8058,957.823137,963.4
3,ExtraTrees,1099,nist_95107797,O1CCCC1C,33.280599999999936,26.446960600000075,807.5194,833.9663606000001,840.8
3,ExtraTrees,1104,nist_95709617,O=C(OC1=CC=C(C=C1)C(=O)C)C,-5.441299999999956,29.04361900000001,858.6413,887.684919,853.2
3,ExtraTrees,1110,nist_96330256,N=1NC(=CC1C(C)(C)C)C,48.04950000000008,45.14788899999985,898.1505,943.2983889999998,946.2
3,ExtraTrees,1111,nist_96358023,NC1=CC=C(C=C1)CCCCCCCC,3.8641000000000076,19.522523399999972,890.6359,910.1584234,894.5
3,ExtraTrees,1114,nist_96535904,O=C(N)C1=CC=CC(=C1)C(F)(F)F,39.751499999999965,34.498602399999996,827.1485,861.6471024,866.9
3,ExtraTrees,1117,nist_96855369,N1=C(OC)CCC1,23.84299999999996,33.11479219999998,934.057,967.1717922,957.9
3,ExtraTrees,1118,nist_96997414,O=C(C1=CC=C(C=C1)C(=O)C)C,25.441299999999956,26.34354719999996,825.3587,851.7022472,850.8
3,ExtraTrees,1121,nist_97359272,O(P1OCCCO1)C,46.71780000000001,27.01600380000004,878.5822,905.5982038,925.3
3,ExtraTrees,1131,nist_98334366,N1=CC=2C=CC=CC2N1C,43.863699999999994,44.25694980000012,878.5363,922.7932498000001,922.4
3,ExtraTrees,1133,nist_98394806,N=1OC=CC1,29.133300000000077,31.40035499999997,819.4667,850.8670549999999,848.6
3,ExtraTrees,1142,nist_98749423,N12N(CCCC1)CCCC2,-9.47709999999995,34.52842459999995,988.1771,1022.7055246,978.7
3,ExtraTrees,1149,nist_99330521,C1=CC=C(N=CN(C)C)C=C1[N+](=O)[O-],20.607200000000034,28.735650200000055,929.5928,958.3284502,950.2
4,ExtraTrees,4,nist_00760896,O=C(C=1C=CC=CC1)C=2C=CC=CC2,23.766599999999926,23.171634599999994,858.5334,881.7050346,882.3
4,ExtraTrees,8,nist_00927094,O=C(C1=CC=C(C=C1)C(F)(F)F)N(C)C,29.39549999999997,30.874489799999864,875.1045,905.9789897999999,904.5
4,ExtraTrees,16,nist_01813910,N=1C=CC=CC1OC,37.010400000000004,37.27243619999998,897.6896,934.9620362000001,934.7
4,ExtraTrees,17,nist_01953252,O=C(C=1C=CC=CC1)C(Cl)(Cl)Cl,54.85450000000003,33.51898139999986,764.0455,797.5644813999997,818.9
4,ExtraTrees,19,nist_02204816,O=C(OC)C=1C=CC=C(F)C1,28.088499999999954,31.524843199999875,804.8115,836.3363431999999,832.9
4,ExtraTrees,26,nist_02593856,OC(C(F)(F)F)(C(F)(F)F)C(F)(F)F,99.80769999999995,58.14406799999976,576.9923,635.1363679999997,676.8
4,ExtraTrees,32,nist_03202939,O=C(N(CC)CC)C,31.295499999999947,31.67823619999994,894.1045,925.7827361999999,925.4
4,ExtraTrees,35,nist_03617918,O=CC1=CC=C(N)C=C1,31.689499999999953,18.40262639999996,878.7105,897.1131263999999,910.4
4,ExtraTrees,36,nist_03648145,N#CC(F)(F)F,-28.687200000000075,-21.97644719999992,717.0872,695.1107528000001,688.4
4,ExtraTrees,37,nist_03690578,O=COCCCC,29.228399999999965,26.420123600000096,776.7716,803.1917236000002,806.0
4,ExtraTrees,38,nist_03881393,C=1C=CC(=CC1)N2CCCCCC2,20.78920000000005,17.79114179999995,935.8108,953.6019418,956.6
4,ExtraTrees,45,nist_04459242,CCOC=CC,94.97700000000009,83.47383579999996,781.723,865.1968357999999,876.7
4,ExtraTrees,46,nist_04494467,O=NOC(C)C,76.41520000000003,45.72101339999982,769.0848,814.8058133999998,845.5
4,ExtraTrees,48,nist_04671501,C=1C=CC(=C(C1)N(C)C)N(C)C,8.029300000000035,21.185335200000072,974.5707,995.7560352,982.6
4,ExtraTrees,50,nist_04893497,CC(=O)C1=CC(=CC=C1)[N+](=O)[O-],31.985300000000052,32.58015180000011,794.0147,826.5948518,826.0
4,ExtraTrees,53,nist_05248112,N(=CN(C)C)CCOC,31.593899999999962,35.71143239999986,987.3061,1023.0175323999998,1018.9
4,ExtraTrees,57,nist_05604050,O=C(N)C,28.69730000000004,21.483025800000064,834.9027,856.3857258,863.6
4,ExtraTrees,75,nist_06361266,NC1=CC=CC(=C1)CC,14.89689999999996,11.97665039999997,883.0031,894.9797504,897.9
4,ExtraTrees,85,nist_07262919,O=C1C=C(C)CC(C)(C)C1,19.24969999999996,28.365974799999986,874.2503,902.6162748,893.5
4,ExtraTrees,102,nist_08678790,O=NOC,64.01310000000001,25.54567479999998,734.8869,760.4325748,798.9
4,ExtraTrees,103,nist_08787620,FC(F)(F)COCC,39.155899999999974,50.514148799999965,723.2441,773.7582487999999,762.4
4,ExtraTrees,105,nist_08891159,C=1C=C(C(=CC1C(C)(C)C)C(C)(C)C)N(C)C,14.9529,18.297152600000064,958.3471,976.6442526000001,973.3
4,ExtraTrees,111,nist_09455499,N=1C=CN(C1)C(C)(C)C,35.209100000000035,30.31794499999998,951.7909,982.108845,987.0
4,ExtraTrees,115,nist_09601386,N1(N(C)CCCCC1)C,20.717399999999998,31.61201279999989,946.0826,977.6946127999998,966.8
4,ExtraTrees,116,nist_09646960,S1CC1C,-2.63370000000009,-10.790148800000013,835.9337,825.1435512,833.3
4,ExtraTrees,117,nist_09721427,NCC(C)C,16.56529999999998,7.549258399999962,908.2347,915.7839584,924.8
4,ExtraTrees,119,nist_09823349,P1(C)CCCCC1,-46.03530000000001,-44.33500739999999,1015.4353,971.1002926,969.4
4,ExtraTrees,124,nist_10481689,N(=CN(C)C)CCCCC,30.328300000000013,38.434351399999905,987.6717,1026.1060513999998,1018.0
4,ExtraTrees,126,nist_10490928,C=1C=CC(=CC1)NCC,19.003999999999905,20.017111399999994,905.796,925.8131114,924.8
4,ExtraTrees,127,nist_10529342,N#CC1=CC=C(C=O)C=C1,-22.626500000000078,-9.698811399999968,819.5265,809.8276886000001,796.9
4,ExtraTrees,142,nist_11633298,N=1NC(=CC1C)C=2C=CC=CC2,42.57979999999998,44.989256000000175,889.5202,934.5094560000002,932.1
4,ExtraTrees,149,nist_12002990,FC1=CC=CC(N)=C1,19.650499999999965,16.57325279999998,847.6495,864.2227528,867.3
4,ExtraTrees,150,nist_12076005,N#CCC#N,-46.48419999999999,-25.771108600000098,769.4842,743.7130913999999,723.0
4,ExtraTrees,151,nist_12102434,CN1C(=CC(=N1)[N+](=O)[O-])[N+](=O)[O-],-6.914100000000076,36.28305459999999,795.7141,831.9971546,788.8
4,ExtraTrees,152,nist_12115397,C=1C=C(C=CC1N(CC)CC)C,21.87659999999994,16.978858000000095,940.9234,957.9022580000001,962.8
4,ExtraTrees,153,nist_12200694,N(C)(C)C(C)(C)C,26.82439999999997,23.180524399999936,952.7756,975.9561244,979.6
4,ExtraTrees,154,nist_12346932,NC=1C=CC=CC1N,-2.320799999999963,11.920449199999993,898.8208,910.7412492,896.5
4,ExtraTrees,157,nist_12699958,N(=C(N(C)C)CC)C(C)(C)C,38.62169999999992,29.043016599999913,1004.6783,1033.7213166,1043.3
4,ExtraTrees,159,nist_12835326,OC(C)CC,20.319399999999973,12.301671999999977,794.6806,806.982272,815.0
4,ExtraTrees,160,nist_12889332,O=C(OC)C1=CC(=CC=C1C)C,26.200500000000034,22.225692399999993,838.4995,860.7251924,864.7
4,ExtraTrees,162,nist_12937229,O=C(C1=CC=C(N)C=C1)N(C)C,20.649400000000014,37.73225520000007,936.2506,973.9828552,956.9
4,ExtraTrees,171,nist_13566219,O=C(OC(C)C)C,14.219500000000039,22.074812799999986,822.3805,844.4553128,836.6
4,ExtraTrees,175,nist_14023098,O=C1C=CCC(C)(C)C1,20.111499999999978,27.50831539999997,849.6885,877.1968154,869.8
4,ExtraTrees,180,nist_14601194,O=P1(N(C)CCN1C)C,-52.42769999999996,-29.147689199999945,999.9277,970.7800108,947.5
4,ExtraTrees,188,nist_15380470,N=1C=CC(=CC1)CC,43.5539,41.67376679999999,907.5461,949.2198668,951.1
4,ExtraTrees,190,nist_15786561,O=C(C)CC,16.237499999999955,18.170566199999946,811.0625,829.2330661999999,827.3
4,ExtraTrees,191,nist_15830466,CC1=CC(=CC(=C1N(C)C)C)[N+](=O)[O-],32.59719999999993,16.152211199999996,885.8028,901.9550112000001,918.4
4,ExtraTrees,194,nist_16009726,N1=CC(=CN1)C,55.77009999999996,47.889345200000065,851.0299,898.9192452000001,906.8
4,ExtraTrees,195,nist_16039891,O(CCCC)CCCC,35.57600000000002,38.78023119999995,810.124,848.9042312,845.7
4,ExtraTrees,207,nist_16974140,O=C(N)C=1C=CC=CC1,31.34960000000001,29.641585600000006,860.7504,890.3919856,892.1
4,ExtraTrees,225,nist_18486563,C=1C=CC(=C(C1)N(C)C)C,20.56689999999992,18.882330600000028,931.2331,950.1154306000001,951.8
4,ExtraTrees,226,nist_18663405,N#CCC=1C=CC=CC1,-27.301799999999957,-19.647565199999946,832.8018,813.1542348,805.5
4,ExtraTrees,229,nist_19129578,ClC1N2CCC(CC2)C1,52.54309999999998,44.34240679999987,898.2569,942.5993067999998,950.8
4,ExtraTrees,236,nist_19745086,ClC=1N=C(OC)C=CC1,35.561399999999935,35.595432599999924,874.3386,909.9340325999999,909.9
4,ExtraTrees,245,nist_20928646,S=C(N)N,6.1554000000001,4.144581000000018,887.5446,891.689181,893.7
4,ExtraTrees,253,nist_21682838,O=C(OCC)C(F)(F)F,40.22179999999992,40.565631400000065,718.5782,759.1438314000001,758.8
4,ExtraTrees,255,nist_21890240,O=C(OC)C1=CC=C(C(=C1)C)C,26.571900000000028,25.91246180000008,841.9281,867.8405618,868.5
4,ExtraTrees,262,nist_22476588,O=C(NC)NC,34.892099999999914,42.99138380000003,868.4079,911.3992838,903.3
4,ExtraTrees,263,nist_22533986,O=P(C(C)C)(C(C)C)C(C)C,-27.062000000000012,-49.37242459999985,981.462,932.0895754000002,954.4
4,ExtraTrees,268,nist_22954549,O=C1CCCCCCCC1,15.279700000000048,10.660078800000017,837.3203,847.9803788,852.6
4,ExtraTrees,271,nist_23150781,ClC1=CN=CN1,-24.142000000000053,26.1473644,892.642,918.7893644000001,868.5
4,ExtraTrees,283,nist_24162320,O(C)CC,35.670900000000074,37.200563599999946,772.9291,810.1296635999998,808.6
4,ExtraTrees,284,nist_24334192,O=C(OCC)CC(F)(F)F,34.72199999999998,38.36869740000006,762.578,800.9466974000001,797.3
4,ExtraTrees,287,nist_24542042,O=C(C=1C=CC=C(OC)C1)C,29.741500000000087,28.437637399999943,841.4585,869.8961373999999,871.2
4,ExtraTrees,297,nist_25035103,O=P(OC)OC,-7.776400000000081,-7.648642000000009,902.5764,894.927758,894.8
4,ExtraTrees,301,nist_25263627,O1CCOCCOCCOCCOCC1,44.29899999999998,155.02790679999978,899.501,1054.5289067999997,943.8
4,ExtraTrees,303,nist_25351010,O=C(OC)C1=CC=C(C=C1)S(=O)(=O)F,-29.63779999999997,-35.93815879999989,832.2378,796.2996412000001,802.6
4,ExtraTrees,304,nist_25435730,O=C(NC)C,28.49109999999996,23.913905399999926,860.0089,883.9228054,888.5
4,ExtraTrees,313,nist_25929302,NCCCCCCN,13.68889999999999,63.87536699999957,985.8111,1049.6864669999995,999.5
4,ExtraTrees,320,nist_26436702,N(N(C)CCC)(C)C,24.440899999999942,30.309851999999946,942.3591,972.668952,966.8
4,ExtraTrees,322,nist_26748419,N=1C=C(C=CC1C)C,38.04829999999993,39.226570999999886,920.7517,959.978271,958.8
4,ExtraTrees,341,nist_27768215,C/C=C(/C)\C(=O)C,27.98040000000003,28.093651999999956,838.4196,866.5132519999999,866.4
4,ExtraTrees,349,nist_28598132,C1=CC=C(C=C1)C[C@@H](C(=O)O)N,28.6182,20.609204000000002,894.2818,914.891004,922.9
4,ExtraTrees,353,nist_28787468,S1CCC1,-17.088799999999992,-21.644697800000085,851.8888,830.2441021999998,834.8
4,ExtraTrees,364,nist_29796772,FC(F)(F)C=1C=CN=CC1,48.222999999999956,45.395619000000025,845.677,891.072619,893.9
4,ExtraTrees,369,nist_30251472,C=1C(=CC(=CC1C)C)N(C)C,22.32630000000006,23.047709000000086,933.7737,956.821409,956.1
4,ExtraTrees,372,nist_30473983,OCC(C)(C)C,23.669399999999996,16.537532799999973,771.8306,788.3681328,795.5
4,ExtraTrees,374,nist_30543014,O=C(N)C1=CC=CC(=C1)C,40.53869999999995,28.22593419999996,860.3613,888.5872342,900.9
4,ExtraTrees,399,nist_32977862,N#CC12CCN(CC1)CC2,38.37099999999998,28.12059699999982,894.729,922.8495969999999,933.1
4,ExtraTrees,403,nist_33429568,O=C(OC)C1CCCCC1,28.60710000000006,27.48574620000003,817.5929,845.0786462,846.2
4,ExtraTrees,407,nist_33597444,N=1C=CC(=CC1)N(C)C,33.12329999999997,35.137369400000146,964.4767,999.6140694000002,997.6
4,ExtraTrees,414,nist_34327638,C=1C=CC(=CC1)P(C=2C=CC=CC2)C,-38.50580000000002,-39.333066800000076,1010.6058,971.2727332,972.1
4,ExtraTrees,419,nist_35039110,O=C(OCCCC)C(F)(F)F,41.26619999999991,44.51454160000016,723.5338,768.0483416000002,764.8
4,ExtraTrees,421,nist_35407953,O=C(O)C1=CC=CC(=C1)C,19.107899999999972,17.12495539999986,810.6921,827.8170553999998,829.8
4,ExtraTrees,434,nist_36823933,FC(F)(F)CN=CN(C)C,61.614200000000096,33.63743839999999,904.5858,938.2232383999999,966.2
4,ExtraTrees,437,nist_36926460,N(C(C)CC)C(C)CC,19.80230000000006,11.16911079999999,960.8977,972.0668108,980.7
4,ExtraTrees,443,nist_37641067,S=P(OC)(OC)OC,-27.622499999999945,-6.7078190000000095,911.2225,904.514681,883.6
4,ExtraTrees,446,nist_37854273,O=C1C=CC=C(Cl)N1C,59.327999999999975,39.105430199999866,859.172,898.2774301999999,918.5
4,ExtraTrees,452,nist_38643688,C1C[C@H]([C@H](C1)O)O,81.45230000000004,24.365228600000027,804.1477,828.5129286,885.6
4,ExtraTrees,469,nist_39779296,FC(F)(F)COC,69.81579999999997,53.81772920000003,677.7842,731.6019292000001,747.6
4,ExtraTrees,470,nist_39795150,O=C(O)C=1C=CC=CC1C,18.35119999999995,19.981314399999892,820.4488,840.4301143999999,838.8
4,ExtraTrees,472,nist_40107124,O=C(C)C,9.638199999999983,15.849904599999979,802.3618,818.2117046,812.0
4,ExtraTrees,473,nist_40160939,CCCN(CCC)C1=CC=CC=C1,25.80460000000005,23.359769399999934,937.1954,960.5551693999998,963.0
4,ExtraTrees,476,nist_40380478,N=1C(=CC=CC1C(C)C)C(C)C,35.605500000000006,34.19239419999995,943.3945,977.5868942,979.0
4,ExtraTrees,480,nist_40554243,N=1C(=CC=CC1C)C,36.18169999999998,34.824560199999894,926.8183,961.6428601999999,963.0
4,ExtraTrees,487,nist_41349770,O=C(C=1C=C(C=C(C1)C)C)C,25.932999999999993,23.931103000000025,850.067,873.998103,876.0
4,ExtraTrees,488,nist_41356600,N1=C(N)C=CN1C,32.64300000000003,39.86259200000014,904.757,944.6195920000001,937.4
4,ExtraTrees,489,nist_41373469,N(C(C)C)C(C)C,26.89149999999995,12.76620599999999,945.0085,957.774706,971.9
4,ExtraTrees,503,nist_42645812,N12CCC(C)(CC1)CC2,45.39850000000001,38.839084199999895,934.0015,972.8405841999999,979.4
4,ExtraTrees,505,nist_42817358,O(C=1C=CC=CC1)C,90.54660000000001,94.97098419999993,749.0534,844.0243842,839.6
4,ExtraTrees,511,nist_43641519,N(=C(N(C)C)C)C(C)(C)C,39.52069999999992,31.929540399999905,998.7793,1030.7088403999999,1038.3
4,ExtraTrees,512,nist_43679717,N12CCN(CC1)CC2,57.89779999999996,43.81202379999996,905.5022,949.3142238,963.4
4,ExtraTrees,515,nist_43843389,O=C(C=1C=NC=CC1)N(CC)CC,42.02890000000002,40.71548640000007,898.8711,939.5865864,940.9
4,ExtraTrees,517,nist_43913359,O=C(N1CCCC1)C,34.2654,33.62797039999992,891.1346,924.7625703999998,925.4
4,ExtraTrees,537,nist_45509053,C#CCOCC#C,0.5276999999999816,30.400462600000026,783.3723,813.7727626000001,783.9
4,ExtraTrees,546,nist_46101930,N#CSC,-30.71479999999997,-28.201575800000054,827.4148,799.2132242,796.7
4,ExtraTrees,550,nist_46332915,FC=1C=CN=CC1,47.10770000000002,36.81141959999992,865.9923,902.8037195999999,913.1
4,ExtraTrees,559,nist_47071608,O=C(SC)C(F)(F)F,8.059400000000096,1.744167799999999,757.1406,758.8847678,765.2
4,ExtraTrees,569,nist_48022260,O=C=N,4.904599999999959,30.44262420000002,748.0954,778.5380242000001,753.0
4,ExtraTrees,571,nist_48322586,N#CC(=O)OCC,-38.23559999999998,-18.440862599999996,783.9356,765.4947374000001,745.7
4,ExtraTrees,574,nist_48813107,O1C2CCC1CC2,16.27080000000001,25.482879200000063,827.9292,853.4120792000001,844.2
4,ExtraTrees,579,nist_50016945,O=C(OC)C=1C=CC=C(SC)C1,-17.017900000000054,5.077141799999947,870.4179,875.4950418,853.4
4,ExtraTrees,580,nist_50077675,O=C(O)C1=CC=C(N)C=C1,13.656400000000076,20.771400799999917,851.0436,871.8150007999999,864.7
4,ExtraTrees,586,nist_50543292,S=C1CC2CCC1(C)C2(C)C,5.72709999999995,7.711292599999971,878.1729,885.8841926,883.9
4,ExtraTrees,603,nist_51793512,N(=C(N(C)C)CC)CCCCC,44.3284000000001,40.390568599999824,993.5716,1033.9621685999998,1037.9
4,ExtraTrees,606,nist_51972409,N=1NC=CC1C,41.75369999999998,47.68812460000013,864.2463,911.9344246000002,906.0
4,ExtraTrees,610,nist_52290330,N(C=1C=CC=CC1)=C(N(C)C)N(C)C,61.75710000000004,61.86804040000002,976.6429,1038.5109404,1038.4
4,ExtraTrees,619,nist_52978076,N#CC1=CC=CC(=C1)C(=O)OC,-11.705699999999979,-4.726519000000002,829.1057,824.3791809999999,817.4
4,ExtraTrees,623,nist_53413176,O=C(OC)C(=C)C,26.09579999999994,44.200450400000015,805.3042,849.5046504000001,831.4
4,ExtraTrees,625,nist_53472744,S(C(C)(C)C)C(C)(C)C,-14.884200000000078,-10.538073400000043,908.6842,898.1461266,893.8
4,ExtraTrees,633,nist_53793738,O=C(OCCF)C(F)(F)F,19.069200000000023,41.92638820000007,716.6308,758.5571882,735.7
4,ExtraTrees,635,nist_54022480,CC(=C)C1=CC(=CC=C1)[N+](=O)[O-],14.512300000000096,12.311071600000057,797.6877,809.9987716,812.2
4,ExtraTrees,638,nist_54714978,O=C(C1=CC=C(Cl)C=C1)C,30.919700000000034,29.742861600000094,825.6803,855.4231616000001,856.6
4,ExtraTrees,639,nist_54753736,N#CCNC,6.566299999999956,4.551389000000016,857.2337,861.785089,863.8
4,ExtraTrees,640,nist_54852876,N1=C(C=CN1C)C=2C=CC=CC2,36.1472,43.290783800000156,896.4528,939.7435838000001,932.6
4,ExtraTrees,651,nist_55946580,N1=CNC(=C1)CCN(C)C,37.37149999999997,48.47935420000003,984.6285,1033.1078542,1022.0
4,ExtraTrees,653,nist_56275731,N12CCC(CC1)CC2,52.204399999999964,41.84562979999989,931.0956,972.9412297999999,983.3
4,ExtraTrees,655,nist_56494720,O=P(OCC)(OCC)OCC,-30.053100000000086,-30.486341600000006,939.3531,908.8667584,909.3
4,ExtraTrees,656,nist_56499387,O(C1=CC=C(N)C=C1)C,1.7527000000000044,28.39730959999991,898.5473,926.9446095999998,900.3
4,ExtraTrees,658,nist_56522158,O=C(O)C1CCCC1,19.066599999999994,24.00255740000003,798.3334,822.3359574,817.4
4,ExtraTrees,662,nist_56783721,O(C)CCOCCOC,37.9011999999999,61.62542719999985,880.8988,942.5242271999999,918.8
4,ExtraTrees,664,nist_56897068,C1=CC(=CC=C1C(=O)N)[N+](=O)[O-],35.75339999999994,33.31350880000002,809.5466,842.8601088,845.3
4,ExtraTrees,669,nist_57245361,O=C(OC)C1CC1,34.58440000000007,33.02126659999999,807.5156,840.5368665999999,842.1
4,ExtraTrees,672,nist_57431887,S=C(SC)C,-17.99279999999999,8.611681599999992,878.6928,887.3044816,860.7
4,ExtraTrees,680,nist_58043369,N=1C=CC=C2C1CCC2,40.17349999999999,44.0032191999999,917.3265,961.3297191999999,957.5
4,ExtraTrees,684,nist_58319748,O=C1CCC1,34.838100000000054,26.714841199999956,767.6619,794.3767411999999,802.5
4,ExtraTrees,685,nist_58335242,O(C)CCCCOC,152.9375,134.6580725999986,778.5625,913.2205725999986,931.5
4,ExtraTrees,687,nist_58472874,N1=C2NCCCN2CCC1,54.989099999999894,54.49689880000017,999.6109,1054.1077988000002,1054.6
4,ExtraTrees,697,nist_59445593,C1CC=C2NCCCN2C1,114.85840000000007,52.95715000000006,931.5416,984.4987500000001,1046.4
4,ExtraTrees,705,nist_59949795,FC(F)CO,21.548400000000015,24.516811200000035,705.8516,730.3684112,727.4
4,ExtraTrees,721,nist_61452575,C1=C[N+](=CC=C1[N+](=O)[O-])[O-],91.34379999999999,67.5887149999999,776.6562,844.2449149999999,868.0
4,ExtraTrees,726,nist_61864907,CC[C@H](C)[C@H](N)C(O)=O,30.850299999999947,20.17450320000002,886.5497,906.7242032,917.4
4,ExtraTrees,731,nist_62208966,N(=C(N(C)C)C)C(C)C,31.40589999999986,33.06134799999982,1000.1941,1033.255448,1031.6
4,ExtraTrees,734,nist_62690951,O=C(O)C1CC1,37.93830000000003,24.691853800000032,783.4617,808.1535537999999,821.4
4,ExtraTrees,749,nist_64741216,N(=C(N(C)C)C)CCCCCC,43.74599999999998,41.77811459999974,989.554,1031.3321145999996,1033.3
4,ExtraTrees,758,nist_65873493,S(C1=CC=C(C=C1)C(=C)C)C,57.911500000000046,11.036519000000016,888.2885,899.325019,946.2
4,ExtraTrees,774,nist_66896775,O=C(OC)C1=CC=C(Cl)C=C1,32.89600000000007,30.20607299999993,809.204,839.4100729999999,842.1
4,ExtraTrees,778,nist_67715422,O=CC1=CC=C(OC)C=C1,28.376899999999978,26.780992200000043,852.7231,879.5040922000001,881.1
4,ExtraTrees,790,nist_69565169,O=C(N(C)C)CC(C)(C)C,28.308200000000056,26.088217399999962,899.3918,925.4800174,927.7
4,ExtraTrees,792,nist_69757975,C1=CN(C(=O)N=C1N)[C@H]2[C@@H]([C@@H]([C@H](O2)CO)O)O,44.36569999999995,63.51273140000005,938.1343,1001.6470314000001,982.5
4,ExtraTrees,796,nist_70067459,O=C(OC)C1=CC=C(C=C1)C(F)(F)F,40.279199999999946,33.58982400000012,787.2208,820.8106240000002,827.5
4,ExtraTrees,797,nist_70080348,O=C(O)CN,30.481199999999944,26.76845300000005,856.0188,882.7872530000001,886.5
4,ExtraTrees,800,nist_70460348,O=C(NC)CCl,16.884799999999927,33.309399799999866,828.9152,862.2245997999999,845.8
4,ExtraTrees,812,nist_71355630,ClCCO,44.767900000000054,26.977161399999932,721.3321,748.3092613999999,766.1
4,ExtraTrees,816,nist_71526198,NNC,37.67259999999999,25.753889399999952,861.1274,886.8812893999999,898.8
4,ExtraTrees,819,nist_71644349,ClC=1C=CN=CC1,45.95659999999998,40.28058999999987,870.1434,910.4239899999999,916.1
4,ExtraTrees,821,nist_71740274,O=CC=C(C)C,13.1567,45.37206500000006,843.7433,889.115365,856.9
4,ExtraTrees,843,nist_73196366,S=C(OC)C,-5.000300000000038,-3.677927600000002,851.0003,847.3223724000001,846.0
4,ExtraTrees,851,nist_73751642,O=C(C1=CC=CC(=C1)C(F)(F)F)C,30.59570000000008,37.49781320000005,805.0043,842.5021131999999,835.6
4,ExtraTrees,857,nist_74647773,CN1C=CC(=N1)[N+](=O)[O-],17.48879999999997,40.7095342,830.1112,870.8207342000001,847.6
4,ExtraTrees,858,nist_74667357,FC1=CC=C(C=C1)N(C)C,20.636099999999942,23.243395999999986,904.1639,927.407296,924.8
4,ExtraTrees,862,nist_74822722,N(C)C,22.320600000000013,19.603649799999985,907.1794,926.7830498,929.5
4,ExtraTrees,866,nist_75228200,O1C=CCC1,118.33280000000002,103.35111359999982,748.5672,851.9183135999998,866.9
4,ExtraTrees,880,nist_76248409,O=C1CCCCCCC1,17.447299999999927,17.22194420000007,831.9527,849.1746442000001,849.4
4,ExtraTrees,885,nist_76581184,N(N(CC)CC)(CC)CC,18.569799999999987,23.445347400000056,945.7302,969.1755474,964.3
4,ExtraTrees,886,nist_76603938,C(=C(N(C)C)C)C,81.34129999999993,45.6002558000001,924.0587,969.6589558000002,1005.4
4,ExtraTrees,892,nist_77480748,O=C(N)CC,33.93240000000003,26.991532999999997,842.2676,869.259133,876.2
4,ExtraTrees,893,nist_77488444,C/C=C(/C)C(O)=O,6.150200000000041,17.799271399999988,816.3498,834.1490713999999,822.5
4,ExtraTrees,896,nist_77630009,N#CC(=O)OC,-25.71219999999994,-20.0311446,771.4122,751.3810554,745.7
4,ExtraTrees,898,nist_78060246,N=1C=CC=CC1C,40.93979999999999,38.20327799999989,908.1602,946.3634779999999,949.1
4,ExtraTrees,900,nist_78117339,N#CC=C,-33.24619999999993,-25.481367600000006,817.9462,792.4648324,784.7
4,ExtraTrees,905,nist_78451118,S1CCCCC1,-40.38480000000004,-25.600642400000094,896.1848,870.5841575999999,855.8
4,ExtraTrees,907,nist_78711532,OCCCCCCN,-12.23230000000001,41.24571379999999,981.2323,1022.4780138,969.0
4,ExtraTrees,915,nist_79608425,O1CCC1,19.601699999999937,35.87720680000001,781.6983,817.5755068000001,801.3
4,ExtraTrees,917,nist_79753160,O(C)CCOC,54.72580000000005,69.82687259999989,803.2742,873.1010725999998,858.0
4,ExtraTrees,918,nist_79811619,O=C(C)C1CC1,38.312400000000025,27.007273999999917,816.5876,843.5948739999999,854.9
4,ExtraTrees,919,nist_79889109,FC(F)(F)CN(C)C,47.35400000000004,28.020453999999944,855.346,883.366454,902.7
4,ExtraTrees,921,nist_80057899,C\C=C(/C)C=O,18.017299999999977,23.28192699999998,825.8827,849.164627,843.9
4,ExtraTrees,932,nist_81060752,N#CN1CCCCC1,19.2586,3.4585672000000027,857.4414,860.8999672,876.7
4,ExtraTrees,935,nist_81276356,N1=CC=NC2=CC=CC=C12,30.77260000000001,33.54207940000004,873.0274,906.5694794,903.8
4,ExtraTrees,941,nist_81808169,O=C(OC)C=1C(=C(C=C(C1C)C)C)C,22.50400000000002,21.406454399999973,842.696,864.1024543999999,865.2
4,ExtraTrees,942,nist_82041080,O=C(N)C12CC3CC(CC(C3)C1)C2,45.63749999999993,26.43920839999997,867.1625,893.6017084,912.8
4,ExtraTrees,950,nist_82831749,N1=CNCCC1,52.115099999999984,40.72998319999998,949.8849,990.6148832,1002.0
4,ExtraTrees,953,nist_82923257,N(=C(N(CC)CC)C)CCC,27.910000000000082,38.83434199999991,1009.99,1048.824342,1037.9
4,ExtraTrees,959,nist_83106764,NC1CC2CCC1C2,19.886799999999994,15.055681199999993,915.4132,930.4688811999999,935.3
4,ExtraTrees,965,nist_83466689,N(=C(C1=CC=C(C=C1)C)N(C)C)C,23.693300000000136,36.53995340000003,1014.2067,1050.7466534,1037.9
4,ExtraTrees,967,nist_83571437,N=1C=CN2C=CC=CC12,33.84130000000005,37.22647399999997,938.2587,975.4851739999999,972.1
4,ExtraTrees,973,nist_84476945,C1=NC2=C(N1[C@H]3[C@@H]([C@@H]([C@H](O3)CO)O)O)N=C(NC2=O)N,43.710699999999974,36.21862879999993,949.6893,985.9079287999999,993.4
4,ExtraTrees,976,nist_84575883,O=CC1=CC=C(C=C1)C(F)(F)F,31.183099999999968,32.95326200000009,774.4169,807.3701620000002,805.6
4,ExtraTrees,981,nist_85138385,N1=C2C=CC=CN2C(=C1C)C,29.995700000000056,30.16471920000004,968.2043,998.3690192,998.2
4,ExtraTrees,982,nist_85207811,N=1NC=CC1C=2C=CC=CC2,45.65970000000004,51.13861499999989,868.5403,919.6789149999998,914.2
4,ExtraTrees,985,nist_85477464,O=CNC,15.294399999999996,26.478069800000014,836.0056,862.4836697999999,851.3
4,ExtraTrees,987,nist_85977687,N(=CN(C)C)C(C)CC,20.992000000000075,26.83969760000004,997.108,1023.9476976,1018.1
4,ExtraTrees,991,nist_86123228,O1C2CCCCC12,29.62880000000007,33.43435339999997,818.4712,851.9055533999999,848.1
4,ExtraTrees,994,nist_86322619,O=C(C1=CC=CC(=C1)N(C)C)C,26.23440000000005,21.47936860000001,901.7656,923.2449686,928.0
4,ExtraTrees,1000,nist_86895699,NC1=CC=C(C=C1)C,9.124099999999999,9.98926279999998,887.5759,897.5651628,896.7
4,ExtraTrees,1001,nist_86912557,N=1C=CC=CC1COC,43.10859999999991,38.51686779999995,915.1914,953.7082678,958.3
4,ExtraTrees,1005,nist_87121924,N1=C2C=CC=CN2C=C1C,34.233799999999974,34.46942459999992,956.6662,991.1356245999999,990.9
4,ExtraTrees,1015,nist_88214618,N=1C=2C=CC=CC2C=C3C=CC=CC13,27.11310000000003,32.482473400000046,945.4869,977.9693734,972.6
4,ExtraTrees,1024,nist_88552785,NC1=CC=CC(=C1)C,14.831699999999955,11.403138199999983,880.9683,892.3714382,895.8
4,ExtraTrees,1029,nist_88994122,N#CC1=CC=C(C=C1)C(=O)C,2.1423999999999523,-4.487242999999904,824.6576,820.1703570000001,826.8
4,ExtraTrees,1031,nist_89245095,ClC1=CC=CC(N)=C1,17.791799999999967,19.133757200000005,850.3082,869.4419572,868.1
4,ExtraTrees,1036,nist_89613571,O=C1C=CC(=O)C=C1,22.45180000000005,43.06983039999993,776.6482,819.7180303999999,799.1
4,ExtraTrees,1037,nist_89724337,NCCCN,80.11950000000002,66.42046899999966,906.8805,973.3009689999997,987.0
4,ExtraTrees,1041,nist_90291368,N=1C=CC=C(C1)CC,43.40509999999995,41.37436480000001,903.9949,945.3692648,947.4
4,ExtraTrees,1047,nist_90892210,O=C(N)C1=CC=C(OC)C=C1,19.557899999999904,36.57327779999982,880.7421,917.3153777999999,900.3
4,ExtraTrees,1060,nist_91771440,N#CC(=O)C,-43.383699999999976,-18.971507800000012,790.2837,771.3121921999999,746.9
4,ExtraTrees,1061,nist_91806801,O=C(OC)C1=CC=CC(=C1)N(C)C,19.756700000000023,25.481014400000003,910.4433,935.9243144000001,930.2
4,ExtraTrees,1062,nist_91821934,N=1C=CC=C2C1CCCC2,32.878900000000044,43.81184819999988,933.1211,976.9329481999998,966.0
4,ExtraTrees,1067,nist_92466492,O=C(F)OCC,46.86990000000003,28.810855999999877,710.1301,738.9409559999998,757.0
4,ExtraTrees,1072,nist_92769601,O=C(C)C(F)(F)F,29.341099999999983,43.79923279999997,694.5589,738.3581328,723.9
4,ExtraTrees,1078,nist_93470140,S(C1=CC=CC(N)=C1)C,14.65160000000003,8.46803840000001,887.4484,895.9164384,902.1
4,ExtraTrees,1086,nist_94121651,O1CCCCC1,12.330699999999979,32.144921599999996,810.4693,842.6142216,822.8
4,ExtraTrees,1087,nist_94165039,FC=1C=NC=CC1,39.67349999999999,34.98141719999992,862.3265,897.3079171999999,902.0
4,ExtraTrees,1088,nist_94360203,S=C(N(C)C)N(C)C,5.628000000000043,1.674053799999988,941.972,943.6460538,947.6
4,ExtraTrees,1092,nist_94513551,SC(C)(C)C,-39.360000000000014,-33.54520400000002,855.76,822.214796,816.4
4,ExtraTrees,1094,nist_94688626,N1=CC(=CN1C)C,49.60000000000002,45.085284600000094,878.8,923.8852846000001,928.4
4,ExtraTrees,1105,nist_95805390,C1=CC(=CC(=C1)[N+](=O)[O-])C(=O)N,37.35290000000009,31.410334400000007,816.8471,848.2574344,854.2
4,ExtraTrees,1108,nist_96033728,C=C(C1=CC=CC(=C1)N(C)C)C,21.668700000000058,36.48246280000006,924.5313,961.0137628,946.2
4,ExtraTrees,1109,nist_96163548,C#CCN=CN(C)C,28.56970000000001,26.694604399999978,964.5303,991.2249044,993.1
4,ExtraTrees,1115,nist_96540549,O=C(N)C1=CC=C(F)C=C1,35.61410000000001,37.66835999999996,841.5859,879.25426,877.2
4,ExtraTrees,1122,nist_97450358,N1=CC(=CN1)C23CC4CC(CC(C4)C2)C3,46.247100000000046,48.10795759999985,866.8529,914.9608575999998,913.1
4,ExtraTrees,1128,nist_98174409,N(C)(C)CN(C)C,-13.389299999999935,41.37863799999998,965.5893,1006.967938,952.2
4,ExtraTrees,1134,nist_98405505,N#CC1=CC=CC(=C1)N(C)C,8.05600000000004,5.151238199999982,886.544,891.6952382,894.6
4,ExtraTrees,1135,nist_98414812,N(=C(C)C)CC,34.303499999999985,25.018292,941.6965,966.714792,976.0
4,ExtraTrees,1136,nist_98488712,N(CCC)(CCC)CCC,25.54989999999998,21.44450440000002,965.4501,986.8946044,991.0
4,ExtraTrees,1137,nist_98505384,OCCCCN,31.6241,46.09578879999992,952.8759,998.9716887999999,984.5
4,ExtraTrees,1143,nist_98842551,O=C(OCC)C,28.936000000000035,29.663220399999968,806.764,836.4272204,835.7
4,ExtraTrees,1144,nist_98918103,CC1=CC(=C(C=C1)[N+](=O)[O-])C,-17.663900000000012,-10.764903000000023,848.6639,837.898997,831.0
4,ExtraTrees,1150,nist_99453322,O=C1CCCCC1,22.777199999999993,25.431591199999996,818.2228,843.6543912,841.0
4,ExtraTrees,1153,nist_99882051,FC1=NC=CC=C1,23.97860000000003,31.835442999999916,860.6214,892.4568429999999,884.6
5,ExtraTrees,1,nist_00396590,O=C1NCC1,-6.815899999999942,35.661844999999985,859.4159,895.0777449999999,852.6
5,ExtraTrees,13,nist_01410735,O=C(OC)C1=CC=C(C=C1)C(=O)OC,37.13650000000007,27.316818199999975,806.0635,833.3803181999999,843.2
5,ExtraTrees,14,nist_01663744,O=P(C=1C=CC=CC1)(C)C,-75.803,-57.66775900000003,984.703,927.0352409999999,908.9
5,ExtraTrees,20,nist_02219190,O=C(OCC)C(Cl)(Cl)Cl,45.073099999999954,42.67077380000011,745.3269,787.9976738000001,790.4
5,ExtraTrees,21,nist_02234336,FC(F)(F)C(N)(C(F)(F)F)C(F)(F)F,37.191599999999994,55.90300980000012,746.5084,802.4114098000002,783.7
5,ExtraTrees,34,nist_03374851,N(CC)(CC)C(C)C,25.701000000000022,24.382689399999943,970.699,995.0816893999998,996.4
5,ExtraTrees,40,nist_04085536,O=C(OC)C(C)C,30.562700000000063,26.757195799999955,806.0373,832.7944957999999,836.6
5,ExtraTrees,52,nist_04973755,O=C(C1=CC=C(N=CN(C)C)C=C1)C,28.953699999999913,28.606054600000007,950.8463,979.4523546,979.8
5,ExtraTrees,64,nist_06047809,N1CCCC1,30.443599999999947,24.479481199999917,917.8564,942.3358811999999,948.3
5,ExtraTrees,80,nist_06618300,C1=CC(=CC=C1CO)[N+](=O)[O-],15.743299999999977,26.48751920000003,794.7567,821.2442192000001,810.5
5,ExtraTrees,87,nist_07439956,O=P(OC)(OC)OC,-37.53729999999996,-15.738213200000022,928.1373,912.3990868,890.6
5,ExtraTrees,91,nist_08004379,O=C(CF)CF,22.48339999999996,26.282656199999916,740.3166,766.5992561999999,762.8
5,ExtraTrees,95,nist_08174451,N(CC)CC,12.929899999999975,18.743428399999967,939.4701,958.2135284,952.4
5,ExtraTrees,98,nist_08385644,N(=CN(C)C)C(C)C,17.86130000000003,24.40354720000001,995.6387,1020.0422472,1013.5
5,ExtraTrees,112,nist_09473702,O=C(C(=O)C)C,34.0711,29.96807759999996,767.8289,797.7969776,801.9
5,ExtraTrees,121,nist_10043762,O=C(OC)C=1C=CC=C(O)C1,38.00040000000001,31.572547600000078,811.9996,843.5721476000001,850.0
5,ExtraTrees,122,nist_10134040,N(N(C)CC)(C)CC,18.670200000000023,24.393142399999878,945.0298,969.4229423999999,963.7
5,ExtraTrees,123,nist_10382420,COC(=O)C1=CC=C(C=C1)[N+](=O)[O-],38.17840000000001,31.65060500000018,775.0216,806.6722050000002,813.2
5,ExtraTrees,129,nist_10720274,C=1C=CC(=CC1)N2CCC2,18.998500000000035,24.699408999999946,914.2015,938.900909,933.2
5,ExtraTrees,130,nist_10731153,O=CC(C)C,23.290199999999913,15.635395999999941,774.0098,789.6451959999999,797.3
5,ExtraTrees,134,nist_11019690,N=1C=CC=C(N)C1,36.60399999999993,34.47154120000004,917.796,952.2675412000001,954.4
5,ExtraTrees,143,nist_11642822,C1=NC=NN1,27.09209999999996,39.09691080000001,858.9079,898.0048108000001,886.0
5,ExtraTrees,146,nist_11869748,O1CCNCC1,15.529299999999921,33.62289259999992,908.7707,942.3935925999999,924.3
5,ExtraTrees,147,nist_11870044,N#CC1=CC=CC(=C1)C(=O)C,-3.4056999999999107,-7.957269400000081,830.6057,822.6484305999999,827.2
5,ExtraTrees,161,nist_12896671,O=C(O)C(N)C(C)C,19.64110000000005,25.06054200000003,890.9589,916.019442,910.6
5,ExtraTrees,166,nist_13234433,N=1C=CC=CC1SC,44.55459999999994,30.030705799999872,893.2454,923.2761057999999,937.8
5,ExtraTrees,183,nist_14759854,O=C(C=1C=CN=CC1)C,37.2423,38.118653199999976,877.4577,915.5763532,914.7
5,ExtraTrees,186,nist_15170600,N1=C(C=CN1C)C(C)(C)C,39.19369999999992,41.65935899999994,905.2063,946.865659,944.4
5,ExtraTrees,187,nist_15274178,FC(F)(F)C1=NC=CC=C1,46.2509,35.00197259999996,840.8491,875.8510726,887.1
5,ExtraTrees,189,nist_15496092,N#CC1=CC=C(C#N)C=C1,-29.534099999999967,-30.331096200000157,808.5341,778.2030037999998,779.0
5,ExtraTrees,197,nist_16277296,OCC1CCCCC1,32.57170000000008,16.485391399999976,769.5283,786.0136914,802.1
5,ExtraTrees,200,nist_16499812,N1=CC=2C=CC=CC2N1,47.924499999999966,48.75703220000004,852.8755,901.6325322,900.8
5,ExtraTrees,201,nist_16661717,O1P2OC3CC1CC(O2)C3,31.13009999999997,10.456875799999981,868.1699,878.6267758,899.3
5,ExtraTrees,202,nist_16684735,O=CC=1C=CC=C(Cl)C1,22.694799999999987,27.88043599999997,790.3052,818.1856359999999,813.0
5,ExtraTrees,205,nist_16945219,ClC(Cl)(Cl)CN(C)C,53.48879999999997,33.13161159999991,859.3112,892.4428115999999,912.8
5,ExtraTrees,206,nist_16972158,O1CCOCCOCCOCC1,132.2962,45.35585079999971,794.9038,840.2596507999998,927.2
5,ExtraTrees,216,nist_17611470,O=C1N(C)CCCC1,29.455299999999966,40.33554299999987,894.9447,935.2802429999999,924.4
5,ExtraTrees,219,nist_18128953,N#CCN(C)C,23.850599999999986,7.180405799999996,860.6494,867.8298058,884.5
5,ExtraTrees,224,nist_18447087,C=1C=CC2=C(C1)NCC2,53.20310000000006,27.23771919999995,903.8969,931.1346191999999,957.1
5,ExtraTrees,230,nist_19140726,O=C(C1=CC=C(N)C=C1)C,16.143599999999992,24.658102599999996,892.6564,917.3145026,908.8
5,ExtraTrees,232,nist_19296619,N1=CC=C(N)N1C,44.14469999999994,35.077221199999954,905.3553,940.4325212,949.5
5,ExtraTrees,233,nist_19365016,N1=C(C=C(N1C)C(C)(C)C)C(C)(C)C,39.36209999999994,40.82722219999985,931.4379,972.2651221999998,970.8
5,ExtraTrees,241,nist_20551334,C=1C=CC(=CC1)N(C)CC,15.236499999999978,21.124544199999956,923.7635,944.8880442,939.0
5,ExtraTrees,246,nist_21092190,P(C)C,-62.03489999999999,-58.29622580000017,974.0349,915.7386741999999,912.0
5,ExtraTrees,252,nist_21596804,CN(C)C1=CC=C(C=C1)[N+](=O)[O-],25.40770000000009,15.246716000000005,871.2923,886.539016,896.7
5,ExtraTrees,258,nist_22065434,O=C(C1=CC=CC(=C1)C)N(C)C,14.240800000000036,24.436444799999894,912.7592,937.1956447999999,927.0
5,ExtraTrees,267,nist_22937511,NCC(C)(C)C,2.663000000000011,10.398495999999975,925.637,936.035496,928.3
5,ExtraTrees,269,nist_23098314,NCC1CCCCC1,-0.17390000000000327,14.587853399999968,926.7739,941.3617534,926.6
5,ExtraTrees,276,nist_23353035,CN(C)C(=O)C=C,18.637499999999932,29.861907199999894,885.6625,915.5244071999999,904.3
5,ExtraTrees,279,nist_23510828,O=C(OC)C1=CC=C(SC)C=C1,5.392499999999927,-2.983998400000046,858.9075,855.9235016,864.3
5,ExtraTrees,282,nist_23804470,C1CC2CCC1[C@@H]([C@H]2O)N,-1.0074999999999363,16.537432399999993,934.1075,950.6449323999999,933.1
5,ExtraTrees,288,nist_24691960,N=1C(=CC=CC1CC)CC,36.486299999999915,35.14344839999987,935.8137,970.9571483999999,972.3
5,ExtraTrees,293,nist_24882286,S=C(N)C,1.2350000000000136,3.544141200000017,883.365,886.9091412,884.6
5,ExtraTrees,295,nist_24958631,O(C(OC)=C)C,214.28970000000004,69.50866480000003,742.7103,812.2189648,957.0
5,ExtraTrees,315,nist_26162764,N(C(C)(C)C)C(C)(C)C,16.279699999999934,18.93802359999994,971.6203,990.5583236,987.9
5,ExtraTrees,317,nist_26301538,O=C(N)C(C)C,29.02290000000005,30.145824599999916,849.5771,879.7229245999999,878.6
5,ExtraTrees,325,nist_26877275,N12CCCN(CCC1)CCC2,48.037900000000036,13.621190400000081,923.0621,936.6832904,971.1
5,ExtraTrees,330,nist_27070815,O=C1NC=C(C(=O)N1)C,50.16969999999992,39.874191400000115,830.7303,870.6044914000001,880.9
5,ExtraTrees,337,nist_27613454,N1NC1(C)CC,8.944799999999987,30.650765599999975,894.8552,925.5059656,903.8
5,ExtraTrees,343,nist_27951484,N=1C=CC=CC1CC,39.754999999999995,39.13782939999992,912.645,951.7828293999999,952.4
5,ExtraTrees,345,nist_28303898,N#CC1=NC=CC=C1,23.946900000000028,12.662800200000019,848.9531,861.6159001999999,872.9
5,ExtraTrees,348,nist_28568587,O=C(F)F,57.70220000000006,42.82058720000006,608.9978,651.8183872000001,666.7
5,ExtraTrees,358,nist_29229069,O=C(C1=CC(=CC=C1C)C)C,22.309300000000007,20.794650800000017,851.1907,871.9853508,873.5
5,ExtraTrees,373,nist_30503598,BrC1=CC=CC(N)=C1,19.068500000000085,16.901691399999976,854.1315,871.0331914,873.2
5,ExtraTrees,376,nist_30715297,N=1C=CC=CC1N(C)C,56.199800000000096,33.58827539999997,912.0002,945.5884753999999,968.2
5,ExtraTrees,378,nist_31127504,N1=CC=CN1CCCC,47.795999999999935,42.285519199999975,881.004,923.2895192,928.8
5,ExtraTrees,379,nist_31362586,N#CCCC,-28.45119999999997,-21.176392199999977,826.8512,805.6748077999999,798.4
5,ExtraTrees,384,nist_32204764,C1[C@@H]([C@H](O[C@H]1N2C=NC3=C(N=CN=C32)N)CO)O,30.235900000000015,36.034831799999985,961.2641,997.2989318,991.5
5,ExtraTrees,385,nist_32205162,S=C(N(C)C)C,-3.141900000000078,7.994517400000037,928.4419,936.4364174000001,925.3
5,ExtraTrees,386,nist_32260914,N(=C(N(C)C)C)CCC,38.26819999999998,37.04804479999976,992.0318,1029.0798447999998,1030.3
5,ExtraTrees,387,nist_32316335,N1=CNC(=C1)C,24.780599999999936,27.971853999999936,928.0194,955.9912539999999,952.8
5,ExtraTrees,391,nist_32505754,C[N+](=O)[O-],-16.119100000000003,51.440696999999986,770.7191,822.159797,754.6
5,ExtraTrees,392,nist_32519038,O=C(OC)C=1C=NC=CC1,52.67309999999998,39.083517599999986,872.9269,912.0104176,925.6
5,ExtraTrees,397,nist_32911202,N(=CN(C)C)CCC,25.1400000000001,27.92823499999999,986.56,1014.4882349999999,1011.7
5,ExtraTrees,400,nist_33035352,N1C(C)(C)CCCC1(C)C,18.193399999999997,15.387393599999971,968.8066,984.1939936,987.0
5,ExtraTrees,401,nist_33095211,S=C=NC,-50.5213,19.446678200000022,849.7213,869.1679782000001,799.2
5,ExtraTrees,402,nist_33130132,O=CCCCC,18.46519999999998,15.847601199999922,778.1348,793.9824011999999,796.6
5,ExtraTrees,406,nist_33538297,N(CC)(CC)CCC,11.15199999999993,24.617134199999978,967.648,992.2651342,978.8
5,ExtraTrees,410,nist_34103496,O=CN(C)C,25.029300000000035,24.71978119999998,862.4707,887.1904811999999,887.5
5,ExtraTrees,415,nist_34465659,N12CCC(CC1)C(C)C2,47.25810000000001,42.706060399999764,935.2419,977.9479603999997,982.5
5,ExtraTrees,418,nist_34900528,COC(=O)C1=CC=NC=C1,52.41390000000001,39.473186799999944,874.1861,913.6592867999999,926.6
5,ExtraTrees,438,nist_36985014,N(CCCC)(CCCC)CCCC,32.2029,24.436818799999998,966.2971,990.7339188,998.5
5,ExtraTrees,441,nist_37461235,OCCNCCO,4.991999999999962,47.441068000000016,948.008,995.449068,953.0
5,ExtraTrees,455,nist_38915904,N#CC,-33.56939999999997,-26.093925599999974,812.7694,786.6754744000001,779.2
5,ExtraTrees,459,nist_39088692,S=C,-60.209299999999985,-9.768839199999992,819.9093,810.1404608,759.7
5,ExtraTrees,463,nist_39290346,NCCN,24.36450000000002,20.1622496,927.2355,947.3977496,951.6
5,ExtraTrees,466,nist_39604331,CC1=CC=C(C=C1)[N+](=O)[O-],-20.090599999999995,10.401980000000009,835.2906,845.69258,815.2
5,ExtraTrees,471,nist_40065354,CN(C)C(=O)C1=CC=C(C=C1)[N+](=O)[O-],37.25829999999996,30.58931579999995,863.6417,894.2310158,900.9
5,ExtraTrees,474,nist_40306149,C=C1CN2CCC1CC2,52.34230000000002,50.63223339999993,924.8577,975.4899333999999,977.2
5,ExtraTrees,484,nist_41113891,N1=CC=C(N1C)C,50.69679999999994,44.687304800000014,883.6032,928.2905048,934.3
5,ExtraTrees,492,nist_41602631,S(C=1C=CC=CC1)C,-5.687799999999925,5.1189956000000105,878.2878,883.4067956,872.6
5,ExtraTrees,496,nist_41869547,FC=1C=NNC1,53.79899999999998,40.84363860000006,809.201,850.0446386000001,863.0
5,ExtraTrees,502,nist_42431513,S=C(NC)NC,1.628500000000031,5.562040800000032,924.3715,929.9335408,926.0
5,ExtraTrees,508,nist_43221995,O=C(NCCCC)C(F)(F)F,61.890499999999975,35.13771339999999,788.4095,823.5472133999999,850.3
5,ExtraTrees,509,nist_43312839,FC(F)(F)C1=CC(=CC(=C1)C(F)(F)F)N(C)C,30.310699999999997,27.261108599999947,854.5893,881.8504085999999,884.9
5,ExtraTrees,510,nist_43602342,C=1C=C(C=C(C1)C)N(C)C,15.6481,20.73822940000004,926.4519,947.1901294,942.1
5,ExtraTrees,520,nist_44141112,OCC(C)C,21.861400000000003,21.648429800000063,771.8386,793.4870298000001,793.7
5,ExtraTrees,524,nist_44502495,O=C(C=1C=CC=C(N)C1)N(C)C,43.1309,24.766447200000062,901.2691,926.0355472,944.4
5,ExtraTrees,540,nist_45624990,BrC=1C=CN=CC1,43.82869999999991,42.37900880000002,873.9713,916.3503088000001,917.8
5,ExtraTrees,556,nist_46818135,N(N(C)CCC)(C)CCC,44.89319999999998,27.424654199999825,927.0068,954.4314541999998,971.9
5,ExtraTrees,562,nist_47310924,CC1=C(C=C(C=C1)C(=O)C)C,24.372299999999996,22.967459200000025,858.4277,881.3951592,882.8
5,ExtraTrees,563,nist_47323398,N(C)(C)C12CCN(CC1)CC2,43.92999999999995,39.38203659999997,939.97,979.3520366,983.9
5,ExtraTrees,564,nist_47413031,O=S(=O)(O)C,-82.95670000000007,-37.49027400000009,844.2567,806.7664259999999,761.3
5,ExtraTrees,565,nist_47570755,CO[N+](=O)[O-],-59.84039999999993,47.96345840000011,793.4404,841.4038584000001,733.6
5,ExtraTrees,577,nist_49490612,O=C(OC)N(C)C,32.91649999999993,39.2226104,845.3835,884.6061104,878.3
5,ExtraTrees,592,nist_51034392,N#CC(=C=O)C,-42.807000000000016,-18.205671800000015,840.807,822.6013282,798.0
5,ExtraTrees,600,nist_51650524,O=P(CCC)(CCC)CCC,-44.38569999999993,-39.19863300000002,992.5857,953.387067,948.2
5,ExtraTrees,607,nist_52138866,O=C(OCC)C1=NNC(=C1)C=2C=CC=CC2,34.583900000000085,43.123706200000036,865.1161,908.2398062,899.7
5,ExtraTrees,608,nist_52172823,N#CC1=CC=C(C=C1)N(C)C,-11.504999999999995,-0.958377000000017,900.605,899.646623,889.1
5,ExtraTrees,609,nist_52230704,O=C(C)C(Cl)(Cl)Cl,47.11500000000001,42.69249760000011,721.185,763.8774976000001,768.3
5,ExtraTrees,612,nist_52498473,S(CCCC)CCCC,-14.283800000000042,-18.76495939999998,886.0838,867.3188406,871.8
5,ExtraTrees,624,nist_53421280,O(C)CCOCCOCCOCCOC,74.98949999999991,50.151362799999696,878.8105,928.9618627999997,953.8
5,ExtraTrees,627,nist_53517417,O=C(N)C1=CC=C(C=C1)C,28.16229999999996,35.49242139999987,872.7377,908.2301213999999,900.9
5,ExtraTrees,632,nist_53779066,OC(C)C,-0.8264000000000351,14.044777799999954,793.8264,807.8711777999999,793.0
5,ExtraTrees,637,nist_54189755,S=P(C=1C=CC=CC1)(C=2C=CC=CC2)C=3C=CC=CC3,-42.42949999999996,-43.533711400000094,948.6295,905.0957885999999,906.2
5,ExtraTrees,641,nist_54921021,N=1NC(=CC1CC)C=2C=CC=CC2,42.761600000000044,45.22528419999987,892.8384,938.0636841999999,935.6
5,ExtraTrees,642,nist_55024544,C=C(C1=CC=C(C=C1)N(C)C)C,38.33280000000002,22.720176800000054,926.2672,948.9873768000001,964.6
5,ExtraTrees,645,nist_55387108,O=C(OC)C1=CC=C(N)C=C1,17.294599999999946,23.693807199999974,866.6054,890.2992072,883.9
5,ExtraTrees,646,nist_55389457,C#CCN,3.804300000000012,14.989126599999967,883.5957,898.5848265999999,887.4
5,ExtraTrees,647,nist_55397154,O=CNO,27.313600000000065,27.506929799999977,807.3864,834.8933298,834.7
5,ExtraTrees,648,nist_55501429,O=C(NCC)C,29.710199999999986,32.59944299999989,868.2898,900.8892429999999,898.0
5,ExtraTrees,659,nist_56528781,N=1C=CC=C2C1CC2,45.79909999999995,42.438520999999994,908.1009,950.5394210000001,953.9
5,ExtraTrees,663,nist_56892510,C=1C=CC(=CC1)N2CCCC2,13.780700000000024,19.191592800000013,927.8193,947.0108928,941.6
5,ExtraTrees,671,nist_57414669,N1=C2NC(C)(C)CCC2(C)CCC1(C)C,24.253999999999905,30.408539199999936,1015.046,1045.4545392,1039.3
5,ExtraTrees,676,nist_57687912,O=C(C1=CC=C2OCCC2=C1)C,34.063600000000065,31.2669564,868.5364,899.8033564,902.6
5,ExtraTrees,681,nist_58072093,N1=C2C=CC=C(N2C(=C1C)C)C,28.20180000000005,29.71130139999987,977.2982,1007.0095013999999,1005.5
5,ExtraTrees,683,nist_58267565,CC(C)C1=CC=CC=N1,39.64379999999994,38.01689239999996,916.7562,954.7730924,956.4
5,ExtraTrees,686,nist_58403541,NCC,4.479600000000005,12.328774799999962,907.5204,919.8491747999999,912.0
5,ExtraTrees,691,nist_58818437,C=CCNCC=C,19.15829999999994,30.587666599999917,930.1417,960.7293665999999,949.3
5,ExtraTrees,698,nist_59445869,N(=CN(C)C)CC=C,45.86309999999992,29.025851399999993,958.9369,987.9627514,1004.8
5,ExtraTrees,699,nist_59535148,N1=CC=CN1CN2N=CC=C2,50.0911000000001,38.958527599999904,874.6089,913.5674275999999,924.7
5,ExtraTrees,702,nist_59821821,O=C(C(C)C)C(C)C,25.971399999999903,23.700007399999922,824.3286,848.0286073999999,850.3
5,ExtraTrees,709,nist_60009880,O=NC(F)(F)F,46.14429999999993,39.687869400000004,657.1557,696.8435694,703.3
5,ExtraTrees,710,nist_60074184,N#CC1=CC=C(C=C1)C(=O)OC,-5.447499999999991,-4.608310999999994,822.0475,817.439189,816.6
5,ExtraTrees,719,nist_61250379,O=C(O)C(N)C,27.37880000000007,25.010268600000025,874.2212,899.2314686,901.6
5,ExtraTrees,725,nist_61861413,NCCC=1C=CC=CC1,34.36890000000005,10.055298599999945,901.8311,911.8863985999999,936.2
5,ExtraTrees,729,nist_62056933,N=C(C)C,6.049099999999953,2.034919800000008,926.2509,928.2858198,932.3
5,ExtraTrees,735,nist_62917729,N=1C=CC=C(C1)N(C)C,30.057300000000055,33.88892099999993,939.5427,973.431621,969.6
5,ExtraTrees,742,nist_63730191,C#CC1=CC=C(SC)C=C1,7.362700000000018,7.867872399999998,879.2373,887.1051724,886.6
5,ExtraTrees,744,nist_64300971,O=C(C)C12CC3CC(CC(C3)C1)C2,29.101400000000012,24.445099599999978,835.7986,860.2436995999999,864.9
5,ExtraTrees,747,nist_64477572,N1=CC=CN1C23CC4CC(CC(C4)C2)C3,48.767600000000016,41.12999699999995,905.7324,946.862397,954.5
5,ExtraTrees,748,nist_64669018,O=C(C=1C=CC=C(OC)C1)N(C)C,13.150600000000054,29.015851599999976,913.8494,942.8652516,927.0
5,ExtraTrees,751,nist_65210752,O=C(C1=CC=CC(=C1)C)C,23.78830000000005,22.630384400000075,844.4117,867.0420844,868.2
5,ExtraTrees,763,nist_66286704,O=C(O)C1=CC=C(C=C1)C,18.403099999999995,19.079866399999936,818.2969,837.3767664,836.7
5,ExtraTrees,766,nist_66435064,N=1NC(=C(C1C(C)(C)C)C)C(C)(C)C,50.37189999999998,43.48353120000003,917.1281,960.6116312,967.5
5,ExtraTrees,769,nist_66604799,N#CC1N2CCC(CC2)C1,37.24059999999997,24.56712759999994,889.1594,913.7265275999999,926.4
5,ExtraTrees,770,nist_66653298,ClC1=NC=CC(=C1)C,39.386100000000056,32.05806019999993,881.8139,913.8719601999999,921.2
5,ExtraTrees,775,nist_66943898,C1C[C@H](C[C@H](C1)O)O,19.578700000000026,26.494082199999973,862.6213,889.1153822,882.2
5,ExtraTrees,776,nist_67169490,NC=1C=CC=CC1,9.643699999999967,11.937773199999938,872.8563,884.7940732,882.5
5,ExtraTrees,779,nist_67754258,O(C(C)C)C(C)(C)C,11.885500000000093,13.644728400000048,858.8145,872.4592284,870.7
5,ExtraTrees,791,nist_69701264,N(C)(C)CCC(C)(C)C,31.57579999999996,21.141854799999987,941.4242,962.5660548000001,973.0
5,ExtraTrees,794,nist_69863370,O=C(C)CC=1C=CC=CC1,5.1474000000000615,22.239264999999993,837.4526,859.691865,842.6
5,ExtraTrees,795,nist_69873933,OCCC,15.21569999999997,24.240071200000095,771.2843,795.5243712000001,786.5
5,ExtraTrees,804,nist_70700377,C1=CC=C(C=C1)[N+](=O)[O-],12.504699999999957,17.38451560000003,787.7953,805.1798156,800.3
5,ExtraTrees,805,nist_70773076,O=C(C(=C)C)N(C)C,26.713799999999992,29.411795399999875,884.7862,914.1979953999999,911.5
5,ExtraTrees,806,nist_70908279,O1CCCC1,34.44130000000007,26.825737800000013,787.6587,814.4844378,822.1
5,ExtraTrees,815,nist_71459690,N1(CCCCC1)CC(C)C,2.619100000000003,25.8346628,971.8809,997.7155628,974.5
5,ExtraTrees,818,nist_71609912,N=1C=CC(OC)=CC1,47.7722,39.65272659999999,913.9278,953.5805266,961.7
5,ExtraTrees,826,nist_72019058,N#CCCCC,-27.179300000000012,-18.86189339999995,829.5793,810.7174066,802.4
5,ExtraTrees,829,nist_72189567,N#CC=1C=CN=CC1,28.96569999999997,23.988474600000014,851.6343,875.6227746000001,880.6
5,ExtraTrees,831,nist_72477210,O=C(OC)CNC(=O)C,17.406799999999976,29.056647199999933,874.5932,903.6498472,892.0
5,ExtraTrees,835,nist_72737097,O=C(C1=CC=C(F)C=C1)N(C)C,47.549800000000005,30.679329600000013,880.3502,911.0295295999999,927.9
5,ExtraTrees,836,nist_72843861,O(C1=CC=C(C=C1)C(=C)C)C,153.19849999999997,107.03108039999995,757.9015,864.9325804,911.1
5,ExtraTrees,840,nist_73126347,N=1C=CC(=CC1C)C,38.41110000000003,38.4673539999999,924.4889,962.9562539999998,962.9
5,ExtraTrees,854,nist_74126587,N#CCN,-1.094000000000051,-8.940290599999987,825.994,817.0537094,824.9
5,ExtraTrees,856,nist_74566908,O=P(C=1C=CC=CC1)(C=2C=CC=CC2)C(C)(C)C,-77.00130000000001,-67.39570820000012,985.9013,918.5055917999998,908.9
5,ExtraTrees,860,nist_74696497,O=C(OC)C1=CC=C(C=C1C)C,21.678600000000074,21.630258999999995,846.5214,868.151659,868.2
5,ExtraTrees,863,nist_75016164,N(=CN(C)C)C1=CC=C(C=C1)C,9.484300000000076,22.87849760000003,979.1157,1001.9941976,988.6
5,ExtraTrees,870,nist_75552763,O=C(OCC)C1=NN(C(=C1)C)C,51.25829999999996,45.03724160000004,882.1417,927.1789416,933.4
5,ExtraTrees,871,nist_75562084,S=CN(C)C,-6.759999999999991,3.362175800000003,913.16,916.5221758,906.4
5,ExtraTrees,878,nist_76090548,C#CC=1C=CN=CC1,33.45730000000003,38.74752600000003,896.6427,935.390226,930.1
5,ExtraTrees,883,nist_76409487,O(P1OC(C)CC(O1)C)C,53.05920000000003,16.990238199999993,896.0408,913.0310382,949.1
5,ExtraTrees,891,nist_77469894,O=CC1=CC=C(Cl)C=C1,28.119699999999966,25.416772199999986,803.1803,828.5970722,831.3
5,ExtraTrees,897,nist_77881653,O=C(C1=CC=CC(=C1)C(F)(F)F)N(C)C,26.548999999999978,30.89629420000005,880.551,911.4472942000001,907.1
5,ExtraTrees,906,nist_78470277,OCCC(O)CO,43.414699999999925,57.30099119999983,862.4853,919.7862911999998,905.9
5,ExtraTrees,929,nist_80613287,N1=CC(N)=CN1,35.06389999999999,36.245434599999996,872.5361,908.7815346,907.6
5,ExtraTrees,931,nist_80933345,ClC1=CC(=CC=C1OC)C(=C)C(C)(C)C,125.99429999999995,86.06556679999998,757.0057,843.0712668,883.0
5,ExtraTrees,944,nist_82199208,N=1C2=CC=CC=C2N=C3C=CC=CC13,29.624900000000025,25.003257200000018,908.7751,933.7783572,938.4
5,ExtraTrees,951,nist_82884258,NN(C)C,33.571300000000065,25.820547799999936,893.5287,919.3492478,927.1
5,ExtraTrees,955,nist_82954434,O=C(C=1C=CC=C(Cl)C1)C,29.385999999999967,29.171138600000152,817.514,846.6851386000002,846.9
5,ExtraTrees,957,nist_82965047,S=C(C12CC3CC(CC(C3)C1)C2)C45CC6CC(CC(C6)C4)C5,11.64160000000004,7.969403599999979,900.4584,908.4278036,912.1
5,ExtraTrees,960,nist_83159173,BrC1=CC=C(N=CN(C)C)C=C1,41.6792999999999,23.78509740000001,939.6207,963.4057974000001,981.3
5,ExtraTrees,968,nist_83718058,NC(C)(C)C,1.4841000000000122,-1.6737850000000107,932.6159,930.942115,934.1
5,ExtraTrees,972,nist_84256660,FC=1C=C(C(=C(C1)C)N(C)C)C,24.550299999999993,19.28825179999996,918.6497,937.9379518000001,943.2
5,ExtraTrees,974,nist_84482159,N(C)(C)CCN(C)C,78.1117999999999,26.40074139999999,934.6882,961.0889414000001,1012.8
5,ExtraTrees,975,nist_84571944,N(=C(N(C)C)C)C,44.162000000000035,38.02714519999976,979.038,1017.0651451999997,1023.2
5,ExtraTrees,983,nist_85328337,O(C(=C)C)C,135.4946,90.4255866000001,759.4054,849.8309866000001,894.9
5,ExtraTrees,993,nist_86237782,C=1C=CC(=CC1)N(CC)CC,29.262200000000007,20.465946199999927,930.5378,951.0037461999999,959.8
5,ExtraTrees,995,nist_86492821,O=C1N(C)CC1,7.719600000000014,37.70741479999989,874.4804,912.1878148,882.2
5,ExtraTrees,998,nist_86767712,O=C(OC)C(C)(C)C,30.583200000000033,24.85149339999999,814.6168,839.4682934,845.2
5,ExtraTrees,1003,nist_87056718,N=1C=CC(=C(C1)C)C,40.50469999999996,41.76110699999996,916.7953,958.5564069999999,957.3
5,ExtraTrees,1006,nist_87304609,N#CC(Cl)(Cl)Cl,-22.579999999999927,-22.553732199999985,745.78,723.2262678,723.2
5,ExtraTrees,1012,nist_87843584,[N-]=[N+]=NC=1C=CC=CC1,34.520599999999945,39.300233600000006,785.4794,824.7796336,820.0
5,ExtraTrees,1016,nist_88224779,N(C)(C)C(C)(C)CC,22.47739999999999,24.344662599999946,960.0226,984.3672626,982.5
5,ExtraTrees,1017,nist_88257564,N#CC(=O)N(C)C,24.254500000000007,-6.126643399999983,804.7455,798.6188566,829.0
5,ExtraTrees,1020,nist_88411565,O=C1N=CC=C(N)N1,24.500699999999938,23.383289800000103,925.3993,948.7825898000001,949.9
5,ExtraTrees,1021,nist_88483682,O=C(OC)C=1C(=CC=CC1C)C,14.138699999999972,23.30111660000007,841.1613,864.4624166000001,855.3
5,ExtraTrees,1022,nist_88509907,N(C)(C)C1CCCCC1,31.085900000000038,26.99384860000001,952.5141,979.5079486,983.6
5,ExtraTrees,1023,nist_88513716,S=P(N(C)C)(N(C)C)N(C)C,-21.5711,-36.024277399999946,963.5711,927.5468226,942.0
5,ExtraTrees,1025,nist_88562104,FC(F)(F)C1CCNCC1,10.599699999999984,33.04278079999994,914.5003,947.5430808,925.1
5,ExtraTrees,1027,nist_88603395,N#CC1=CC=C(C=C1)C(F)(F)F,-16.57159999999999,-17.66274539999984,803.7716,786.1088546000002,787.2
5,ExtraTrees,1028,nist_88808618,O=C1C=C(N2CCCC2)CC(C)(C)C1,22.01750000000004,22.578818400000095,979.1825,1001.7613184,1001.2
5,ExtraTrees,1038,nist_89741864,NCCC,2.2965999999998985,14.930098199999957,915.5034,930.4334982,917.8
5,ExtraTrees,1040,nist_90122910,O=C=NC,-8.771600000000035,72.70733259999996,773.1716,845.8789326,764.4
5,ExtraTrees,1042,nist_90491714,N12CCCCC(CCCC1)CCCC2,-145.13030000000003,26.794314399999955,1042.1303,1068.9246143999999,897.0
5,ExtraTrees,1044,nist_90780110,N1CC1C,23.246200000000044,25.545359399999942,901.8538,927.3991593999999,925.1
5,ExtraTrees,1048,nist_91035289,C=CCN(C)C,21.228700000000003,30.498230199999977,936.5713,967.0695301999999,957.8
5,ExtraTrees,1051,nist_91268001,[N-]=[N+]=NCC,96.01009999999997,50.00225700000015,781.9899,831.9921570000001,878.0
5,ExtraTrees,1052,nist_91319477,N#CC1CN2CCC1CC2,41.07619999999997,28.084808399999847,894.3238,922.4086083999998,935.4
5,ExtraTrees,1055,nist_91538000,N(=C(C=1C=CC=CC1)N(C)C)C,43.74249999999995,28.112864000000123,989.5575,1017.6703640000002,1033.3
5,ExtraTrees,1056,nist_91585454,O=C(OC)C(F)(F)F,38.51580000000001,38.05344839999992,701.9842,740.0376483999999,740.5
5,ExtraTrees,1059,nist_91722981,CC1=CN(C(=O)NC1=O)[C@H]2C[C@@H]([C@H](O2)CO)O,62.391599999999926,63.083778200000054,885.9084,948.9921782000001,948.3
5,ExtraTrees,1063,nist_92051179,N=1NC=CC1N,39.18430000000001,38.49301640000005,882.3157,920.8087164000001,921.5
5,ExtraTrees,1064,nist_92182737,O=C(N(C)C)C(F)(F)F,49.790899999999965,35.12799619999991,799.2091,834.3370961999999,849.0
5,ExtraTrees,1068,nist_92511409,N(=CN(C)C)C1CC1,30.77290000000005,31.54255739999991,975.4271,1006.9696574,1006.2
5,ExtraTrees,1076,nist_93363990,N=1C=CC=CC1,41.848100000000045,41.923442399999985,888.1519,930.0753424,930.0
5,ExtraTrees,1082,nist_93844994,O=C(O)CNC(=O)CNC(=O)CN,57.03649999999993,2.7901457999999755,909.7635,912.5536458,966.8
5,ExtraTrees,1091,nist_94501756,S1CC1,-12.44130000000007,-17.7984976,819.8413,802.0428024,807.4
5,ExtraTrees,1095,nist_94912342,FC(F)(F)CNC,29.604299999999967,33.72940339999997,851.4957,885.2251034000001,881.1
5,ExtraTrees,1097,nist_95018475,O=C(O)C,10.318100000000072,24.966172199999935,773.3819,798.3480721999999,783.7
5,ExtraTrees,1100,nist_95366619,C1=C(NN=C1[N+](=O)[O-])[N+](=O)[O-],11.345900000000029,24.224893999999964,748.0541,772.2789939999999,759.4
5,ExtraTrees,1123,nist_97545442,N(C)(C)CCC,26.966299999999933,23.694439199999987,935.8337,959.5281392,962.8
5,ExtraTrees,1125,nist_97779712,O=C(C=1C=CC=CC1)C,25.364400000000046,23.04826260000006,835.7356,858.7838626,861.1
5,ExtraTrees,1126,nist_97841162,O(CC=C)CC=C,26.900099999999952,31.012324000000092,800.4999,831.5122240000001,827.4
5,ExtraTrees,1129,nist_98312602,S(CCC)CCC,-16.222999999999956,-17.926453399999986,880.923,862.9965466,864.7
5,ExtraTrees,1130,nist_98316702,NCCCCN,100.61540000000002,21.174829999999936,904.9846,926.1594299999999,1005.6
5,ExtraTrees,1138,nist_98546517,C1CCN(C1)C2=CCCC2,88.59720000000004,52.061733800000106,930.6028,982.6645338000001,1019.2
5,ExtraTrees,1139,nist_98577689,N(N(C)CCCCC)(C)CCCCC,38.19830000000002,53.328402800000205,939.0017,992.3301028000002,977.2
5,ExtraTrees,1145,nist_98941014,O(C1=CC=C(C=C1)C(=C)C(C)(C)C)C,134.98209999999995,90.58851379999989,762.9179,853.5064137999999,897.9
5,ExtraTrees,1152,nist_99871064,O=C(N(C)C)C(C)(C)C,25.20550000000003,28.37186819999993,901.8945,930.2663681999999,927.1
5,ExtraTrees,1154,nist_99907871,CCN(CC)[P](=O)(N(CC)CC)N(CC)CC,-56.81659999999988,-35.03218039999992,1031.5166,996.4844196,974.7
